Model,Date,Basin_Subb,Basin_Numb,Basin_Name,Basin_Su_1,ET,Pixel_Count
PTJPL,2011-12-01,4-005,4-005,ACTON VALLEY,ACTON VALLEY,14.534431,668
PTJPL,2011-12-01,6-010,6-010,ADOBE LAKE VALLEY,ADOBE LAKE VALLEY,,0
PTJPL,2011-12-01,1-054.01,1-054,ALEXANDER VALLEY,ALEXANDER VALLEY - ALEXANDER AREA,43.126664,39727
PTJPL,2011-12-01,1-054.02,1-054,ALEXANDER VALLEY,ALEXANDER VALLEY - CLOVERDALE AREA,35.069979,9460
PTJPL,2011-12-01,5-002.01,5-002,ALTURAS AREA,ALTURAS AREA - SOUTH FORK PITT RIVER,18.7441,153318
PTJPL,2011-12-01,5-002.02,5-002,ALTURAS AREA,ALTURAS AREA - WARM SPRINGS VALLEY,21.964829,72589
PTJPL,2011-12-01,5-010,5-010,AMERICAN VALLEY,AMERICAN VALLEY,28.925591,9730
PTJPL,2011-12-01,7-016,7-016,AMES VALLEY,AMES VALLEY,,0
PTJPL,2011-12-01,7-034,7-034,AMOS VALLEY,AMOS VALLEY,,0
PTJPL,2011-12-01,1-019,1-019,ANDERSON VALLEY,ANDERSON VALLEY,41.18808,5923
PTJPL,2011-12-01,1-049,1-049,ANNAPOLIS OHLSON RANCH FORMATION HIGHLANDS,ANNAPOLIS OHLSON RANCH FORMATION HIGHLANDS,34.674033,2353
PTJPL,2011-12-01,5-091,5-091,ANTELOPE CREEK,ANTELOPE CREEK,32.266667,1605
PTJPL,2011-12-01,6-044,6-044,ANTELOPE VALLEY,ANTELOPE VALLEY,26.952196,124340
PTJPL,2011-12-01,6-007,6-007,ANTELOPE VALLEY,ANTELOPE VALLEY,12.741632,48489
PTJPL,2011-12-01,3-034,3-034,ARROYO DE LA CRUZ VALLEY,ARROYO DE LA CRUZ VALLEY,32.998141,538
PTJPL,2011-12-01,2-031,2-031,ARROYO DEL HAMBRE VALLEY,ARROYO DEL HAMBRE VALLEY,,0
PTJPL,2011-12-01,4-007,4-007,ARROYO SANTA ROSA VALLEY,ARROYO SANTA ROSA VALLEY,33.325091,6875
PTJPL,2011-12-01,7-037,7-037,ARROYO SECO VALLEY,ARROYO SECO VALLEY,,0
PTJPL,2011-12-01,5-054,5-054,ASH VALLEY,ASH VALLEY,19.68685,11825
PTJPL,2011-12-01,6-026,6-026,AVAWATZ VALLEY,AVAWATZ VALLEY,,0
PTJPL,2011-12-01,3-020,3-020,A�O NUEVO AREA,A�O NUEVO AREA,38.182738,1877
PTJPL,2011-12-01,9-022,9-022,BATIQUITOS LAGOON VALLEY,BATIQUITOS LAGOON VALLEY,38.777419,620
PTJPL,2011-12-01,8-009,8-009,BEAR VALLEY,BEAR VALLEY,25.0,1
PTJPL,2011-12-01,5-064,5-064,BEAR VALLEY,BEAR VALLEY,34.412621,412
PTJPL,2011-12-01,5-020,5-020,BERRYESSA VALLEY,BERRYESSA VALLEY,,0
PTJPL,2011-12-01,7-015,7-015,BESSEMER VALLEY,BESSEMER VALLEY,,0
PTJPL,2011-12-01,6-025,6-025,BICYCLE VALLEY,BICYCLE VALLEY,,0
PTJPL,2011-12-01,1-027,1-027,BIG LAGOON AREA,BIG LAGOON AREA,61.0,39
PTJPL,2011-12-01,8-007,8-007,BIG MEADOWS VALLEY,BIG MEADOWS VALLEY,,0
PTJPL,2011-12-01,1-045,1-045,BIG RIVER VALLEY,BIG RIVER VALLEY,,0
PTJPL,2011-12-01,3-047,3-047,BIG SPRING AREA,BIG SPRING AREA,17.973856,918
PTJPL,2011-12-01,5-015,5-015,BIG VALLEY,BIG VALLEY,39.017584,38900
PTJPL,2011-12-01,5-004,5-004,BIG VALLEY,BIG VALLEY,29.603466,160226
PTJPL,2011-12-01,3-030,3-030,BITTER WATER VALLEY,BITTER WATER VALLEY,21.050561,7575
PTJPL,2011-12-01,6-013,6-013,BLACK SPRINGS VALLEY,BLACK SPRINGS VALLEY,,0
PTJPL,2011-12-01,5-092,5-092,BLANCHARD VALLEY,BLANCHARD VALLEY,29.669027,1130
PTJPL,2011-12-01,1-057,1-057,BODEGA BAY AREA,BODEGA BAY AREA,28.62987,154
PTJPL,2011-12-01,7-024.01,7-024,BORREGO VALLEY,BORREGO VALLEY - BORREGO SPRINGS,44.453182,17397
PTJPL,2011-12-01,7-024.02,7-024,BORREGO VALLEY,BORREGO VALLEY - OCOTILLO WELLS,19.833333,12
PTJPL,2011-12-01,1-039,1-039,BRANSCOMB TOWN AREA,BRANSCOMB TOWN AREA,,0
PTJPL,2011-12-01,1-017,1-017,BRAY TOWN AREA,BRAY TOWN AREA,18.306234,4010
PTJPL,2011-12-01,6-008,6-008,BRIDGEPORT VALLEY,BRIDGEPORT VALLEY,15.328862,73733
PTJPL,2011-12-01,7-008,7-008,BRISTOL VALLEY,BRISTOL VALLEY,14.410147,7963
PTJPL,2011-12-01,5-080,5-080,BRITE VALLEY,BRITE VALLEY,16.281561,1204
PTJPL,2011-12-01,6-032,6-032,BROADWELL VALLEY,BROADWELL VALLEY,,0
PTJPL,2011-12-01,6-076,6-076,BROWN MOUNTAIN VALLEY,BROWN MOUNTAIN VALLEY,,0
PTJPL,2011-12-01,7-054,7-054,BUCK RIDGE FAULT VALLEY,BUCK RIDGE FAULT VALLEY,,0
PTJPL,2011-12-01,6-101,6-101,BULL FLAT,BULL FLAT,9.895833,48
PTJPL,2011-12-01,5-048,5-048,BURNEY CREEK VALLEY,BURNEY CREEK VALLEY,27.186077,6852
PTJPL,2011-12-01,5-017,5-017,BURNS VALLEY,BURNS VALLEY,34.305652,1734
PTJPL,2011-12-01,5-051,5-051,BUTTE CREEK VALLEY,BUTTE CREEK VALLEY,,0
PTJPL,2011-12-01,1-003,1-003,BUTTE VALLEY,BUTTE VALLEY,14.390789,143456
PTJPL,2011-12-01,6-081,6-081,BUTTE VALLEY,BUTTE VALLEY,,0
PTJPL,2011-12-01,6-070,6-070,CACTUS FLAT,CACTUS FLAT,,0
PTJPL,2011-12-01,7-007,7-007,CADIZ VALLEY,CADIZ VALLEY,,0
PTJPL,2011-12-01,6-090,6-090,CADY FAULT AREA,CADY FAULT AREA,,0
PTJPL,2011-12-01,9-006,9-006,CAHUILLA VALLEY,CAHUILLA VALLEY,12.59568,6250
PTJPL,2011-12-01,6-079,6-079,CALIFORNIA VALLEY,CALIFORNIA VALLEY,,0
PTJPL,2011-12-01,7-041,7-041,CALZONA VALLEY,CALZONA VALLEY,,0
PTJPL,2011-12-01,6-061,6-061,CAMEO AREA,CAMEO AREA,,0
PTJPL,2011-12-01,9-028,9-028,CAMPO VALLEY,CAMPO VALLEY,27.293651,126
PTJPL,2011-12-01,7-046,7-046,CANEBRAKE VALLEY,CANEBRAKE VALLEY,,0
PTJPL,2011-12-01,3-007,3-007,CARMEL VALLEY,CARMEL VALLEY,36.548362,1282
PTJPL,2011-12-01,3-018,3-018,CARPINTERIA,CARPINTERIA,23.604836,10545
PTJPL,2011-12-01,3-019,3-019,CARRIZO PLAIN,CARRIZO PLAIN,16.003694,22739
PTJPL,2011-12-01,6-006,6-006,CARSON VALLEY,CARSON VALLEY,11.539577,10486
PTJPL,2011-12-01,5-029,5-029,CASTAC LAKE VALLEY,CASTAC LAKE VALLEY,18.310875,846
PTJPL,2011-12-01,2-008,2-008,CASTRO VALLEY,CASTRO VALLEY,,0
PTJPL,2011-12-01,6-038,6-038,CAVES CANYON VALLEY,CAVES CANYON VALLEY,,0
PTJPL,2011-12-01,5-045,5-045,CAYTON VALLEY,CAYTON VALLEY,27.857412,4250
PTJPL,2011-12-01,3-038,3-038,CAYUCOS VALLEY,CAYUCOS VALLEY,,0
PTJPL,2011-12-01,7-043,7-043,CHEMEHUEVI VALLEY,CHEMEHUEVI VALLEY,,0
PTJPL,2011-12-01,7-032,7-032,CHOCOLATE VALLEY,CHOCOLATE VALLEY,6.109375,64
PTJPL,2011-12-01,3-005,3-005,CHOLAME VALLEY,CHOLAME VALLEY,25.579185,17718
PTJPL,2011-12-01,3-042,3-042,CHORRO VALLEY,CHORRO VALLEY,40.261776,1295
PTJPL,2011-12-01,5-061,5-061,CHROME TOWN AREA,CHROME TOWN AREA,35.009785,511
PTJPL,2011-12-01,7-005,7-005,CHUCKWALLA VALLEY,CHUCKWALLA VALLEY,22.643142,4520
PTJPL,2011-12-01,2-005,2-005,CLAYTON VALLEY,CLAYTON VALLEY,40.301624,431
PTJPL,2011-12-01,5-066,5-066,CLEAR LAKE CACHE FORMATION,CLEAR LAKE CACHE FORMATION,37.464324,939
PTJPL,2011-12-01,5-058,5-058,CLOVER VALLEY,CLOVER VALLEY,10.418953,1604
PTJPL,2011-12-01,7-021.03,7-021,COACHELLA VALLEY,COACHELLA VALLEY - DESERT HOT SPRINGS,38.706598,2713
PTJPL,2011-12-01,7-021.01,7-021,COACHELLA VALLEY,COACHELLA VALLEY - INDIO,43.214027,292767
PTJPL,2011-12-01,7-021.02,7-021,COACHELLA VALLEY,COACHELLA VALLEY - MISSION CREEK,35.123722,978
PTJPL,2011-12-01,7-021.04,7-021,COACHELLA VALLEY,COACHELLA VALLEY - SAN GORGONIO PASS,24.502809,356
PTJPL,2011-12-01,4-011.04,4-011,COASTAL PLAIN OF LOS ANGELES,COASTAL PLAIN OF LOS ANGELES - CENTRAL,40.237288,6077
PTJPL,2011-12-01,4-011.02,4-011,COASTAL PLAIN OF LOS ANGELES,COASTAL PLAIN OF LOS ANGELES - HOLLYWOOD,35.705674,282
PTJPL,2011-12-01,4-011.01,4-011,COASTAL PLAIN OF LOS ANGELES,COASTAL PLAIN OF LOS ANGELES - SANTA MONICA,37.155518,4186
PTJPL,2011-12-01,4-011.03,4-011,COASTAL PLAIN OF LOS ANGELES,COASTAL PLAIN OF LOS ANGELES - WEST COAST,40.092613,3574
PTJPL,2011-12-01,8-001,8-001,COASTAL PLAIN OF ORANGE COUNTY,COASTAL PLAIN OF ORANGE COUNTY,38.718222,23515
PTJPL,2011-12-01,9-033,9-033,COASTAL PLAIN OF SAN DIEGO,COASTAL PLAIN OF SAN DIEGO,44.015755,3491
PTJPL,2011-12-01,6-072,6-072,COLES FLAT,COLES FLAT,,0
PTJPL,2011-12-01,5-019,5-019,COLLAYOMI VALLEY,COLLAYOMI VALLEY,31.304118,3788
PTJPL,2011-12-01,7-055,7-055,COLLINS VALLEY,COLLINS VALLEY,,0
PTJPL,2011-12-01,4-010,4-010,CONEJO,CONEJO,34.665541,296
PTJPL,2011-12-01,7-011,7-011,COPPER MOUNTAIN VALLEY,COPPER MOUNTAIN VALLEY,,0
PTJPL,2011-12-01,3-002.01,3-002,CORRALITOS,CORRALITOS - PAJARO VALLEY,30.480828,108567
PTJPL,2011-12-01,3-002.02,3-002,CORRALITOS,CORRALITOS - PURISIMA HIGHLANDS,38.957494,447
PTJPL,2011-12-01,6-055,6-055,COSO VALLEY,COSO VALLEY,,0
PTJPL,2011-12-01,1-037,1-037,COTTONEVA CREEK VALLEY,COTTONEVA CREEK VALLEY,,0
PTJPL,2011-12-01,9-027,9-027,COTTONWOOD VALLEY,COTTONWOOD VALLEY,15.5,70
PTJPL,2011-12-01,1-011,1-011,COVELO ROUND VALLEY,COVELO ROUND VALLEY,38.206409,35546
PTJPL,2011-12-01,6-091,6-091,COW HEAD LAKE VALLEY,COW HEAD LAKE VALLEY,12.750432,15619
PTJPL,2011-12-01,6-037,6-037,COYOTE LAKE VALLEY,COYOTE LAKE VALLEY,38.636831,972
PTJPL,2011-12-01,5-018,5-018,COYOTE VALLEY,COYOTE VALLEY,31.366651,6423
PTJPL,2011-12-01,7-029,7-029,COYOTE WELLS VALLEY,COYOTE WELLS VALLEY,7.6625,80
PTJPL,2011-12-01,6-035,6-035,CRONISE VALLEY,CRONISE VALLEY,,0
PTJPL,2011-12-01,6-050,6-050,CUDDEBACK VALLEY,CUDDEBACK VALLEY,,0
PTJPL,2011-12-01,5-082,5-082,CUDDY CANYON VALLEY,CUDDY CANYON VALLEY,,0
PTJPL,2011-12-01,5-083,5-083,CUDDY RANCH AREA,CUDDY RANCH AREA,,0
PTJPL,2011-12-01,5-084,5-084,CUDDY VALLEY,CUDDY VALLEY,19.375,16
PTJPL,2011-12-01,5-027,5-027,CUMMINGS VALLEY,CUMMINGS VALLEY,20.28058,9377
PTJPL,2011-12-01,3-013,3-013,CUYAMA VALLEY,CUYAMA VALLEY,13.323854,153773
PTJPL,2011-12-01,7-009,7-009,DALE VALLEY,DALE VALLEY,23.355263,152
PTJPL,2011-12-01,6-057,6-057,DARWIN VALLEY,DARWIN VALLEY,,0
PTJPL,2011-12-01,7-061,7-061,DAVIES VALLEY,DAVIES VALLEY,,0
PTJPL,2011-12-01,7-013.01,7-013,DEADMAN VALLEY,DEADMAN VALLEY - DEADMAN LAKE,,0
PTJPL,2011-12-01,7-013.02,7-013,DEADMAN VALLEY,DEADMAN VALLEY - SURPRISE SPRING,,0
PTJPL,2011-12-01,6-018,6-018,DEATH VALLEY,DEATH VALLEY,20.214286,14
PTJPL,2011-12-01,6-015,6-015,DEEP SPRINGS VALLEY,DEEP SPRINGS VALLEY,14.650394,635
PTJPL,2011-12-01,6-078,6-078,DENNING SPRING VALLEY,DENNING SPRING VALLEY,,0
PTJPL,2011-12-01,1-034,1-034,DINSMORES TOWN AREA,DINSMORES TOWN AREA,26.77907,86
PTJPL,2011-12-01,5-053,5-053,DIXIE VALLEY,DIXIE VALLEY,27.419163,11449
PTJPL,2011-12-01,2-040,2-040,DOWNTOWN,DOWNTOWN,,0
PTJPL,2011-12-01,5-049,5-049,DRY BURNEY CREEK VALLEY,DRY BURNEY CREEK VALLEY,,0
PTJPL,2011-12-01,3-029,3-029,DRY LAKE VALLEY,DRY LAKE VALLEY,19.772222,540
PTJPL,2011-12-01,6-095,6-095,DRY VALLEY,DRY VALLEY,,0
PTJPL,2011-12-01,6-096,6-096,EAGLE LAKE AREA,EAGLE LAKE AREA,,0
PTJPL,2011-12-01,7-033,7-033,EAST SALTON SEA,EAST SALTON SEA,27.79228,40261
PTJPL,2011-12-01,1-044,1-044,EDEN VALLEY,EDEN VALLEY,30.895421,1616
PTJPL,2011-12-01,1-010,1-010,EEL RIVER VALLEY,EEL RIVER VALLEY,43.011607,116565
PTJPL,2011-12-01,5-041,5-041,EGG LAKE VALLEY,EGG LAKE VALLEY,,0
PTJPL,2011-12-01,9-016,9-016,EL CAJON VALLEY,EL CAJON VALLEY,37.806452,31
PTJPL,2011-12-01,6-043,6-043,EL MIRAGE VALLEY,EL MIRAGE VALLEY,34.419875,3039
PTJPL,2011-12-01,5-062,5-062,ELK CREEK AREA,ELK CREEK AREA,31.090909,143
PTJPL,2011-12-01,8-004.02,8-004,ELSINORE,ELSINORE - BEDFORD-COLDWATER,31.317789,1158
PTJPL,2011-12-01,8-004.01,8-004,ELSINORE,ELSINORE - ELSINORE VALLEY,33.252336,107
PTJPL,2011-12-01,9-009,9-009,ESCONDIDO VALLEY,ESCONDIDO VALLEY,38.705882,34
PTJPL,2011-12-01,1-009,1-009,EUREKA PLAIN,EUREKA PLAIN,48.815844,20841
PTJPL,2011-12-01,6-016,6-016,EUREKA VALLEY,EUREKA VALLEY,,0
PTJPL,2011-12-01,1-022,1-022,FAIRCHILD SWAMP VALLEY,FAIRCHILD SWAMP VALLEY,,0
PTJPL,2011-12-01,5-005,5-005,FALL RIVER VALLEY,FALL RIVER VALLEY,32.4388,132826
PTJPL,2011-12-01,7-002,7-002,FENNER VALLEY,FENNER VALLEY,,0
PTJPL,2011-12-01,6-014,6-014,FISH LAKE VALLEY,FISH LAKE VALLEY,20.552478,13358
PTJPL,2011-12-01,3-053,3-053,FOOTHILL,FOOTHILL,31.285714,35
PTJPL,2011-12-01,1-021,1-021,FORT BRAGG TERRACE AREA,FORT BRAGG TERRACE AREA,34.423253,9401
PTJPL,2011-12-01,1-061,1-061,FORT ROSS TERRACE DEPOSITS,FORT ROSS TERRACE DEPOSITS,38.15089,1067
PTJPL,2011-12-01,6-046,6-046,FREMONT VALLEY,FREMONT VALLEY,21.521363,1732
PTJPL,2011-12-01,5-090,5-090,FUNKS CREEK,FUNKS CREEK,32.254728,3278
PTJPL,2011-12-01,1-032,1-032,GARBERVILLE TOWN AREA,GARBERVILLE TOWN AREA,49.614754,488
PTJPL,2011-12-01,1-020,1-020,GARCIA RIVER VALLEY,GARCIA RIVER VALLEY,36.043337,2769
PTJPL,2011-12-01,3-003.01,3-003,GILROY-HOLLISTER VALLEY,GILROY-HOLLISTER VALLEY - LLAGAS AREA,32.44975,76667
PTJPL,2011-12-01,3-003.05,3-003,GILROY-HOLLISTER VALLEY,GILROY-HOLLISTER VALLEY - NORTH SAN BENITO,28.489765,195075
PTJPL,2011-12-01,6-085,6-085,GOLD VALLEY,GOLD VALLEY,,0
PTJPL,2011-12-01,6-048,6-048,GOLDSTONE VALLEY,GOLDSTONE VALLEY,,0
PTJPL,2011-12-01,3-016,3-016,GOLETA,GOLETA,29.684352,3355
PTJPL,2011-12-01,5-001.02,5-001,GOOSE LAKE,GOOSE LAKE - FANDANGO VALLEY,13.840461,28131
PTJPL,2011-12-01,5-001.01,5-001,GOOSE LAKE,GOOSE LAKE - GOOSE VALLEY,13.630828,55275
PTJPL,2011-12-01,5-047,5-047,GOOSE VALLEY,GOOSE VALLEY,29.791413,15116
PTJPL,2011-12-01,6-077,6-077,GRASS VALLEY,GRASS VALLEY,,0
PTJPL,2011-12-01,6-094,6-094,GRASSHOPPER VALLEY,GRASSHOPPER VALLEY,18.552795,3059
PTJPL,2011-12-01,1-048,1-048,GRAVELLY VALLEY,GRAVELLY VALLEY,,0
PTJPL,2011-12-01,5-052,5-052,GRAYS VALLEY,GRAYS VALLEY,,0
PTJPL,2011-12-01,6-084,6-084,GREENWATER VALLEY,GREENWATER VALLEY,,0
PTJPL,2011-12-01,5-059,5-059,GRIZZLY VALLEY,GRIZZLY VALLEY,,0
PTJPL,2011-12-01,2-022,2-022,HALF MOON BAY TERRACE,HALF MOON BAY TERRACE,33.96918,9085
PTJPL,2011-12-01,1-015,1-015,HAPPY CAMP TOWN AREA,HAPPY CAMP TOWN AREA,43.104167,96
PTJPL,2011-12-01,6-047,6-047,HARPER VALLEY,HARPER VALLEY,27.247791,5658
PTJPL,2011-12-01,6-074,6-074,HARRISBURG FLATS,HARRISBURG FLATS,,0
PTJPL,2011-12-01,6-093,6-093,HARVEY VALLEY,HARVEY VALLEY,,0
PTJPL,2011-12-01,1-006,1-006,HAYFORK VALLEY,HAYFORK VALLEY,31.527541,3050
PTJPL,2011-12-01,7-048,7-048,HELENDALE FAULT VALLEY,HELENDALE FAULT VALLEY,,0
PTJPL,2011-12-01,8-006,8-006,HEMET LAKE VALLEY,HEMET LAKE VALLEY,,0
PTJPL,2011-12-01,3-031,3-031,HERNANDEZ VALLEY,HERNANDEZ VALLEY,18.843188,389
PTJPL,2011-12-01,1-036,1-036,HETTENSHAW VALLEY,HETTENSHAW VALLEY,24.899183,2202
PTJPL,2011-12-01,7-053,7-053,HEXIE MOUNTAIN AREA,HEXIE MOUNTAIN AREA,,0
PTJPL,2011-12-01,6-063,6-063,HIDDEN VALLEY,HIDDEN VALLEY,,0
PTJPL,2011-12-01,4-016,4-016,HIDDEN VALLEY,HIDDEN VALLEY,24.723336,2794
PTJPL,2011-12-01,5-016,5-016,HIGH VALLEY,HIGH VALLEY,33.73319,2781
PTJPL,2011-12-01,6-004,6-004,HONEY LAKE VALLEY,HONEY LAKE VALLEY,16.019144,188784
PTJPL,2011-12-01,1-029,1-029,HONEYDEW TOWN AREA,HONEYDEW TOWN AREA,46.687262,1052
PTJPL,2011-12-01,1-007,1-007,HOOPA VALLEY,HOOPA VALLEY,50.864865,296
PTJPL,2011-12-01,6-097,6-097,HORSE LAKE VALLEY,HORSE LAKE VALLEY,13.844768,4329
PTJPL,2011-12-01,5-040,5-040,HOT SPRINGS VALLEY,HOT SPRINGS VALLEY,22.848438,3266
PTJPL,2011-12-01,3-045,3-045,HUASNA VALLEY,HUASNA VALLEY,24.760844,3366
PTJPL,2011-12-01,5-060,5-060,HUMBUG VALLEY,HUMBUG VALLEY,13.607509,1172
PTJPL,2011-12-01,4-018,4-018,HUNGRY VALLEY,HUNGRY VALLEY,,0
PTJPL,2011-12-01,1-035,1-035,HYAMPOM VALLEY,HYAMPOM VALLEY,42.552577,485
PTJPL,2011-12-01,7-030,7-030,IMPERIAL VALLEY,IMPERIAL VALLEY,36.751286,1773061
PTJPL,2011-12-01,5-009,5-009,INDIAN VALLEY,INDIAN VALLEY,24.880368,44503
PTJPL,2011-12-01,6-054,6-054,INDIAN WELLS VALLEY,INDIAN WELLS VALLEY,21.342231,13824
PTJPL,2011-12-01,7-050,7-050,IRON RIDGE AREA,IRON RIDGE AREA,,0
PTJPL,2011-12-01,2-033,2-033,ISLAIS VALLEY,ISLAIS VALLEY,,0
PTJPL,2011-12-01,6-030,6-030,IVANPAH VALLEY,IVANPAH VALLEY,18.436675,758
PTJPL,2011-12-01,7-047,7-047,JACUMBA VALLEY,JACUMBA VALLEY,,0
PTJPL,2011-12-01,5-003,5-003,JESS VALLEY,JESS VALLEY,12.584234,15629
PTJPL,2011-12-01,7-018.01,7-018,JOHNSON VALLEY,JOHNSON VALLEY - SOGGY LAKE,16.35,60
PTJPL,2011-12-01,7-018.02,7-018,JOHNSON VALLEY,JOHNSON VALLEY - UPPER JOHNSON VALLEY,,0
PTJPL,2011-12-01,5-086,5-086,JOSEPH CREEK,JOSEPH CREEK,12.953349,4673
PTJPL,2011-12-01,7-062,7-062,JOSHUA TREE,JOSHUA TREE,,0
PTJPL,2011-12-01,6-089,6-089,KANE WASH AREA,KANE WASH AREA,,0
PTJPL,2011-12-01,6-069,6-069,KELSO LANDER VALLEY,KELSO LANDER VALLEY,,0
PTJPL,2011-12-01,6-031,6-031,KELSO VALLEY,KELSO VALLEY,,0
PTJPL,2011-12-01,2-019,2-019,KENWOOD VALLEY,KENWOOD VALLEY,33.492083,5621
PTJPL,2011-12-01,5-025,5-025,KERN RIVER VALLEY,KERN RIVER VALLEY,22.713964,13320
PTJPL,2011-12-01,1-002.02,1-002,KLAMATH RIVER VALLEY,KLAMATH RIVER VALLEY - LOWER KLAMATH,16.835035,92971
PTJPL,2011-12-01,1-002.01,1-002,KLAMATH RIVER VALLEY,KLAMATH RIVER VALLEY - TULELAKE,16.66339,291177
PTJPL,2011-12-01,1-050,1-050,KNIGHTS VALLEY,KNIGHTS VALLEY,38.165278,7321
PTJPL,2011-12-01,5-007,5-007,LAKE ALMANOR VALLEY,LAKE ALMANOR VALLEY,32.390393,2623
PTJPL,2011-12-01,5-046,5-046,LAKE BRITTON AREA,LAKE BRITTON AREA,26.560091,441
PTJPL,2011-12-01,7-001,7-001,LANFAIR VALLEY,LANFAIR VALLEY,,0
PTJPL,2011-12-01,6-036.02,6-036,LANGFORD VALLEY,LANGFORD VALLEY - IRWIN,,0
PTJPL,2011-12-01,6-036.01,6-036,LANGFORD VALLEY,LANGFORD VALLEY - LANGFORD WELL LAKE,,0
PTJPL,2011-12-01,1-033,1-033,LARABEE VALLEY,LARABEE VALLEY,28.620853,211
PTJPL,2011-12-01,4-008,4-008,LAS POSAS VALLEY,LAS POSAS VALLEY,33.697532,81979
PTJPL,2011-12-01,5-057,5-057,LAST CHANCE CREEK VALLEY,LAST CHANCE CREEK VALLEY,,0
PTJPL,2011-12-01,7-014,7-014,LAVIC VALLEY,LAVIC VALLEY,,0
PTJPL,2011-12-01,1-012,1-012,LAYTONVILLE VALLEY,LAYTONVILLE VALLEY,40.661351,5017
PTJPL,2011-12-01,6-027,6-027,LEACH VALLEY,LEACH VALLEY,,0
PTJPL,2011-12-01,6-066,6-066,LEE FLAT,LEE FLAT,,0
PTJPL,2011-12-01,6-106,6-106,LITTLE ANTELOPE VALLEY,LITTLE ANTELOPE VALLEY,12.928376,1829
PTJPL,2011-12-01,5-065,5-065,LITTLE INDIAN VALLEY,LITTLE INDIAN VALLEY,28.666667,18
PTJPL,2011-12-01,1-013,1-013,LITTLE LAKE VALLEY,LITTLE LAKE VALLEY,37.957399,16150
PTJPL,2011-12-01,1-041,1-041,LITTLE VALLEY,LITTLE VALLEY,37.61898,706
PTJPL,2011-12-01,2-010,2-010,LIVERMORE VALLEY,LIVERMORE VALLEY,47.858214,28416
PTJPL,2011-12-01,2-038,2-038,LOBOS,LOBOS,32.884253,743
PTJPL,2011-12-01,3-006,3-006,LOCKWOOD VALLEY,LOCKWOOD VALLEY,23.213228,22966
PTJPL,2011-12-01,4-017,4-017,LOCKWOOD VALLEY,LOCKWOOD VALLEY,8.7,120
PTJPL,2011-12-01,6-011,6-011,LONG VALLEY,LONG VALLEY,13.405594,26884
PTJPL,2011-12-01,5-044,5-044,LONG VALLEY,LONG VALLEY,,0
PTJPL,2011-12-01,6-104,6-104,LONG VALLEY,LONG VALLEY,8.979032,6486
PTJPL,2011-12-01,5-031,5-031,LONG VALLEY,LONG VALLEY,33.105554,2719
PTJPL,2011-12-01,5-070,5-070,LOS BANOS CREEK VALLEY,LOS BANOS CREEK VALLEY,,0
PTJPL,2011-12-01,3-008.01,3-008,LOS OSOS VALLEY,LOS OSOS VALLEY - LOS OSOS AREA,44.577065,1901
PTJPL,2011-12-01,3-008.02,3-008,LOS OSOS VALLEY,LOS OSOS VALLEY - WARDEN CREEK,46.348996,4235
PTJPL,2011-12-01,7-051,7-051,LOST HORSE VALLEY,LOST HORSE VALLEY,,0
PTJPL,2011-12-01,6-071,6-071,LOST LAKE VALLEY,LOST LAKE VALLEY,,0
PTJPL,2011-12-01,6-021,6-021,LOWER KINGSTON VALLEY,LOWER KINGSTON VALLEY,,0
PTJPL,2011-12-01,1-014,1-014,LOWER KLAMATH RIVER VALLEY,LOWER KLAMATH RIVER VALLEY,57.352807,1318
PTJPL,2011-12-01,5-030,5-030,LOWER LAKE VALLEY,LOWER LAKE VALLEY,34.130709,635
PTJPL,2011-12-01,1-038,1-038,LOWER LAYTONVILLE VALLEY,LOWER LAYTONVILLE VALLEY,43.607565,423
PTJPL,2011-12-01,6-040,6-040,LOWER MOJAVE RIVER VALLEY,LOWER MOJAVE RIVER VALLEY,42.836248,17325
PTJPL,2011-12-01,1-060,1-060,LOWER RUSSIAN RIVER VALLEY,LOWER RUSSIAN RIVER VALLEY,35.541713,5442
PTJPL,2011-12-01,7-019,7-019,LUCERNE VALLEY,LUCERNE VALLEY,27.876932,9962
PTJPL,2011-12-01,1-008.02,1-008,MAD RIVER VALLEY,MAD RIVER VALLEY - DOWS PRAIRIE SCHOOL AREA,48.705419,4189
PTJPL,2011-12-01,1-008.01,1-008,MAD RIVER VALLEY,MAD RIVER VALLEY - MAD RIVER LOWLAND,50.081326,18309
PTJPL,2011-12-01,6-002,6-002,MADELINE PLAINS,MADELINE PLAINS,15.535656,97641
PTJPL,2011-12-01,3-051,3-051,MAJORS CREEK,MAJORS CREEK,38.035817,698
PTJPL,2011-12-01,4-022,4-022,MALIBU VALLEY,MALIBU VALLEY,33.62069,29
PTJPL,2011-12-01,6-064,6-064,MARBLE CANYON AREA,MARBLE CANYON AREA,,0
PTJPL,2011-12-01,2-039,2-039,MARINA,MARINA,,0
PTJPL,2011-12-01,6-067,6-067,MARTIS VALLEY,MARTIS VALLEY,16.397921,2694
PTJPL,2011-12-01,7-059,7-059,MASON VALLEY,MASON VALLEY,,0
PTJPL,2011-12-01,1-028,1-028,MATTOLE RIVER VALLEY,MATTOLE RIVER VALLEY,46.368967,2797
PTJPL,2011-12-01,5-035,5-035,MCCLOUD AREA,MCCLOUD AREA,19.834225,187
PTJPL,2011-12-01,5-095,5-095,MEADOW VALLEY,MEADOW VALLEY,34.674342,912
PTJPL,2011-12-01,7-017,7-017,MEANS VALLEY,MEANS VALLEY,10.214286,42
PTJPL,2011-12-01,6-029,6-029,MESQUITE VALLEY,MESQUITE VALLEY,25.355422,8964
PTJPL,2011-12-01,6-020,6-020,MIDDLE AMARGOSA VALLEY,MIDDLE AMARGOSA VALLEY,34.798165,109
PTJPL,2011-12-01,5-094,5-094,MIDDLE CREEK,MIDDLE CREEK,43.727273,110
PTJPL,2011-12-01,5-087,5-087,MIDDLE FORK FEATHER RIVER,MIDDLE FORK FEATHER RIVER,16.620743,646
PTJPL,2011-12-01,6-041,6-041,MIDDLE MOJAVE RIVER VALLEY,MIDDLE MOJAVE RIVER VALLEY,38.115609,3261
PTJPL,2011-12-01,6-080,6-080,MIDDLE PARK CANYON,MIDDLE PARK CANYON,,0
PTJPL,2011-12-01,5-085,5-085,MIL POTRERO AREA,MIL POTRERO AREA,18.651786,112
PTJPL,2011-12-01,9-014,9-014,MISSION VALLEY,MISSION VALLEY,44.828258,821
PTJPL,2011-12-01,5-011,5-011,MOHAWK VALLEY,MOHAWK VALLEY,17.220741,6528
PTJPL,2011-12-01,6-009,6-009,MONO VALLEY,MONO VALLEY,16.78125,224
PTJPL,2011-12-01,3-049,3-049,MONTECITO,MONTECITO,25.554118,1469
PTJPL,2011-12-01,7-020,7-020,MORONGO VALLEY,MORONGO VALLEY,25.142857,21
PTJPL,2011-12-01,3-041,3-041,MORRO VALLEY,MORRO VALLEY,41.365834,1241
PTJPL,2011-12-01,5-008,5-008,MOUNTAIN MEADOWS VALLEY,MOUNTAIN MEADOWS VALLEY,29.687995,23083
PTJPL,2011-12-01,1-056,1-056,McDOWELL VALLEY,McDOWELL VALLEY,29.208705,2803
PTJPL,2011-12-01,2-002.01,2-002,NAPA-SONOMA VALLEY,NAPA-SONOMA VALLEY - NAPA VALLEY,39.754497,93347
PTJPL,2011-12-01,2-002.03,2-002,NAPA-SONOMA VALLEY,NAPA-SONOMA VALLEY - NAPA-SONOMA LOWLANDS,39.024545,23386
PTJPL,2011-12-01,2-002.02,2-002,NAPA-SONOMA VALLEY,NAPA-SONOMA VALLEY - SONOMA VALLEY,31.89262,80201
PTJPL,2011-12-01,1-046,1-046,NAVARRO RIVER VALLEY,NAVARRO RIVER VALLEY,,0
PTJPL,2011-12-01,3-052,3-052,NEEDLE ROCK POINT,NEEDLE ROCK POINT,39.909091,1474
PTJPL,2011-12-01,7-044,7-044,NEEDLES VALLEY,NEEDLES VALLEY,32.417335,15841
PTJPL,2011-12-01,5-050,5-050,NORTH FORK BATTLE CREEK,NORTH FORK BATTLE CREEK,24.280627,2808
PTJPL,2011-12-01,2-030,2-030,NOVATO VALLEY,NOVATO VALLEY,30.791267,14588
PTJPL,2011-12-01,7-025,7-025,OCOTILLO-CLARK VALLEY,OCOTILLO-CLARK VALLEY,37.589512,37509
PTJPL,2011-12-01,7-035,7-035,OGILBY VALLEY,OGILBY VALLEY,25.957402,3357
PTJPL,2011-12-01,4-002,4-002,OJAI VALLEY,OJAI VALLEY,35.819234,9327
PTJPL,2011-12-01,3-039,3-039,OLD VALLEY,OLD VALLEY,39.990244,205
PTJPL,2011-12-01,6-108,6-108,OLYMPIC VALLEY,OLYMPIC VALLEY,15.08377,191
PTJPL,2011-12-01,7-031,7-031,OROCOPIA VALLEY,OROCOPIA VALLEY,6.658385,161
PTJPL,2011-12-01,6-012.02,6-012,OWENS VALLEY,OWENS VALLEY - FISH SLOUGH,,0
PTJPL,2011-12-01,6-012.01,6-012,OWENS VALLEY,OWENS VALLEY - OWENS VALLEY,19.965561,91496
PTJPL,2011-12-01,6-088,6-088,OWL LAKE VALLEY,OWL LAKE VALLEY,,0
PTJPL,2011-12-01,6-028,6-028,PAHRUMP VALLEY,PAHRUMP VALLEY,,0
PTJPL,2011-12-01,6-099,6-099,PAINTERS FLAT,PAINTERS FLAT,10.339238,1129
PTJPL,2011-12-01,7-039,7-039,PALO VERDE MESA,PALO VERDE MESA,41.184727,161308
PTJPL,2011-12-01,7-038,7-038,PALO VERDE VALLEY,PALO VERDE VALLEY,41.147639,224161
PTJPL,2011-12-01,9-024,9-024,PAMO VALLEY,PAMO VALLEY,,0
PTJPL,2011-12-01,6-058,6-058,PANAMINT VALLEY,PANAMINT VALLEY,,0
PTJPL,2011-12-01,5-023,5-023,PANOCHE VALLEY,PANOCHE VALLEY,17.268566,1966
PTJPL,2011-12-01,3-032,3-032,PEACH TREE VALLEY,PEACH TREE VALLEY,22.640379,1268
PTJPL,2011-12-01,1-030,1-030,PEPPERWOOD TOWN AREA,PEPPERWOOD TOWN AREA,48.574164,3081
PTJPL,2011-12-01,2-026,2-026,PESCADERO VALLEY,PESCADERO VALLEY,37.592209,2028
PTJPL,2011-12-01,2-001,2-001,PETALUMA VALLEY,PETALUMA VALLEY,31.534616,46033
PTJPL,2011-12-01,6-051,6-051,PILOT KNOB VALLEY,PILOT KNOB VALLEY,,0
PTJPL,2011-12-01,6-092,6-092,PINE CREEK VALLEY,PINE CREEK VALLEY,17.8125,64
PTJPL,2011-12-01,7-006,7-006,PINTO VALLEY,PINTO VALLEY,,0
PTJPL,2011-12-01,7-049,7-049,PIPES CANYON FAULT VALLEY,PIPES CANYON FAULT VALLEY,,0
PTJPL,2011-12-01,2-004,2-004,PITTSBURG PLAIN,PITTSBURG PLAIN,,0
PTJPL,2011-12-01,7-045,7-045,PIUTE VALLEY,PIUTE VALLEY,,0
PTJPL,2011-12-01,7-052,7-052,PLEASANT VALLEY,PLEASANT VALLEY,,0
PTJPL,2011-12-01,4-006,4-006,PLEASANT VALLEY,PLEASANT VALLEY,24.25614,27973
PTJPL,2011-12-01,5-038,5-038,PONDOSA TOWN AREA,PONDOSA TOWN AREA,,0
PTJPL,2011-12-01,5-068,5-068,POPE VALLEY,POPE VALLEY,35.649214,12281
PTJPL,2011-12-01,9-029,9-029,POTRERO VALLEY,POTRERO VALLEY,25.940701,371
PTJPL,2011-12-01,1-051,1-051,POTTER VALLEY,POTTER VALLEY,34.517394,20553
PTJPL,2011-12-01,9-013,9-013,POWAY VALLEY,POWAY VALLEY,,0
PTJPL,2011-12-01,3-044,3-044,POZO VALLEY,POZO VALLEY,21.401401,2713
PTJPL,2011-12-01,1-025,1-025,PRAIRIE CREEK AREA,PRAIRIE CREEK AREA,,0
PTJPL,2011-12-01,7-040,7-040,QUIEN SABE POINT VALLEY,QUIEN SABE POINT VALLEY,41.233051,708
PTJPL,2011-12-01,3-024,3-024,QUIEN SABE VALLEY,QUIEN SABE VALLEY,22.290888,11403
PTJPL,2011-12-01,6-062,6-062,RACE TRACK VALLEY,RACE TRACK VALLEY,,0
PTJPL,2011-12-01,3-046,3-046,RAFAEL VALLEY,RAFAEL VALLEY,20.0,1
PTJPL,2011-12-01,9-025,9-025,RANCHITA TOWN AREA,RANCHITA TOWN AREA,20.613636,44
PTJPL,2011-12-01,4-023,4-023,RAYMOND,RAYMOND,29.161394,1549
PTJPL,2011-12-01,6-024,6-024,RED PASS VALLEY,RED PASS VALLEY,,0
PTJPL,2011-12-01,1-018,1-018,RED ROCK VALLEY,RED ROCK VALLEY,18.195503,22680
PTJPL,2011-12-01,5-006.03,5-006,REDDING AREA,REDDING AREA - ANDERSON,38.985099,42951
PTJPL,2011-12-01,5-006.01,5-006,REDDING AREA,REDDING AREA - BOWMAN,37.888633,18219
PTJPL,2011-12-01,5-006.04,5-006,REDDING AREA,REDDING AREA - ENTERPRISE,37.548585,22476
PTJPL,2011-12-01,5-006.05,5-006,REDDING AREA,REDDING AREA - MILLVILLE,40.06155,9082
PTJPL,2011-12-01,5-006.06,5-006,REDDING AREA,REDDING AREA - SOUTH BATTLE CREEK,41.021747,7909
PTJPL,2011-12-01,1-026,1-026,REDWOOD CREEK AREA,REDWOOD CREEK AREA,54.399336,2712
PTJPL,2011-12-01,6-086,6-086,RHODES HILL AREA,RHODES HILL AREA,,0
PTJPL,2011-12-01,7-004,7-004,RICE VALLEY,RICE VALLEY,39.408724,619
PTJPL,2011-12-01,6-023,6-023,RIGGS VALLEY,RIGGS VALLEY,,0
PTJPL,2011-12-01,3-043,3-043,RINCONADA VALLEY,RINCONADA VALLEY,33.284486,2907
PTJPL,2011-12-01,5-043,5-043,ROCK PRAIRIE VALLEY,ROCK PRAIRIE VALLEY,,0
PTJPL,2011-12-01,6-056,6-056,ROSE VALLEY,ROSE VALLEY,,0
PTJPL,2011-12-01,2-028,2-028,ROSS VALLEY,ROSS VALLEY,,0
PTJPL,2011-12-01,5-036,5-036,ROUND VALLEY,ROUND VALLEY,21.792622,14312
PTJPL,2011-12-01,4-020,4-020,RUSSELL VALLEY,RUSSELL VALLEY,32.763636,110
PTJPL,2011-12-01,5-021.54,5-021,SACRAMENTO VALLEY,SACRAMENTO VALLEY - ANTELOPE,41.417655,37689
PTJPL,2011-12-01,5-021.53,5-021,SACRAMENTO VALLEY,SACRAMENTO VALLEY - BEND,41.747913,2515
PTJPL,2011-12-01,5-021.70,5-021,SACRAMENTO VALLEY,SACRAMENTO VALLEY - BUTTE,45.012139,750584
PTJPL,2011-12-01,5-021.52,5-021,SACRAMENTO VALLEY,SACRAMENTO VALLEY - COLUSA,38.962614,2139806
PTJPL,2011-12-01,5-021.51,5-021,SACRAMENTO VALLEY,SACRAMENTO VALLEY - CORNING,38.744902,341939
PTJPL,2011-12-01,5-021.56,5-021,SACRAMENTO VALLEY,SACRAMENTO VALLEY - LOS MOLINOS,41.053013,77642
PTJPL,2011-12-01,5-021.64,5-021,SACRAMENTO VALLEY,SACRAMENTO VALLEY - NORTH AMERICAN,42.421609,540975
PTJPL,2011-12-01,5-021.60,5-021,SACRAMENTO VALLEY,SACRAMENTO VALLEY - NORTH YUBA,50.347553,149891
PTJPL,2011-12-01,5-021.50,5-021,SACRAMENTO VALLEY,SACRAMENTO VALLEY - RED BLUFF,38.877839,173845
PTJPL,2011-12-01,5-021.66,5-021,SACRAMENTO VALLEY,SACRAMENTO VALLEY - SOLANO,52.254744,906939
PTJPL,2011-12-01,5-021.65,5-021,SACRAMENTO VALLEY,SACRAMENTO VALLEY - SOUTH AMERICAN,39.030759,246696
PTJPL,2011-12-01,5-021.61,5-021,SACRAMENTO VALLEY,SACRAMENTO VALLEY - SOUTH YUBA,46.36366,197363
PTJPL,2011-12-01,5-021.62,5-021,SACRAMENTO VALLEY,SACRAMENTO VALLEY - SUTTER,44.626535,826975
PTJPL,2011-12-01,5-021.57,5-021,SACRAMENTO VALLEY,SACRAMENTO VALLEY - VINA,38.852003,352765
PTJPL,2011-12-01,5-021.69,5-021,SACRAMENTO VALLEY,SACRAMENTO VALLEY - WYANDOTTE CREEK,42.843163,72215
PTJPL,2011-12-01,5-021.67,5-021,SACRAMENTO VALLEY,SACRAMENTO VALLEY - YOLO,47.061597,1363893
PTJPL,2011-12-01,3-004.01,3-004,SALINAS VALLEY,SALINAS VALLEY - 180/400 FOOT AQUIFER,32.699297,244816
PTJPL,2011-12-01,3-004.11,3-004,SALINAS VALLEY,SALINAS VALLEY - ATASCADERO AREA,28.997921,25497
PTJPL,2011-12-01,3-004.02,3-004,SALINAS VALLEY,SALINAS VALLEY - EAST SIDE AQUIFER,30.10396,155445
PTJPL,2011-12-01,3-004.04,3-004,SALINAS VALLEY,SALINAS VALLEY - FOREBAY AQUIFER,24.834422,261949
PTJPL,2011-12-01,3-004.09,3-004,SALINAS VALLEY,SALINAS VALLEY - LANGLEY AREA,30.53728,8396
PTJPL,2011-12-01,3-004.10,3-004,SALINAS VALLEY,SALINAS VALLEY - MONTEREY,35.029674,3033
PTJPL,2011-12-01,3-004.06,3-004,SALINAS VALLEY,SALINAS VALLEY - PASO ROBLES AREA,25.39657,339806
PTJPL,2011-12-01,3-004.08,3-004,SALINAS VALLEY,SALINAS VALLEY - SEASIDE,37.116251,1643
PTJPL,2011-12-01,3-004.05,3-004,SALINAS VALLEY,SALINAS VALLEY - UPPER VALLEY AQUIFER,24.356318,280039
PTJPL,2011-12-01,6-017,6-017,SALINE VALLEY,SALINE VALLEY,,0
PTJPL,2011-12-01,6-053,6-053,SALT WELLS VALLEY,SALT WELLS VALLEY,,0
PTJPL,2011-12-01,3-014,3-014,SAN ANTONIO CREEK VALLEY,SAN ANTONIO CREEK VALLEY,30.304623,63229
PTJPL,2011-12-01,3-028,3-028,SAN BENITO RIVER VALLEY,SAN BENITO RIVER VALLEY,25.837754,4185
PTJPL,2011-12-01,3-033,3-033,SAN CARPOFORO VALLEY,SAN CARPOFORO VALLEY,,0
PTJPL,2011-12-01,9-015,9-015,SAN DIEGO RIVER VALLEY,SAN DIEGO RIVER VALLEY,53.457419,1139
PTJPL,2011-12-01,9-012,9-012,SAN DIEGUITO CREEK,SAN DIEGUITO CREEK,46.942857,1610
PTJPL,2011-12-01,9-023,9-023,SAN ELIJO VALLEY,SAN ELIJO VALLEY,42.24,25
PTJPL,2011-12-01,7-027,7-027,SAN FELIPE VALLEY,SAN FELIPE VALLEY,24.275362,69
PTJPL,2011-12-01,4-012,4-012,SAN FERNANDO VALLEY,SAN FERNANDO VALLEY,31.540389,8183
PTJPL,2011-12-01,4-013,4-013,SAN GABRIEL VALLEY,SAN GABRIEL VALLEY,30.067959,8152
PTJPL,2011-12-01,2-024,2-024,SAN GREGORIO VALLEY,SAN GREGORIO VALLEY,37.446335,764
PTJPL,2011-12-01,8-005,8-005,SAN JACINTO,SAN JACINTO,23.886393,135335
PTJPL,2011-12-01,5-022.05,5-022,SAN JOAQUIN VALLEY,SAN JOAQUIN VALLEY - CHOWCHILLA,27.640338,545287
PTJPL,2011-12-01,5-022.16,5-022,SAN JOAQUIN VALLEY,SAN JOAQUIN VALLEY - COSUMNES,33.812664,250875
PTJPL,2011-12-01,5-022.07,5-022,SAN JOAQUIN VALLEY,SAN JOAQUIN VALLEY - DELTA-MENDOTA,30.416917,2016062
PTJPL,2011-12-01,5-022.19,5-022,SAN JOAQUIN VALLEY,SAN JOAQUIN VALLEY - EAST CONTRA COSTA,46.465631,144621
PTJPL,2011-12-01,5-022.01,5-022,SAN JOAQUIN VALLEY,SAN JOAQUIN VALLEY - EASTERN SAN JOAQUIN,34.580727,1825361
PTJPL,2011-12-01,5-022.11,5-022,SAN JOAQUIN VALLEY,SAN JOAQUIN VALLEY - KAWEAH,29.479026,1381931
PTJPL,2011-12-01,5-022.14,5-022,SAN JOAQUIN VALLEY,SAN JOAQUIN VALLEY - KERN COUNTY,32.397417,3704467
PTJPL,2011-12-01,5-022.17,5-022,SAN JOAQUIN VALLEY,SAN JOAQUIN VALLEY - KETTLEMAN PLAIN,23.43789,135911
PTJPL,2011-12-01,5-022.08,5-022,SAN JOAQUIN VALLEY,SAN JOAQUIN VALLEY - KINGS,28.552266,2976927
PTJPL,2011-12-01,5-022.06,5-022,SAN JOAQUIN VALLEY,SAN JOAQUIN VALLEY - MADERA,27.809874,951663
PTJPL,2011-12-01,5-022.04,5-022,SAN JOAQUIN VALLEY,SAN JOAQUIN VALLEY - MERCED,28.833163,1182474
PTJPL,2011-12-01,5-022.02,5-022,SAN JOAQUIN VALLEY,SAN JOAQUIN VALLEY - MODESTO,32.945333,578682
PTJPL,2011-12-01,5-022.10,5-022,SAN JOAQUIN VALLEY,SAN JOAQUIN VALLEY - PLEASANT VALLEY,23.066706,120709
PTJPL,2011-12-01,5-022.15,5-022,SAN JOAQUIN VALLEY,SAN JOAQUIN VALLEY - TRACY,37.928892,613346
PTJPL,2011-12-01,5-022.12,5-022,SAN JOAQUIN VALLEY,SAN JOAQUIN VALLEY - TULARE LAKE,21.043372,1561331
PTJPL,2011-12-01,5-022.13,5-022,SAN JOAQUIN VALLEY,SAN JOAQUIN VALLEY - TULE,30.911685,1577392
PTJPL,2011-12-01,5-022.03,5-022,SAN JOAQUIN VALLEY,SAN JOAQUIN VALLEY - TURLOCK,31.785945,1012089
PTJPL,2011-12-01,5-022.09,5-022,SAN JOAQUIN VALLEY,SAN JOAQUIN VALLEY - WESTSIDE,29.148361,2400528
PTJPL,2011-12-01,5-022.18,5-022,SAN JOAQUIN VALLEY,SAN JOAQUIN VALLEY - WHITE WOLF,27.211468,162895
PTJPL,2011-12-01,9-001,9-001,SAN JUAN VALLEY,SAN JUAN VALLEY,39.181457,2265
PTJPL,2011-12-01,3-009,3-009,SAN LUIS OBISPO VALLEY,SAN LUIS OBISPO VALLEY,37.97968,16683
PTJPL,2011-12-01,9-007.02,9-007,SAN LUIS REY VALLEY,SAN LUIS REY VALLEY - LOWER SAN LUIS REY VALLEY,37.490955,2764
PTJPL,2011-12-01,9-007.01,9-007,SAN LUIS REY VALLEY,SAN LUIS REY VALLEY - UPPER SAN LUIS REY VALLEY,39.562371,25597
PTJPL,2011-12-01,9-032,9-032,SAN MARCOS AREA,SAN MARCOS AREA,37.777778,27
PTJPL,2011-12-01,9-002,9-002,SAN MATEO VALLEY,SAN MATEO VALLEY,51.444444,9
PTJPL,2011-12-01,9-003,9-003,SAN ONOFRE VALLEY,SAN ONOFRE VALLEY,,0
PTJPL,2011-12-01,9-010,9-010,SAN PASQUAL VALLEY,SAN PASQUAL VALLEY,39.036905,7560
PTJPL,2011-12-01,2-036,2-036,SAN PEDRO VALLEY,SAN PEDRO VALLEY,35.291667,24
PTJPL,2011-12-01,2-029,2-029,SAN RAFAEL VALLEY,SAN RAFAEL VALLEY,,0
PTJPL,2011-12-01,2-007,2-007,SAN RAMON VALLEY,SAN RAMON VALLEY,46.007937,378
PTJPL,2011-12-01,3-035,3-035,SAN SIMEON VALLEY,SAN SIMEON VALLEY,42.5,216
PTJPL,2011-12-01,2-027,2-027,SAND POINT AREA,SAND POINT AREA,31.137953,20072
PTJPL,2011-12-01,1-053,1-053,SANEL VALLEY,SANEL VALLEY,35.108967,11710
PTJPL,2011-12-01,3-022,3-022,SANTA ANA VALLEY,SANTA ANA VALLEY,22.550573,7158
PTJPL,2011-12-01,3-017,3-017,SANTA BARBARA,SANTA BARBARA,26.867896,651
PTJPL,2011-12-01,4-004.05,4-004,SANTA CLARA RIVER VALLEY,SANTA CLARA RIVER VALLEY - FILLMORE,41.951971,49887
PTJPL,2011-12-01,4-004.03,4-004,SANTA CLARA RIVER VALLEY,SANTA CLARA RIVER VALLEY - MOUND,26.114328,9499
PTJPL,2011-12-01,4-004.02,4-004,SANTA CLARA RIVER VALLEY,SANTA CLARA RIVER VALLEY - OXNARD,23.270593,96281
PTJPL,2011-12-01,4-004.06,4-004,SANTA CLARA RIVER VALLEY,SANTA CLARA RIVER VALLEY - PIRU,32.542248,19078
PTJPL,2011-12-01,4-004.07,4-004,SANTA CLARA RIVER VALLEY,SANTA CLARA RIVER VALLEY - SANTA CLARA RIVER VALLEY EAST,28.102958,6051
PTJPL,2011-12-01,4-004.04,4-004,SANTA CLARA RIVER VALLEY,SANTA CLARA RIVER VALLEY - SANTA PAULA,29.025611,40295
PTJPL,2011-12-01,2-009.04,2-009,SANTA CLARA VALLEY,SANTA CLARA VALLEY - EAST BAY PLAIN,40.42852,2777
PTJPL,2011-12-01,2-009.01,2-009,SANTA CLARA VALLEY,SANTA CLARA VALLEY - NILES CONE,41.778976,742
PTJPL,2011-12-01,2-009.03,2-009,SANTA CLARA VALLEY,SANTA CLARA VALLEY - SAN MATEO PLAIN,38.080229,1047
PTJPL,2011-12-01,2-009.02,2-009,SANTA CLARA VALLEY,SANTA CLARA VALLEY - SANTA CLARA,31.64634,20794
PTJPL,2011-12-01,3-001,3-001,SANTA CRUZ MID-COUNTY,SANTA CRUZ MID-COUNTY,45.133998,3709
PTJPL,2011-12-01,3-027,3-027,SANTA MARGARITA,SANTA MARGARITA,45.575972,283
PTJPL,2011-12-01,9-004,9-004,SANTA MARGARITA VALLEY,SANTA MARGARITA VALLEY,,0
PTJPL,2011-12-01,3-012.02,3-012,SANTA MARIA RIVER VALLEY,SANTA MARIA RIVER VALLEY - ARROYO GRANDE,30.950453,6176
PTJPL,2011-12-01,3-012.01,3-012,SANTA MARIA RIVER VALLEY,SANTA MARIA RIVER VALLEY - SANTA MARIA,31.348081,262692
PTJPL,2011-12-01,9-011,9-011,SANTA MARIA VALLEY,SANTA MARIA VALLEY,40.051191,3106
PTJPL,2011-12-01,6-068,6-068,SANTA ROSA FLAT,SANTA ROSA FLAT,,0
PTJPL,2011-12-01,3-036,3-036,SANTA ROSA VALLEY,SANTA ROSA VALLEY,38.810496,2744
PTJPL,2011-12-01,1-055.02,1-055,SANTA ROSA VALLEY,SANTA ROSA VALLEY - HEALDSBURG AREA,38.582306,31401
PTJPL,2011-12-01,1-055.03,1-055,SANTA ROSA VALLEY,SANTA ROSA VALLEY - RINCON VALLEY,35.403114,578
PTJPL,2011-12-01,1-055.01,1-055,SANTA ROSA VALLEY,SANTA ROSA VALLEY - SANTA ROSA PLAIN,36.908109,80541
PTJPL,2011-12-01,3-015,3-015,SANTA YNEZ RIVER VALLEY,SANTA YNEZ RIVER VALLEY,26.903903,118162
PTJPL,2011-12-01,1-005,1-005,SCOTT RIVER VALLEY,SCOTT RIVER VALLEY,27.914397,147133
PTJPL,2011-12-01,5-014,5-014,SCOTTS VALLEY,SCOTTS VALLEY,42.848236,6833
PTJPL,2011-12-01,6-052,6-052,SEARLES VALLEY,SEARLES VALLEY,,0
PTJPL,2011-12-01,6-100,6-100,SECRET VALLEY,SECRET VALLEY,15.105974,12371
PTJPL,2011-12-01,1-016,1-016,SEIAD VALLEY,SEIAD VALLEY,31.66287,439
PTJPL,2011-12-01,8-008,8-008,SEVEN OAKS VALLEY,SEVEN OAKS VALLEY,,0
PTJPL,2011-12-01,1-004,1-004,SHASTA VALLEY,SHASTA VALLEY,21.685409,257617
PTJPL,2011-12-01,1-042,1-042,SHERWOOD VALLEY,SHERWOOD VALLEY,,0
PTJPL,2011-12-01,5-012.02,5-012,SIERRA VALLEY,SIERRA VALLEY - CHILCOOT,9.572389,5505
PTJPL,2011-12-01,5-012.01,5-012,SIERRA VALLEY,SIERRA VALLEY - SIERRA VALLEY,12.801708,213125
PTJPL,2011-12-01,6-034,6-034,SILVER LAKE VALLEY,SILVER LAKE VALLEY,,0
PTJPL,2011-12-01,4-009,4-009,SIMI VALLEY,SIMI VALLEY,32.237574,1187
PTJPL,2011-12-01,6-105,6-105,SLINKARD VALLEY,SLINKARD VALLEY,,0
PTJPL,2011-12-01,1-001,1-001,SMITH RIVER PLAIN,SMITH RIVER PLAIN,54.897052,30831
PTJPL,2011-12-01,6-033,6-033,SODA LAKE VALLEY,SODA LAKE VALLEY,,0
PTJPL,2011-12-01,2-037,2-037,SOUTH SAN FRANCISCO,SOUTH SAN FRANCISCO,,0
PTJPL,2011-12-01,6-082,6-082,SPRING CANYON VALLEY,SPRING CANYON VALLEY,,0
PTJPL,2011-12-01,5-089,5-089,SQUAW FLAT,SQUAW FLAT,,0
PTJPL,2011-12-01,5-088,5-088,STONY GORGE RESERVOIR,STONY GORGE RESERVOIR,32.959544,964
PTJPL,2011-12-01,5-063,5-063,STONYFORD TOWN AREA,STONYFORD TOWN AREA,31.373347,3857
PTJPL,2011-12-01,2-003,2-003,SUISUN-FAIRFIELD VALLEY,SUISUN-FAIRFIELD VALLEY,49.35218,89088
PTJPL,2011-12-01,2-011,2-011,SUNOL VALLEY,SUNOL VALLEY,46.061172,1553
PTJPL,2011-12-01,6-049,6-049,SUPERIOR VALLEY,SUPERIOR VALLEY,,0
PTJPL,2011-12-01,6-001,6-001,SURPRISE VALLEY,SURPRISE VALLEY,14.908849,227776
PTJPL,2011-12-01,6-107,6-107,SWEETWATER FLAT,SWEETWATER FLAT,15.595679,324
PTJPL,2011-12-01,6-005.03,6-005,TAHOE VALLEY,TAHOE VALLEY - TAHOE NORTH,12.328571,210
PTJPL,2011-12-01,6-005.01,6-005,TAHOE VALLEY,TAHOE VALLEY - TAHOE SOUTH,8.966887,755
PTJPL,2011-12-01,6-005.02,6-005,TAHOE VALLEY,TAHOE VALLEY - TAHOE WEST,13.005848,171
PTJPL,2011-12-01,6-045,6-045,TEHACHAPI VALLEY EAST,TEHACHAPI VALLEY EAST,20.56575,3019
PTJPL,2011-12-01,5-028,5-028,TEHACHAPI VALLEY WEST,TEHACHAPI VALLEY WEST,20.160999,3882
PTJPL,2011-12-01,9-005,9-005,TEMECULA VALLEY,TEMECULA VALLEY,30.99805,20512
PTJPL,2011-12-01,1-040,1-040,TEN MILE RIVER VALLEY,TEN MILE RIVER VALLEY,43.971292,209
PTJPL,2011-12-01,7-026,7-026,TERWILLIGER VALLEY,TERWILLIGER VALLEY,17.071006,169
PTJPL,2011-12-01,4-019,4-019,THOUSAND OAKS AREA,THOUSAND OAKS AREA,33.366337,202
PTJPL,2011-12-01,4-015,4-015,TIERRA REJADA,TIERRA REJADA,30.909033,3122
PTJPL,2011-12-01,5-037,5-037,TOAD WELL AREA,TOAD WELL AREA,,0
PTJPL,2011-12-01,3-040,3-040,TORO VALLEY,TORO VALLEY,43.372973,370
PTJPL,2011-12-01,6-098,6-098,TULEDAD CANYON VALLEY,TULEDAD CANYON VALLEY,8.754839,310
PTJPL,2011-12-01,7-010,7-010,TWENTYNINE PALMS VALLEY,TWENTYNINE PALMS VALLEY,22.70415,747
PTJPL,2011-12-01,1-052,1-052,UKIAH VALLEY,UKIAH VALLEY,38.169128,43263
PTJPL,2011-12-01,6-022,6-022,UPPER KINGSTON VALLEY,UPPER KINGSTON VALLEY,,0
PTJPL,2011-12-01,5-013,5-013,UPPER LAKE VALLEY,UPPER LAKE VALLEY,41.71162,10826
PTJPL,2011-12-01,6-042,6-042,UPPER MOJAVE RIVER VALLEY,UPPER MOJAVE RIVER VALLEY,26.567761,6700
PTJPL,2011-12-01,4-001,4-001,UPPER OJAI VALLEY,UPPER OJAI VALLEY,20.88646,3294
PTJPL,2011-12-01,3-023,3-023,UPPER SANTA ANA VALLEY,UPPER SANTA ANA VALLEY,28.714286,7
PTJPL,2011-12-01,8-002.05,8-002,UPPER SANTA ANA VALLEY,UPPER SANTA ANA VALLEY - CAJON,12.054217,166
PTJPL,2011-12-01,8-002.01,8-002,UPPER SANTA ANA VALLEY,UPPER SANTA ANA VALLEY - CHINO,25.692942,28506
PTJPL,2011-12-01,8-002.02,8-002,UPPER SANTA ANA VALLEY,UPPER SANTA ANA VALLEY - CUCAMONGA,26.618524,637
PTJPL,2011-12-01,8-002.04,8-002,UPPER SANTA ANA VALLEY,UPPER SANTA ANA VALLEY - RIALTO-COLTON,25.7408,1250
PTJPL,2011-12-01,8-002.03,8-002,UPPER SANTA ANA VALLEY,UPPER SANTA ANA VALLEY - RIVERSIDE-ARLINGTON,33.658098,13966
PTJPL,2011-12-01,8-002.06,8-002,UPPER SANTA ANA VALLEY,UPPER SANTA ANA VALLEY - SAN BERNARDINO,29.66731,15540
PTJPL,2011-12-01,8-002.08,8-002,UPPER SANTA ANA VALLEY,UPPER SANTA ANA VALLEY - SAN TIMOTEO,24.205914,4667
PTJPL,2011-12-01,8-002.09,8-002,UPPER SANTA ANA VALLEY,UPPER SANTA ANA VALLEY - TEMESCAL,36.858502,841
PTJPL,2011-12-01,8-002.07,8-002,UPPER SANTA ANA VALLEY,UPPER SANTA ANA VALLEY - YUCAIPA,22.445766,2858
PTJPL,2011-12-01,7-028,7-028,VALLECITO-CARRIZO VALLEY,VALLECITO-CARRIZO VALLEY,,0
PTJPL,2011-12-01,5-071,5-071,VALLECITOS CREEK VALLEY,VALLECITOS CREEK VALLEY,,0
PTJPL,2011-12-01,7-063,7-063,VANDEVENTER FLAT,VANDEVENTER FLAT,,0
PTJPL,2011-12-01,4-003.02,4-003,VENTURA RIVER VALLEY,VENTURA RIVER VALLEY - LOWER VENTURA RIVER,25.40655,1771
PTJPL,2011-12-01,4-003.01,4-003,VENTURA RIVER VALLEY,VENTURA RIVER VALLEY - UPPER VENTURA RIVER,29.542174,2300
PTJPL,2011-12-01,7-042,7-042,VIDAL VALLEY,VIDAL VALLEY,,0
PTJPL,2011-12-01,3-037,3-037,VILLA VALLEY,VILLA VALLEY,38.590164,854
PTJPL,2011-12-01,2-032,2-032,VISITACION VALLEY,VISITACION VALLEY,35.409639,83
PTJPL,2011-12-01,5-026,5-026,WALKER BASIN CREEK VALLEY,WALKER BASIN CREEK VALLEY,19.498119,5316
PTJPL,2011-12-01,7-003,7-003,WARD VALLEY,WARD VALLEY,,0
PTJPL,2011-12-01,9-008,9-008,WARNER VALLEY,WARNER VALLEY,28.027108,332
PTJPL,2011-12-01,7-012,7-012,WARREN VALLEY,WARREN VALLEY,23.315789,342
PTJPL,2011-12-01,1-031,1-031,WEOTT TOWN AREA,WEOTT TOWN AREA,42.061181,474
PTJPL,2011-12-01,7-022,7-022,WEST SALTON SEA,WEST SALTON SEA,,0
PTJPL,2011-12-01,3-026,3-026,WEST SANTA CRUZ TERRACE,WEST SANTA CRUZ TERRACE,43.554274,1474
PTJPL,2011-12-01,2-035,2-035,WESTSIDE,WESTSIDE,33.437411,3523
PTJPL,2011-12-01,6-073,6-073,WILD HORSE MESA AREA,WILD HORSE MESA AREA,,0
PTJPL,2011-12-01,6-075,6-075,WILDROSE CANYON,WILDROSE CANYON,,0
PTJPL,2011-12-01,1-043,1-043,WILLIAMS VALLEY,WILLIAMS VALLEY,34.415138,436
PTJPL,2011-12-01,6-003,6-003,WILLOW CREEK VALLEY,WILLOW CREEK VALLEY,15.354613,26457
PTJPL,2011-12-01,1-059,1-059,WILSON GROVE FORMATION HIGHLANDS,WILSON GROVE FORMATION HIGHLANDS,34.095239,69394
PTJPL,2011-12-01,1-062,1-062,WILSON POINT AREA,WILSON POINT AREA,22.444444,9
PTJPL,2011-12-01,6-019,6-019,WINGATE VALLEY,WINGATE VALLEY,,0
PTJPL,2011-12-01,7-056,7-056,YAQUI WELL AREA,YAQUI WELL AREA,,0
PTJPL,2011-12-01,5-056,5-056,YELLOW CREEK VALLEY,YELLOW CREEK VALLEY,31.282546,5861
PTJPL,2011-12-01,2-006,2-006,YGNACIO VALLEY,YGNACIO VALLEY,39.801587,252
PTJPL,2011-12-01,5-069,5-069,YOSEMITE VALLEY,YOSEMITE VALLEY,,0
PTJPL,2011-12-01,7-036,7-036,YUMA VALLEY,YUMA VALLEY,49.590482,66610
