Model,Date,Basin_Subb,Basin_Numb,Basin_Name,Basin_Su_1,ET,Pixel_Count
PTJPL,2007-10-01,4-005,4-005,ACTON VALLEY,ACTON VALLEY,25.241018,668
PTJPL,2007-10-01,6-010,6-010,ADOBE LAKE VALLEY,ADOBE LAKE VALLEY,,0
PTJPL,2007-10-01,1-054.01,1-054,ALEXANDER VALLEY,ALEXANDER VALLEY - ALEXANDER AREA,50.998591,39743
PTJPL,2007-10-01,1-054.02,1-054,ALEXANDER VALLEY,ALEXANDER VALLEY - CLOVERDALE AREA,44.800253,9502
PTJPL,2007-10-01,5-002.01,5-002,ALTURAS AREA,ALTURAS AREA - SOUTH FORK PITT RIVER,48.526674,155937
PTJPL,2007-10-01,5-002.02,5-002,ALTURAS AREA,ALTURAS AREA - WARM SPRINGS VALLEY,57.796387,72800
PTJPL,2007-10-01,5-010,5-010,AMERICAN VALLEY,AMERICAN VALLEY,48.904781,9746
PTJPL,2007-10-01,7-016,7-016,AMES VALLEY,AMES VALLEY,,0
PTJPL,2007-10-01,7-034,7-034,AMOS VALLEY,AMOS VALLEY,,0
PTJPL,2007-10-01,1-019,1-019,ANDERSON VALLEY,ANDERSON VALLEY,36.0443,5982
PTJPL,2007-10-01,1-049,1-049,ANNAPOLIS OHLSON RANCH FORMATION HIGHLANDS,ANNAPOLIS OHLSON RANCH FORMATION HIGHLANDS,42.316192,2353
PTJPL,2007-10-01,5-091,5-091,ANTELOPE CREEK,ANTELOPE CREEK,27.561994,1605
PTJPL,2007-10-01,6-044,6-044,ANTELOPE VALLEY,ANTELOPE VALLEY,32.150714,137884
PTJPL,2007-10-01,6-007,6-007,ANTELOPE VALLEY,ANTELOPE VALLEY,48.68995,48489
PTJPL,2007-10-01,3-034,3-034,ARROYO DE LA CRUZ VALLEY,ARROYO DE LA CRUZ VALLEY,78.877323,538
PTJPL,2007-10-01,2-031,2-031,ARROYO DEL HAMBRE VALLEY,ARROYO DEL HAMBRE VALLEY,,0
PTJPL,2007-10-01,4-007,4-007,ARROYO SANTA ROSA VALLEY,ARROYO SANTA ROSA VALLEY,69.956925,7870
PTJPL,2007-10-01,7-037,7-037,ARROYO SECO VALLEY,ARROYO SECO VALLEY,,0
PTJPL,2007-10-01,5-054,5-054,ASH VALLEY,ASH VALLEY,50.013051,12106
PTJPL,2007-10-01,6-026,6-026,AVAWATZ VALLEY,AVAWATZ VALLEY,,0
PTJPL,2007-10-01,3-020,3-020,A�O NUEVO AREA,A�O NUEVO AREA,55.355354,1877
PTJPL,2007-10-01,9-022,9-022,BATIQUITOS LAGOON VALLEY,BATIQUITOS LAGOON VALLEY,56.256452,620
PTJPL,2007-10-01,8-009,8-009,BEAR VALLEY,BEAR VALLEY,43.228311,219
PTJPL,2007-10-01,5-064,5-064,BEAR VALLEY,BEAR VALLEY,27.852941,510
PTJPL,2007-10-01,5-020,5-020,BERRYESSA VALLEY,BERRYESSA VALLEY,,0
PTJPL,2007-10-01,7-015,7-015,BESSEMER VALLEY,BESSEMER VALLEY,,0
PTJPL,2007-10-01,6-025,6-025,BICYCLE VALLEY,BICYCLE VALLEY,,0
PTJPL,2007-10-01,1-027,1-027,BIG LAGOON AREA,BIG LAGOON AREA,63.076923,39
PTJPL,2007-10-01,8-007,8-007,BIG MEADOWS VALLEY,BIG MEADOWS VALLEY,,0
PTJPL,2007-10-01,1-045,1-045,BIG RIVER VALLEY,BIG RIVER VALLEY,,0
PTJPL,2007-10-01,3-047,3-047,BIG SPRING AREA,BIG SPRING AREA,16.998867,883
PTJPL,2007-10-01,5-015,5-015,BIG VALLEY,BIG VALLEY,47.144274,41040
PTJPL,2007-10-01,5-004,5-004,BIG VALLEY,BIG VALLEY,50.992864,161302
PTJPL,2007-10-01,3-030,3-030,BITTER WATER VALLEY,BITTER WATER VALLEY,25.911155,7575
PTJPL,2007-10-01,6-013,6-013,BLACK SPRINGS VALLEY,BLACK SPRINGS VALLEY,,0
PTJPL,2007-10-01,5-092,5-092,BLANCHARD VALLEY,BLANCHARD VALLEY,18.788496,1130
PTJPL,2007-10-01,1-057,1-057,BODEGA BAY AREA,BODEGA BAY AREA,52.0,154
PTJPL,2007-10-01,7-024.01,7-024,BORREGO VALLEY,BORREGO VALLEY - BORREGO SPRINGS,50.186986,17397
PTJPL,2007-10-01,7-024.02,7-024,BORREGO VALLEY,BORREGO VALLEY - OCOTILLO WELLS,37.583333,12
PTJPL,2007-10-01,1-039,1-039,BRANSCOMB TOWN AREA,BRANSCOMB TOWN AREA,,0
PTJPL,2007-10-01,1-017,1-017,BRAY TOWN AREA,BRAY TOWN AREA,36.376706,4250
PTJPL,2007-10-01,6-008,6-008,BRIDGEPORT VALLEY,BRIDGEPORT VALLEY,37.223748,73641
PTJPL,2007-10-01,7-008,7-008,BRISTOL VALLEY,BRISTOL VALLEY,15.142157,7963
PTJPL,2007-10-01,5-080,5-080,BRITE VALLEY,BRITE VALLEY,27.361782,1324
PTJPL,2007-10-01,6-032,6-032,BROADWELL VALLEY,BROADWELL VALLEY,,0
PTJPL,2007-10-01,6-076,6-076,BROWN MOUNTAIN VALLEY,BROWN MOUNTAIN VALLEY,,0
PTJPL,2007-10-01,7-054,7-054,BUCK RIDGE FAULT VALLEY,BUCK RIDGE FAULT VALLEY,,0
PTJPL,2007-10-01,6-101,6-101,BULL FLAT,BULL FLAT,36.916667,48
PTJPL,2007-10-01,5-048,5-048,BURNEY CREEK VALLEY,BURNEY CREEK VALLEY,41.502627,6852
PTJPL,2007-10-01,5-017,5-017,BURNS VALLEY,BURNS VALLEY,41.569204,1734
PTJPL,2007-10-01,5-051,5-051,BUTTE CREEK VALLEY,BUTTE CREEK VALLEY,,0
PTJPL,2007-10-01,1-003,1-003,BUTTE VALLEY,BUTTE VALLEY,34.852062,149448
PTJPL,2007-10-01,6-081,6-081,BUTTE VALLEY,BUTTE VALLEY,,0
PTJPL,2007-10-01,6-070,6-070,CACTUS FLAT,CACTUS FLAT,,0
PTJPL,2007-10-01,7-007,7-007,CADIZ VALLEY,CADIZ VALLEY,,0
PTJPL,2007-10-01,6-090,6-090,CADY FAULT AREA,CADY FAULT AREA,,0
PTJPL,2007-10-01,9-006,9-006,CAHUILLA VALLEY,CAHUILLA VALLEY,19.837881,6230
PTJPL,2007-10-01,6-079,6-079,CALIFORNIA VALLEY,CALIFORNIA VALLEY,,0
PTJPL,2007-10-01,7-041,7-041,CALZONA VALLEY,CALZONA VALLEY,,0
PTJPL,2007-10-01,6-061,6-061,CAMEO AREA,CAMEO AREA,,0
PTJPL,2007-10-01,9-028,9-028,CAMPO VALLEY,CAMPO VALLEY,31.547619,126
PTJPL,2007-10-01,7-046,7-046,CANEBRAKE VALLEY,CANEBRAKE VALLEY,,0
PTJPL,2007-10-01,3-007,3-007,CARMEL VALLEY,CARMEL VALLEY,75.226989,1282
PTJPL,2007-10-01,3-018,3-018,CARPINTERIA,CARPINTERIA,61.791834,11952
PTJPL,2007-10-01,3-019,3-019,CARRIZO PLAIN,CARRIZO PLAIN,17.692029,20950
PTJPL,2007-10-01,6-006,6-006,CARSON VALLEY,CARSON VALLEY,53.663085,10516
PTJPL,2007-10-01,5-029,5-029,CASTAC LAKE VALLEY,CASTAC LAKE VALLEY,53.858156,846
PTJPL,2007-10-01,2-008,2-008,CASTRO VALLEY,CASTRO VALLEY,,0
PTJPL,2007-10-01,6-038,6-038,CAVES CANYON VALLEY,CAVES CANYON VALLEY,,0
PTJPL,2007-10-01,5-045,5-045,CAYTON VALLEY,CAYTON VALLEY,57.862824,4250
PTJPL,2007-10-01,3-038,3-038,CAYUCOS VALLEY,CAYUCOS VALLEY,,0
PTJPL,2007-10-01,7-043,7-043,CHEMEHUEVI VALLEY,CHEMEHUEVI VALLEY,,0
PTJPL,2007-10-01,7-032,7-032,CHOCOLATE VALLEY,CHOCOLATE VALLEY,7.044776,67
PTJPL,2007-10-01,3-005,3-005,CHOLAME VALLEY,CHOLAME VALLEY,36.793825,17718
PTJPL,2007-10-01,3-042,3-042,CHORRO VALLEY,CHORRO VALLEY,78.008494,1295
PTJPL,2007-10-01,5-061,5-061,CHROME TOWN AREA,CHROME TOWN AREA,17.808219,511
PTJPL,2007-10-01,7-005,7-005,CHUCKWALLA VALLEY,CHUCKWALLA VALLEY,21.32689,4604
PTJPL,2007-10-01,2-005,2-005,CLAYTON VALLEY,CLAYTON VALLEY,68.153374,652
PTJPL,2007-10-01,5-066,5-066,CLEAR LAKE CACHE FORMATION,CLEAR LAKE CACHE FORMATION,42.543617,940
PTJPL,2007-10-01,5-058,5-058,CLOVER VALLEY,CLOVER VALLEY,33.976961,1606
PTJPL,2007-10-01,7-021.03,7-021,COACHELLA VALLEY,COACHELLA VALLEY - DESERT HOT SPRINGS,53.98157,2713
PTJPL,2007-10-01,7-021.01,7-021,COACHELLA VALLEY,COACHELLA VALLEY - INDIO,55.231496,293629
PTJPL,2007-10-01,7-021.02,7-021,COACHELLA VALLEY,COACHELLA VALLEY - MISSION CREEK,48.693252,978
PTJPL,2007-10-01,7-021.04,7-021,COACHELLA VALLEY,COACHELLA VALLEY - SAN GORGONIO PASS,47.438202,356
PTJPL,2007-10-01,4-011.04,4-011,COASTAL PLAIN OF LOS ANGELES,COASTAL PLAIN OF LOS ANGELES - CENTRAL,90.274804,7005
PTJPL,2007-10-01,4-011.02,4-011,COASTAL PLAIN OF LOS ANGELES,COASTAL PLAIN OF LOS ANGELES - HOLLYWOOD,89.359133,323
PTJPL,2007-10-01,4-011.01,4-011,COASTAL PLAIN OF LOS ANGELES,COASTAL PLAIN OF LOS ANGELES - SANTA MONICA,88.457238,4186
PTJPL,2007-10-01,4-011.03,4-011,COASTAL PLAIN OF LOS ANGELES,COASTAL PLAIN OF LOS ANGELES - WEST COAST,89.112124,4058
PTJPL,2007-10-01,8-001,8-001,COASTAL PLAIN OF ORANGE COUNTY,COASTAL PLAIN OF ORANGE COUNTY,72.67694,23946
PTJPL,2007-10-01,9-033,9-033,COASTAL PLAIN OF SAN DIEGO,COASTAL PLAIN OF SAN DIEGO,53.931879,3347
PTJPL,2007-10-01,6-072,6-072,COLES FLAT,COLES FLAT,,0
PTJPL,2007-10-01,5-019,5-019,COLLAYOMI VALLEY,COLLAYOMI VALLEY,30.981274,3845
PTJPL,2007-10-01,7-055,7-055,COLLINS VALLEY,COLLINS VALLEY,,0
PTJPL,2007-10-01,4-010,4-010,CONEJO,CONEJO,88.327309,498
PTJPL,2007-10-01,7-011,7-011,COPPER MOUNTAIN VALLEY,COPPER MOUNTAIN VALLEY,,0
PTJPL,2007-10-01,3-002.01,3-002,CORRALITOS,CORRALITOS - PAJARO VALLEY,53.507022,109155
PTJPL,2007-10-01,3-002.02,3-002,CORRALITOS,CORRALITOS - PURISIMA HIGHLANDS,56.589633,463
PTJPL,2007-10-01,6-055,6-055,COSO VALLEY,COSO VALLEY,,0
PTJPL,2007-10-01,1-037,1-037,COTTONEVA CREEK VALLEY,COTTONEVA CREEK VALLEY,,0
PTJPL,2007-10-01,9-027,9-027,COTTONWOOD VALLEY,COTTONWOOD VALLEY,30.542857,70
PTJPL,2007-10-01,1-011,1-011,COVELO ROUND VALLEY,COVELO ROUND VALLEY,37.077674,36576
PTJPL,2007-10-01,6-091,6-091,COW HEAD LAKE VALLEY,COW HEAD LAKE VALLEY,39.260758,15639
PTJPL,2007-10-01,6-037,6-037,COYOTE LAKE VALLEY,COYOTE LAKE VALLEY,6.251029,972
PTJPL,2007-10-01,5-018,5-018,COYOTE VALLEY,COYOTE VALLEY,43.6809,6534
PTJPL,2007-10-01,7-029,7-029,COYOTE WELLS VALLEY,COYOTE WELLS VALLEY,6.7875,80
PTJPL,2007-10-01,6-035,6-035,CRONISE VALLEY,CRONISE VALLEY,,0
PTJPL,2007-10-01,6-050,6-050,CUDDEBACK VALLEY,CUDDEBACK VALLEY,,0
PTJPL,2007-10-01,5-082,5-082,CUDDY CANYON VALLEY,CUDDY CANYON VALLEY,,0
PTJPL,2007-10-01,5-083,5-083,CUDDY RANCH AREA,CUDDY RANCH AREA,,0
PTJPL,2007-10-01,5-084,5-084,CUDDY VALLEY,CUDDY VALLEY,37.5625,16
PTJPL,2007-10-01,5-027,5-027,CUMMINGS VALLEY,CUMMINGS VALLEY,40.582345,11464
PTJPL,2007-10-01,3-013,3-013,CUYAMA VALLEY,CUYAMA VALLEY,32.383217,151765
PTJPL,2007-10-01,7-009,7-009,DALE VALLEY,DALE VALLEY,7.434211,152
PTJPL,2007-10-01,6-057,6-057,DARWIN VALLEY,DARWIN VALLEY,,0
PTJPL,2007-10-01,7-061,7-061,DAVIES VALLEY,DAVIES VALLEY,,0
PTJPL,2007-10-01,7-013.01,7-013,DEADMAN VALLEY,DEADMAN VALLEY - DEADMAN LAKE,,0
PTJPL,2007-10-01,7-013.02,7-013,DEADMAN VALLEY,DEADMAN VALLEY - SURPRISE SPRING,,0
PTJPL,2007-10-01,6-018,6-018,DEATH VALLEY,DEATH VALLEY,6.833333,18
PTJPL,2007-10-01,6-015,6-015,DEEP SPRINGS VALLEY,DEEP SPRINGS VALLEY,46.444094,635
PTJPL,2007-10-01,6-078,6-078,DENNING SPRING VALLEY,DENNING SPRING VALLEY,,0
PTJPL,2007-10-01,1-034,1-034,DINSMORES TOWN AREA,DINSMORES TOWN AREA,43.732558,86
PTJPL,2007-10-01,5-053,5-053,DIXIE VALLEY,DIXIE VALLEY,49.22264,11449
PTJPL,2007-10-01,2-040,2-040,DOWNTOWN,DOWNTOWN,,0
PTJPL,2007-10-01,5-049,5-049,DRY BURNEY CREEK VALLEY,DRY BURNEY CREEK VALLEY,,0
PTJPL,2007-10-01,3-029,3-029,DRY LAKE VALLEY,DRY LAKE VALLEY,28.251852,540
PTJPL,2007-10-01,6-095,6-095,DRY VALLEY,DRY VALLEY,,0
PTJPL,2007-10-01,6-096,6-096,EAGLE LAKE AREA,EAGLE LAKE AREA,,0
PTJPL,2007-10-01,7-033,7-033,EAST SALTON SEA,EAST SALTON SEA,51.040833,40262
PTJPL,2007-10-01,1-044,1-044,EDEN VALLEY,EDEN VALLEY,28.824063,1654
PTJPL,2007-10-01,1-010,1-010,EEL RIVER VALLEY,EEL RIVER VALLEY,48.323136,115360
PTJPL,2007-10-01,5-041,5-041,EGG LAKE VALLEY,EGG LAKE VALLEY,,0
PTJPL,2007-10-01,9-016,9-016,EL CAJON VALLEY,EL CAJON VALLEY,34.419355,31
PTJPL,2007-10-01,6-043,6-043,EL MIRAGE VALLEY,EL MIRAGE VALLEY,31.594325,3207
PTJPL,2007-10-01,5-062,5-062,ELK CREEK AREA,ELK CREEK AREA,37.027972,143
PTJPL,2007-10-01,8-004.02,8-004,ELSINORE,ELSINORE - BEDFORD-COLDWATER,66.848014,1158
PTJPL,2007-10-01,8-004.01,8-004,ELSINORE,ELSINORE - ELSINORE VALLEY,26.383178,107
PTJPL,2007-10-01,9-009,9-009,ESCONDIDO VALLEY,ESCONDIDO VALLEY,45.441176,34
PTJPL,2007-10-01,1-009,1-009,EUREKA PLAIN,EUREKA PLAIN,49.750557,20642
PTJPL,2007-10-01,6-016,6-016,EUREKA VALLEY,EUREKA VALLEY,,0
PTJPL,2007-10-01,1-022,1-022,FAIRCHILD SWAMP VALLEY,FAIRCHILD SWAMP VALLEY,,0
PTJPL,2007-10-01,5-005,5-005,FALL RIVER VALLEY,FALL RIVER VALLEY,52.362869,132960
PTJPL,2007-10-01,7-002,7-002,FENNER VALLEY,FENNER VALLEY,,0
PTJPL,2007-10-01,6-014,6-014,FISH LAKE VALLEY,FISH LAKE VALLEY,53.73696,14340
PTJPL,2007-10-01,3-053,3-053,FOOTHILL,FOOTHILL,73.4,35
PTJPL,2007-10-01,1-021,1-021,FORT BRAGG TERRACE AREA,FORT BRAGG TERRACE AREA,42.229996,9448
PTJPL,2007-10-01,1-061,1-061,FORT ROSS TERRACE DEPOSITS,FORT ROSS TERRACE DEPOSITS,45.987805,1066
PTJPL,2007-10-01,6-046,6-046,FREMONT VALLEY,FREMONT VALLEY,19.172909,1949
PTJPL,2007-10-01,5-090,5-090,FUNKS CREEK,FUNKS CREEK,23.889567,3278
PTJPL,2007-10-01,1-032,1-032,GARBERVILLE TOWN AREA,GARBERVILLE TOWN AREA,56.557836,536
PTJPL,2007-10-01,1-020,1-020,GARCIA RIVER VALLEY,GARCIA RIVER VALLEY,43.763248,2623
PTJPL,2007-10-01,3-003.01,3-003,GILROY-HOLLISTER VALLEY,GILROY-HOLLISTER VALLEY - LLAGAS AREA,58.443249,76695
PTJPL,2007-10-01,3-003.05,3-003,GILROY-HOLLISTER VALLEY,GILROY-HOLLISTER VALLEY - NORTH SAN BENITO,52.531032,195075
PTJPL,2007-10-01,6-085,6-085,GOLD VALLEY,GOLD VALLEY,,0
PTJPL,2007-10-01,6-048,6-048,GOLDSTONE VALLEY,GOLDSTONE VALLEY,,0
PTJPL,2007-10-01,3-016,3-016,GOLETA,GOLETA,68.466368,3345
PTJPL,2007-10-01,5-001.02,5-001,GOOSE LAKE,GOOSE LAKE - FANDANGO VALLEY,42.03351,29126
PTJPL,2007-10-01,5-001.01,5-001,GOOSE LAKE,GOOSE LAKE - GOOSE VALLEY,40.280287,55254
PTJPL,2007-10-01,5-047,5-047,GOOSE VALLEY,GOOSE VALLEY,41.850288,15463
PTJPL,2007-10-01,6-077,6-077,GRASS VALLEY,GRASS VALLEY,,0
PTJPL,2007-10-01,6-094,6-094,GRASSHOPPER VALLEY,GRASSHOPPER VALLEY,40.375201,3734
PTJPL,2007-10-01,1-048,1-048,GRAVELLY VALLEY,GRAVELLY VALLEY,,0
PTJPL,2007-10-01,5-052,5-052,GRAYS VALLEY,GRAYS VALLEY,,0
PTJPL,2007-10-01,6-084,6-084,GREENWATER VALLEY,GREENWATER VALLEY,,0
PTJPL,2007-10-01,5-059,5-059,GRIZZLY VALLEY,GRIZZLY VALLEY,,0
PTJPL,2007-10-01,2-022,2-022,HALF MOON BAY TERRACE,HALF MOON BAY TERRACE,59.148749,8874
PTJPL,2007-10-01,1-015,1-015,HAPPY CAMP TOWN AREA,HAPPY CAMP TOWN AREA,46.727273,99
PTJPL,2007-10-01,6-047,6-047,HARPER VALLEY,HARPER VALLEY,26.203959,5658
PTJPL,2007-10-01,6-074,6-074,HARRISBURG FLATS,HARRISBURG FLATS,,0
PTJPL,2007-10-01,6-093,6-093,HARVEY VALLEY,HARVEY VALLEY,,0
PTJPL,2007-10-01,1-006,1-006,HAYFORK VALLEY,HAYFORK VALLEY,39.315891,3115
PTJPL,2007-10-01,7-048,7-048,HELENDALE FAULT VALLEY,HELENDALE FAULT VALLEY,,0
PTJPL,2007-10-01,8-006,8-006,HEMET LAKE VALLEY,HEMET LAKE VALLEY,,0
PTJPL,2007-10-01,3-031,3-031,HERNANDEZ VALLEY,HERNANDEZ VALLEY,19.131105,389
PTJPL,2007-10-01,1-036,1-036,HETTENSHAW VALLEY,HETTENSHAW VALLEY,35.162579,2202
PTJPL,2007-10-01,7-053,7-053,HEXIE MOUNTAIN AREA,HEXIE MOUNTAIN AREA,,0
PTJPL,2007-10-01,6-063,6-063,HIDDEN VALLEY,HIDDEN VALLEY,,0
PTJPL,2007-10-01,4-016,4-016,HIDDEN VALLEY,HIDDEN VALLEY,54.690735,3767
PTJPL,2007-10-01,5-016,5-016,HIGH VALLEY,HIGH VALLEY,25.338008,2781
PTJPL,2007-10-01,6-004,6-004,HONEY LAKE VALLEY,HONEY LAKE VALLEY,47.30893,188784
PTJPL,2007-10-01,1-029,1-029,HONEYDEW TOWN AREA,HONEYDEW TOWN AREA,51.497273,1100
PTJPL,2007-10-01,1-007,1-007,HOOPA VALLEY,HOOPA VALLEY,59.626444,779
PTJPL,2007-10-01,6-097,6-097,HORSE LAKE VALLEY,HORSE LAKE VALLEY,44.731488,4335
PTJPL,2007-10-01,5-040,5-040,HOT SPRINGS VALLEY,HOT SPRINGS VALLEY,40.38445,3254
PTJPL,2007-10-01,3-045,3-045,HUASNA VALLEY,HUASNA VALLEY,35.964944,3366
PTJPL,2007-10-01,5-060,5-060,HUMBUG VALLEY,HUMBUG VALLEY,37.435484,1178
PTJPL,2007-10-01,4-018,4-018,HUNGRY VALLEY,HUNGRY VALLEY,,0
PTJPL,2007-10-01,1-035,1-035,HYAMPOM VALLEY,HYAMPOM VALLEY,43.027778,504
PTJPL,2007-10-01,7-030,7-030,IMPERIAL VALLEY,IMPERIAL VALLEY,59.811235,1786821
PTJPL,2007-10-01,5-009,5-009,INDIAN VALLEY,INDIAN VALLEY,51.353968,44586
PTJPL,2007-10-01,6-054,6-054,INDIAN WELLS VALLEY,INDIAN WELLS VALLEY,25.17775,14616
PTJPL,2007-10-01,7-050,7-050,IRON RIDGE AREA,IRON RIDGE AREA,,0
PTJPL,2007-10-01,2-033,2-033,ISLAIS VALLEY,ISLAIS VALLEY,,0
PTJPL,2007-10-01,6-030,6-030,IVANPAH VALLEY,IVANPAH VALLEY,54.153595,918
PTJPL,2007-10-01,7-047,7-047,JACUMBA VALLEY,JACUMBA VALLEY,,0
PTJPL,2007-10-01,5-003,5-003,JESS VALLEY,JESS VALLEY,44.586857,15658
PTJPL,2007-10-01,7-018.01,7-018,JOHNSON VALLEY,JOHNSON VALLEY - SOGGY LAKE,10.016667,60
PTJPL,2007-10-01,7-018.02,7-018,JOHNSON VALLEY,JOHNSON VALLEY - UPPER JOHNSON VALLEY,,0
PTJPL,2007-10-01,5-086,5-086,JOSEPH CREEK,JOSEPH CREEK,36.986518,4673
PTJPL,2007-10-01,7-062,7-062,JOSHUA TREE,JOSHUA TREE,,0
PTJPL,2007-10-01,6-089,6-089,KANE WASH AREA,KANE WASH AREA,,0
PTJPL,2007-10-01,6-069,6-069,KELSO LANDER VALLEY,KELSO LANDER VALLEY,,0
PTJPL,2007-10-01,6-031,6-031,KELSO VALLEY,KELSO VALLEY,,0
PTJPL,2007-10-01,2-019,2-019,KENWOOD VALLEY,KENWOOD VALLEY,42.111562,5674
PTJPL,2007-10-01,5-025,5-025,KERN RIVER VALLEY,KERN RIVER VALLEY,37.043643,15077
PTJPL,2007-10-01,1-002.02,1-002,KLAMATH RIVER VALLEY,KLAMATH RIVER VALLEY - LOWER KLAMATH,41.268815,93343
PTJPL,2007-10-01,1-002.01,1-002,KLAMATH RIVER VALLEY,KLAMATH RIVER VALLEY - TULELAKE,36.423933,296554
PTJPL,2007-10-01,1-050,1-050,KNIGHTS VALLEY,KNIGHTS VALLEY,46.838569,7322
PTJPL,2007-10-01,5-007,5-007,LAKE ALMANOR VALLEY,LAKE ALMANOR VALLEY,44.452917,2623
PTJPL,2007-10-01,5-046,5-046,LAKE BRITTON AREA,LAKE BRITTON AREA,47.600907,441
PTJPL,2007-10-01,7-001,7-001,LANFAIR VALLEY,LANFAIR VALLEY,,0
PTJPL,2007-10-01,6-036.02,6-036,LANGFORD VALLEY,LANGFORD VALLEY - IRWIN,,0
PTJPL,2007-10-01,6-036.01,6-036,LANGFORD VALLEY,LANGFORD VALLEY - LANGFORD WELL LAKE,,0
PTJPL,2007-10-01,1-033,1-033,LARABEE VALLEY,LARABEE VALLEY,41.236967,211
PTJPL,2007-10-01,4-008,4-008,LAS POSAS VALLEY,LAS POSAS VALLEY,71.992679,90830
PTJPL,2007-10-01,5-057,5-057,LAST CHANCE CREEK VALLEY,LAST CHANCE CREEK VALLEY,,0
PTJPL,2007-10-01,7-014,7-014,LAVIC VALLEY,LAVIC VALLEY,,0
PTJPL,2007-10-01,1-012,1-012,LAYTONVILLE VALLEY,LAYTONVILLE VALLEY,36.43831,5017
PTJPL,2007-10-01,6-027,6-027,LEACH VALLEY,LEACH VALLEY,,0
PTJPL,2007-10-01,6-066,6-066,LEE FLAT,LEE FLAT,,0
PTJPL,2007-10-01,6-106,6-106,LITTLE ANTELOPE VALLEY,LITTLE ANTELOPE VALLEY,42.054128,1829
PTJPL,2007-10-01,5-065,5-065,LITTLE INDIAN VALLEY,LITTLE INDIAN VALLEY,23.611111,18
PTJPL,2007-10-01,1-013,1-013,LITTLE LAKE VALLEY,LITTLE LAKE VALLEY,27.735798,16230
PTJPL,2007-10-01,1-041,1-041,LITTLE VALLEY,LITTLE VALLEY,53.931755,718
PTJPL,2007-10-01,2-010,2-010,LIVERMORE VALLEY,LIVERMORE VALLEY,48.511385,31313
PTJPL,2007-10-01,2-038,2-038,LOBOS,LOBOS,64.072678,743
PTJPL,2007-10-01,3-006,3-006,LOCKWOOD VALLEY,LOCKWOOD VALLEY,37.313812,22966
PTJPL,2007-10-01,4-017,4-017,LOCKWOOD VALLEY,LOCKWOOD VALLEY,22.275,120
PTJPL,2007-10-01,6-011,6-011,LONG VALLEY,LONG VALLEY,40.925583,28582
PTJPL,2007-10-01,5-044,5-044,LONG VALLEY,LONG VALLEY,,0
PTJPL,2007-10-01,6-104,6-104,LONG VALLEY,LONG VALLEY,42.49815,6486
PTJPL,2007-10-01,5-031,5-031,LONG VALLEY,LONG VALLEY,21.591762,2719
PTJPL,2007-10-01,5-070,5-070,LOS BANOS CREEK VALLEY,LOS BANOS CREEK VALLEY,,0
PTJPL,2007-10-01,3-008.01,3-008,LOS OSOS VALLEY,LOS OSOS VALLEY - LOS OSOS AREA,86.862178,1901
PTJPL,2007-10-01,3-008.02,3-008,LOS OSOS VALLEY,LOS OSOS VALLEY - WARDEN CREEK,80.457143,4235
PTJPL,2007-10-01,7-051,7-051,LOST HORSE VALLEY,LOST HORSE VALLEY,,0
PTJPL,2007-10-01,6-071,6-071,LOST LAKE VALLEY,LOST LAKE VALLEY,,0
PTJPL,2007-10-01,6-021,6-021,LOWER KINGSTON VALLEY,LOWER KINGSTON VALLEY,,0
PTJPL,2007-10-01,1-014,1-014,LOWER KLAMATH RIVER VALLEY,LOWER KLAMATH RIVER VALLEY,50.221496,1377
PTJPL,2007-10-01,5-030,5-030,LOWER LAKE VALLEY,LOWER LAKE VALLEY,31.456693,635
PTJPL,2007-10-01,1-038,1-038,LOWER LAYTONVILLE VALLEY,LOWER LAYTONVILLE VALLEY,33.529551,423
PTJPL,2007-10-01,6-040,6-040,LOWER MOJAVE RIVER VALLEY,LOWER MOJAVE RIVER VALLEY,60.139281,17375
PTJPL,2007-10-01,1-060,1-060,LOWER RUSSIAN RIVER VALLEY,LOWER RUSSIAN RIVER VALLEY,49.422886,5453
PTJPL,2007-10-01,7-019,7-019,LUCERNE VALLEY,LUCERNE VALLEY,33.229472,9962
PTJPL,2007-10-01,1-008.02,1-008,MAD RIVER VALLEY,MAD RIVER VALLEY - DOWS PRAIRIE SCHOOL AREA,49.087141,5887
PTJPL,2007-10-01,1-008.01,1-008,MAD RIVER VALLEY,MAD RIVER VALLEY - MAD RIVER LOWLAND,51.661896,27039
PTJPL,2007-10-01,6-002,6-002,MADELINE PLAINS,MADELINE PLAINS,42.09988,97657
PTJPL,2007-10-01,3-051,3-051,MAJORS CREEK,MAJORS CREEK,63.463623,701
PTJPL,2007-10-01,4-022,4-022,MALIBU VALLEY,MALIBU VALLEY,75.775,40
PTJPL,2007-10-01,6-064,6-064,MARBLE CANYON AREA,MARBLE CANYON AREA,,0
PTJPL,2007-10-01,2-039,2-039,MARINA,MARINA,,0
PTJPL,2007-10-01,6-067,6-067,MARTIS VALLEY,MARTIS VALLEY,56.148664,3444
PTJPL,2007-10-01,7-059,7-059,MASON VALLEY,MASON VALLEY,,0
PTJPL,2007-10-01,1-028,1-028,MATTOLE RIVER VALLEY,MATTOLE RIVER VALLEY,51.971735,2795
PTJPL,2007-10-01,5-035,5-035,MCCLOUD AREA,MCCLOUD AREA,64.764706,187
PTJPL,2007-10-01,5-095,5-095,MEADOW VALLEY,MEADOW VALLEY,44.962606,829
PTJPL,2007-10-01,7-017,7-017,MEANS VALLEY,MEANS VALLEY,8.595238,42
PTJPL,2007-10-01,6-029,6-029,MESQUITE VALLEY,MESQUITE VALLEY,44.013248,9058
PTJPL,2007-10-01,6-020,6-020,MIDDLE AMARGOSA VALLEY,MIDDLE AMARGOSA VALLEY,48.284404,109
PTJPL,2007-10-01,5-094,5-094,MIDDLE CREEK,MIDDLE CREEK,45.155556,135
PTJPL,2007-10-01,5-087,5-087,MIDDLE FORK FEATHER RIVER,MIDDLE FORK FEATHER RIVER,34.948916,646
PTJPL,2007-10-01,6-041,6-041,MIDDLE MOJAVE RIVER VALLEY,MIDDLE MOJAVE RIVER VALLEY,50.622093,3268
PTJPL,2007-10-01,6-080,6-080,MIDDLE PARK CANYON,MIDDLE PARK CANYON,,0
PTJPL,2007-10-01,5-085,5-085,MIL POTRERO AREA,MIL POTRERO AREA,60.214286,112
PTJPL,2007-10-01,9-014,9-014,MISSION VALLEY,MISSION VALLEY,61.3361,723
PTJPL,2007-10-01,5-011,5-011,MOHAWK VALLEY,MOHAWK VALLEY,48.491655,6531
PTJPL,2007-10-01,6-009,6-009,MONO VALLEY,MONO VALLEY,35.464435,239
PTJPL,2007-10-01,3-049,3-049,MONTECITO,MONTECITO,66.175044,1691
PTJPL,2007-10-01,7-020,7-020,MORONGO VALLEY,MORONGO VALLEY,8.761905,21
PTJPL,2007-10-01,3-041,3-041,MORRO VALLEY,MORRO VALLEY,80.383562,1241
PTJPL,2007-10-01,5-008,5-008,MOUNTAIN MEADOWS VALLEY,MOUNTAIN MEADOWS VALLEY,46.86246,22997
PTJPL,2007-10-01,1-056,1-056,McDOWELL VALLEY,McDOWELL VALLEY,37.920827,2804
PTJPL,2007-10-01,2-002.01,2-002,NAPA-SONOMA VALLEY,NAPA-SONOMA VALLEY - NAPA VALLEY,51.783898,93391
PTJPL,2007-10-01,2-002.03,2-002,NAPA-SONOMA VALLEY,NAPA-SONOMA VALLEY - NAPA-SONOMA LOWLANDS,47.533832,23528
PTJPL,2007-10-01,2-002.02,2-002,NAPA-SONOMA VALLEY,NAPA-SONOMA VALLEY - SONOMA VALLEY,38.251979,80598
PTJPL,2007-10-01,1-046,1-046,NAVARRO RIVER VALLEY,NAVARRO RIVER VALLEY,,0
PTJPL,2007-10-01,3-052,3-052,NEEDLE ROCK POINT,NEEDLE ROCK POINT,57.55748,1270
PTJPL,2007-10-01,7-044,7-044,NEEDLES VALLEY,NEEDLES VALLEY,84.761054,16397
PTJPL,2007-10-01,5-050,5-050,NORTH FORK BATTLE CREEK,NORTH FORK BATTLE CREEK,38.549858,2808
PTJPL,2007-10-01,2-030,2-030,NOVATO VALLEY,NOVATO VALLEY,43.561387,14596
PTJPL,2007-10-01,7-025,7-025,OCOTILLO-CLARK VALLEY,OCOTILLO-CLARK VALLEY,32.831587,37509
PTJPL,2007-10-01,7-035,7-035,OGILBY VALLEY,OGILBY VALLEY,6.742627,3357
PTJPL,2007-10-01,4-002,4-002,OJAI VALLEY,OJAI VALLEY,78.285837,9327
PTJPL,2007-10-01,3-039,3-039,OLD VALLEY,OLD VALLEY,54.195122,205
PTJPL,2007-10-01,6-108,6-108,OLYMPIC VALLEY,OLYMPIC VALLEY,54.382838,303
PTJPL,2007-10-01,7-031,7-031,OROCOPIA VALLEY,OROCOPIA VALLEY,4.906832,161
PTJPL,2007-10-01,6-012.02,6-012,OWENS VALLEY,OWENS VALLEY - FISH SLOUGH,,0
PTJPL,2007-10-01,6-012.01,6-012,OWENS VALLEY,OWENS VALLEY - OWENS VALLEY,55.030783,93070
PTJPL,2007-10-01,6-088,6-088,OWL LAKE VALLEY,OWL LAKE VALLEY,,0
PTJPL,2007-10-01,6-028,6-028,PAHRUMP VALLEY,PAHRUMP VALLEY,,0
PTJPL,2007-10-01,6-099,6-099,PAINTERS FLAT,PAINTERS FLAT,40.151809,1133
PTJPL,2007-10-01,7-039,7-039,PALO VERDE MESA,PALO VERDE MESA,76.018654,161308
PTJPL,2007-10-01,7-038,7-038,PALO VERDE VALLEY,PALO VERDE VALLEY,79.952729,224174
PTJPL,2007-10-01,9-024,9-024,PAMO VALLEY,PAMO VALLEY,,0
PTJPL,2007-10-01,6-058,6-058,PANAMINT VALLEY,PANAMINT VALLEY,,0
PTJPL,2007-10-01,5-023,5-023,PANOCHE VALLEY,PANOCHE VALLEY,20.792472,1966
PTJPL,2007-10-01,3-032,3-032,PEACH TREE VALLEY,PEACH TREE VALLEY,17.142744,1268
PTJPL,2007-10-01,1-030,1-030,PEPPERWOOD TOWN AREA,PEPPERWOOD TOWN AREA,42.592467,2947
PTJPL,2007-10-01,2-026,2-026,PESCADERO VALLEY,PESCADERO VALLEY,53.881079,2447
PTJPL,2007-10-01,2-001,2-001,PETALUMA VALLEY,PETALUMA VALLEY,37.871595,46221
PTJPL,2007-10-01,6-051,6-051,PILOT KNOB VALLEY,PILOT KNOB VALLEY,,0
PTJPL,2007-10-01,6-092,6-092,PINE CREEK VALLEY,PINE CREEK VALLEY,30.890625,64
PTJPL,2007-10-01,7-006,7-006,PINTO VALLEY,PINTO VALLEY,,0
PTJPL,2007-10-01,7-049,7-049,PIPES CANYON FAULT VALLEY,PIPES CANYON FAULT VALLEY,,0
PTJPL,2007-10-01,2-004,2-004,PITTSBURG PLAIN,PITTSBURG PLAIN,,0
PTJPL,2007-10-01,7-045,7-045,PIUTE VALLEY,PIUTE VALLEY,,0
PTJPL,2007-10-01,7-052,7-052,PLEASANT VALLEY,PLEASANT VALLEY,,0
PTJPL,2007-10-01,4-006,4-006,PLEASANT VALLEY,PLEASANT VALLEY,61.377015,33195
PTJPL,2007-10-01,5-038,5-038,PONDOSA TOWN AREA,PONDOSA TOWN AREA,,0
PTJPL,2007-10-01,5-068,5-068,POPE VALLEY,POPE VALLEY,49.642073,12659
PTJPL,2007-10-01,9-029,9-029,POTRERO VALLEY,POTRERO VALLEY,43.787062,371
PTJPL,2007-10-01,1-051,1-051,POTTER VALLEY,POTTER VALLEY,50.80685,20554
PTJPL,2007-10-01,9-013,9-013,POWAY VALLEY,POWAY VALLEY,,0
PTJPL,2007-10-01,3-044,3-044,POZO VALLEY,POZO VALLEY,27.19941,2713
PTJPL,2007-10-01,1-025,1-025,PRAIRIE CREEK AREA,PRAIRIE CREEK AREA,,0
PTJPL,2007-10-01,7-040,7-040,QUIEN SABE POINT VALLEY,QUIEN SABE POINT VALLEY,19.144068,708
PTJPL,2007-10-01,3-024,3-024,QUIEN SABE VALLEY,QUIEN SABE VALLEY,21.134088,11403
PTJPL,2007-10-01,6-062,6-062,RACE TRACK VALLEY,RACE TRACK VALLEY,,0
PTJPL,2007-10-01,3-046,3-046,RAFAEL VALLEY,RAFAEL VALLEY,15.0,1
PTJPL,2007-10-01,9-025,9-025,RANCHITA TOWN AREA,RANCHITA TOWN AREA,38.795455,44
PTJPL,2007-10-01,4-023,4-023,RAYMOND,RAYMOND,69.141526,1717
PTJPL,2007-10-01,6-024,6-024,RED PASS VALLEY,RED PASS VALLEY,,0
PTJPL,2007-10-01,1-018,1-018,RED ROCK VALLEY,RED ROCK VALLEY,43.641755,22680
PTJPL,2007-10-01,5-006.03,5-006,REDDING AREA,REDDING AREA - ANDERSON,62.61051,42951
PTJPL,2007-10-01,5-006.01,5-006,REDDING AREA,REDDING AREA - BOWMAN,65.445963,18219
PTJPL,2007-10-01,5-006.04,5-006,REDDING AREA,REDDING AREA - ENTERPRISE,54.22286,22476
PTJPL,2007-10-01,5-006.05,5-006,REDDING AREA,REDDING AREA - MILLVILLE,57.659546,9082
PTJPL,2007-10-01,5-006.06,5-006,REDDING AREA,REDDING AREA - SOUTH BATTLE CREEK,66.314959,7982
PTJPL,2007-10-01,1-026,1-026,REDWOOD CREEK AREA,REDWOOD CREEK AREA,52.81674,2712
PTJPL,2007-10-01,6-086,6-086,RHODES HILL AREA,RHODES HILL AREA,,0
PTJPL,2007-10-01,7-004,7-004,RICE VALLEY,RICE VALLEY,75.499192,619
PTJPL,2007-10-01,6-023,6-023,RIGGS VALLEY,RIGGS VALLEY,,0
PTJPL,2007-10-01,3-043,3-043,RINCONADA VALLEY,RINCONADA VALLEY,38.604403,2907
PTJPL,2007-10-01,5-043,5-043,ROCK PRAIRIE VALLEY,ROCK PRAIRIE VALLEY,,0
PTJPL,2007-10-01,6-056,6-056,ROSE VALLEY,ROSE VALLEY,,0
PTJPL,2007-10-01,2-028,2-028,ROSS VALLEY,ROSS VALLEY,,0
PTJPL,2007-10-01,5-036,5-036,ROUND VALLEY,ROUND VALLEY,45.748044,14312
PTJPL,2007-10-01,4-020,4-020,RUSSELL VALLEY,RUSSELL VALLEY,80.198473,131
PTJPL,2007-10-01,5-021.54,5-021,SACRAMENTO VALLEY,SACRAMENTO VALLEY - ANTELOPE,75.445913,37689
PTJPL,2007-10-01,5-021.53,5-021,SACRAMENTO VALLEY,SACRAMENTO VALLEY - BEND,58.772606,2621
PTJPL,2007-10-01,5-021.70,5-021,SACRAMENTO VALLEY,SACRAMENTO VALLEY - BUTTE,53.226202,817318
PTJPL,2007-10-01,5-021.52,5-021,SACRAMENTO VALLEY,SACRAMENTO VALLEY - COLUSA,52.561052,2198269
PTJPL,2007-10-01,5-021.51,5-021,SACRAMENTO VALLEY,SACRAMENTO VALLEY - CORNING,56.189925,348885
PTJPL,2007-10-01,5-021.56,5-021,SACRAMENTO VALLEY,SACRAMENTO VALLEY - LOS MOLINOS,69.844234,77700
PTJPL,2007-10-01,5-021.64,5-021,SACRAMENTO VALLEY,SACRAMENTO VALLEY - NORTH AMERICAN,55.498456,538916
PTJPL,2007-10-01,5-021.60,5-021,SACRAMENTO VALLEY,SACRAMENTO VALLEY - NORTH YUBA,57.656087,171398
PTJPL,2007-10-01,5-021.50,5-021,SACRAMENTO VALLEY,SACRAMENTO VALLEY - RED BLUFF,49.903357,175098
PTJPL,2007-10-01,5-021.66,5-021,SACRAMENTO VALLEY,SACRAMENTO VALLEY - SOLANO,73.132048,921192
PTJPL,2007-10-01,5-021.65,5-021,SACRAMENTO VALLEY,SACRAMENTO VALLEY - SOUTH AMERICAN,61.9814,243818
PTJPL,2007-10-01,5-021.61,5-021,SACRAMENTO VALLEY,SACRAMENTO VALLEY - SOUTH YUBA,57.150374,214625
PTJPL,2007-10-01,5-021.62,5-021,SACRAMENTO VALLEY,SACRAMENTO VALLEY - SUTTER,57.272651,861333
PTJPL,2007-10-01,5-021.57,5-021,SACRAMENTO VALLEY,SACRAMENTO VALLEY - VINA,60.493895,355464
PTJPL,2007-10-01,5-021.69,5-021,SACRAMENTO VALLEY,SACRAMENTO VALLEY - WYANDOTTE CREEK,51.733668,72218
PTJPL,2007-10-01,5-021.67,5-021,SACRAMENTO VALLEY,SACRAMENTO VALLEY - YOLO,64.975065,1417065
PTJPL,2007-10-01,3-004.01,3-004,SALINAS VALLEY,SALINAS VALLEY - 180/400 FOOT AQUIFER,63.450367,244978
PTJPL,2007-10-01,3-004.11,3-004,SALINAS VALLEY,SALINAS VALLEY - ATASCADERO AREA,36.832252,25586
PTJPL,2007-10-01,3-004.02,3-004,SALINAS VALLEY,SALINAS VALLEY - EAST SIDE AQUIFER,54.81471,155454
PTJPL,2007-10-01,3-004.04,3-004,SALINAS VALLEY,SALINAS VALLEY - FOREBAY AQUIFER,80.817231,261975
PTJPL,2007-10-01,3-004.09,3-004,SALINAS VALLEY,SALINAS VALLEY - LANGLEY AREA,44.094688,8396
PTJPL,2007-10-01,3-004.10,3-004,SALINAS VALLEY,SALINAS VALLEY - MONTEREY,66.399604,3033
PTJPL,2007-10-01,3-004.06,3-004,SALINAS VALLEY,SALINAS VALLEY - PASO ROBLES AREA,33.845019,339628
PTJPL,2007-10-01,3-004.08,3-004,SALINAS VALLEY,SALINAS VALLEY - SEASIDE,75.367012,1643
PTJPL,2007-10-01,3-004.05,3-004,SALINAS VALLEY,SALINAS VALLEY - UPPER VALLEY AQUIFER,64.394595,280181
PTJPL,2007-10-01,6-017,6-017,SALINE VALLEY,SALINE VALLEY,,0
PTJPL,2007-10-01,6-053,6-053,SALT WELLS VALLEY,SALT WELLS VALLEY,,0
PTJPL,2007-10-01,3-014,3-014,SAN ANTONIO CREEK VALLEY,SAN ANTONIO CREEK VALLEY,65.468088,61388
PTJPL,2007-10-01,3-028,3-028,SAN BENITO RIVER VALLEY,SAN BENITO RIVER VALLEY,46.546214,4187
PTJPL,2007-10-01,3-033,3-033,SAN CARPOFORO VALLEY,SAN CARPOFORO VALLEY,,0
PTJPL,2007-10-01,9-015,9-015,SAN DIEGO RIVER VALLEY,SAN DIEGO RIVER VALLEY,51.695652,1081
PTJPL,2007-10-01,9-012,9-012,SAN DIEGUITO CREEK,SAN DIEGUITO CREEK,54.547826,1610
PTJPL,2007-10-01,9-023,9-023,SAN ELIJO VALLEY,SAN ELIJO VALLEY,52.12,25
PTJPL,2007-10-01,7-027,7-027,SAN FELIPE VALLEY,SAN FELIPE VALLEY,31.067568,74
PTJPL,2007-10-01,4-012,4-012,SAN FERNANDO VALLEY,SAN FERNANDO VALLEY,77.018266,8431
PTJPL,2007-10-01,4-013,4-013,SAN GABRIEL VALLEY,SAN GABRIEL VALLEY,63.532443,9139
PTJPL,2007-10-01,2-024,2-024,SAN GREGORIO VALLEY,SAN GREGORIO VALLEY,56.343363,1130
PTJPL,2007-10-01,8-005,8-005,SAN JACINTO,SAN JACINTO,28.30867,135436
PTJPL,2007-10-01,5-022.05,5-022,SAN JOAQUIN VALLEY,SAN JOAQUIN VALLEY - CHOWCHILLA,50.851143,545899
PTJPL,2007-10-01,5-022.16,5-022,SAN JOAQUIN VALLEY,SAN JOAQUIN VALLEY - COSUMNES,53.106402,250879
PTJPL,2007-10-01,5-022.07,5-022,SAN JOAQUIN VALLEY,SAN JOAQUIN VALLEY - DELTA-MENDOTA,55.571007,2031920
PTJPL,2007-10-01,5-022.19,5-022,SAN JOAQUIN VALLEY,SAN JOAQUIN VALLEY - EAST CONTRA COSTA,60.20775,167543
PTJPL,2007-10-01,5-022.01,5-022,SAN JOAQUIN VALLEY,SAN JOAQUIN VALLEY - EASTERN SAN JOAQUIN,61.75783,1843645
PTJPL,2007-10-01,5-022.11,5-022,SAN JOAQUIN VALLEY,SAN JOAQUIN VALLEY - KAWEAH,63.90028,1362661
PTJPL,2007-10-01,5-022.14,5-022,SAN JOAQUIN VALLEY,SAN JOAQUIN VALLEY - KERN COUNTY,56.854316,3682056
PTJPL,2007-10-01,5-022.17,5-022,SAN JOAQUIN VALLEY,SAN JOAQUIN VALLEY - KETTLEMAN PLAIN,20.094967,134815
PTJPL,2007-10-01,5-022.08,5-022,SAN JOAQUIN VALLEY,SAN JOAQUIN VALLEY - KINGS,67.361888,2895686
PTJPL,2007-10-01,5-022.06,5-022,SAN JOAQUIN VALLEY,SAN JOAQUIN VALLEY - MADERA,55.679687,953242
PTJPL,2007-10-01,5-022.04,5-022,SAN JOAQUIN VALLEY,SAN JOAQUIN VALLEY - MERCED,53.46759,1185007
PTJPL,2007-10-01,5-022.02,5-022,SAN JOAQUIN VALLEY,SAN JOAQUIN VALLEY - MODESTO,67.65568,583265
PTJPL,2007-10-01,5-022.10,5-022,SAN JOAQUIN VALLEY,SAN JOAQUIN VALLEY - PLEASANT VALLEY,25.76609,120709
PTJPL,2007-10-01,5-022.15,5-022,SAN JOAQUIN VALLEY,SAN JOAQUIN VALLEY - TRACY,59.941523,626522
PTJPL,2007-10-01,5-022.12,5-022,SAN JOAQUIN VALLEY,SAN JOAQUIN VALLEY - TULARE LAKE,53.923909,1448838
PTJPL,2007-10-01,5-022.13,5-022,SAN JOAQUIN VALLEY,SAN JOAQUIN VALLEY - TULE,55.626963,1574446
PTJPL,2007-10-01,5-022.03,5-022,SAN JOAQUIN VALLEY,SAN JOAQUIN VALLEY - TURLOCK,66.269292,1022404
PTJPL,2007-10-01,5-022.09,5-022,SAN JOAQUIN VALLEY,SAN JOAQUIN VALLEY - WESTSIDE,45.878535,2400301
PTJPL,2007-10-01,5-022.18,5-022,SAN JOAQUIN VALLEY,SAN JOAQUIN VALLEY - WHITE WOLF,58.908229,162939
PTJPL,2007-10-01,9-001,9-001,SAN JUAN VALLEY,SAN JUAN VALLEY,71.16504,2254
PTJPL,2007-10-01,3-009,3-009,SAN LUIS OBISPO VALLEY,SAN LUIS OBISPO VALLEY,68.833183,16683
PTJPL,2007-10-01,9-007.02,9-007,SAN LUIS REY VALLEY,SAN LUIS REY VALLEY - LOWER SAN LUIS REY VALLEY,54.971273,2750
PTJPL,2007-10-01,9-007.01,9-007,SAN LUIS REY VALLEY,SAN LUIS REY VALLEY - UPPER SAN LUIS REY VALLEY,50.238045,25596
PTJPL,2007-10-01,9-032,9-032,SAN MARCOS AREA,SAN MARCOS AREA,56.518519,27
PTJPL,2007-10-01,9-002,9-002,SAN MATEO VALLEY,SAN MATEO VALLEY,60.666667,9
PTJPL,2007-10-01,9-003,9-003,SAN ONOFRE VALLEY,SAN ONOFRE VALLEY,,0
PTJPL,2007-10-01,9-010,9-010,SAN PASQUAL VALLEY,SAN PASQUAL VALLEY,43.153378,6898
PTJPL,2007-10-01,2-036,2-036,SAN PEDRO VALLEY,SAN PEDRO VALLEY,63.416667,24
PTJPL,2007-10-01,2-029,2-029,SAN RAFAEL VALLEY,SAN RAFAEL VALLEY,,0
PTJPL,2007-10-01,2-007,2-007,SAN RAMON VALLEY,SAN RAMON VALLEY,64.714286,378
PTJPL,2007-10-01,3-035,3-035,SAN SIMEON VALLEY,SAN SIMEON VALLEY,101.287037,216
PTJPL,2007-10-01,2-027,2-027,SAND POINT AREA,SAND POINT AREA,42.057722,20564
PTJPL,2007-10-01,1-053,1-053,SANEL VALLEY,SANEL VALLEY,50.226465,11812
PTJPL,2007-10-01,3-022,3-022,SANTA ANA VALLEY,SANTA ANA VALLEY,49.54233,7158
PTJPL,2007-10-01,3-017,3-017,SANTA BARBARA,SANTA BARBARA,69.839827,693
PTJPL,2007-10-01,4-004.05,4-004,SANTA CLARA RIVER VALLEY,SANTA CLARA RIVER VALLEY - FILLMORE,74.269528,50121
PTJPL,2007-10-01,4-004.03,4-004,SANTA CLARA RIVER VALLEY,SANTA CLARA RIVER VALLEY - MOUND,71.6487,9499
PTJPL,2007-10-01,4-004.02,4-004,SANTA CLARA RIVER VALLEY,SANTA CLARA RIVER VALLEY - OXNARD,58.654952,106252
PTJPL,2007-10-01,4-004.06,4-004,SANTA CLARA RIVER VALLEY,SANTA CLARA RIVER VALLEY - PIRU,62.712261,23073
PTJPL,2007-10-01,4-004.07,4-004,SANTA CLARA RIVER VALLEY,SANTA CLARA RIVER VALLEY - SANTA CLARA RIVER VALLEY EAST,54.909064,6807
PTJPL,2007-10-01,4-004.04,4-004,SANTA CLARA RIVER VALLEY,SANTA CLARA RIVER VALLEY - SANTA PAULA,71.513556,40609
PTJPL,2007-10-01,2-009.04,2-009,SANTA CLARA VALLEY,SANTA CLARA VALLEY - EAST BAY PLAIN,66.812242,2908
PTJPL,2007-10-01,2-009.01,2-009,SANTA CLARA VALLEY,SANTA CLARA VALLEY - NILES CONE,53.035734,1791
PTJPL,2007-10-01,2-009.03,2-009,SANTA CLARA VALLEY,SANTA CLARA VALLEY - SAN MATEO PLAIN,64.743741,1358
PTJPL,2007-10-01,2-009.02,2-009,SANTA CLARA VALLEY,SANTA CLARA VALLEY - SANTA CLARA,56.054563,25127
PTJPL,2007-10-01,3-001,3-001,SANTA CRUZ MID-COUNTY,SANTA CRUZ MID-COUNTY,58.978398,3796
PTJPL,2007-10-01,3-027,3-027,SANTA MARGARITA,SANTA MARGARITA,54.16443,298
PTJPL,2007-10-01,9-004,9-004,SANTA MARGARITA VALLEY,SANTA MARGARITA VALLEY,,0
PTJPL,2007-10-01,3-012.02,3-012,SANTA MARIA RIVER VALLEY,SANTA MARIA RIVER VALLEY - ARROYO GRANDE,61.843912,6176
PTJPL,2007-10-01,3-012.01,3-012,SANTA MARIA RIVER VALLEY,SANTA MARIA RIVER VALLEY - SANTA MARIA,60.820003,261510
PTJPL,2007-10-01,9-011,9-011,SANTA MARIA VALLEY,SANTA MARIA VALLEY,28.726071,3176
PTJPL,2007-10-01,6-068,6-068,SANTA ROSA FLAT,SANTA ROSA FLAT,,0
PTJPL,2007-10-01,3-036,3-036,SANTA ROSA VALLEY,SANTA ROSA VALLEY,74.467201,2744
PTJPL,2007-10-01,1-055.02,1-055,SANTA ROSA VALLEY,SANTA ROSA VALLEY - HEALDSBURG AREA,49.604121,31401
PTJPL,2007-10-01,1-055.03,1-055,SANTA ROSA VALLEY,SANTA ROSA VALLEY - RINCON VALLEY,42.084337,581
PTJPL,2007-10-01,1-055.01,1-055,SANTA ROSA VALLEY,SANTA ROSA VALLEY - SANTA ROSA PLAIN,46.928705,81016
PTJPL,2007-10-01,3-015,3-015,SANTA YNEZ RIVER VALLEY,SANTA YNEZ RIVER VALLEY,50.992469,116182
PTJPL,2007-10-01,1-005,1-005,SCOTT RIVER VALLEY,SCOTT RIVER VALLEY,49.635796,147258
PTJPL,2007-10-01,5-014,5-014,SCOTTS VALLEY,SCOTTS VALLEY,49.756292,7271
PTJPL,2007-10-01,6-052,6-052,SEARLES VALLEY,SEARLES VALLEY,,0
PTJPL,2007-10-01,6-100,6-100,SECRET VALLEY,SECRET VALLEY,47.528799,12379
PTJPL,2007-10-01,1-016,1-016,SEIAD VALLEY,SEIAD VALLEY,54.822323,439
PTJPL,2007-10-01,8-008,8-008,SEVEN OAKS VALLEY,SEVEN OAKS VALLEY,,0
PTJPL,2007-10-01,1-004,1-004,SHASTA VALLEY,SHASTA VALLEY,50.181932,257678
PTJPL,2007-10-01,1-042,1-042,SHERWOOD VALLEY,SHERWOOD VALLEY,,0
PTJPL,2007-10-01,5-012.02,5-012,SIERRA VALLEY,SIERRA VALLEY - CHILCOOT,51.399637,5505
PTJPL,2007-10-01,5-012.01,5-012,SIERRA VALLEY,SIERRA VALLEY - SIERRA VALLEY,44.148592,213275
PTJPL,2007-10-01,6-034,6-034,SILVER LAKE VALLEY,SILVER LAKE VALLEY,,0
PTJPL,2007-10-01,4-009,4-009,SIMI VALLEY,SIMI VALLEY,77.059368,1297
PTJPL,2007-10-01,6-105,6-105,SLINKARD VALLEY,SLINKARD VALLEY,,0
PTJPL,2007-10-01,1-001,1-001,SMITH RIVER PLAIN,SMITH RIVER PLAIN,56.795629,31389
PTJPL,2007-10-01,6-033,6-033,SODA LAKE VALLEY,SODA LAKE VALLEY,,0
PTJPL,2007-10-01,2-037,2-037,SOUTH SAN FRANCISCO,SOUTH SAN FRANCISCO,,0
PTJPL,2007-10-01,6-082,6-082,SPRING CANYON VALLEY,SPRING CANYON VALLEY,,0
PTJPL,2007-10-01,5-089,5-089,SQUAW FLAT,SQUAW FLAT,,0
PTJPL,2007-10-01,5-088,5-088,STONY GORGE RESERVOIR,STONY GORGE RESERVOIR,51.44917,964
PTJPL,2007-10-01,5-063,5-063,STONYFORD TOWN AREA,STONYFORD TOWN AREA,45.566502,3857
PTJPL,2007-10-01,2-003,2-003,SUISUN-FAIRFIELD VALLEY,SUISUN-FAIRFIELD VALLEY,50.46659,91800
PTJPL,2007-10-01,2-011,2-011,SUNOL VALLEY,SUNOL VALLEY,52.729513,1623
PTJPL,2007-10-01,6-049,6-049,SUPERIOR VALLEY,SUPERIOR VALLEY,,0
PTJPL,2007-10-01,6-001,6-001,SURPRISE VALLEY,SURPRISE VALLEY,44.531625,234180
PTJPL,2007-10-01,6-107,6-107,SWEETWATER FLAT,SWEETWATER FLAT,36.976589,299
PTJPL,2007-10-01,6-005.03,6-005,TAHOE VALLEY,TAHOE VALLEY - TAHOE NORTH,60.471429,210
PTJPL,2007-10-01,6-005.01,6-005,TAHOE VALLEY,TAHOE VALLEY - TAHOE SOUTH,56.423841,755
PTJPL,2007-10-01,6-005.02,6-005,TAHOE VALLEY,TAHOE VALLEY - TAHOE WEST,51.608187,171
PTJPL,2007-10-01,6-045,6-045,TEHACHAPI VALLEY EAST,TEHACHAPI VALLEY EAST,24.762732,3397
PTJPL,2007-10-01,5-028,5-028,TEHACHAPI VALLEY WEST,TEHACHAPI VALLEY WEST,27.101101,4540
PTJPL,2007-10-01,9-005,9-005,TEMECULA VALLEY,TEMECULA VALLEY,34.379517,20505
PTJPL,2007-10-01,1-040,1-040,TEN MILE RIVER VALLEY,TEN MILE RIVER VALLEY,53.588517,209
PTJPL,2007-10-01,7-026,7-026,TERWILLIGER VALLEY,TERWILLIGER VALLEY,31.313131,99
PTJPL,2007-10-01,4-019,4-019,THOUSAND OAKS AREA,THOUSAND OAKS AREA,87.475325,385
PTJPL,2007-10-01,4-015,4-015,TIERRA REJADA,TIERRA REJADA,63.774927,4092
PTJPL,2007-10-01,5-037,5-037,TOAD WELL AREA,TOAD WELL AREA,,0
PTJPL,2007-10-01,3-040,3-040,TORO VALLEY,TORO VALLEY,78.172973,370
PTJPL,2007-10-01,6-098,6-098,TULEDAD CANYON VALLEY,TULEDAD CANYON VALLEY,38.864516,310
PTJPL,2007-10-01,7-010,7-010,TWENTYNINE PALMS VALLEY,TWENTYNINE PALMS VALLEY,33.539491,747
PTJPL,2007-10-01,1-052,1-052,UKIAH VALLEY,UKIAH VALLEY,49.405396,43476
PTJPL,2007-10-01,6-022,6-022,UPPER KINGSTON VALLEY,UPPER KINGSTON VALLEY,,0
PTJPL,2007-10-01,5-013,5-013,UPPER LAKE VALLEY,UPPER LAKE VALLEY,43.311448,12413
PTJPL,2007-10-01,6-042,6-042,UPPER MOJAVE RIVER VALLEY,UPPER MOJAVE RIVER VALLEY,41.50326,6748
PTJPL,2007-10-01,4-001,4-001,UPPER OJAI VALLEY,UPPER OJAI VALLEY,40.30085,3294
PTJPL,2007-10-01,3-023,3-023,UPPER SANTA ANA VALLEY,UPPER SANTA ANA VALLEY,46.142857,7
PTJPL,2007-10-01,8-002.05,8-002,UPPER SANTA ANA VALLEY,UPPER SANTA ANA VALLEY - CAJON,20.141176,170
PTJPL,2007-10-01,8-002.01,8-002,UPPER SANTA ANA VALLEY,UPPER SANTA ANA VALLEY - CHINO,36.907059,29438
PTJPL,2007-10-01,8-002.02,8-002,UPPER SANTA ANA VALLEY,UPPER SANTA ANA VALLEY - CUCAMONGA,52.291045,670
PTJPL,2007-10-01,8-002.04,8-002,UPPER SANTA ANA VALLEY,UPPER SANTA ANA VALLEY - RIALTO-COLTON,39.747007,1253
PTJPL,2007-10-01,8-002.03,8-002,UPPER SANTA ANA VALLEY,UPPER SANTA ANA VALLEY - RIVERSIDE-ARLINGTON,47.452741,13606
PTJPL,2007-10-01,8-002.06,8-002,UPPER SANTA ANA VALLEY,UPPER SANTA ANA VALLEY - SAN BERNARDINO,44.968551,15549
PTJPL,2007-10-01,8-002.08,8-002,UPPER SANTA ANA VALLEY,UPPER SANTA ANA VALLEY - SAN TIMOTEO,44.523677,4667
PTJPL,2007-10-01,8-002.09,8-002,UPPER SANTA ANA VALLEY,UPPER SANTA ANA VALLEY - TEMESCAL,64.939645,845
PTJPL,2007-10-01,8-002.07,8-002,UPPER SANTA ANA VALLEY,UPPER SANTA ANA VALLEY - YUCAIPA,35.805458,2858
PTJPL,2007-10-01,7-028,7-028,VALLECITO-CARRIZO VALLEY,VALLECITO-CARRIZO VALLEY,,0
PTJPL,2007-10-01,5-071,5-071,VALLECITOS CREEK VALLEY,VALLECITOS CREEK VALLEY,,0
PTJPL,2007-10-01,7-063,7-063,VANDEVENTER FLAT,VANDEVENTER FLAT,,0
PTJPL,2007-10-01,4-003.02,4-003,VENTURA RIVER VALLEY,VENTURA RIVER VALLEY - LOWER VENTURA RIVER,54.592885,1771
PTJPL,2007-10-01,4-003.01,4-003,VENTURA RIVER VALLEY,VENTURA RIVER VALLEY - UPPER VENTURA RIVER,59.266522,2300
PTJPL,2007-10-01,7-042,7-042,VIDAL VALLEY,VIDAL VALLEY,,0
PTJPL,2007-10-01,3-037,3-037,VILLA VALLEY,VILLA VALLEY,76.104215,854
PTJPL,2007-10-01,2-032,2-032,VISITACION VALLEY,VISITACION VALLEY,73.303371,178
PTJPL,2007-10-01,5-026,5-026,WALKER BASIN CREEK VALLEY,WALKER BASIN CREEK VALLEY,26.170033,6387
PTJPL,2007-10-01,7-003,7-003,WARD VALLEY,WARD VALLEY,,0
PTJPL,2007-10-01,9-008,9-008,WARNER VALLEY,WARNER VALLEY,50.040816,343
PTJPL,2007-10-01,7-012,7-012,WARREN VALLEY,WARREN VALLEY,14.513043,345
PTJPL,2007-10-01,1-031,1-031,WEOTT TOWN AREA,WEOTT TOWN AREA,50.502868,523
PTJPL,2007-10-01,7-022,7-022,WEST SALTON SEA,WEST SALTON SEA,,0
PTJPL,2007-10-01,3-026,3-026,WEST SANTA CRUZ TERRACE,WEST SANTA CRUZ TERRACE,62.764744,1543
PTJPL,2007-10-01,2-035,2-035,WESTSIDE,WESTSIDE,67.073015,3602
PTJPL,2007-10-01,6-073,6-073,WILD HORSE MESA AREA,WILD HORSE MESA AREA,,0
PTJPL,2007-10-01,6-075,6-075,WILDROSE CANYON,WILDROSE CANYON,,0
PTJPL,2007-10-01,1-043,1-043,WILLIAMS VALLEY,WILLIAMS VALLEY,27.797938,485
PTJPL,2007-10-01,6-003,6-003,WILLOW CREEK VALLEY,WILLOW CREEK VALLEY,48.668669,26463
PTJPL,2007-10-01,1-059,1-059,WILSON GROVE FORMATION HIGHLANDS,WILSON GROVE FORMATION HIGHLANDS,44.312987,70610
PTJPL,2007-10-01,1-062,1-062,WILSON POINT AREA,WILSON POINT AREA,38.666667,9
PTJPL,2007-10-01,6-019,6-019,WINGATE VALLEY,WINGATE VALLEY,,0
PTJPL,2007-10-01,7-056,7-056,YAQUI WELL AREA,YAQUI WELL AREA,,0
PTJPL,2007-10-01,5-056,5-056,YELLOW CREEK VALLEY,YELLOW CREEK VALLEY,35.962464,5861
PTJPL,2007-10-01,2-006,2-006,YGNACIO VALLEY,YGNACIO VALLEY,65.083951,405
PTJPL,2007-10-01,5-069,5-069,YOSEMITE VALLEY,YOSEMITE VALLEY,,0
PTJPL,2007-10-01,7-036,7-036,YUMA VALLEY,YUMA VALLEY,23.261402,66610
