Model,Date,Basin_Subb,Basin_Numb,Basin_Name,Basin_Su_1,ET,Pixel_Count
PTJPL,2010-04-01,4-005,4-005,ACTON VALLEY,ACTON VALLEY,68.065868,668
PTJPL,2010-04-01,6-010,6-010,ADOBE LAKE VALLEY,ADOBE LAKE VALLEY,,0
PTJPL,2010-04-01,1-054.01,1-054,ALEXANDER VALLEY,ALEXANDER VALLEY - ALEXANDER AREA,92.441788,39743
PTJPL,2010-04-01,1-054.02,1-054,ALEXANDER VALLEY,ALEXANDER VALLEY - CLOVERDALE AREA,95.24216,9502
PTJPL,2010-04-01,5-002.01,5-002,ALTURAS AREA,ALTURAS AREA - SOUTH FORK PITT RIVER,70.078082,159794
PTJPL,2010-04-01,5-002.02,5-002,ALTURAS AREA,ALTURAS AREA - WARM SPRINGS VALLEY,76.671542,74250
PTJPL,2010-04-01,5-010,5-010,AMERICAN VALLEY,AMERICAN VALLEY,87.381695,9746
PTJPL,2010-04-01,7-016,7-016,AMES VALLEY,AMES VALLEY,,0
PTJPL,2010-04-01,7-034,7-034,AMOS VALLEY,AMOS VALLEY,,0
PTJPL,2010-04-01,1-019,1-019,ANDERSON VALLEY,ANDERSON VALLEY,93.229522,5982
PTJPL,2010-04-01,1-049,1-049,ANNAPOLIS OHLSON RANCH FORMATION HIGHLANDS,ANNAPOLIS OHLSON RANCH FORMATION HIGHLANDS,89.056524,2353
PTJPL,2010-04-01,5-091,5-091,ANTELOPE CREEK,ANTELOPE CREEK,104.221807,1605
PTJPL,2010-04-01,6-044,6-044,ANTELOPE VALLEY,ANTELOPE VALLEY,81.327942,137884
PTJPL,2010-04-01,6-007,6-007,ANTELOPE VALLEY,ANTELOPE VALLEY,62.669636,48489
PTJPL,2010-04-01,3-034,3-034,ARROYO DE LA CRUZ VALLEY,ARROYO DE LA CRUZ VALLEY,76.920074,538
PTJPL,2010-04-01,2-031,2-031,ARROYO DEL HAMBRE VALLEY,ARROYO DEL HAMBRE VALLEY,,0
PTJPL,2010-04-01,4-007,4-007,ARROYO SANTA ROSA VALLEY,ARROYO SANTA ROSA VALLEY,84.010038,7870
PTJPL,2010-04-01,7-037,7-037,ARROYO SECO VALLEY,ARROYO SECO VALLEY,,0
PTJPL,2010-04-01,5-054,5-054,ASH VALLEY,ASH VALLEY,74.305866,12087
PTJPL,2010-04-01,6-026,6-026,AVAWATZ VALLEY,AVAWATZ VALLEY,,0
PTJPL,2010-04-01,3-020,3-020,A�O NUEVO AREA,A�O NUEVO AREA,91.266383,1877
PTJPL,2010-04-01,9-022,9-022,BATIQUITOS LAGOON VALLEY,BATIQUITOS LAGOON VALLEY,104.062903,620
PTJPL,2010-04-01,8-009,8-009,BEAR VALLEY,BEAR VALLEY,67.609375,192
PTJPL,2010-04-01,5-064,5-064,BEAR VALLEY,BEAR VALLEY,86.982353,510
PTJPL,2010-04-01,5-020,5-020,BERRYESSA VALLEY,BERRYESSA VALLEY,,0
PTJPL,2010-04-01,7-015,7-015,BESSEMER VALLEY,BESSEMER VALLEY,,0
PTJPL,2010-04-01,6-025,6-025,BICYCLE VALLEY,BICYCLE VALLEY,,0
PTJPL,2010-04-01,1-027,1-027,BIG LAGOON AREA,BIG LAGOON AREA,80.358974,39
PTJPL,2010-04-01,8-007,8-007,BIG MEADOWS VALLEY,BIG MEADOWS VALLEY,,0
PTJPL,2010-04-01,1-045,1-045,BIG RIVER VALLEY,BIG RIVER VALLEY,,0
PTJPL,2010-04-01,3-047,3-047,BIG SPRING AREA,BIG SPRING AREA,85.905229,918
PTJPL,2010-04-01,5-015,5-015,BIG VALLEY,BIG VALLEY,98.017349,41040
PTJPL,2010-04-01,5-004,5-004,BIG VALLEY,BIG VALLEY,77.19925,163036
PTJPL,2010-04-01,3-030,3-030,BITTER WATER VALLEY,BITTER WATER VALLEY,88.92132,7575
PTJPL,2010-04-01,6-013,6-013,BLACK SPRINGS VALLEY,BLACK SPRINGS VALLEY,,0
PTJPL,2010-04-01,5-092,5-092,BLANCHARD VALLEY,BLANCHARD VALLEY,101.323894,1130
PTJPL,2010-04-01,1-057,1-057,BODEGA BAY AREA,BODEGA BAY AREA,97.383117,154
PTJPL,2010-04-01,7-024.01,7-024,BORREGO VALLEY,BORREGO VALLEY - BORREGO SPRINGS,78.74783,17397
PTJPL,2010-04-01,7-024.02,7-024,BORREGO VALLEY,BORREGO VALLEY - OCOTILLO WELLS,43.166667,12
PTJPL,2010-04-01,1-039,1-039,BRANSCOMB TOWN AREA,BRANSCOMB TOWN AREA,,0
PTJPL,2010-04-01,1-017,1-017,BRAY TOWN AREA,BRAY TOWN AREA,81.763529,4250
PTJPL,2010-04-01,6-008,6-008,BRIDGEPORT VALLEY,BRIDGEPORT VALLEY,34.832741,74902
PTJPL,2010-04-01,7-008,7-008,BRISTOL VALLEY,BRISTOL VALLEY,48.111893,7963
PTJPL,2010-04-01,5-080,5-080,BRITE VALLEY,BRITE VALLEY,69.914653,1324
PTJPL,2010-04-01,6-032,6-032,BROADWELL VALLEY,BROADWELL VALLEY,,0
PTJPL,2010-04-01,6-076,6-076,BROWN MOUNTAIN VALLEY,BROWN MOUNTAIN VALLEY,,0
PTJPL,2010-04-01,7-054,7-054,BUCK RIDGE FAULT VALLEY,BUCK RIDGE FAULT VALLEY,,0
PTJPL,2010-04-01,6-101,6-101,BULL FLAT,BULL FLAT,57.875,48
PTJPL,2010-04-01,5-048,5-048,BURNEY CREEK VALLEY,BURNEY CREEK VALLEY,95.651489,6852
PTJPL,2010-04-01,5-017,5-017,BURNS VALLEY,BURNS VALLEY,90.89504,1734
PTJPL,2010-04-01,5-051,5-051,BUTTE CREEK VALLEY,BUTTE CREEK VALLEY,,0
PTJPL,2010-04-01,1-003,1-003,BUTTE VALLEY,BUTTE VALLEY,69.257628,149448
PTJPL,2010-04-01,6-081,6-081,BUTTE VALLEY,BUTTE VALLEY,,0
PTJPL,2010-04-01,6-070,6-070,CACTUS FLAT,CACTUS FLAT,,0
PTJPL,2010-04-01,7-007,7-007,CADIZ VALLEY,CADIZ VALLEY,,0
PTJPL,2010-04-01,6-090,6-090,CADY FAULT AREA,CADY FAULT AREA,,0
PTJPL,2010-04-01,9-006,9-006,CAHUILLA VALLEY,CAHUILLA VALLEY,80.98768,6250
PTJPL,2010-04-01,6-079,6-079,CALIFORNIA VALLEY,CALIFORNIA VALLEY,,0
PTJPL,2010-04-01,7-041,7-041,CALZONA VALLEY,CALZONA VALLEY,,0
PTJPL,2010-04-01,6-061,6-061,CAMEO AREA,CAMEO AREA,,0
PTJPL,2010-04-01,9-028,9-028,CAMPO VALLEY,CAMPO VALLEY,83.547619,126
PTJPL,2010-04-01,7-046,7-046,CANEBRAKE VALLEY,CANEBRAKE VALLEY,,0
PTJPL,2010-04-01,3-007,3-007,CARMEL VALLEY,CARMEL VALLEY,85.24649,1282
PTJPL,2010-04-01,3-018,3-018,CARPINTERIA,CARPINTERIA,79.535559,13091
PTJPL,2010-04-01,3-019,3-019,CARRIZO PLAIN,CARRIZO PLAIN,74.012358,22739
PTJPL,2010-04-01,6-006,6-006,CARSON VALLEY,CARSON VALLEY,70.564758,10516
PTJPL,2010-04-01,5-029,5-029,CASTAC LAKE VALLEY,CASTAC LAKE VALLEY,80.495272,846
PTJPL,2010-04-01,2-008,2-008,CASTRO VALLEY,CASTRO VALLEY,,0
PTJPL,2010-04-01,6-038,6-038,CAVES CANYON VALLEY,CAVES CANYON VALLEY,,0
PTJPL,2010-04-01,5-045,5-045,CAYTON VALLEY,CAYTON VALLEY,95.474353,4250
PTJPL,2010-04-01,3-038,3-038,CAYUCOS VALLEY,CAYUCOS VALLEY,,0
PTJPL,2010-04-01,7-043,7-043,CHEMEHUEVI VALLEY,CHEMEHUEVI VALLEY,,0
PTJPL,2010-04-01,7-032,7-032,CHOCOLATE VALLEY,CHOCOLATE VALLEY,21.223881,67
PTJPL,2010-04-01,3-005,3-005,CHOLAME VALLEY,CHOLAME VALLEY,96.004402,17718
PTJPL,2010-04-01,3-042,3-042,CHORRO VALLEY,CHORRO VALLEY,81.108108,1295
PTJPL,2010-04-01,5-061,5-061,CHROME TOWN AREA,CHROME TOWN AREA,96.344423,511
PTJPL,2010-04-01,7-005,7-005,CHUCKWALLA VALLEY,CHUCKWALLA VALLEY,49.498262,4604
PTJPL,2010-04-01,2-005,2-005,CLAYTON VALLEY,CLAYTON VALLEY,96.493865,652
PTJPL,2010-04-01,5-066,5-066,CLEAR LAKE CACHE FORMATION,CLEAR LAKE CACHE FORMATION,92.824468,940
PTJPL,2010-04-01,5-058,5-058,CLOVER VALLEY,CLOVER VALLEY,68.118912,1581
PTJPL,2010-04-01,7-021.03,7-021,COACHELLA VALLEY,COACHELLA VALLEY - DESERT HOT SPRINGS,91.804276,2713
PTJPL,2010-04-01,7-021.01,7-021,COACHELLA VALLEY,COACHELLA VALLEY - INDIO,94.089186,293745
PTJPL,2010-04-01,7-021.02,7-021,COACHELLA VALLEY,COACHELLA VALLEY - MISSION CREEK,87.530675,978
PTJPL,2010-04-01,7-021.04,7-021,COACHELLA VALLEY,COACHELLA VALLEY - SAN GORGONIO PASS,85.435393,356
PTJPL,2010-04-01,4-011.04,4-011,COASTAL PLAIN OF LOS ANGELES,COASTAL PLAIN OF LOS ANGELES - CENTRAL,116.174304,7005
PTJPL,2010-04-01,4-011.02,4-011,COASTAL PLAIN OF LOS ANGELES,COASTAL PLAIN OF LOS ANGELES - HOLLYWOOD,104.260062,323
PTJPL,2010-04-01,4-011.01,4-011,COASTAL PLAIN OF LOS ANGELES,COASTAL PLAIN OF LOS ANGELES - SANTA MONICA,103.73053,4186
PTJPL,2010-04-01,4-011.03,4-011,COASTAL PLAIN OF LOS ANGELES,COASTAL PLAIN OF LOS ANGELES - WEST COAST,114.111878,4058
PTJPL,2010-04-01,8-001,8-001,COASTAL PLAIN OF ORANGE COUNTY,COASTAL PLAIN OF ORANGE COUNTY,92.757329,23946
PTJPL,2010-04-01,9-033,9-033,COASTAL PLAIN OF SAN DIEGO,COASTAL PLAIN OF SAN DIEGO,94.568577,3507
PTJPL,2010-04-01,6-072,6-072,COLES FLAT,COLES FLAT,,0
PTJPL,2010-04-01,5-019,5-019,COLLAYOMI VALLEY,COLLAYOMI VALLEY,91.340442,3845
PTJPL,2010-04-01,7-055,7-055,COLLINS VALLEY,COLLINS VALLEY,,0
PTJPL,2010-04-01,4-010,4-010,CONEJO,CONEJO,97.313253,498
PTJPL,2010-04-01,7-011,7-011,COPPER MOUNTAIN VALLEY,COPPER MOUNTAIN VALLEY,,0
PTJPL,2010-04-01,3-002.01,3-002,CORRALITOS,CORRALITOS - PAJARO VALLEY,80.454573,109219
PTJPL,2010-04-01,3-002.02,3-002,CORRALITOS,CORRALITOS - PURISIMA HIGHLANDS,100.825431,464
PTJPL,2010-04-01,6-055,6-055,COSO VALLEY,COSO VALLEY,,0
PTJPL,2010-04-01,1-037,1-037,COTTONEVA CREEK VALLEY,COTTONEVA CREEK VALLEY,,0
PTJPL,2010-04-01,9-027,9-027,COTTONWOOD VALLEY,COTTONWOOD VALLEY,68.428571,70
PTJPL,2010-04-01,1-011,1-011,COVELO ROUND VALLEY,COVELO ROUND VALLEY,99.322671,36576
PTJPL,2010-04-01,6-091,6-091,COW HEAD LAKE VALLEY,COW HEAD LAKE VALLEY,60.658162,15639
PTJPL,2010-04-01,6-037,6-037,COYOTE LAKE VALLEY,COYOTE LAKE VALLEY,37.712963,972
PTJPL,2010-04-01,5-018,5-018,COYOTE VALLEY,COYOTE VALLEY,89.841598,6534
PTJPL,2010-04-01,7-029,7-029,COYOTE WELLS VALLEY,COYOTE WELLS VALLEY,31.0875,80
PTJPL,2010-04-01,6-035,6-035,CRONISE VALLEY,CRONISE VALLEY,,0
PTJPL,2010-04-01,6-050,6-050,CUDDEBACK VALLEY,CUDDEBACK VALLEY,,0
PTJPL,2010-04-01,5-082,5-082,CUDDY CANYON VALLEY,CUDDY CANYON VALLEY,,0
PTJPL,2010-04-01,5-083,5-083,CUDDY RANCH AREA,CUDDY RANCH AREA,,0
PTJPL,2010-04-01,5-084,5-084,CUDDY VALLEY,CUDDY VALLEY,64.75,16
PTJPL,2010-04-01,5-027,5-027,CUMMINGS VALLEY,CUMMINGS VALLEY,58.510078,11461
PTJPL,2010-04-01,3-013,3-013,CUYAMA VALLEY,CUYAMA VALLEY,58.189695,153773
PTJPL,2010-04-01,7-009,7-009,DALE VALLEY,DALE VALLEY,35.315789,152
PTJPL,2010-04-01,6-057,6-057,DARWIN VALLEY,DARWIN VALLEY,,0
PTJPL,2010-04-01,7-061,7-061,DAVIES VALLEY,DAVIES VALLEY,,0
PTJPL,2010-04-01,7-013.01,7-013,DEADMAN VALLEY,DEADMAN VALLEY - DEADMAN LAKE,,0
PTJPL,2010-04-01,7-013.02,7-013,DEADMAN VALLEY,DEADMAN VALLEY - SURPRISE SPRING,,0
PTJPL,2010-04-01,6-018,6-018,DEATH VALLEY,DEATH VALLEY,12.5,18
PTJPL,2010-04-01,6-015,6-015,DEEP SPRINGS VALLEY,DEEP SPRINGS VALLEY,65.351181,635
PTJPL,2010-04-01,6-078,6-078,DENNING SPRING VALLEY,DENNING SPRING VALLEY,,0
PTJPL,2010-04-01,1-034,1-034,DINSMORES TOWN AREA,DINSMORES TOWN AREA,66.848837,86
PTJPL,2010-04-01,5-053,5-053,DIXIE VALLEY,DIXIE VALLEY,79.110577,11449
PTJPL,2010-04-01,2-040,2-040,DOWNTOWN,DOWNTOWN,,0
PTJPL,2010-04-01,5-049,5-049,DRY BURNEY CREEK VALLEY,DRY BURNEY CREEK VALLEY,,0
PTJPL,2010-04-01,3-029,3-029,DRY LAKE VALLEY,DRY LAKE VALLEY,88.772222,540
PTJPL,2010-04-01,6-095,6-095,DRY VALLEY,DRY VALLEY,,0
PTJPL,2010-04-01,6-096,6-096,EAGLE LAKE AREA,EAGLE LAKE AREA,,0
PTJPL,2010-04-01,7-033,7-033,EAST SALTON SEA,EAST SALTON SEA,67.758805,40262
PTJPL,2010-04-01,1-044,1-044,EDEN VALLEY,EDEN VALLEY,84.970375,1654
PTJPL,2010-04-01,1-010,1-010,EEL RIVER VALLEY,EEL RIVER VALLEY,64.39485,118088
PTJPL,2010-04-01,5-041,5-041,EGG LAKE VALLEY,EGG LAKE VALLEY,,0
PTJPL,2010-04-01,9-016,9-016,EL CAJON VALLEY,EL CAJON VALLEY,89.645161,31
PTJPL,2010-04-01,6-043,6-043,EL MIRAGE VALLEY,EL MIRAGE VALLEY,85.235111,3207
PTJPL,2010-04-01,5-062,5-062,ELK CREEK AREA,ELK CREEK AREA,100.174825,143
PTJPL,2010-04-01,8-004.02,8-004,ELSINORE,ELSINORE - BEDFORD-COLDWATER,91.148532,1158
PTJPL,2010-04-01,8-004.01,8-004,ELSINORE,ELSINORE - ELSINORE VALLEY,93.626168,107
PTJPL,2010-04-01,9-009,9-009,ESCONDIDO VALLEY,ESCONDIDO VALLEY,100.264706,34
PTJPL,2010-04-01,1-009,1-009,EUREKA PLAIN,EUREKA PLAIN,69.016049,20936
PTJPL,2010-04-01,6-016,6-016,EUREKA VALLEY,EUREKA VALLEY,,0
PTJPL,2010-04-01,1-022,1-022,FAIRCHILD SWAMP VALLEY,FAIRCHILD SWAMP VALLEY,,0
PTJPL,2010-04-01,5-005,5-005,FALL RIVER VALLEY,FALL RIVER VALLEY,85.26767,134098
PTJPL,2010-04-01,7-002,7-002,FENNER VALLEY,FENNER VALLEY,,0
PTJPL,2010-04-01,6-014,6-014,FISH LAKE VALLEY,FISH LAKE VALLEY,62.220293,14340
PTJPL,2010-04-01,3-053,3-053,FOOTHILL,FOOTHILL,99.885714,35
PTJPL,2010-04-01,1-021,1-021,FORT BRAGG TERRACE AREA,FORT BRAGG TERRACE AREA,76.971039,9530
PTJPL,2010-04-01,1-061,1-061,FORT ROSS TERRACE DEPOSITS,FORT ROSS TERRACE DEPOSITS,87.713092,1077
PTJPL,2010-04-01,6-046,6-046,FREMONT VALLEY,FREMONT VALLEY,56.058492,1949
PTJPL,2010-04-01,5-090,5-090,FUNKS CREEK,FUNKS CREEK,104.396278,3278
PTJPL,2010-04-01,1-032,1-032,GARBERVILLE TOWN AREA,GARBERVILLE TOWN AREA,79.259328,536
PTJPL,2010-04-01,1-020,1-020,GARCIA RIVER VALLEY,GARCIA RIVER VALLEY,74.987097,2790
PTJPL,2010-04-01,3-003.01,3-003,GILROY-HOLLISTER VALLEY,GILROY-HOLLISTER VALLEY - LLAGAS AREA,92.643888,76695
PTJPL,2010-04-01,3-003.05,3-003,GILROY-HOLLISTER VALLEY,GILROY-HOLLISTER VALLEY - NORTH SAN BENITO,90.45705,195075
PTJPL,2010-04-01,6-085,6-085,GOLD VALLEY,GOLD VALLEY,,0
PTJPL,2010-04-01,6-048,6-048,GOLDSTONE VALLEY,GOLDSTONE VALLEY,,0
PTJPL,2010-04-01,3-016,3-016,GOLETA,GOLETA,99.104322,3355
PTJPL,2010-04-01,5-001.02,5-001,GOOSE LAKE,GOOSE LAKE - FANDANGO VALLEY,71.776076,29126
PTJPL,2010-04-01,5-001.01,5-001,GOOSE LAKE,GOOSE LAKE - GOOSE VALLEY,68.825801,55936
PTJPL,2010-04-01,5-047,5-047,GOOSE VALLEY,GOOSE VALLEY,96.636358,15463
PTJPL,2010-04-01,6-077,6-077,GRASS VALLEY,GRASS VALLEY,,0
PTJPL,2010-04-01,6-094,6-094,GRASSHOPPER VALLEY,GRASSHOPPER VALLEY,73.355651,3734
PTJPL,2010-04-01,1-048,1-048,GRAVELLY VALLEY,GRAVELLY VALLEY,,0
PTJPL,2010-04-01,5-052,5-052,GRAYS VALLEY,GRAYS VALLEY,,0
PTJPL,2010-04-01,6-084,6-084,GREENWATER VALLEY,GREENWATER VALLEY,,0
PTJPL,2010-04-01,5-059,5-059,GRIZZLY VALLEY,GRIZZLY VALLEY,,0
PTJPL,2010-04-01,2-022,2-022,HALF MOON BAY TERRACE,HALF MOON BAY TERRACE,89.965517,9106
PTJPL,2010-04-01,1-015,1-015,HAPPY CAMP TOWN AREA,HAPPY CAMP TOWN AREA,86.656566,99
PTJPL,2010-04-01,6-047,6-047,HARPER VALLEY,HARPER VALLEY,70.347826,5658
PTJPL,2010-04-01,6-074,6-074,HARRISBURG FLATS,HARRISBURG FLATS,,0
PTJPL,2010-04-01,6-093,6-093,HARVEY VALLEY,HARVEY VALLEY,,0
PTJPL,2010-04-01,1-006,1-006,HAYFORK VALLEY,HAYFORK VALLEY,77.071268,3115
PTJPL,2010-04-01,7-048,7-048,HELENDALE FAULT VALLEY,HELENDALE FAULT VALLEY,,0
PTJPL,2010-04-01,8-006,8-006,HEMET LAKE VALLEY,HEMET LAKE VALLEY,,0
PTJPL,2010-04-01,3-031,3-031,HERNANDEZ VALLEY,HERNANDEZ VALLEY,75.817481,389
PTJPL,2010-04-01,1-036,1-036,HETTENSHAW VALLEY,HETTENSHAW VALLEY,68.429155,2202
PTJPL,2010-04-01,7-053,7-053,HEXIE MOUNTAIN AREA,HEXIE MOUNTAIN AREA,,0
PTJPL,2010-04-01,6-063,6-063,HIDDEN VALLEY,HIDDEN VALLEY,,0
PTJPL,2010-04-01,4-016,4-016,HIDDEN VALLEY,HIDDEN VALLEY,104.769312,3767
PTJPL,2010-04-01,5-016,5-016,HIGH VALLEY,HIGH VALLEY,95.246314,2781
PTJPL,2010-04-01,6-004,6-004,HONEY LAKE VALLEY,HONEY LAKE VALLEY,78.832279,188784
PTJPL,2010-04-01,1-029,1-029,HONEYDEW TOWN AREA,HONEYDEW TOWN AREA,69.543533,1183
PTJPL,2010-04-01,1-007,1-007,HOOPA VALLEY,HOOPA VALLEY,81.730623,787
PTJPL,2010-04-01,6-097,6-097,HORSE LAKE VALLEY,HORSE LAKE VALLEY,80.011534,4335
PTJPL,2010-04-01,5-040,5-040,HOT SPRINGS VALLEY,HOT SPRINGS VALLEY,85.236069,3266
PTJPL,2010-04-01,3-045,3-045,HUASNA VALLEY,HUASNA VALLEY,94.433452,3366
PTJPL,2010-04-01,5-060,5-060,HUMBUG VALLEY,HUMBUG VALLEY,75.229202,1178
PTJPL,2010-04-01,4-018,4-018,HUNGRY VALLEY,HUNGRY VALLEY,,0
PTJPL,2010-04-01,1-035,1-035,HYAMPOM VALLEY,HYAMPOM VALLEY,82.565476,504
PTJPL,2010-04-01,7-030,7-030,IMPERIAL VALLEY,IMPERIAL VALLEY,95.295282,1787557
PTJPL,2010-04-01,5-009,5-009,INDIAN VALLEY,INDIAN VALLEY,88.013367,44586
PTJPL,2010-04-01,6-054,6-054,INDIAN WELLS VALLEY,INDIAN WELLS VALLEY,52.339491,14616
PTJPL,2010-04-01,7-050,7-050,IRON RIDGE AREA,IRON RIDGE AREA,,0
PTJPL,2010-04-01,2-033,2-033,ISLAIS VALLEY,ISLAIS VALLEY,,0
PTJPL,2010-04-01,6-030,6-030,IVANPAH VALLEY,IVANPAH VALLEY,77.099129,918
PTJPL,2010-04-01,7-047,7-047,JACUMBA VALLEY,JACUMBA VALLEY,,0
PTJPL,2010-04-01,5-003,5-003,JESS VALLEY,JESS VALLEY,64.052816,15658
PTJPL,2010-04-01,7-018.01,7-018,JOHNSON VALLEY,JOHNSON VALLEY - SOGGY LAKE,38.35,60
PTJPL,2010-04-01,7-018.02,7-018,JOHNSON VALLEY,JOHNSON VALLEY - UPPER JOHNSON VALLEY,,0
PTJPL,2010-04-01,5-086,5-086,JOSEPH CREEK,JOSEPH CREEK,66.583779,4673
PTJPL,2010-04-01,7-062,7-062,JOSHUA TREE,JOSHUA TREE,,0
PTJPL,2010-04-01,6-089,6-089,KANE WASH AREA,KANE WASH AREA,,0
PTJPL,2010-04-01,6-069,6-069,KELSO LANDER VALLEY,KELSO LANDER VALLEY,,0
PTJPL,2010-04-01,6-031,6-031,KELSO VALLEY,KELSO VALLEY,,0
PTJPL,2010-04-01,2-019,2-019,KENWOOD VALLEY,KENWOOD VALLEY,89.148044,5674
PTJPL,2010-04-01,5-025,5-025,KERN RIVER VALLEY,KERN RIVER VALLEY,75.471314,15077
PTJPL,2010-04-01,1-002.02,1-002,KLAMATH RIVER VALLEY,KLAMATH RIVER VALLEY - LOWER KLAMATH,71.178739,93343
PTJPL,2010-04-01,1-002.01,1-002,KLAMATH RIVER VALLEY,KLAMATH RIVER VALLEY - TULELAKE,64.82894,296556
PTJPL,2010-04-01,1-050,1-050,KNIGHTS VALLEY,KNIGHTS VALLEY,91.767413,7322
PTJPL,2010-04-01,5-007,5-007,LAKE ALMANOR VALLEY,LAKE ALMANOR VALLEY,64.373618,2623
PTJPL,2010-04-01,5-046,5-046,LAKE BRITTON AREA,LAKE BRITTON AREA,82.222222,441
PTJPL,2010-04-01,7-001,7-001,LANFAIR VALLEY,LANFAIR VALLEY,,0
PTJPL,2010-04-01,6-036.02,6-036,LANGFORD VALLEY,LANGFORD VALLEY - IRWIN,,0
PTJPL,2010-04-01,6-036.01,6-036,LANGFORD VALLEY,LANGFORD VALLEY - LANGFORD WELL LAKE,,0
PTJPL,2010-04-01,1-033,1-033,LARABEE VALLEY,LARABEE VALLEY,67.971564,211
PTJPL,2010-04-01,4-008,4-008,LAS POSAS VALLEY,LAS POSAS VALLEY,88.0783,90830
PTJPL,2010-04-01,5-057,5-057,LAST CHANCE CREEK VALLEY,LAST CHANCE CREEK VALLEY,,0
PTJPL,2010-04-01,7-014,7-014,LAVIC VALLEY,LAVIC VALLEY,,0
PTJPL,2010-04-01,1-012,1-012,LAYTONVILLE VALLEY,LAYTONVILLE VALLEY,77.155073,5017
PTJPL,2010-04-01,6-027,6-027,LEACH VALLEY,LEACH VALLEY,,0
PTJPL,2010-04-01,6-066,6-066,LEE FLAT,LEE FLAT,,0
PTJPL,2010-04-01,6-106,6-106,LITTLE ANTELOPE VALLEY,LITTLE ANTELOPE VALLEY,46.180426,1829
PTJPL,2010-04-01,5-065,5-065,LITTLE INDIAN VALLEY,LITTLE INDIAN VALLEY,102.333333,18
PTJPL,2010-04-01,1-013,1-013,LITTLE LAKE VALLEY,LITTLE LAKE VALLEY,79.633272,16230
PTJPL,2010-04-01,1-041,1-041,LITTLE VALLEY,LITTLE VALLEY,83.479109,718
PTJPL,2010-04-01,2-010,2-010,LIVERMORE VALLEY,LIVERMORE VALLEY,99.037844,31366
PTJPL,2010-04-01,2-038,2-038,LOBOS,LOBOS,104.22611,743
PTJPL,2010-04-01,3-006,3-006,LOCKWOOD VALLEY,LOCKWOOD VALLEY,98.356309,22966
PTJPL,2010-04-01,4-017,4-017,LOCKWOOD VALLEY,LOCKWOOD VALLEY,36.666667,120
PTJPL,2010-04-01,6-011,6-011,LONG VALLEY,LONG VALLEY,45.601831,28621
PTJPL,2010-04-01,5-044,5-044,LONG VALLEY,LONG VALLEY,,0
PTJPL,2010-04-01,6-104,6-104,LONG VALLEY,LONG VALLEY,68.93802,6486
PTJPL,2010-04-01,5-031,5-031,LONG VALLEY,LONG VALLEY,92.939316,2719
PTJPL,2010-04-01,5-070,5-070,LOS BANOS CREEK VALLEY,LOS BANOS CREEK VALLEY,,0
PTJPL,2010-04-01,3-008.01,3-008,LOS OSOS VALLEY,LOS OSOS VALLEY - LOS OSOS AREA,83.605471,1901
PTJPL,2010-04-01,3-008.02,3-008,LOS OSOS VALLEY,LOS OSOS VALLEY - WARDEN CREEK,87.231877,4235
PTJPL,2010-04-01,7-051,7-051,LOST HORSE VALLEY,LOST HORSE VALLEY,,0
PTJPL,2010-04-01,6-071,6-071,LOST LAKE VALLEY,LOST LAKE VALLEY,,0
PTJPL,2010-04-01,6-021,6-021,LOWER KINGSTON VALLEY,LOWER KINGSTON VALLEY,,0
PTJPL,2010-04-01,1-014,1-014,LOWER KLAMATH RIVER VALLEY,LOWER KLAMATH RIVER VALLEY,61.822803,1377
PTJPL,2010-04-01,5-030,5-030,LOWER LAKE VALLEY,LOWER LAKE VALLEY,91.376378,635
PTJPL,2010-04-01,1-038,1-038,LOWER LAYTONVILLE VALLEY,LOWER LAYTONVILLE VALLEY,80.72104,423
PTJPL,2010-04-01,6-040,6-040,LOWER MOJAVE RIVER VALLEY,LOWER MOJAVE RIVER VALLEY,123.623388,17368
PTJPL,2010-04-01,1-060,1-060,LOWER RUSSIAN RIVER VALLEY,LOWER RUSSIAN RIVER VALLEY,89.562626,5453
PTJPL,2010-04-01,7-019,7-019,LUCERNE VALLEY,LUCERNE VALLEY,69.296426,9962
PTJPL,2010-04-01,1-008.02,1-008,MAD RIVER VALLEY,MAD RIVER VALLEY - DOWS PRAIRIE SCHOOL AREA,66.736361,5902
PTJPL,2010-04-01,1-008.01,1-008,MAD RIVER VALLEY,MAD RIVER VALLEY - MAD RIVER LOWLAND,69.344493,27867
PTJPL,2010-04-01,6-002,6-002,MADELINE PLAINS,MADELINE PLAINS,61.143523,97657
PTJPL,2010-04-01,3-051,3-051,MAJORS CREEK,MAJORS CREEK,92.656876,749
PTJPL,2010-04-01,4-022,4-022,MALIBU VALLEY,MALIBU VALLEY,82.5,40
PTJPL,2010-04-01,6-064,6-064,MARBLE CANYON AREA,MARBLE CANYON AREA,,0
PTJPL,2010-04-01,2-039,2-039,MARINA,MARINA,,0
PTJPL,2010-04-01,6-067,6-067,MARTIS VALLEY,MARTIS VALLEY,49.148536,3245
PTJPL,2010-04-01,7-059,7-059,MASON VALLEY,MASON VALLEY,,0
PTJPL,2010-04-01,1-028,1-028,MATTOLE RIVER VALLEY,MATTOLE RIVER VALLEY,68.124061,2797
PTJPL,2010-04-01,5-035,5-035,MCCLOUD AREA,MCCLOUD AREA,83.144385,187
PTJPL,2010-04-01,5-095,5-095,MEADOW VALLEY,MEADOW VALLEY,76.088649,925
PTJPL,2010-04-01,7-017,7-017,MEANS VALLEY,MEANS VALLEY,24.261905,42
PTJPL,2010-04-01,6-029,6-029,MESQUITE VALLEY,MESQUITE VALLEY,100.248951,9058
PTJPL,2010-04-01,6-020,6-020,MIDDLE AMARGOSA VALLEY,MIDDLE AMARGOSA VALLEY,87.137615,109
PTJPL,2010-04-01,5-094,5-094,MIDDLE CREEK,MIDDLE CREEK,87.703704,135
PTJPL,2010-04-01,5-087,5-087,MIDDLE FORK FEATHER RIVER,MIDDLE FORK FEATHER RIVER,73.278638,646
PTJPL,2010-04-01,6-041,6-041,MIDDLE MOJAVE RIVER VALLEY,MIDDLE MOJAVE RIVER VALLEY,125.036108,3268
PTJPL,2010-04-01,6-080,6-080,MIDDLE PARK CANYON,MIDDLE PARK CANYON,,0
PTJPL,2010-04-01,5-085,5-085,MIL POTRERO AREA,MIL POTRERO AREA,68.821429,112
PTJPL,2010-04-01,9-014,9-014,MISSION VALLEY,MISSION VALLEY,108.267793,829
PTJPL,2010-04-01,5-011,5-011,MOHAWK VALLEY,MOHAWK VALLEY,81.794978,6531
PTJPL,2010-04-01,6-009,6-009,MONO VALLEY,MONO VALLEY,37.288703,239
PTJPL,2010-04-01,3-049,3-049,MONTECITO,MONTECITO,88.382695,1722
PTJPL,2010-04-01,7-020,7-020,MORONGO VALLEY,MORONGO VALLEY,48.047619,21
PTJPL,2010-04-01,3-041,3-041,MORRO VALLEY,MORRO VALLEY,85.50282,1241
PTJPL,2010-04-01,5-008,5-008,MOUNTAIN MEADOWS VALLEY,MOUNTAIN MEADOWS VALLEY,77.373255,23788
PTJPL,2010-04-01,1-056,1-056,McDOWELL VALLEY,McDOWELL VALLEY,96.406205,2804
PTJPL,2010-04-01,2-002.01,2-002,NAPA-SONOMA VALLEY,NAPA-SONOMA VALLEY - NAPA VALLEY,91.549627,93416
PTJPL,2010-04-01,2-002.03,2-002,NAPA-SONOMA VALLEY,NAPA-SONOMA VALLEY - NAPA-SONOMA LOWLANDS,95.169099,23572
PTJPL,2010-04-01,2-002.02,2-002,NAPA-SONOMA VALLEY,NAPA-SONOMA VALLEY - SONOMA VALLEY,98.880419,80598
PTJPL,2010-04-01,1-046,1-046,NAVARRO RIVER VALLEY,NAVARRO RIVER VALLEY,,0
PTJPL,2010-04-01,3-052,3-052,NEEDLE ROCK POINT,NEEDLE ROCK POINT,89.072727,1595
PTJPL,2010-04-01,7-044,7-044,NEEDLES VALLEY,NEEDLES VALLEY,126.292127,16397
PTJPL,2010-04-01,5-050,5-050,NORTH FORK BATTLE CREEK,NORTH FORK BATTLE CREEK,75.341524,2808
PTJPL,2010-04-01,2-030,2-030,NOVATO VALLEY,NOVATO VALLEY,103.852357,14596
PTJPL,2010-04-01,7-025,7-025,OCOTILLO-CLARK VALLEY,OCOTILLO-CLARK VALLEY,86.546322,37509
PTJPL,2010-04-01,7-035,7-035,OGILBY VALLEY,OGILBY VALLEY,39.014894,3357
PTJPL,2010-04-01,4-002,4-002,OJAI VALLEY,OJAI VALLEY,92.32229,9327
PTJPL,2010-04-01,3-039,3-039,OLD VALLEY,OLD VALLEY,88.829268,205
PTJPL,2010-04-01,6-108,6-108,OLYMPIC VALLEY,OLYMPIC VALLEY,30.208333,24
PTJPL,2010-04-01,7-031,7-031,OROCOPIA VALLEY,OROCOPIA VALLEY,24.149068,161
PTJPL,2010-04-01,6-012.02,6-012,OWENS VALLEY,OWENS VALLEY - FISH SLOUGH,,0
PTJPL,2010-04-01,6-012.01,6-012,OWENS VALLEY,OWENS VALLEY - OWENS VALLEY,61.907059,93070
PTJPL,2010-04-01,6-088,6-088,OWL LAKE VALLEY,OWL LAKE VALLEY,,0
PTJPL,2010-04-01,6-028,6-028,PAHRUMP VALLEY,PAHRUMP VALLEY,,0
PTJPL,2010-04-01,6-099,6-099,PAINTERS FLAT,PAINTERS FLAT,55.133274,1133
PTJPL,2010-04-01,7-039,7-039,PALO VERDE MESA,PALO VERDE MESA,64.671653,161308
PTJPL,2010-04-01,7-038,7-038,PALO VERDE VALLEY,PALO VERDE VALLEY,67.061608,224174
PTJPL,2010-04-01,9-024,9-024,PAMO VALLEY,PAMO VALLEY,,0
PTJPL,2010-04-01,6-058,6-058,PANAMINT VALLEY,PANAMINT VALLEY,,0
PTJPL,2010-04-01,5-023,5-023,PANOCHE VALLEY,PANOCHE VALLEY,75.910987,1966
PTJPL,2010-04-01,3-032,3-032,PEACH TREE VALLEY,PEACH TREE VALLEY,83.787855,1268
PTJPL,2010-04-01,1-030,1-030,PEPPERWOOD TOWN AREA,PEPPERWOOD TOWN AREA,67.726937,3523
PTJPL,2010-04-01,2-026,2-026,PESCADERO VALLEY,PESCADERO VALLEY,86.854369,2472
PTJPL,2010-04-01,2-001,2-001,PETALUMA VALLEY,PETALUMA VALLEY,101.234331,46221
PTJPL,2010-04-01,6-051,6-051,PILOT KNOB VALLEY,PILOT KNOB VALLEY,,0
PTJPL,2010-04-01,6-092,6-092,PINE CREEK VALLEY,PINE CREEK VALLEY,71.671875,64
PTJPL,2010-04-01,7-006,7-006,PINTO VALLEY,PINTO VALLEY,,0
PTJPL,2010-04-01,7-049,7-049,PIPES CANYON FAULT VALLEY,PIPES CANYON FAULT VALLEY,,0
PTJPL,2010-04-01,2-004,2-004,PITTSBURG PLAIN,PITTSBURG PLAIN,,0
PTJPL,2010-04-01,7-045,7-045,PIUTE VALLEY,PIUTE VALLEY,,0
PTJPL,2010-04-01,7-052,7-052,PLEASANT VALLEY,PLEASANT VALLEY,,0
PTJPL,2010-04-01,4-006,4-006,PLEASANT VALLEY,PLEASANT VALLEY,73.228341,33196
PTJPL,2010-04-01,5-038,5-038,PONDOSA TOWN AREA,PONDOSA TOWN AREA,,0
PTJPL,2010-04-01,5-068,5-068,POPE VALLEY,POPE VALLEY,99.239592,12659
PTJPL,2010-04-01,9-029,9-029,POTRERO VALLEY,POTRERO VALLEY,85.514825,371
PTJPL,2010-04-01,1-051,1-051,POTTER VALLEY,POTTER VALLEY,88.606695,20554
PTJPL,2010-04-01,9-013,9-013,POWAY VALLEY,POWAY VALLEY,,0
PTJPL,2010-04-01,3-044,3-044,POZO VALLEY,POZO VALLEY,95.054921,2713
PTJPL,2010-04-01,1-025,1-025,PRAIRIE CREEK AREA,PRAIRIE CREEK AREA,,0
PTJPL,2010-04-01,7-040,7-040,QUIEN SABE POINT VALLEY,QUIEN SABE POINT VALLEY,118.936441,708
PTJPL,2010-04-01,3-024,3-024,QUIEN SABE VALLEY,QUIEN SABE VALLEY,86.042883,11403
PTJPL,2010-04-01,6-062,6-062,RACE TRACK VALLEY,RACE TRACK VALLEY,,0
PTJPL,2010-04-01,3-046,3-046,RAFAEL VALLEY,RAFAEL VALLEY,86.0,1
PTJPL,2010-04-01,9-025,9-025,RANCHITA TOWN AREA,RANCHITA TOWN AREA,62.931818,44
PTJPL,2010-04-01,4-023,4-023,RAYMOND,RAYMOND,87.491555,1717
PTJPL,2010-04-01,6-024,6-024,RED PASS VALLEY,RED PASS VALLEY,,0
PTJPL,2010-04-01,1-018,1-018,RED ROCK VALLEY,RED ROCK VALLEY,77.926631,22680
PTJPL,2010-04-01,5-006.03,5-006,REDDING AREA,REDDING AREA - ANDERSON,113.034016,42951
PTJPL,2010-04-01,5-006.01,5-006,REDDING AREA,REDDING AREA - BOWMAN,112.329436,18219
PTJPL,2010-04-01,5-006.04,5-006,REDDING AREA,REDDING AREA - ENTERPRISE,109.053479,22476
PTJPL,2010-04-01,5-006.05,5-006,REDDING AREA,REDDING AREA - MILLVILLE,113.357741,9082
PTJPL,2010-04-01,5-006.06,5-006,REDDING AREA,REDDING AREA - SOUTH BATTLE CREEK,121.99574,7982
PTJPL,2010-04-01,1-026,1-026,REDWOOD CREEK AREA,REDWOOD CREEK AREA,64.080015,2712
PTJPL,2010-04-01,6-086,6-086,RHODES HILL AREA,RHODES HILL AREA,,0
PTJPL,2010-04-01,7-004,7-004,RICE VALLEY,RICE VALLEY,138.147011,619
PTJPL,2010-04-01,6-023,6-023,RIGGS VALLEY,RIGGS VALLEY,,0
PTJPL,2010-04-01,3-043,3-043,RINCONADA VALLEY,RINCONADA VALLEY,99.751978,2907
PTJPL,2010-04-01,5-043,5-043,ROCK PRAIRIE VALLEY,ROCK PRAIRIE VALLEY,,0
PTJPL,2010-04-01,6-056,6-056,ROSE VALLEY,ROSE VALLEY,,0
PTJPL,2010-04-01,2-028,2-028,ROSS VALLEY,ROSS VALLEY,,0
PTJPL,2010-04-01,5-036,5-036,ROUND VALLEY,ROUND VALLEY,66.270682,14312
PTJPL,2010-04-01,4-020,4-020,RUSSELL VALLEY,RUSSELL VALLEY,100.145038,131
PTJPL,2010-04-01,5-021.54,5-021,SACRAMENTO VALLEY,SACRAMENTO VALLEY - ANTELOPE,123.273661,37689
PTJPL,2010-04-01,5-021.53,5-021,SACRAMENTO VALLEY,SACRAMENTO VALLEY - BEND,117.792446,2621
PTJPL,2010-04-01,5-021.70,5-021,SACRAMENTO VALLEY,SACRAMENTO VALLEY - BUTTE,87.533998,817606
PTJPL,2010-04-01,5-021.52,5-021,SACRAMENTO VALLEY,SACRAMENTO VALLEY - COLUSA,99.324958,2198913
PTJPL,2010-04-01,5-021.51,5-021,SACRAMENTO VALLEY,SACRAMENTO VALLEY - CORNING,115.351715,348885
PTJPL,2010-04-01,5-021.56,5-021,SACRAMENTO VALLEY,SACRAMENTO VALLEY - LOS MOLINOS,121.17251,77700
PTJPL,2010-04-01,5-021.64,5-021,SACRAMENTO VALLEY,SACRAMENTO VALLEY - NORTH AMERICAN,101.274099,553454
PTJPL,2010-04-01,5-021.60,5-021,SACRAMENTO VALLEY,SACRAMENTO VALLEY - NORTH YUBA,98.970451,171444
PTJPL,2010-04-01,5-021.50,5-021,SACRAMENTO VALLEY,SACRAMENTO VALLEY - RED BLUFF,117.222487,175098
PTJPL,2010-04-01,5-021.66,5-021,SACRAMENTO VALLEY,SACRAMENTO VALLEY - SOLANO,119.849899,931582
PTJPL,2010-04-01,5-021.65,5-021,SACRAMENTO VALLEY,SACRAMENTO VALLEY - SOUTH AMERICAN,109.713302,248983
PTJPL,2010-04-01,5-021.61,5-021,SACRAMENTO VALLEY,SACRAMENTO VALLEY - SOUTH YUBA,102.55664,215148
PTJPL,2010-04-01,5-021.62,5-021,SACRAMENTO VALLEY,SACRAMENTO VALLEY - SUTTER,92.388616,862677
PTJPL,2010-04-01,5-021.57,5-021,SACRAMENTO VALLEY,SACRAMENTO VALLEY - VINA,108.191676,355464
PTJPL,2010-04-01,5-021.69,5-021,SACRAMENTO VALLEY,SACRAMENTO VALLEY - WYANDOTTE CREEK,106.973815,72218
PTJPL,2010-04-01,5-021.67,5-021,SACRAMENTO VALLEY,SACRAMENTO VALLEY - YOLO,106.142338,1423422
PTJPL,2010-04-01,3-004.01,3-004,SALINAS VALLEY,SALINAS VALLEY - 180/400 FOOT AQUIFER,84.588404,244978
PTJPL,2010-04-01,3-004.11,3-004,SALINAS VALLEY,SALINAS VALLEY - ATASCADERO AREA,94.965802,25586
PTJPL,2010-04-01,3-004.02,3-004,SALINAS VALLEY,SALINAS VALLEY - EAST SIDE AQUIFER,84.287154,155488
PTJPL,2010-04-01,3-004.04,3-004,SALINAS VALLEY,SALINAS VALLEY - FOREBAY AQUIFER,86.482141,261975
PTJPL,2010-04-01,3-004.09,3-004,SALINAS VALLEY,SALINAS VALLEY - LANGLEY AREA,84.053121,8396
PTJPL,2010-04-01,3-004.10,3-004,SALINAS VALLEY,SALINAS VALLEY - MONTEREY,86.00033,3033
PTJPL,2010-04-01,3-004.06,3-004,SALINAS VALLEY,SALINAS VALLEY - PASO ROBLES AREA,93.148738,339919
PTJPL,2010-04-01,3-004.08,3-004,SALINAS VALLEY,SALINAS VALLEY - SEASIDE,94.517346,1643
PTJPL,2010-04-01,3-004.05,3-004,SALINAS VALLEY,SALINAS VALLEY - UPPER VALLEY AQUIFER,88.210778,280181
PTJPL,2010-04-01,6-017,6-017,SALINE VALLEY,SALINE VALLEY,,0
PTJPL,2010-04-01,6-053,6-053,SALT WELLS VALLEY,SALT WELLS VALLEY,,0
PTJPL,2010-04-01,3-014,3-014,SAN ANTONIO CREEK VALLEY,SAN ANTONIO CREEK VALLEY,94.398899,63229
PTJPL,2010-04-01,3-028,3-028,SAN BENITO RIVER VALLEY,SAN BENITO RIVER VALLEY,80.215906,4187
PTJPL,2010-04-01,3-033,3-033,SAN CARPOFORO VALLEY,SAN CARPOFORO VALLEY,,0
PTJPL,2010-04-01,9-015,9-015,SAN DIEGO RIVER VALLEY,SAN DIEGO RIVER VALLEY,95.410887,1139
PTJPL,2010-04-01,9-012,9-012,SAN DIEGUITO CREEK,SAN DIEGUITO CREEK,115.990062,1610
PTJPL,2010-04-01,9-023,9-023,SAN ELIJO VALLEY,SAN ELIJO VALLEY,84.52,25
PTJPL,2010-04-01,7-027,7-027,SAN FELIPE VALLEY,SAN FELIPE VALLEY,71.972973,74
PTJPL,2010-04-01,4-012,4-012,SAN FERNANDO VALLEY,SAN FERNANDO VALLEY,94.578698,8431
PTJPL,2010-04-01,4-013,4-013,SAN GABRIEL VALLEY,SAN GABRIEL VALLEY,96.918591,9139
PTJPL,2010-04-01,2-024,2-024,SAN GREGORIO VALLEY,SAN GREGORIO VALLEY,90.80531,1130
PTJPL,2010-04-01,8-005,8-005,SAN JACINTO,SAN JACINTO,98.325271,135450
PTJPL,2010-04-01,5-022.05,5-022,SAN JOAQUIN VALLEY,SAN JOAQUIN VALLEY - CHOWCHILLA,103.195828,545902
PTJPL,2010-04-01,5-022.16,5-022,SAN JOAQUIN VALLEY,SAN JOAQUIN VALLEY - COSUMNES,102.923605,250879
PTJPL,2010-04-01,5-022.07,5-022,SAN JOAQUIN VALLEY,SAN JOAQUIN VALLEY - DELTA-MENDOTA,92.138618,2031921
PTJPL,2010-04-01,5-022.19,5-022,SAN JOAQUIN VALLEY,SAN JOAQUIN VALLEY - EAST CONTRA COSTA,111.399361,180148
PTJPL,2010-04-01,5-022.01,5-022,SAN JOAQUIN VALLEY,SAN JOAQUIN VALLEY - EASTERN SAN JOAQUIN,100.867188,1846604
PTJPL,2010-04-01,5-022.11,5-022,SAN JOAQUIN VALLEY,SAN JOAQUIN VALLEY - KAWEAH,96.355445,1384324
PTJPL,2010-04-01,5-022.14,5-022,SAN JOAQUIN VALLEY,SAN JOAQUIN VALLEY - KERN COUNTY,85.446556,3709451
PTJPL,2010-04-01,5-022.17,5-022,SAN JOAQUIN VALLEY,SAN JOAQUIN VALLEY - KETTLEMAN PLAIN,70.843861,135911
PTJPL,2010-04-01,5-022.08,5-022,SAN JOAQUIN VALLEY,SAN JOAQUIN VALLEY - KINGS,92.381709,2980283
PTJPL,2010-04-01,5-022.06,5-022,SAN JOAQUIN VALLEY,SAN JOAQUIN VALLEY - MADERA,96.141926,953242
PTJPL,2010-04-01,5-022.04,5-022,SAN JOAQUIN VALLEY,SAN JOAQUIN VALLEY - MERCED,98.470681,1184928
PTJPL,2010-04-01,5-022.02,5-022,SAN JOAQUIN VALLEY,SAN JOAQUIN VALLEY - MODESTO,104.437833,583344
PTJPL,2010-04-01,5-022.10,5-022,SAN JOAQUIN VALLEY,SAN JOAQUIN VALLEY - PLEASANT VALLEY,75.125641,120709
PTJPL,2010-04-01,5-022.15,5-022,SAN JOAQUIN VALLEY,SAN JOAQUIN VALLEY - TRACY,102.07108,626628
PTJPL,2010-04-01,5-022.12,5-022,SAN JOAQUIN VALLEY,SAN JOAQUIN VALLEY - TULARE LAKE,78.910153,1572583
PTJPL,2010-04-01,5-022.13,5-022,SAN JOAQUIN VALLEY,SAN JOAQUIN VALLEY - TULE,90.795147,1579994
PTJPL,2010-04-01,5-022.03,5-022,SAN JOAQUIN VALLEY,SAN JOAQUIN VALLEY - TURLOCK,104.443496,1022454
PTJPL,2010-04-01,5-022.09,5-022,SAN JOAQUIN VALLEY,SAN JOAQUIN VALLEY - WESTSIDE,86.417747,2400602
PTJPL,2010-04-01,5-022.18,5-022,SAN JOAQUIN VALLEY,SAN JOAQUIN VALLEY - WHITE WOLF,76.433242,162939
PTJPL,2010-04-01,9-001,9-001,SAN JUAN VALLEY,SAN JUAN VALLEY,90.990757,2272
PTJPL,2010-04-01,3-009,3-009,SAN LUIS OBISPO VALLEY,SAN LUIS OBISPO VALLEY,90.656597,16683
PTJPL,2010-04-01,9-007.02,9-007,SAN LUIS REY VALLEY,SAN LUIS REY VALLEY - LOWER SAN LUIS REY VALLEY,100.399783,2764
PTJPL,2010-04-01,9-007.01,9-007,SAN LUIS REY VALLEY,SAN LUIS REY VALLEY - UPPER SAN LUIS REY VALLEY,111.616049,25597
PTJPL,2010-04-01,9-032,9-032,SAN MARCOS AREA,SAN MARCOS AREA,115.074074,27
PTJPL,2010-04-01,9-002,9-002,SAN MATEO VALLEY,SAN MATEO VALLEY,92.333333,9
PTJPL,2010-04-01,9-003,9-003,SAN ONOFRE VALLEY,SAN ONOFRE VALLEY,,0
PTJPL,2010-04-01,9-010,9-010,SAN PASQUAL VALLEY,SAN PASQUAL VALLEY,87.127845,7689
PTJPL,2010-04-01,2-036,2-036,SAN PEDRO VALLEY,SAN PEDRO VALLEY,101.75,24
PTJPL,2010-04-01,2-029,2-029,SAN RAFAEL VALLEY,SAN RAFAEL VALLEY,,0
PTJPL,2010-04-01,2-007,2-007,SAN RAMON VALLEY,SAN RAMON VALLEY,93.973545,378
PTJPL,2010-04-01,3-035,3-035,SAN SIMEON VALLEY,SAN SIMEON VALLEY,94.393519,216
PTJPL,2010-04-01,2-027,2-027,SAND POINT AREA,SAND POINT AREA,95.872836,20564
PTJPL,2010-04-01,1-053,1-053,SANEL VALLEY,SANEL VALLEY,101.37682,11812
PTJPL,2010-04-01,3-022,3-022,SANTA ANA VALLEY,SANTA ANA VALLEY,94.5753,7158
PTJPL,2010-04-01,3-017,3-017,SANTA BARBARA,SANTA BARBARA,98.007205,694
PTJPL,2010-04-01,4-004.05,4-004,SANTA CLARA RIVER VALLEY,SANTA CLARA RIVER VALLEY - FILLMORE,91.546078,50121
PTJPL,2010-04-01,4-004.03,4-004,SANTA CLARA RIVER VALLEY,SANTA CLARA RIVER VALLEY - MOUND,76.860406,9499
PTJPL,2010-04-01,4-004.02,4-004,SANTA CLARA RIVER VALLEY,SANTA CLARA RIVER VALLEY - OXNARD,75.380528,106699
PTJPL,2010-04-01,4-004.06,4-004,SANTA CLARA RIVER VALLEY,SANTA CLARA RIVER VALLEY - PIRU,84.804013,23073
PTJPL,2010-04-01,4-004.07,4-004,SANTA CLARA RIVER VALLEY,SANTA CLARA RIVER VALLEY - SANTA CLARA RIVER VALLEY EAST,81.975026,6807
PTJPL,2010-04-01,4-004.04,4-004,SANTA CLARA RIVER VALLEY,SANTA CLARA RIVER VALLEY - SANTA PAULA,90.92482,40609
PTJPL,2010-04-01,2-009.04,2-009,SANTA CLARA VALLEY,SANTA CLARA VALLEY - EAST BAY PLAIN,97.15189,2989
PTJPL,2010-04-01,2-009.01,2-009,SANTA CLARA VALLEY,SANTA CLARA VALLEY - NILES CONE,98.873814,1791
PTJPL,2010-04-01,2-009.03,2-009,SANTA CLARA VALLEY,SANTA CLARA VALLEY - SAN MATEO PLAIN,102.117084,1358
PTJPL,2010-04-01,2-009.02,2-009,SANTA CLARA VALLEY,SANTA CLARA VALLEY - SANTA CLARA,100.859093,25790
PTJPL,2010-04-01,3-001,3-001,SANTA CRUZ MID-COUNTY,SANTA CRUZ MID-COUNTY,96.231775,3978
PTJPL,2010-04-01,3-027,3-027,SANTA MARGARITA,SANTA MARGARITA,102.892617,298
PTJPL,2010-04-01,9-004,9-004,SANTA MARGARITA VALLEY,SANTA MARGARITA VALLEY,,0
PTJPL,2010-04-01,3-012.02,3-012,SANTA MARIA RIVER VALLEY,SANTA MARIA RIVER VALLEY - ARROYO GRANDE,79.913212,6176
PTJPL,2010-04-01,3-012.01,3-012,SANTA MARIA RIVER VALLEY,SANTA MARIA RIVER VALLEY - SANTA MARIA,86.548417,262758
PTJPL,2010-04-01,9-011,9-011,SANTA MARIA VALLEY,SANTA MARIA VALLEY,93.954345,3176
PTJPL,2010-04-01,6-068,6-068,SANTA ROSA FLAT,SANTA ROSA FLAT,,0
PTJPL,2010-04-01,3-036,3-036,SANTA ROSA VALLEY,SANTA ROSA VALLEY,90.651239,2744
PTJPL,2010-04-01,1-055.02,1-055,SANTA ROSA VALLEY,SANTA ROSA VALLEY - HEALDSBURG AREA,93.323811,31401
PTJPL,2010-04-01,1-055.03,1-055,SANTA ROSA VALLEY,SANTA ROSA VALLEY - RINCON VALLEY,91.709122,581
PTJPL,2010-04-01,1-055.01,1-055,SANTA ROSA VALLEY,SANTA ROSA VALLEY - SANTA ROSA PLAIN,97.663782,81016
PTJPL,2010-04-01,3-015,3-015,SANTA YNEZ RIVER VALLEY,SANTA YNEZ RIVER VALLEY,90.615189,118162
PTJPL,2010-04-01,1-005,1-005,SCOTT RIVER VALLEY,SCOTT RIVER VALLEY,84.485291,147258
PTJPL,2010-04-01,5-014,5-014,SCOTTS VALLEY,SCOTTS VALLEY,99.107688,7271
PTJPL,2010-04-01,6-052,6-052,SEARLES VALLEY,SEARLES VALLEY,,0
PTJPL,2010-04-01,6-100,6-100,SECRET VALLEY,SECRET VALLEY,73.541239,12379
PTJPL,2010-04-01,1-016,1-016,SEIAD VALLEY,SEIAD VALLEY,73.457859,439
PTJPL,2010-04-01,8-008,8-008,SEVEN OAKS VALLEY,SEVEN OAKS VALLEY,,0
PTJPL,2010-04-01,1-004,1-004,SHASTA VALLEY,SHASTA VALLEY,89.519823,257678
PTJPL,2010-04-01,1-042,1-042,SHERWOOD VALLEY,SHERWOOD VALLEY,,0
PTJPL,2010-04-01,5-012.02,5-012,SIERRA VALLEY,SIERRA VALLEY - CHILCOOT,71.269573,5505
PTJPL,2010-04-01,5-012.01,5-012,SIERRA VALLEY,SIERRA VALLEY - SIERRA VALLEY,75.062703,213275
PTJPL,2010-04-01,6-034,6-034,SILVER LAKE VALLEY,SILVER LAKE VALLEY,,0
PTJPL,2010-04-01,4-009,4-009,SIMI VALLEY,SIMI VALLEY,90.797995,1297
PTJPL,2010-04-01,6-105,6-105,SLINKARD VALLEY,SLINKARD VALLEY,,0
PTJPL,2010-04-01,1-001,1-001,SMITH RIVER PLAIN,SMITH RIVER PLAIN,63.486938,36364
PTJPL,2010-04-01,6-033,6-033,SODA LAKE VALLEY,SODA LAKE VALLEY,,0
PTJPL,2010-04-01,2-037,2-037,SOUTH SAN FRANCISCO,SOUTH SAN FRANCISCO,,0
PTJPL,2010-04-01,6-082,6-082,SPRING CANYON VALLEY,SPRING CANYON VALLEY,,0
PTJPL,2010-04-01,5-089,5-089,SQUAW FLAT,SQUAW FLAT,,0
PTJPL,2010-04-01,5-088,5-088,STONY GORGE RESERVOIR,STONY GORGE RESERVOIR,101.105809,964
PTJPL,2010-04-01,5-063,5-063,STONYFORD TOWN AREA,STONYFORD TOWN AREA,93.984703,3857
PTJPL,2010-04-01,2-003,2-003,SUISUN-FAIRFIELD VALLEY,SUISUN-FAIRFIELD VALLEY,114.069676,91868
PTJPL,2010-04-01,2-011,2-011,SUNOL VALLEY,SUNOL VALLEY,97.95471,1656
PTJPL,2010-04-01,6-049,6-049,SUPERIOR VALLEY,SUPERIOR VALLEY,,0
PTJPL,2010-04-01,6-001,6-001,SURPRISE VALLEY,SURPRISE VALLEY,65.934918,234180
PTJPL,2010-04-01,6-107,6-107,SWEETWATER FLAT,SWEETWATER FLAT,39.780864,324
PTJPL,2010-04-01,6-005.03,6-005,TAHOE VALLEY,TAHOE VALLEY - TAHOE NORTH,56.680952,210
PTJPL,2010-04-01,6-005.01,6-005,TAHOE VALLEY,TAHOE VALLEY - TAHOE SOUTH,48.060484,744
PTJPL,2010-04-01,6-005.02,6-005,TAHOE VALLEY,TAHOE VALLEY - TAHOE WEST,41.678363,171
PTJPL,2010-04-01,6-045,6-045,TEHACHAPI VALLEY EAST,TEHACHAPI VALLEY EAST,66.003238,3397
PTJPL,2010-04-01,5-028,5-028,TEHACHAPI VALLEY WEST,TEHACHAPI VALLEY WEST,66.048458,4540
PTJPL,2010-04-01,9-005,9-005,TEMECULA VALLEY,TEMECULA VALLEY,109.214359,20517
PTJPL,2010-04-01,1-040,1-040,TEN MILE RIVER VALLEY,TEN MILE RIVER VALLEY,76.555024,209
PTJPL,2010-04-01,7-026,7-026,TERWILLIGER VALLEY,TERWILLIGER VALLEY,74.710059,169
PTJPL,2010-04-01,4-019,4-019,THOUSAND OAKS AREA,THOUSAND OAKS AREA,106.672727,385
PTJPL,2010-04-01,4-015,4-015,TIERRA REJADA,TIERRA REJADA,87.485337,4092
PTJPL,2010-04-01,5-037,5-037,TOAD WELL AREA,TOAD WELL AREA,,0
PTJPL,2010-04-01,3-040,3-040,TORO VALLEY,TORO VALLEY,97.316216,370
PTJPL,2010-04-01,6-098,6-098,TULEDAD CANYON VALLEY,TULEDAD CANYON VALLEY,60.409677,310
PTJPL,2010-04-01,7-010,7-010,TWENTYNINE PALMS VALLEY,TWENTYNINE PALMS VALLEY,66.564926,747
PTJPL,2010-04-01,1-052,1-052,UKIAH VALLEY,UKIAH VALLEY,101.121308,43476
PTJPL,2010-04-01,6-022,6-022,UPPER KINGSTON VALLEY,UPPER KINGSTON VALLEY,,0
PTJPL,2010-04-01,5-013,5-013,UPPER LAKE VALLEY,UPPER LAKE VALLEY,90.925481,12413
PTJPL,2010-04-01,6-042,6-042,UPPER MOJAVE RIVER VALLEY,UPPER MOJAVE RIVER VALLEY,80.940575,6748
PTJPL,2010-04-01,4-001,4-001,UPPER OJAI VALLEY,UPPER OJAI VALLEY,96.588039,3294
PTJPL,2010-04-01,3-023,3-023,UPPER SANTA ANA VALLEY,UPPER SANTA ANA VALLEY,91.285714,7
PTJPL,2010-04-01,8-002.05,8-002,UPPER SANTA ANA VALLEY,UPPER SANTA ANA VALLEY - CAJON,51.958824,170
PTJPL,2010-04-01,8-002.01,8-002,UPPER SANTA ANA VALLEY,UPPER SANTA ANA VALLEY - CHINO,87.024389,29440
PTJPL,2010-04-01,8-002.02,8-002,UPPER SANTA ANA VALLEY,UPPER SANTA ANA VALLEY - CUCAMONGA,84.322388,670
PTJPL,2010-04-01,8-002.04,8-002,UPPER SANTA ANA VALLEY,UPPER SANTA ANA VALLEY - RIALTO-COLTON,75.793296,1253
PTJPL,2010-04-01,8-002.03,8-002,UPPER SANTA ANA VALLEY,UPPER SANTA ANA VALLEY - RIVERSIDE-ARLINGTON,96.215953,13966
PTJPL,2010-04-01,8-002.06,8-002,UPPER SANTA ANA VALLEY,UPPER SANTA ANA VALLEY - SAN BERNARDINO,82.876874,15545
PTJPL,2010-04-01,8-002.08,8-002,UPPER SANTA ANA VALLEY,UPPER SANTA ANA VALLEY - SAN TIMOTEO,81.771159,4667
PTJPL,2010-04-01,8-002.09,8-002,UPPER SANTA ANA VALLEY,UPPER SANTA ANA VALLEY - TEMESCAL,108.394083,845
PTJPL,2010-04-01,8-002.07,8-002,UPPER SANTA ANA VALLEY,UPPER SANTA ANA VALLEY - YUCAIPA,77.389083,2858
PTJPL,2010-04-01,7-028,7-028,VALLECITO-CARRIZO VALLEY,VALLECITO-CARRIZO VALLEY,,0
PTJPL,2010-04-01,5-071,5-071,VALLECITOS CREEK VALLEY,VALLECITOS CREEK VALLEY,,0
PTJPL,2010-04-01,7-063,7-063,VANDEVENTER FLAT,VANDEVENTER FLAT,,0
PTJPL,2010-04-01,4-003.02,4-003,VENTURA RIVER VALLEY,VENTURA RIVER VALLEY - LOWER VENTURA RIVER,79.776962,1771
PTJPL,2010-04-01,4-003.01,4-003,VENTURA RIVER VALLEY,VENTURA RIVER VALLEY - UPPER VENTURA RIVER,89.290435,2300
PTJPL,2010-04-01,7-042,7-042,VIDAL VALLEY,VIDAL VALLEY,,0
PTJPL,2010-04-01,3-037,3-037,VILLA VALLEY,VILLA VALLEY,87.313817,854
PTJPL,2010-04-01,2-032,2-032,VISITACION VALLEY,VISITACION VALLEY,101.039326,178
PTJPL,2010-04-01,5-026,5-026,WALKER BASIN CREEK VALLEY,WALKER BASIN CREEK VALLEY,71.028026,6387
PTJPL,2010-04-01,7-003,7-003,WARD VALLEY,WARD VALLEY,,0
PTJPL,2010-04-01,9-008,9-008,WARNER VALLEY,WARNER VALLEY,77.653061,343
PTJPL,2010-04-01,7-012,7-012,WARREN VALLEY,WARREN VALLEY,66.501449,345
PTJPL,2010-04-01,1-031,1-031,WEOTT TOWN AREA,WEOTT TOWN AREA,69.644359,523
PTJPL,2010-04-01,7-022,7-022,WEST SALTON SEA,WEST SALTON SEA,,0
PTJPL,2010-04-01,3-026,3-026,WEST SANTA CRUZ TERRACE,WEST SANTA CRUZ TERRACE,105.535335,1599
PTJPL,2010-04-01,2-035,2-035,WESTSIDE,WESTSIDE,101.679315,3795
PTJPL,2010-04-01,6-073,6-073,WILD HORSE MESA AREA,WILD HORSE MESA AREA,,0
PTJPL,2010-04-01,6-075,6-075,WILDROSE CANYON,WILDROSE CANYON,,0
PTJPL,2010-04-01,1-043,1-043,WILLIAMS VALLEY,WILLIAMS VALLEY,99.463918,485
PTJPL,2010-04-01,6-003,6-003,WILLOW CREEK VALLEY,WILLOW CREEK VALLEY,77.97506,26463
PTJPL,2010-04-01,1-059,1-059,WILSON GROVE FORMATION HIGHLANDS,WILSON GROVE FORMATION HIGHLANDS,97.164424,70610
PTJPL,2010-04-01,1-062,1-062,WILSON POINT AREA,WILSON POINT AREA,81.222222,9
PTJPL,2010-04-01,6-019,6-019,WINGATE VALLEY,WINGATE VALLEY,,0
PTJPL,2010-04-01,7-056,7-056,YAQUI WELL AREA,YAQUI WELL AREA,,0
PTJPL,2010-04-01,5-056,5-056,YELLOW CREEK VALLEY,YELLOW CREEK VALLEY,72.552977,5861
PTJPL,2010-04-01,2-006,2-006,YGNACIO VALLEY,YGNACIO VALLEY,95.817284,405
PTJPL,2010-04-01,5-069,5-069,YOSEMITE VALLEY,YOSEMITE VALLEY,,0
PTJPL,2010-04-01,7-036,7-036,YUMA VALLEY,YUMA VALLEY,105.394971,66610
