Model,Date,Basin_Subb,Basin_Numb,Basin_Name,Basin_Su_1,ET,Pixel_Count
PTJPL,2004-12-01,4-005,4-005,ACTON VALLEY,ACTON VALLEY,23.223054,668
PTJPL,2004-12-01,6-010,6-010,ADOBE LAKE VALLEY,ADOBE LAKE VALLEY,,0
PTJPL,2004-12-01,1-054.01,1-054,ALEXANDER VALLEY,ALEXANDER VALLEY - ALEXANDER AREA,32.293087,39739
PTJPL,2004-12-01,1-054.02,1-054,ALEXANDER VALLEY,ALEXANDER VALLEY - CLOVERDALE AREA,31.14673,9480
PTJPL,2004-12-01,5-002.01,5-002,ALTURAS AREA,ALTURAS AREA - SOUTH FORK PITT RIVER,22.825827,159784
PTJPL,2004-12-01,5-002.02,5-002,ALTURAS AREA,ALTURAS AREA - WARM SPRINGS VALLEY,22.800934,74337
PTJPL,2004-12-01,5-010,5-010,AMERICAN VALLEY,AMERICAN VALLEY,32.177138,9693
PTJPL,2004-12-01,7-016,7-016,AMES VALLEY,AMES VALLEY,,0
PTJPL,2004-12-01,7-034,7-034,AMOS VALLEY,AMOS VALLEY,,0
PTJPL,2004-12-01,1-019,1-019,ANDERSON VALLEY,ANDERSON VALLEY,28.541458,5982
PTJPL,2004-12-01,1-049,1-049,ANNAPOLIS OHLSON RANCH FORMATION HIGHLANDS,ANNAPOLIS OHLSON RANCH FORMATION HIGHLANDS,29.593285,2353
PTJPL,2004-12-01,5-091,5-091,ANTELOPE CREEK,ANTELOPE CREEK,34.554517,1605
PTJPL,2004-12-01,6-044,6-044,ANTELOPE VALLEY,ANTELOPE VALLEY,33.263134,137884
PTJPL,2004-12-01,6-007,6-007,ANTELOPE VALLEY,ANTELOPE VALLEY,18.097548,48489
PTJPL,2004-12-01,3-034,3-034,ARROYO DE LA CRUZ VALLEY,ARROYO DE LA CRUZ VALLEY,29.13197,538
PTJPL,2004-12-01,2-031,2-031,ARROYO DEL HAMBRE VALLEY,ARROYO DEL HAMBRE VALLEY,,0
PTJPL,2004-12-01,4-007,4-007,ARROYO SANTA ROSA VALLEY,ARROYO SANTA ROSA VALLEY,46.810673,7870
PTJPL,2004-12-01,7-037,7-037,ARROYO SECO VALLEY,ARROYO SECO VALLEY,,0
PTJPL,2004-12-01,5-054,5-054,ASH VALLEY,ASH VALLEY,22.742111,12106
PTJPL,2004-12-01,6-026,6-026,AVAWATZ VALLEY,AVAWATZ VALLEY,,0
PTJPL,2004-12-01,3-020,3-020,A�O NUEVO AREA,A�O NUEVO AREA,26.582312,1877
PTJPL,2004-12-01,9-022,9-022,BATIQUITOS LAGOON VALLEY,BATIQUITOS LAGOON VALLEY,36.909677,620
PTJPL,2004-12-01,8-009,8-009,BEAR VALLEY,BEAR VALLEY,8.261628,172
PTJPL,2004-12-01,5-064,5-064,BEAR VALLEY,BEAR VALLEY,30.088235,510
PTJPL,2004-12-01,5-020,5-020,BERRYESSA VALLEY,BERRYESSA VALLEY,,0
PTJPL,2004-12-01,7-015,7-015,BESSEMER VALLEY,BESSEMER VALLEY,,0
PTJPL,2004-12-01,6-025,6-025,BICYCLE VALLEY,BICYCLE VALLEY,,0
PTJPL,2004-12-01,1-027,1-027,BIG LAGOON AREA,BIG LAGOON AREA,31.692308,39
PTJPL,2004-12-01,8-007,8-007,BIG MEADOWS VALLEY,BIG MEADOWS VALLEY,,0
PTJPL,2004-12-01,1-045,1-045,BIG RIVER VALLEY,BIG RIVER VALLEY,,0
PTJPL,2004-12-01,3-047,3-047,BIG SPRING AREA,BIG SPRING AREA,37.985839,918
PTJPL,2004-12-01,5-015,5-015,BIG VALLEY,BIG VALLEY,29.419162,41008
PTJPL,2004-12-01,5-004,5-004,BIG VALLEY,BIG VALLEY,24.376812,163044
PTJPL,2004-12-01,3-030,3-030,BITTER WATER VALLEY,BITTER WATER VALLEY,28.140858,7575
PTJPL,2004-12-01,6-013,6-013,BLACK SPRINGS VALLEY,BLACK SPRINGS VALLEY,,0
PTJPL,2004-12-01,5-092,5-092,BLANCHARD VALLEY,BLANCHARD VALLEY,31.697345,1130
PTJPL,2004-12-01,1-057,1-057,BODEGA BAY AREA,BODEGA BAY AREA,27.324675,154
PTJPL,2004-12-01,7-024.01,7-024,BORREGO VALLEY,BORREGO VALLEY - BORREGO SPRINGS,28.320113,17397
PTJPL,2004-12-01,7-024.02,7-024,BORREGO VALLEY,BORREGO VALLEY - OCOTILLO WELLS,27.5,12
PTJPL,2004-12-01,1-039,1-039,BRANSCOMB TOWN AREA,BRANSCOMB TOWN AREA,,0
PTJPL,2004-12-01,1-017,1-017,BRAY TOWN AREA,BRAY TOWN AREA,26.710702,3588
PTJPL,2004-12-01,6-008,6-008,BRIDGEPORT VALLEY,BRIDGEPORT VALLEY,13.001527,74646
PTJPL,2004-12-01,7-008,7-008,BRISTOL VALLEY,BRISTOL VALLEY,15.143037,7963
PTJPL,2004-12-01,5-080,5-080,BRITE VALLEY,BRITE VALLEY,26.905589,1324
PTJPL,2004-12-01,6-032,6-032,BROADWELL VALLEY,BROADWELL VALLEY,,0
PTJPL,2004-12-01,6-076,6-076,BROWN MOUNTAIN VALLEY,BROWN MOUNTAIN VALLEY,,0
PTJPL,2004-12-01,7-054,7-054,BUCK RIDGE FAULT VALLEY,BUCK RIDGE FAULT VALLEY,,0
PTJPL,2004-12-01,6-101,6-101,BULL FLAT,BULL FLAT,,0
PTJPL,2004-12-01,5-048,5-048,BURNEY CREEK VALLEY,BURNEY CREEK VALLEY,28.490514,6852
PTJPL,2004-12-01,5-017,5-017,BURNS VALLEY,BURNS VALLEY,29.72203,1734
PTJPL,2004-12-01,5-051,5-051,BUTTE CREEK VALLEY,BUTTE CREEK VALLEY,,0
PTJPL,2004-12-01,1-003,1-003,BUTTE VALLEY,BUTTE VALLEY,28.25942,129269
PTJPL,2004-12-01,6-081,6-081,BUTTE VALLEY,BUTTE VALLEY,,0
PTJPL,2004-12-01,6-070,6-070,CACTUS FLAT,CACTUS FLAT,,0
PTJPL,2004-12-01,7-007,7-007,CADIZ VALLEY,CADIZ VALLEY,,0
PTJPL,2004-12-01,6-090,6-090,CADY FAULT AREA,CADY FAULT AREA,,0
PTJPL,2004-12-01,9-006,9-006,CAHUILLA VALLEY,CAHUILLA VALLEY,11.73616,6250
PTJPL,2004-12-01,6-079,6-079,CALIFORNIA VALLEY,CALIFORNIA VALLEY,,0
PTJPL,2004-12-01,7-041,7-041,CALZONA VALLEY,CALZONA VALLEY,,0
PTJPL,2004-12-01,6-061,6-061,CAMEO AREA,CAMEO AREA,,0
PTJPL,2004-12-01,9-028,9-028,CAMPO VALLEY,CAMPO VALLEY,20.293651,126
PTJPL,2004-12-01,7-046,7-046,CANEBRAKE VALLEY,CANEBRAKE VALLEY,,0
PTJPL,2004-12-01,3-007,3-007,CARMEL VALLEY,CARMEL VALLEY,31.146646,1282
PTJPL,2004-12-01,3-018,3-018,CARPINTERIA,CARPINTERIA,59.317372,13073
PTJPL,2004-12-01,3-019,3-019,CARRIZO PLAIN,CARRIZO PLAIN,40.20555,22739
PTJPL,2004-12-01,6-006,6-006,CARSON VALLEY,CARSON VALLEY,22.622463,10150
PTJPL,2004-12-01,5-029,5-029,CASTAC LAKE VALLEY,CASTAC LAKE VALLEY,38.271868,846
PTJPL,2004-12-01,2-008,2-008,CASTRO VALLEY,CASTRO VALLEY,,0
PTJPL,2004-12-01,6-038,6-038,CAVES CANYON VALLEY,CAVES CANYON VALLEY,,0
PTJPL,2004-12-01,5-045,5-045,CAYTON VALLEY,CAYTON VALLEY,28.731529,4250
PTJPL,2004-12-01,3-038,3-038,CAYUCOS VALLEY,CAYUCOS VALLEY,,0
PTJPL,2004-12-01,7-043,7-043,CHEMEHUEVI VALLEY,CHEMEHUEVI VALLEY,,0
PTJPL,2004-12-01,7-032,7-032,CHOCOLATE VALLEY,CHOCOLATE VALLEY,17.044776,67
PTJPL,2004-12-01,3-005,3-005,CHOLAME VALLEY,CHOLAME VALLEY,35.454905,17718
PTJPL,2004-12-01,3-042,3-042,CHORRO VALLEY,CHORRO VALLEY,38.073359,1295
PTJPL,2004-12-01,5-061,5-061,CHROME TOWN AREA,CHROME TOWN AREA,35.970646,511
PTJPL,2004-12-01,7-005,7-005,CHUCKWALLA VALLEY,CHUCKWALLA VALLEY,24.086664,4604
PTJPL,2004-12-01,2-005,2-005,CLAYTON VALLEY,CLAYTON VALLEY,20.032209,652
PTJPL,2004-12-01,5-066,5-066,CLEAR LAKE CACHE FORMATION,CLEAR LAKE CACHE FORMATION,30.256383,940
PTJPL,2004-12-01,5-058,5-058,CLOVER VALLEY,CLOVER VALLEY,25.693333,150
PTJPL,2004-12-01,7-021.03,7-021,COACHELLA VALLEY,COACHELLA VALLEY - DESERT HOT SPRINGS,29.308883,2713
PTJPL,2004-12-01,7-021.01,7-021,COACHELLA VALLEY,COACHELLA VALLEY - INDIO,33.491082,293745
PTJPL,2004-12-01,7-021.02,7-021,COACHELLA VALLEY,COACHELLA VALLEY - MISSION CREEK,21.142127,978
PTJPL,2004-12-01,7-021.04,7-021,COACHELLA VALLEY,COACHELLA VALLEY - SAN GORGONIO PASS,22.087079,356
PTJPL,2004-12-01,4-011.04,4-011,COASTAL PLAIN OF LOS ANGELES,COASTAL PLAIN OF LOS ANGELES - CENTRAL,44.314775,7005
PTJPL,2004-12-01,4-011.02,4-011,COASTAL PLAIN OF LOS ANGELES,COASTAL PLAIN OF LOS ANGELES - HOLLYWOOD,37.139319,323
PTJPL,2004-12-01,4-011.01,4-011,COASTAL PLAIN OF LOS ANGELES,COASTAL PLAIN OF LOS ANGELES - SANTA MONICA,35.961061,4186
PTJPL,2004-12-01,4-011.03,4-011,COASTAL PLAIN OF LOS ANGELES,COASTAL PLAIN OF LOS ANGELES - WEST COAST,45.971168,4058
PTJPL,2004-12-01,8-001,8-001,COASTAL PLAIN OF ORANGE COUNTY,COASTAL PLAIN OF ORANGE COUNTY,36.708553,23946
PTJPL,2004-12-01,9-033,9-033,COASTAL PLAIN OF SAN DIEGO,COASTAL PLAIN OF SAN DIEGO,38.10921,3507
PTJPL,2004-12-01,6-072,6-072,COLES FLAT,COLES FLAT,,0
PTJPL,2004-12-01,5-019,5-019,COLLAYOMI VALLEY,COLLAYOMI VALLEY,31.193238,3845
PTJPL,2004-12-01,7-055,7-055,COLLINS VALLEY,COLLINS VALLEY,,0
PTJPL,2004-12-01,4-010,4-010,CONEJO,CONEJO,34.473896,498
PTJPL,2004-12-01,7-011,7-011,COPPER MOUNTAIN VALLEY,COPPER MOUNTAIN VALLEY,,0
PTJPL,2004-12-01,3-002.01,3-002,CORRALITOS,CORRALITOS - PAJARO VALLEY,29.168591,109211
PTJPL,2004-12-01,3-002.02,3-002,CORRALITOS,CORRALITOS - PURISIMA HIGHLANDS,31.209052,464
PTJPL,2004-12-01,6-055,6-055,COSO VALLEY,COSO VALLEY,,0
PTJPL,2004-12-01,1-037,1-037,COTTONEVA CREEK VALLEY,COTTONEVA CREEK VALLEY,,0
PTJPL,2004-12-01,9-027,9-027,COTTONWOOD VALLEY,COTTONWOOD VALLEY,18.214286,70
PTJPL,2004-12-01,1-011,1-011,COVELO ROUND VALLEY,COVELO ROUND VALLEY,32.124846,36541
PTJPL,2004-12-01,6-091,6-091,COW HEAD LAKE VALLEY,COW HEAD LAKE VALLEY,14.948671,15430
PTJPL,2004-12-01,6-037,6-037,COYOTE LAKE VALLEY,COYOTE LAKE VALLEY,17.028807,972
PTJPL,2004-12-01,5-018,5-018,COYOTE VALLEY,COYOTE VALLEY,31.436792,6534
PTJPL,2004-12-01,7-029,7-029,COYOTE WELLS VALLEY,COYOTE WELLS VALLEY,18.0375,80
PTJPL,2004-12-01,6-035,6-035,CRONISE VALLEY,CRONISE VALLEY,,0
PTJPL,2004-12-01,6-050,6-050,CUDDEBACK VALLEY,CUDDEBACK VALLEY,,0
PTJPL,2004-12-01,5-082,5-082,CUDDY CANYON VALLEY,CUDDY CANYON VALLEY,,0
PTJPL,2004-12-01,5-083,5-083,CUDDY RANCH AREA,CUDDY RANCH AREA,,0
PTJPL,2004-12-01,5-084,5-084,CUDDY VALLEY,CUDDY VALLEY,31.75,16
PTJPL,2004-12-01,5-027,5-027,CUMMINGS VALLEY,CUMMINGS VALLEY,29.229239,11464
PTJPL,2004-12-01,3-013,3-013,CUYAMA VALLEY,CUYAMA VALLEY,40.743121,153773
PTJPL,2004-12-01,7-009,7-009,DALE VALLEY,DALE VALLEY,14.401316,152
PTJPL,2004-12-01,6-057,6-057,DARWIN VALLEY,DARWIN VALLEY,,0
PTJPL,2004-12-01,7-061,7-061,DAVIES VALLEY,DAVIES VALLEY,,0
PTJPL,2004-12-01,7-013.01,7-013,DEADMAN VALLEY,DEADMAN VALLEY - DEADMAN LAKE,,0
PTJPL,2004-12-01,7-013.02,7-013,DEADMAN VALLEY,DEADMAN VALLEY - SURPRISE SPRING,,0
PTJPL,2004-12-01,6-018,6-018,DEATH VALLEY,DEATH VALLEY,22.5,18
PTJPL,2004-12-01,6-015,6-015,DEEP SPRINGS VALLEY,DEEP SPRINGS VALLEY,14.925984,635
PTJPL,2004-12-01,6-078,6-078,DENNING SPRING VALLEY,DENNING SPRING VALLEY,,0
PTJPL,2004-12-01,1-034,1-034,DINSMORES TOWN AREA,DINSMORES TOWN AREA,21.511628,86
PTJPL,2004-12-01,5-053,5-053,DIXIE VALLEY,DIXIE VALLEY,27.309634,11449
PTJPL,2004-12-01,2-040,2-040,DOWNTOWN,DOWNTOWN,,0
PTJPL,2004-12-01,5-049,5-049,DRY BURNEY CREEK VALLEY,DRY BURNEY CREEK VALLEY,,0
PTJPL,2004-12-01,3-029,3-029,DRY LAKE VALLEY,DRY LAKE VALLEY,30.781481,540
PTJPL,2004-12-01,6-095,6-095,DRY VALLEY,DRY VALLEY,,0
PTJPL,2004-12-01,6-096,6-096,EAGLE LAKE AREA,EAGLE LAKE AREA,,0
PTJPL,2004-12-01,7-033,7-033,EAST SALTON SEA,EAST SALTON SEA,30.328995,40262
PTJPL,2004-12-01,1-044,1-044,EDEN VALLEY,EDEN VALLEY,27.986094,1654
PTJPL,2004-12-01,1-010,1-010,EEL RIVER VALLEY,EEL RIVER VALLEY,24.905118,118062
PTJPL,2004-12-01,5-041,5-041,EGG LAKE VALLEY,EGG LAKE VALLEY,,0
PTJPL,2004-12-01,9-016,9-016,EL CAJON VALLEY,EL CAJON VALLEY,32.322581,31
PTJPL,2004-12-01,6-043,6-043,EL MIRAGE VALLEY,EL MIRAGE VALLEY,22.645463,3207
PTJPL,2004-12-01,5-062,5-062,ELK CREEK AREA,ELK CREEK AREA,34.195804,143
PTJPL,2004-12-01,8-004.02,8-004,ELSINORE,ELSINORE - BEDFORD-COLDWATER,23.509499,1158
PTJPL,2004-12-01,8-004.01,8-004,ELSINORE,ELSINORE - ELSINORE VALLEY,27.747664,107
PTJPL,2004-12-01,9-009,9-009,ESCONDIDO VALLEY,ESCONDIDO VALLEY,25.882353,34
PTJPL,2004-12-01,1-009,1-009,EUREKA PLAIN,EUREKA PLAIN,26.956248,20936
PTJPL,2004-12-01,6-016,6-016,EUREKA VALLEY,EUREKA VALLEY,,0
PTJPL,2004-12-01,1-022,1-022,FAIRCHILD SWAMP VALLEY,FAIRCHILD SWAMP VALLEY,,0
PTJPL,2004-12-01,5-005,5-005,FALL RIVER VALLEY,FALL RIVER VALLEY,29.191059,133901
PTJPL,2004-12-01,7-002,7-002,FENNER VALLEY,FENNER VALLEY,,0
PTJPL,2004-12-01,6-014,6-014,FISH LAKE VALLEY,FISH LAKE VALLEY,10.444003,14340
PTJPL,2004-12-01,3-053,3-053,FOOTHILL,FOOTHILL,66.2,35
PTJPL,2004-12-01,1-021,1-021,FORT BRAGG TERRACE AREA,FORT BRAGG TERRACE AREA,28.273242,9530
PTJPL,2004-12-01,1-061,1-061,FORT ROSS TERRACE DEPOSITS,FORT ROSS TERRACE DEPOSITS,27.70195,1077
PTJPL,2004-12-01,6-046,6-046,FREMONT VALLEY,FREMONT VALLEY,28.67881,1949
PTJPL,2004-12-01,5-090,5-090,FUNKS CREEK,FUNKS CREEK,34.678157,3278
PTJPL,2004-12-01,1-032,1-032,GARBERVILLE TOWN AREA,GARBERVILLE TOWN AREA,29.296642,536
PTJPL,2004-12-01,1-020,1-020,GARCIA RIVER VALLEY,GARCIA RIVER VALLEY,23.722222,2790
PTJPL,2004-12-01,3-003.01,3-003,GILROY-HOLLISTER VALLEY,GILROY-HOLLISTER VALLEY - LLAGAS AREA,31.826481,76637
PTJPL,2004-12-01,3-003.05,3-003,GILROY-HOLLISTER VALLEY,GILROY-HOLLISTER VALLEY - NORTH SAN BENITO,31.723524,194932
PTJPL,2004-12-01,6-085,6-085,GOLD VALLEY,GOLD VALLEY,,0
PTJPL,2004-12-01,6-048,6-048,GOLDSTONE VALLEY,GOLDSTONE VALLEY,,0
PTJPL,2004-12-01,3-016,3-016,GOLETA,GOLETA,60.711177,3355
PTJPL,2004-12-01,5-001.02,5-001,GOOSE LAKE,GOOSE LAKE - FANDANGO VALLEY,18.226768,29065
PTJPL,2004-12-01,5-001.01,5-001,GOOSE LAKE,GOOSE LAKE - GOOSE VALLEY,15.040114,55741
PTJPL,2004-12-01,5-047,5-047,GOOSE VALLEY,GOOSE VALLEY,29.736597,15463
PTJPL,2004-12-01,6-077,6-077,GRASS VALLEY,GRASS VALLEY,,0
PTJPL,2004-12-01,6-094,6-094,GRASSHOPPER VALLEY,GRASSHOPPER VALLEY,27.550496,3733
PTJPL,2004-12-01,1-048,1-048,GRAVELLY VALLEY,GRAVELLY VALLEY,,0
PTJPL,2004-12-01,5-052,5-052,GRAYS VALLEY,GRAYS VALLEY,,0
PTJPL,2004-12-01,6-084,6-084,GREENWATER VALLEY,GREENWATER VALLEY,,0
PTJPL,2004-12-01,5-059,5-059,GRIZZLY VALLEY,GRIZZLY VALLEY,,0
PTJPL,2004-12-01,2-022,2-022,HALF MOON BAY TERRACE,HALF MOON BAY TERRACE,26.748346,9521
PTJPL,2004-12-01,1-015,1-015,HAPPY CAMP TOWN AREA,HAPPY CAMP TOWN AREA,24.840426,94
PTJPL,2004-12-01,6-047,6-047,HARPER VALLEY,HARPER VALLEY,25.466949,5658
PTJPL,2004-12-01,6-074,6-074,HARRISBURG FLATS,HARRISBURG FLATS,,0
PTJPL,2004-12-01,6-093,6-093,HARVEY VALLEY,HARVEY VALLEY,,0
PTJPL,2004-12-01,1-006,1-006,HAYFORK VALLEY,HAYFORK VALLEY,28.566292,3115
PTJPL,2004-12-01,7-048,7-048,HELENDALE FAULT VALLEY,HELENDALE FAULT VALLEY,,0
PTJPL,2004-12-01,8-006,8-006,HEMET LAKE VALLEY,HEMET LAKE VALLEY,,0
PTJPL,2004-12-01,3-031,3-031,HERNANDEZ VALLEY,HERNANDEZ VALLEY,27.88946,389
PTJPL,2004-12-01,1-036,1-036,HETTENSHAW VALLEY,HETTENSHAW VALLEY,23.346957,2202
PTJPL,2004-12-01,7-053,7-053,HEXIE MOUNTAIN AREA,HEXIE MOUNTAIN AREA,,0
PTJPL,2004-12-01,6-063,6-063,HIDDEN VALLEY,HIDDEN VALLEY,,0
PTJPL,2004-12-01,4-016,4-016,HIDDEN VALLEY,HIDDEN VALLEY,30.68171,3767
PTJPL,2004-12-01,5-016,5-016,HIGH VALLEY,HIGH VALLEY,29.806544,2781
PTJPL,2004-12-01,6-004,6-004,HONEY LAKE VALLEY,HONEY LAKE VALLEY,23.773498,6309
PTJPL,2004-12-01,1-029,1-029,HONEYDEW TOWN AREA,HONEYDEW TOWN AREA,25.228233,1183
PTJPL,2004-12-01,1-007,1-007,HOOPA VALLEY,HOOPA VALLEY,34.227735,786
PTJPL,2004-12-01,6-097,6-097,HORSE LAKE VALLEY,HORSE LAKE VALLEY,23.309362,3824
PTJPL,2004-12-01,5-040,5-040,HOT SPRINGS VALLEY,HOT SPRINGS VALLEY,27.772811,3266
PTJPL,2004-12-01,3-045,3-045,HUASNA VALLEY,HUASNA VALLEY,41.948901,3366
PTJPL,2004-12-01,5-060,5-060,HUMBUG VALLEY,HUMBUG VALLEY,29.590631,982
PTJPL,2004-12-01,4-018,4-018,HUNGRY VALLEY,HUNGRY VALLEY,,0
PTJPL,2004-12-01,1-035,1-035,HYAMPOM VALLEY,HYAMPOM VALLEY,31.659864,441
PTJPL,2004-12-01,7-030,7-030,IMPERIAL VALLEY,IMPERIAL VALLEY,35.472152,1787557
PTJPL,2004-12-01,5-009,5-009,INDIAN VALLEY,INDIAN VALLEY,33.239882,44572
PTJPL,2004-12-01,6-054,6-054,INDIAN WELLS VALLEY,INDIAN WELLS VALLEY,21.904762,14616
PTJPL,2004-12-01,7-050,7-050,IRON RIDGE AREA,IRON RIDGE AREA,,0
PTJPL,2004-12-01,2-033,2-033,ISLAIS VALLEY,ISLAIS VALLEY,,0
PTJPL,2004-12-01,6-030,6-030,IVANPAH VALLEY,IVANPAH VALLEY,19.091503,918
PTJPL,2004-12-01,7-047,7-047,JACUMBA VALLEY,JACUMBA VALLEY,,0
PTJPL,2004-12-01,5-003,5-003,JESS VALLEY,JESS VALLEY,17.763771,15612
PTJPL,2004-12-01,7-018.01,7-018,JOHNSON VALLEY,JOHNSON VALLEY - SOGGY LAKE,5.783333,60
PTJPL,2004-12-01,7-018.02,7-018,JOHNSON VALLEY,JOHNSON VALLEY - UPPER JOHNSON VALLEY,,0
PTJPL,2004-12-01,5-086,5-086,JOSEPH CREEK,JOSEPH CREEK,13.661169,4669
PTJPL,2004-12-01,7-062,7-062,JOSHUA TREE,JOSHUA TREE,,0
PTJPL,2004-12-01,6-089,6-089,KANE WASH AREA,KANE WASH AREA,,0
PTJPL,2004-12-01,6-069,6-069,KELSO LANDER VALLEY,KELSO LANDER VALLEY,,0
PTJPL,2004-12-01,6-031,6-031,KELSO VALLEY,KELSO VALLEY,,0
PTJPL,2004-12-01,2-019,2-019,KENWOOD VALLEY,KENWOOD VALLEY,31.779521,5674
PTJPL,2004-12-01,5-025,5-025,KERN RIVER VALLEY,KERN RIVER VALLEY,27.588181,15077
PTJPL,2004-12-01,1-002.02,1-002,KLAMATH RIVER VALLEY,KLAMATH RIVER VALLEY - LOWER KLAMATH,25.277816,89390
PTJPL,2004-12-01,1-002.01,1-002,KLAMATH RIVER VALLEY,KLAMATH RIVER VALLEY - TULELAKE,23.53683,286044
PTJPL,2004-12-01,1-050,1-050,KNIGHTS VALLEY,KNIGHTS VALLEY,30.590276,7322
PTJPL,2004-12-01,5-007,5-007,LAKE ALMANOR VALLEY,LAKE ALMANOR VALLEY,12.0,6
PTJPL,2004-12-01,5-046,5-046,LAKE BRITTON AREA,LAKE BRITTON AREA,33.986395,441
PTJPL,2004-12-01,7-001,7-001,LANFAIR VALLEY,LANFAIR VALLEY,,0
PTJPL,2004-12-01,6-036.02,6-036,LANGFORD VALLEY,LANGFORD VALLEY - IRWIN,,0
PTJPL,2004-12-01,6-036.01,6-036,LANGFORD VALLEY,LANGFORD VALLEY - LANGFORD WELL LAKE,,0
PTJPL,2004-12-01,1-033,1-033,LARABEE VALLEY,LARABEE VALLEY,23.582938,211
PTJPL,2004-12-01,4-008,4-008,LAS POSAS VALLEY,LAS POSAS VALLEY,53.303699,90830
PTJPL,2004-12-01,5-057,5-057,LAST CHANCE CREEK VALLEY,LAST CHANCE CREEK VALLEY,,0
PTJPL,2004-12-01,7-014,7-014,LAVIC VALLEY,LAVIC VALLEY,,0
PTJPL,2004-12-01,1-012,1-012,LAYTONVILLE VALLEY,LAYTONVILLE VALLEY,26.986446,5017
PTJPL,2004-12-01,6-027,6-027,LEACH VALLEY,LEACH VALLEY,,0
PTJPL,2004-12-01,6-066,6-066,LEE FLAT,LEE FLAT,,0
PTJPL,2004-12-01,6-106,6-106,LITTLE ANTELOPE VALLEY,LITTLE ANTELOPE VALLEY,15.620558,1829
PTJPL,2004-12-01,5-065,5-065,LITTLE INDIAN VALLEY,LITTLE INDIAN VALLEY,31.222222,18
PTJPL,2004-12-01,1-013,1-013,LITTLE LAKE VALLEY,LITTLE LAKE VALLEY,25.216371,16199
PTJPL,2004-12-01,1-041,1-041,LITTLE VALLEY,LITTLE VALLEY,34.493036,718
PTJPL,2004-12-01,2-010,2-010,LIVERMORE VALLEY,LIVERMORE VALLEY,30.084445,31334
PTJPL,2004-12-01,2-038,2-038,LOBOS,LOBOS,30.777927,743
PTJPL,2004-12-01,3-006,3-006,LOCKWOOD VALLEY,LOCKWOOD VALLEY,34.699904,22966
PTJPL,2004-12-01,4-017,4-017,LOCKWOOD VALLEY,LOCKWOOD VALLEY,23.083333,120
PTJPL,2004-12-01,6-011,6-011,LONG VALLEY,LONG VALLEY,11.377723,28550
PTJPL,2004-12-01,5-044,5-044,LONG VALLEY,LONG VALLEY,,0
PTJPL,2004-12-01,6-104,6-104,LONG VALLEY,LONG VALLEY,,0
PTJPL,2004-12-01,5-031,5-031,LONG VALLEY,LONG VALLEY,29.004781,2719
PTJPL,2004-12-01,5-070,5-070,LOS BANOS CREEK VALLEY,LOS BANOS CREEK VALLEY,,0
PTJPL,2004-12-01,3-008.01,3-008,LOS OSOS VALLEY,LOS OSOS VALLEY - LOS OSOS AREA,40.117307,1901
PTJPL,2004-12-01,3-008.02,3-008,LOS OSOS VALLEY,LOS OSOS VALLEY - WARDEN CREEK,40.060213,4235
PTJPL,2004-12-01,7-051,7-051,LOST HORSE VALLEY,LOST HORSE VALLEY,,0
PTJPL,2004-12-01,6-071,6-071,LOST LAKE VALLEY,LOST LAKE VALLEY,,0
PTJPL,2004-12-01,6-021,6-021,LOWER KINGSTON VALLEY,LOWER KINGSTON VALLEY,,0
PTJPL,2004-12-01,1-014,1-014,LOWER KLAMATH RIVER VALLEY,LOWER KLAMATH RIVER VALLEY,30.380537,1377
PTJPL,2004-12-01,5-030,5-030,LOWER LAKE VALLEY,LOWER LAKE VALLEY,29.974803,635
PTJPL,2004-12-01,1-038,1-038,LOWER LAYTONVILLE VALLEY,LOWER LAYTONVILLE VALLEY,25.950355,423
PTJPL,2004-12-01,6-040,6-040,LOWER MOJAVE RIVER VALLEY,LOWER MOJAVE RIVER VALLEY,30.551436,17371
PTJPL,2004-12-01,1-060,1-060,LOWER RUSSIAN RIVER VALLEY,LOWER RUSSIAN RIVER VALLEY,30.038887,5426
PTJPL,2004-12-01,7-019,7-019,LUCERNE VALLEY,LUCERNE VALLEY,12.848424,9962
PTJPL,2004-12-01,1-008.02,1-008,MAD RIVER VALLEY,MAD RIVER VALLEY - DOWS PRAIRIE SCHOOL AREA,24.909692,5902
PTJPL,2004-12-01,1-008.01,1-008,MAD RIVER VALLEY,MAD RIVER VALLEY - MAD RIVER LOWLAND,26.601822,27656
PTJPL,2004-12-01,6-002,6-002,MADELINE PLAINS,MADELINE PLAINS,24.796395,97522
PTJPL,2004-12-01,3-051,3-051,MAJORS CREEK,MAJORS CREEK,25.308411,749
PTJPL,2004-12-01,4-022,4-022,MALIBU VALLEY,MALIBU VALLEY,37.975,40
PTJPL,2004-12-01,6-064,6-064,MARBLE CANYON AREA,MARBLE CANYON AREA,,0
PTJPL,2004-12-01,2-039,2-039,MARINA,MARINA,,0
PTJPL,2004-12-01,6-067,6-067,MARTIS VALLEY,MARTIS VALLEY,,0
PTJPL,2004-12-01,7-059,7-059,MASON VALLEY,MASON VALLEY,,0
PTJPL,2004-12-01,1-028,1-028,MATTOLE RIVER VALLEY,MATTOLE RIVER VALLEY,29.923462,2796
PTJPL,2004-12-01,5-035,5-035,MCCLOUD AREA,MCCLOUD AREA,12.06015,133
PTJPL,2004-12-01,5-095,5-095,MEADOW VALLEY,MEADOW VALLEY,32.038331,887
PTJPL,2004-12-01,7-017,7-017,MEANS VALLEY,MEANS VALLEY,9.571429,42
PTJPL,2004-12-01,6-029,6-029,MESQUITE VALLEY,MESQUITE VALLEY,15.215831,9058
PTJPL,2004-12-01,6-020,6-020,MIDDLE AMARGOSA VALLEY,MIDDLE AMARGOSA VALLEY,20.788991,109
PTJPL,2004-12-01,5-094,5-094,MIDDLE CREEK,MIDDLE CREEK,29.037037,135
PTJPL,2004-12-01,5-087,5-087,MIDDLE FORK FEATHER RIVER,MIDDLE FORK FEATHER RIVER,31.393417,638
PTJPL,2004-12-01,6-041,6-041,MIDDLE MOJAVE RIVER VALLEY,MIDDLE MOJAVE RIVER VALLEY,24.882497,3268
PTJPL,2004-12-01,6-080,6-080,MIDDLE PARK CANYON,MIDDLE PARK CANYON,,0
PTJPL,2004-12-01,5-085,5-085,MIL POTRERO AREA,MIL POTRERO AREA,27.973214,112
PTJPL,2004-12-01,9-014,9-014,MISSION VALLEY,MISSION VALLEY,40.751508,829
PTJPL,2004-12-01,5-011,5-011,MOHAWK VALLEY,MOHAWK VALLEY,30.952028,6337
PTJPL,2004-12-01,6-009,6-009,MONO VALLEY,MONO VALLEY,10.066946,239
PTJPL,2004-12-01,3-049,3-049,MONTECITO,MONTECITO,59.514518,1722
PTJPL,2004-12-01,7-020,7-020,MORONGO VALLEY,MORONGO VALLEY,11.380952,21
PTJPL,2004-12-01,3-041,3-041,MORRO VALLEY,MORRO VALLEY,35.759871,1241
PTJPL,2004-12-01,5-008,5-008,MOUNTAIN MEADOWS VALLEY,MOUNTAIN MEADOWS VALLEY,31.605494,10702
PTJPL,2004-12-01,1-056,1-056,McDOWELL VALLEY,McDOWELL VALLEY,29.763195,2804
PTJPL,2004-12-01,2-002.01,2-002,NAPA-SONOMA VALLEY,NAPA-SONOMA VALLEY - NAPA VALLEY,31.976705,93409
PTJPL,2004-12-01,2-002.03,2-002,NAPA-SONOMA VALLEY,NAPA-SONOMA VALLEY - NAPA-SONOMA LOWLANDS,30.124555,23572
PTJPL,2004-12-01,2-002.02,2-002,NAPA-SONOMA VALLEY,NAPA-SONOMA VALLEY - SONOMA VALLEY,31.42116,80594
PTJPL,2004-12-01,1-046,1-046,NAVARRO RIVER VALLEY,NAVARRO RIVER VALLEY,,0
PTJPL,2004-12-01,3-052,3-052,NEEDLE ROCK POINT,NEEDLE ROCK POINT,25.873354,1595
PTJPL,2004-12-01,7-044,7-044,NEEDLES VALLEY,NEEDLES VALLEY,40.38934,16397
PTJPL,2004-12-01,5-050,5-050,NORTH FORK BATTLE CREEK,NORTH FORK BATTLE CREEK,27.756766,2808
PTJPL,2004-12-01,2-030,2-030,NOVATO VALLEY,NOVATO VALLEY,33.187654,14596
PTJPL,2004-12-01,7-025,7-025,OCOTILLO-CLARK VALLEY,OCOTILLO-CLARK VALLEY,32.547362,37509
PTJPL,2004-12-01,7-035,7-035,OGILBY VALLEY,OGILBY VALLEY,28.943998,3357
PTJPL,2004-12-01,4-002,4-002,OJAI VALLEY,OJAI VALLEY,54.496194,9327
PTJPL,2004-12-01,3-039,3-039,OLD VALLEY,OLD VALLEY,34.995122,205
PTJPL,2004-12-01,6-108,6-108,OLYMPIC VALLEY,OLYMPIC VALLEY,22.0,5
PTJPL,2004-12-01,7-031,7-031,OROCOPIA VALLEY,OROCOPIA VALLEY,15.658385,161
PTJPL,2004-12-01,6-012.02,6-012,OWENS VALLEY,OWENS VALLEY - FISH SLOUGH,,0
PTJPL,2004-12-01,6-012.01,6-012,OWENS VALLEY,OWENS VALLEY - OWENS VALLEY,15.94243,93070
PTJPL,2004-12-01,6-088,6-088,OWL LAKE VALLEY,OWL LAKE VALLEY,,0
PTJPL,2004-12-01,6-028,6-028,PAHRUMP VALLEY,PAHRUMP VALLEY,,0
PTJPL,2004-12-01,6-099,6-099,PAINTERS FLAT,PAINTERS FLAT,14.541704,1115
PTJPL,2004-12-01,7-039,7-039,PALO VERDE MESA,PALO VERDE MESA,43.215749,161308
PTJPL,2004-12-01,7-038,7-038,PALO VERDE VALLEY,PALO VERDE VALLEY,43.467302,224174
PTJPL,2004-12-01,9-024,9-024,PAMO VALLEY,PAMO VALLEY,,0
PTJPL,2004-12-01,6-058,6-058,PANAMINT VALLEY,PANAMINT VALLEY,,0
PTJPL,2004-12-01,5-023,5-023,PANOCHE VALLEY,PANOCHE VALLEY,33.662258,1966
PTJPL,2004-12-01,3-032,3-032,PEACH TREE VALLEY,PEACH TREE VALLEY,33.582808,1268
PTJPL,2004-12-01,1-030,1-030,PEPPERWOOD TOWN AREA,PEPPERWOOD TOWN AREA,31.097866,3515
PTJPL,2004-12-01,2-026,2-026,PESCADERO VALLEY,PESCADERO VALLEY,25.227008,2577
PTJPL,2004-12-01,2-001,2-001,PETALUMA VALLEY,PETALUMA VALLEY,28.917566,46219
PTJPL,2004-12-01,6-051,6-051,PILOT KNOB VALLEY,PILOT KNOB VALLEY,,0
PTJPL,2004-12-01,6-092,6-092,PINE CREEK VALLEY,PINE CREEK VALLEY,,0
PTJPL,2004-12-01,7-006,7-006,PINTO VALLEY,PINTO VALLEY,,0
PTJPL,2004-12-01,7-049,7-049,PIPES CANYON FAULT VALLEY,PIPES CANYON FAULT VALLEY,,0
PTJPL,2004-12-01,2-004,2-004,PITTSBURG PLAIN,PITTSBURG PLAIN,,0
PTJPL,2004-12-01,7-045,7-045,PIUTE VALLEY,PIUTE VALLEY,,0
PTJPL,2004-12-01,7-052,7-052,PLEASANT VALLEY,PLEASANT VALLEY,,0
PTJPL,2004-12-01,4-006,4-006,PLEASANT VALLEY,PLEASANT VALLEY,48.956682,33196
PTJPL,2004-12-01,5-038,5-038,PONDOSA TOWN AREA,PONDOSA TOWN AREA,,0
PTJPL,2004-12-01,5-068,5-068,POPE VALLEY,POPE VALLEY,31.507781,12659
PTJPL,2004-12-01,9-029,9-029,POTRERO VALLEY,POTRERO VALLEY,21.708895,371
PTJPL,2004-12-01,1-051,1-051,POTTER VALLEY,POTTER VALLEY,30.238299,20554
PTJPL,2004-12-01,9-013,9-013,POWAY VALLEY,POWAY VALLEY,,0
PTJPL,2004-12-01,3-044,3-044,POZO VALLEY,POZO VALLEY,39.387025,2713
PTJPL,2004-12-01,1-025,1-025,PRAIRIE CREEK AREA,PRAIRIE CREEK AREA,,0
PTJPL,2004-12-01,7-040,7-040,QUIEN SABE POINT VALLEY,QUIEN SABE POINT VALLEY,46.176554,708
PTJPL,2004-12-01,3-024,3-024,QUIEN SABE VALLEY,QUIEN SABE VALLEY,29.624397,11403
PTJPL,2004-12-01,6-062,6-062,RACE TRACK VALLEY,RACE TRACK VALLEY,,0
PTJPL,2004-12-01,3-046,3-046,RAFAEL VALLEY,RAFAEL VALLEY,39.0,1
PTJPL,2004-12-01,9-025,9-025,RANCHITA TOWN AREA,RANCHITA TOWN AREA,15.25,44
PTJPL,2004-12-01,4-023,4-023,RAYMOND,RAYMOND,30.670355,1717
PTJPL,2004-12-01,6-024,6-024,RED PASS VALLEY,RED PASS VALLEY,,0
PTJPL,2004-12-01,1-018,1-018,RED ROCK VALLEY,RED ROCK VALLEY,26.99453,22670
PTJPL,2004-12-01,5-006.03,5-006,REDDING AREA,REDDING AREA - ANDERSON,37.103018,42944
PTJPL,2004-12-01,5-006.01,5-006,REDDING AREA,REDDING AREA - BOWMAN,37.471596,18219
PTJPL,2004-12-01,5-006.04,5-006,REDDING AREA,REDDING AREA - ENTERPRISE,36.074168,22476
PTJPL,2004-12-01,5-006.05,5-006,REDDING AREA,REDDING AREA - MILLVILLE,37.832526,9082
PTJPL,2004-12-01,5-006.06,5-006,REDDING AREA,REDDING AREA - SOUTH BATTLE CREEK,39.444876,7982
PTJPL,2004-12-01,1-026,1-026,REDWOOD CREEK AREA,REDWOOD CREEK AREA,29.632006,2712
PTJPL,2004-12-01,6-086,6-086,RHODES HILL AREA,RHODES HILL AREA,,0
PTJPL,2004-12-01,7-004,7-004,RICE VALLEY,RICE VALLEY,43.119548,619
PTJPL,2004-12-01,6-023,6-023,RIGGS VALLEY,RIGGS VALLEY,,0
PTJPL,2004-12-01,3-043,3-043,RINCONADA VALLEY,RINCONADA VALLEY,42.639147,2907
PTJPL,2004-12-01,5-043,5-043,ROCK PRAIRIE VALLEY,ROCK PRAIRIE VALLEY,,0
PTJPL,2004-12-01,6-056,6-056,ROSE VALLEY,ROSE VALLEY,,0
PTJPL,2004-12-01,2-028,2-028,ROSS VALLEY,ROSS VALLEY,,0
PTJPL,2004-12-01,5-036,5-036,ROUND VALLEY,ROUND VALLEY,22.175098,14312
PTJPL,2004-12-01,4-020,4-020,RUSSELL VALLEY,RUSSELL VALLEY,33.145038,131
PTJPL,2004-12-01,5-021.54,5-021,SACRAMENTO VALLEY,SACRAMENTO VALLEY - ANTELOPE,40.177532,37689
PTJPL,2004-12-01,5-021.53,5-021,SACRAMENTO VALLEY,SACRAMENTO VALLEY - BEND,39.235025,2621
PTJPL,2004-12-01,5-021.70,5-021,SACRAMENTO VALLEY,SACRAMENTO VALLEY - BUTTE,31.010507,809870
PTJPL,2004-12-01,5-021.52,5-021,SACRAMENTO VALLEY,SACRAMENTO VALLEY - COLUSA,31.777757,2196768
PTJPL,2004-12-01,5-021.51,5-021,SACRAMENTO VALLEY,SACRAMENTO VALLEY - CORNING,37.915969,348885
PTJPL,2004-12-01,5-021.56,5-021,SACRAMENTO VALLEY,SACRAMENTO VALLEY - LOS MOLINOS,38.101223,77700
PTJPL,2004-12-01,5-021.64,5-021,SACRAMENTO VALLEY,SACRAMENTO VALLEY - NORTH AMERICAN,22.500727,544612
PTJPL,2004-12-01,5-021.60,5-021,SACRAMENTO VALLEY,SACRAMENTO VALLEY - NORTH YUBA,29.052204,163013
PTJPL,2004-12-01,5-021.50,5-021,SACRAMENTO VALLEY,SACRAMENTO VALLEY - RED BLUFF,38.499117,175043
PTJPL,2004-12-01,5-021.66,5-021,SACRAMENTO VALLEY,SACRAMENTO VALLEY - SOLANO,23.872394,930431
PTJPL,2004-12-01,5-021.65,5-021,SACRAMENTO VALLEY,SACRAMENTO VALLEY - SOUTH AMERICAN,20.511413,247651
PTJPL,2004-12-01,5-021.61,5-021,SACRAMENTO VALLEY,SACRAMENTO VALLEY - SOUTH YUBA,26.171321,213348
PTJPL,2004-12-01,5-021.62,5-021,SACRAMENTO VALLEY,SACRAMENTO VALLEY - SUTTER,22.3218,860615
PTJPL,2004-12-01,5-021.57,5-021,SACRAMENTO VALLEY,SACRAMENTO VALLEY - VINA,36.091797,355435
PTJPL,2004-12-01,5-021.69,5-021,SACRAMENTO VALLEY,SACRAMENTO VALLEY - WYANDOTTE CREEK,23.280814,71955
PTJPL,2004-12-01,5-021.67,5-021,SACRAMENTO VALLEY,SACRAMENTO VALLEY - YOLO,24.411202,1419520
PTJPL,2004-12-01,3-004.01,3-004,SALINAS VALLEY,SALINAS VALLEY - 180/400 FOOT AQUIFER,30.411372,244978
PTJPL,2004-12-01,3-004.11,3-004,SALINAS VALLEY,SALINAS VALLEY - ATASCADERO AREA,40.119519,25452
PTJPL,2004-12-01,3-004.02,3-004,SALINAS VALLEY,SALINAS VALLEY - EAST SIDE AQUIFER,27.854817,155108
PTJPL,2004-12-01,3-004.04,3-004,SALINAS VALLEY,SALINAS VALLEY - FOREBAY AQUIFER,25.13657,261873
PTJPL,2004-12-01,3-004.09,3-004,SALINAS VALLEY,SALINAS VALLEY - LANGLEY AREA,29.118271,8396
PTJPL,2004-12-01,3-004.10,3-004,SALINAS VALLEY,SALINAS VALLEY - MONTEREY,32.546324,3033
PTJPL,2004-12-01,3-004.06,3-004,SALINAS VALLEY,SALINAS VALLEY - PASO ROBLES AREA,39.574897,339795
PTJPL,2004-12-01,3-004.08,3-004,SALINAS VALLEY,SALINAS VALLEY - SEASIDE,33.370663,1643
PTJPL,2004-12-01,3-004.05,3-004,SALINAS VALLEY,SALINAS VALLEY - UPPER VALLEY AQUIFER,33.393578,279929
PTJPL,2004-12-01,6-017,6-017,SALINE VALLEY,SALINE VALLEY,,0
PTJPL,2004-12-01,6-053,6-053,SALT WELLS VALLEY,SALT WELLS VALLEY,,0
PTJPL,2004-12-01,3-014,3-014,SAN ANTONIO CREEK VALLEY,SAN ANTONIO CREEK VALLEY,52.153521,63229
PTJPL,2004-12-01,3-028,3-028,SAN BENITO RIVER VALLEY,SAN BENITO RIVER VALLEY,26.579693,4166
PTJPL,2004-12-01,3-033,3-033,SAN CARPOFORO VALLEY,SAN CARPOFORO VALLEY,,0
PTJPL,2004-12-01,9-015,9-015,SAN DIEGO RIVER VALLEY,SAN DIEGO RIVER VALLEY,32.931519,1139
PTJPL,2004-12-01,9-012,9-012,SAN DIEGUITO CREEK,SAN DIEGUITO CREEK,37.13913,1610
PTJPL,2004-12-01,9-023,9-023,SAN ELIJO VALLEY,SAN ELIJO VALLEY,37.4,25
PTJPL,2004-12-01,7-027,7-027,SAN FELIPE VALLEY,SAN FELIPE VALLEY,15.486486,74
PTJPL,2004-12-01,4-012,4-012,SAN FERNANDO VALLEY,SAN FERNANDO VALLEY,32.007472,8431
PTJPL,2004-12-01,4-013,4-013,SAN GABRIEL VALLEY,SAN GABRIEL VALLEY,29.87898,9139
PTJPL,2004-12-01,2-024,2-024,SAN GREGORIO VALLEY,SAN GREGORIO VALLEY,27.313274,1130
PTJPL,2004-12-01,8-005,8-005,SAN JACINTO,SAN JACINTO,23.60698,135436
PTJPL,2004-12-01,5-022.05,5-022,SAN JOAQUIN VALLEY,SAN JOAQUIN VALLEY - CHOWCHILLA,20.478893,545535
PTJPL,2004-12-01,5-022.16,5-022,SAN JOAQUIN VALLEY,SAN JOAQUIN VALLEY - COSUMNES,23.710448,249769
PTJPL,2004-12-01,5-022.07,5-022,SAN JOAQUIN VALLEY,SAN JOAQUIN VALLEY - DELTA-MENDOTA,23.227736,1966236
PTJPL,2004-12-01,5-022.19,5-022,SAN JOAQUIN VALLEY,SAN JOAQUIN VALLEY - EAST CONTRA COSTA,23.591598,179835
PTJPL,2004-12-01,5-022.01,5-022,SAN JOAQUIN VALLEY,SAN JOAQUIN VALLEY - EASTERN SAN JOAQUIN,24.219451,1826910
PTJPL,2004-12-01,5-022.11,5-022,SAN JOAQUIN VALLEY,SAN JOAQUIN VALLEY - KAWEAH,30.383252,861284
PTJPL,2004-12-01,5-022.14,5-022,SAN JOAQUIN VALLEY,SAN JOAQUIN VALLEY - KERN COUNTY,41.356958,1235211
PTJPL,2004-12-01,5-022.17,5-022,SAN JOAQUIN VALLEY,SAN JOAQUIN VALLEY - KETTLEMAN PLAIN,19.374086,73737
PTJPL,2004-12-01,5-022.08,5-022,SAN JOAQUIN VALLEY,SAN JOAQUIN VALLEY - KINGS,23.750488,2032242
PTJPL,2004-12-01,5-022.06,5-022,SAN JOAQUIN VALLEY,SAN JOAQUIN VALLEY - MADERA,19.648324,952989
PTJPL,2004-12-01,5-022.04,5-022,SAN JOAQUIN VALLEY,SAN JOAQUIN VALLEY - MERCED,22.817358,1175308
PTJPL,2004-12-01,5-022.02,5-022,SAN JOAQUIN VALLEY,SAN JOAQUIN VALLEY - MODESTO,24.710021,557082
PTJPL,2004-12-01,5-022.10,5-022,SAN JOAQUIN VALLEY,SAN JOAQUIN VALLEY - PLEASANT VALLEY,23.381538,105473
PTJPL,2004-12-01,5-022.15,5-022,SAN JOAQUIN VALLEY,SAN JOAQUIN VALLEY - TRACY,25.992344,625398
PTJPL,2004-12-01,5-022.12,5-022,SAN JOAQUIN VALLEY,SAN JOAQUIN VALLEY - TULARE LAKE,32.335737,641690
PTJPL,2004-12-01,5-022.13,5-022,SAN JOAQUIN VALLEY,SAN JOAQUIN VALLEY - TULE,32.839064,516821
PTJPL,2004-12-01,5-022.03,5-022,SAN JOAQUIN VALLEY,SAN JOAQUIN VALLEY - TURLOCK,24.438507,968568
PTJPL,2004-12-01,5-022.09,5-022,SAN JOAQUIN VALLEY,SAN JOAQUIN VALLEY - WESTSIDE,21.113213,1794666
PTJPL,2004-12-01,5-022.18,5-022,SAN JOAQUIN VALLEY,SAN JOAQUIN VALLEY - WHITE WOLF,43.628339,162939
PTJPL,2004-12-01,9-001,9-001,SAN JUAN VALLEY,SAN JUAN VALLEY,35.983275,2272
PTJPL,2004-12-01,3-009,3-009,SAN LUIS OBISPO VALLEY,SAN LUIS OBISPO VALLEY,44.123059,16683
PTJPL,2004-12-01,9-007.02,9-007,SAN LUIS REY VALLEY,SAN LUIS REY VALLEY - LOWER SAN LUIS REY VALLEY,34.950796,2764
PTJPL,2004-12-01,9-007.01,9-007,SAN LUIS REY VALLEY,SAN LUIS REY VALLEY - UPPER SAN LUIS REY VALLEY,29.356409,25597
PTJPL,2004-12-01,9-032,9-032,SAN MARCOS AREA,SAN MARCOS AREA,35.814815,27
PTJPL,2004-12-01,9-002,9-002,SAN MATEO VALLEY,SAN MATEO VALLEY,31.222222,9
PTJPL,2004-12-01,9-003,9-003,SAN ONOFRE VALLEY,SAN ONOFRE VALLEY,,0
PTJPL,2004-12-01,9-010,9-010,SAN PASQUAL VALLEY,SAN PASQUAL VALLEY,27.69853,7689
PTJPL,2004-12-01,2-036,2-036,SAN PEDRO VALLEY,SAN PEDRO VALLEY,26.875,24
PTJPL,2004-12-01,2-029,2-029,SAN RAFAEL VALLEY,SAN RAFAEL VALLEY,,0
PTJPL,2004-12-01,2-007,2-007,SAN RAMON VALLEY,SAN RAMON VALLEY,27.309524,378
PTJPL,2004-12-01,3-035,3-035,SAN SIMEON VALLEY,SAN SIMEON VALLEY,37.736111,216
PTJPL,2004-12-01,2-027,2-027,SAND POINT AREA,SAND POINT AREA,28.298726,20564
PTJPL,2004-12-01,1-053,1-053,SANEL VALLEY,SANEL VALLEY,30.18055,11753
PTJPL,2004-12-01,3-022,3-022,SANTA ANA VALLEY,SANTA ANA VALLEY,29.253004,7158
PTJPL,2004-12-01,3-017,3-017,SANTA BARBARA,SANTA BARBARA,57.961095,694
PTJPL,2004-12-01,4-004.05,4-004,SANTA CLARA RIVER VALLEY,SANTA CLARA RIVER VALLEY - FILLMORE,52.485565,50121
PTJPL,2004-12-01,4-004.03,4-004,SANTA CLARA RIVER VALLEY,SANTA CLARA RIVER VALLEY - MOUND,50.680809,9499
PTJPL,2004-12-01,4-004.02,4-004,SANTA CLARA RIVER VALLEY,SANTA CLARA RIVER VALLEY - OXNARD,50.19317,106699
PTJPL,2004-12-01,4-004.06,4-004,SANTA CLARA RIVER VALLEY,SANTA CLARA RIVER VALLEY - PIRU,30.072812,23073
PTJPL,2004-12-01,4-004.07,4-004,SANTA CLARA RIVER VALLEY,SANTA CLARA RIVER VALLEY - SANTA CLARA RIVER VALLEY EAST,29.758484,6807
PTJPL,2004-12-01,4-004.04,4-004,SANTA CLARA RIVER VALLEY,SANTA CLARA RIVER VALLEY - SANTA PAULA,53.812135,40609
PTJPL,2004-12-01,2-009.04,2-009,SANTA CLARA VALLEY,SANTA CLARA VALLEY - EAST BAY PLAIN,32.599197,2989
PTJPL,2004-12-01,2-009.01,2-009,SANTA CLARA VALLEY,SANTA CLARA VALLEY - NILES CONE,31.158012,1791
PTJPL,2004-12-01,2-009.03,2-009,SANTA CLARA VALLEY,SANTA CLARA VALLEY - SAN MATEO PLAIN,27.720913,1358
PTJPL,2004-12-01,2-009.02,2-009,SANTA CLARA VALLEY,SANTA CLARA VALLEY - SANTA CLARA,29.244996,25731
PTJPL,2004-12-01,3-001,3-001,SANTA CRUZ MID-COUNTY,SANTA CRUZ MID-COUNTY,31.288336,3978
PTJPL,2004-12-01,3-027,3-027,SANTA MARGARITA,SANTA MARGARITA,31.16443,298
PTJPL,2004-12-01,9-004,9-004,SANTA MARGARITA VALLEY,SANTA MARGARITA VALLEY,,0
PTJPL,2004-12-01,3-012.02,3-012,SANTA MARIA RIVER VALLEY,SANTA MARIA RIVER VALLEY - ARROYO GRANDE,42.56331,6176
PTJPL,2004-12-01,3-012.01,3-012,SANTA MARIA RIVER VALLEY,SANTA MARIA RIVER VALLEY - SANTA MARIA,46.367452,262758
PTJPL,2004-12-01,9-011,9-011,SANTA MARIA VALLEY,SANTA MARIA VALLEY,28.15806,3176
PTJPL,2004-12-01,6-068,6-068,SANTA ROSA FLAT,SANTA ROSA FLAT,,0
PTJPL,2004-12-01,3-036,3-036,SANTA ROSA VALLEY,SANTA ROSA VALLEY,36.273324,2744
PTJPL,2004-12-01,1-055.02,1-055,SANTA ROSA VALLEY,SANTA ROSA VALLEY - HEALDSBURG AREA,31.358428,31401
PTJPL,2004-12-01,1-055.03,1-055,SANTA ROSA VALLEY,SANTA ROSA VALLEY - RINCON VALLEY,31.275387,581
PTJPL,2004-12-01,1-055.01,1-055,SANTA ROSA VALLEY,SANTA ROSA VALLEY - SANTA ROSA PLAIN,29.140802,80986
PTJPL,2004-12-01,3-015,3-015,SANTA YNEZ RIVER VALLEY,SANTA YNEZ RIVER VALLEY,47.836081,118162
PTJPL,2004-12-01,1-005,1-005,SCOTT RIVER VALLEY,SCOTT RIVER VALLEY,32.863856,111661
PTJPL,2004-12-01,5-014,5-014,SCOTTS VALLEY,SCOTTS VALLEY,30.33255,7232
PTJPL,2004-12-01,6-052,6-052,SEARLES VALLEY,SEARLES VALLEY,,0
PTJPL,2004-12-01,6-100,6-100,SECRET VALLEY,SECRET VALLEY,,0
PTJPL,2004-12-01,1-016,1-016,SEIAD VALLEY,SEIAD VALLEY,26.510251,439
PTJPL,2004-12-01,8-008,8-008,SEVEN OAKS VALLEY,SEVEN OAKS VALLEY,,0
PTJPL,2004-12-01,1-004,1-004,SHASTA VALLEY,SHASTA VALLEY,27.532599,257627
PTJPL,2004-12-01,1-042,1-042,SHERWOOD VALLEY,SHERWOOD VALLEY,,0
PTJPL,2004-12-01,5-012.02,5-012,SIERRA VALLEY,SIERRA VALLEY - CHILCOOT,,0
PTJPL,2004-12-01,5-012.01,5-012,SIERRA VALLEY,SIERRA VALLEY - SIERRA VALLEY,29.882554,145948
PTJPL,2004-12-01,6-034,6-034,SILVER LAKE VALLEY,SILVER LAKE VALLEY,,0
PTJPL,2004-12-01,4-009,4-009,SIMI VALLEY,SIMI VALLEY,31.957594,1297
PTJPL,2004-12-01,6-105,6-105,SLINKARD VALLEY,SLINKARD VALLEY,,0
PTJPL,2004-12-01,1-001,1-001,SMITH RIVER PLAIN,SMITH RIVER PLAIN,33.292751,36297
PTJPL,2004-12-01,6-033,6-033,SODA LAKE VALLEY,SODA LAKE VALLEY,,0
PTJPL,2004-12-01,2-037,2-037,SOUTH SAN FRANCISCO,SOUTH SAN FRANCISCO,,0
PTJPL,2004-12-01,6-082,6-082,SPRING CANYON VALLEY,SPRING CANYON VALLEY,,0
PTJPL,2004-12-01,5-089,5-089,SQUAW FLAT,SQUAW FLAT,,0
PTJPL,2004-12-01,5-088,5-088,STONY GORGE RESERVOIR,STONY GORGE RESERVOIR,34.114108,964
PTJPL,2004-12-01,5-063,5-063,STONYFORD TOWN AREA,STONYFORD TOWN AREA,32.783511,3857
PTJPL,2004-12-01,2-003,2-003,SUISUN-FAIRFIELD VALLEY,SUISUN-FAIRFIELD VALLEY,22.763028,91838
PTJPL,2004-12-01,2-011,2-011,SUNOL VALLEY,SUNOL VALLEY,27.701338,1644
PTJPL,2004-12-01,6-049,6-049,SUPERIOR VALLEY,SUPERIOR VALLEY,,0
PTJPL,2004-12-01,6-001,6-001,SURPRISE VALLEY,SURPRISE VALLEY,19.140678,231138
PTJPL,2004-12-01,6-107,6-107,SWEETWATER FLAT,SWEETWATER FLAT,13.66358,324
PTJPL,2004-12-01,6-005.03,6-005,TAHOE VALLEY,TAHOE VALLEY - TAHOE NORTH,12.0,1
PTJPL,2004-12-01,6-005.01,6-005,TAHOE VALLEY,TAHOE VALLEY - TAHOE SOUTH,25.0,4
PTJPL,2004-12-01,6-005.02,6-005,TAHOE VALLEY,TAHOE VALLEY - TAHOE WEST,,0
PTJPL,2004-12-01,6-045,6-045,TEHACHAPI VALLEY EAST,TEHACHAPI VALLEY EAST,27.130998,3397
PTJPL,2004-12-01,5-028,5-028,TEHACHAPI VALLEY WEST,TEHACHAPI VALLEY WEST,26.078634,4540
PTJPL,2004-12-01,9-005,9-005,TEMECULA VALLEY,TEMECULA VALLEY,27.155871,20517
PTJPL,2004-12-01,1-040,1-040,TEN MILE RIVER VALLEY,TEN MILE RIVER VALLEY,35.698565,209
PTJPL,2004-12-01,7-026,7-026,TERWILLIGER VALLEY,TERWILLIGER VALLEY,17.343195,169
PTJPL,2004-12-01,4-019,4-019,THOUSAND OAKS AREA,THOUSAND OAKS AREA,32.353247,385
PTJPL,2004-12-01,4-015,4-015,TIERRA REJADA,TIERRA REJADA,25.709922,4092
PTJPL,2004-12-01,5-037,5-037,TOAD WELL AREA,TOAD WELL AREA,,0
PTJPL,2004-12-01,3-040,3-040,TORO VALLEY,TORO VALLEY,38.794595,370
PTJPL,2004-12-01,6-098,6-098,TULEDAD CANYON VALLEY,TULEDAD CANYON VALLEY,16.454839,310
PTJPL,2004-12-01,7-010,7-010,TWENTYNINE PALMS VALLEY,TWENTYNINE PALMS VALLEY,19.392236,747
PTJPL,2004-12-01,1-052,1-052,UKIAH VALLEY,UKIAH VALLEY,31.706821,43325
PTJPL,2004-12-01,6-022,6-022,UPPER KINGSTON VALLEY,UPPER KINGSTON VALLEY,,0
PTJPL,2004-12-01,5-013,5-013,UPPER LAKE VALLEY,UPPER LAKE VALLEY,28.864394,12411
PTJPL,2004-12-01,6-042,6-042,UPPER MOJAVE RIVER VALLEY,UPPER MOJAVE RIVER VALLEY,21.050682,6748
PTJPL,2004-12-01,4-001,4-001,UPPER OJAI VALLEY,UPPER OJAI VALLEY,49.85762,3294
PTJPL,2004-12-01,3-023,3-023,UPPER SANTA ANA VALLEY,UPPER SANTA ANA VALLEY,31.285714,7
PTJPL,2004-12-01,8-002.05,8-002,UPPER SANTA ANA VALLEY,UPPER SANTA ANA VALLEY - CAJON,12.470588,170
PTJPL,2004-12-01,8-002.01,8-002,UPPER SANTA ANA VALLEY,UPPER SANTA ANA VALLEY - CHINO,25.958322,29440
PTJPL,2004-12-01,8-002.02,8-002,UPPER SANTA ANA VALLEY,UPPER SANTA ANA VALLEY - CUCAMONGA,23.825373,670
PTJPL,2004-12-01,8-002.04,8-002,UPPER SANTA ANA VALLEY,UPPER SANTA ANA VALLEY - RIALTO-COLTON,23.860335,1253
PTJPL,2004-12-01,8-002.03,8-002,UPPER SANTA ANA VALLEY,UPPER SANTA ANA VALLEY - RIVERSIDE-ARLINGTON,26.856151,13966
PTJPL,2004-12-01,8-002.06,8-002,UPPER SANTA ANA VALLEY,UPPER SANTA ANA VALLEY - SAN BERNARDINO,25.397133,15554
PTJPL,2004-12-01,8-002.08,8-002,UPPER SANTA ANA VALLEY,UPPER SANTA ANA VALLEY - SAN TIMOTEO,22.059567,4667
PTJPL,2004-12-01,8-002.09,8-002,UPPER SANTA ANA VALLEY,UPPER SANTA ANA VALLEY - TEMESCAL,32.091124,845
PTJPL,2004-12-01,8-002.07,8-002,UPPER SANTA ANA VALLEY,UPPER SANTA ANA VALLEY - YUCAIPA,21.748425,2858
PTJPL,2004-12-01,7-028,7-028,VALLECITO-CARRIZO VALLEY,VALLECITO-CARRIZO VALLEY,,0
PTJPL,2004-12-01,5-071,5-071,VALLECITOS CREEK VALLEY,VALLECITOS CREEK VALLEY,,0
PTJPL,2004-12-01,7-063,7-063,VANDEVENTER FLAT,VANDEVENTER FLAT,,0
PTJPL,2004-12-01,4-003.02,4-003,VENTURA RIVER VALLEY,VENTURA RIVER VALLEY - LOWER VENTURA RIVER,51.400339,1771
PTJPL,2004-12-01,4-003.01,4-003,VENTURA RIVER VALLEY,VENTURA RIVER VALLEY - UPPER VENTURA RIVER,49.977391,2300
PTJPL,2004-12-01,7-042,7-042,VIDAL VALLEY,VIDAL VALLEY,,0
PTJPL,2004-12-01,3-037,3-037,VILLA VALLEY,VILLA VALLEY,37.985948,854
PTJPL,2004-12-01,2-032,2-032,VISITACION VALLEY,VISITACION VALLEY,28.88764,178
PTJPL,2004-12-01,5-026,5-026,WALKER BASIN CREEK VALLEY,WALKER BASIN CREEK VALLEY,25.849225,6387
PTJPL,2004-12-01,7-003,7-003,WARD VALLEY,WARD VALLEY,,0
PTJPL,2004-12-01,9-008,9-008,WARNER VALLEY,WARNER VALLEY,17.034985,343
PTJPL,2004-12-01,7-012,7-012,WARREN VALLEY,WARREN VALLEY,14.304348,345
PTJPL,2004-12-01,1-031,1-031,WEOTT TOWN AREA,WEOTT TOWN AREA,31.011472,523
PTJPL,2004-12-01,7-022,7-022,WEST SALTON SEA,WEST SALTON SEA,,0
PTJPL,2004-12-01,3-026,3-026,WEST SANTA CRUZ TERRACE,WEST SANTA CRUZ TERRACE,28.55222,1599
PTJPL,2004-12-01,2-035,2-035,WESTSIDE,WESTSIDE,30.397059,3808
PTJPL,2004-12-01,6-073,6-073,WILD HORSE MESA AREA,WILD HORSE MESA AREA,,0
PTJPL,2004-12-01,6-075,6-075,WILDROSE CANYON,WILDROSE CANYON,,0
PTJPL,2004-12-01,1-043,1-043,WILLIAMS VALLEY,WILLIAMS VALLEY,29.131959,485
PTJPL,2004-12-01,6-003,6-003,WILLOW CREEK VALLEY,WILLOW CREEK VALLEY,32.995183,5813
PTJPL,2004-12-01,1-059,1-059,WILSON GROVE FORMATION HIGHLANDS,WILSON GROVE FORMATION HIGHLANDS,28.494738,70603
PTJPL,2004-12-01,1-062,1-062,WILSON POINT AREA,WILSON POINT AREA,16.222222,9
PTJPL,2004-12-01,6-019,6-019,WINGATE VALLEY,WINGATE VALLEY,,0
PTJPL,2004-12-01,7-056,7-056,YAQUI WELL AREA,YAQUI WELL AREA,,0
PTJPL,2004-12-01,5-056,5-056,YELLOW CREEK VALLEY,YELLOW CREEK VALLEY,33.0,2
PTJPL,2004-12-01,2-006,2-006,YGNACIO VALLEY,YGNACIO VALLEY,20.311111,405
PTJPL,2004-12-01,5-069,5-069,YOSEMITE VALLEY,YOSEMITE VALLEY,,0
PTJPL,2004-12-01,7-036,7-036,YUMA VALLEY,YUMA VALLEY,46.732172,66610
