Model,Date,Basin_Subb,Basin_Numb,Basin_Name,Basin_Su_1,ET,Pixel_Count
PTJPL,2012-03-01,4-005,4-005,ACTON VALLEY,ACTON VALLEY,53.821856,668
PTJPL,2012-03-01,6-010,6-010,ADOBE LAKE VALLEY,ADOBE LAKE VALLEY,,0
PTJPL,2012-03-01,1-054.01,1-054,ALEXANDER VALLEY,ALEXANDER VALLEY - ALEXANDER AREA,55.620541,33698
PTJPL,2012-03-01,1-054.02,1-054,ALEXANDER VALLEY,ALEXANDER VALLEY - CLOVERDALE AREA,41.017401,6494
PTJPL,2012-03-01,5-002.01,5-002,ALTURAS AREA,ALTURAS AREA - SOUTH FORK PITT RIVER,62.195997,148038
PTJPL,2012-03-01,5-002.02,5-002,ALTURAS AREA,ALTURAS AREA - WARM SPRINGS VALLEY,59.085337,68692
PTJPL,2012-03-01,5-010,5-010,AMERICAN VALLEY,AMERICAN VALLEY,52.668067,8806
PTJPL,2012-03-01,7-016,7-016,AMES VALLEY,AMES VALLEY,,0
PTJPL,2012-03-01,7-034,7-034,AMOS VALLEY,AMOS VALLEY,,0
PTJPL,2012-03-01,1-019,1-019,ANDERSON VALLEY,ANDERSON VALLEY,40.652613,5052
PTJPL,2012-03-01,1-049,1-049,ANNAPOLIS OHLSON RANCH FORMATION HIGHLANDS,ANNAPOLIS OHLSON RANCH FORMATION HIGHLANDS,41.151193,2348
PTJPL,2012-03-01,5-091,5-091,ANTELOPE CREEK,ANTELOPE CREEK,60.839252,1605
PTJPL,2012-03-01,6-044,6-044,ANTELOPE VALLEY,ANTELOPE VALLEY,69.443859,137884
PTJPL,2012-03-01,6-007,6-007,ANTELOPE VALLEY,ANTELOPE VALLEY,40.030862,48085
PTJPL,2012-03-01,3-034,3-034,ARROYO DE LA CRUZ VALLEY,ARROYO DE LA CRUZ VALLEY,57.802974,538
PTJPL,2012-03-01,2-031,2-031,ARROYO DEL HAMBRE VALLEY,ARROYO DEL HAMBRE VALLEY,,0
PTJPL,2012-03-01,4-007,4-007,ARROYO SANTA ROSA VALLEY,ARROYO SANTA ROSA VALLEY,72.41083,7867
PTJPL,2012-03-01,7-037,7-037,ARROYO SECO VALLEY,ARROYO SECO VALLEY,,0
PTJPL,2012-03-01,5-054,5-054,ASH VALLEY,ASH VALLEY,56.124484,5575
PTJPL,2012-03-01,6-026,6-026,AVAWATZ VALLEY,AVAWATZ VALLEY,,0
PTJPL,2012-03-01,3-020,3-020,A�O NUEVO AREA,A�O NUEVO AREA,40.610016,1877
PTJPL,2012-03-01,9-022,9-022,BATIQUITOS LAGOON VALLEY,BATIQUITOS LAGOON VALLEY,58.509677,620
PTJPL,2012-03-01,8-009,8-009,BEAR VALLEY,BEAR VALLEY,40.269663,178
PTJPL,2012-03-01,5-064,5-064,BEAR VALLEY,BEAR VALLEY,51.2,510
PTJPL,2012-03-01,5-020,5-020,BERRYESSA VALLEY,BERRYESSA VALLEY,,0
PTJPL,2012-03-01,7-015,7-015,BESSEMER VALLEY,BESSEMER VALLEY,,0
PTJPL,2012-03-01,6-025,6-025,BICYCLE VALLEY,BICYCLE VALLEY,,0
PTJPL,2012-03-01,1-027,1-027,BIG LAGOON AREA,BIG LAGOON AREA,58.641026,39
PTJPL,2012-03-01,8-007,8-007,BIG MEADOWS VALLEY,BIG MEADOWS VALLEY,,0
PTJPL,2012-03-01,1-045,1-045,BIG RIVER VALLEY,BIG RIVER VALLEY,,0
PTJPL,2012-03-01,3-047,3-047,BIG SPRING AREA,BIG SPRING AREA,48.092657,572
PTJPL,2012-03-01,5-015,5-015,BIG VALLEY,BIG VALLEY,40.136788,27422
PTJPL,2012-03-01,5-004,5-004,BIG VALLEY,BIG VALLEY,60.79355,155040
PTJPL,2012-03-01,3-030,3-030,BITTER WATER VALLEY,BITTER WATER VALLEY,31.43377,7255
PTJPL,2012-03-01,6-013,6-013,BLACK SPRINGS VALLEY,BLACK SPRINGS VALLEY,,0
PTJPL,2012-03-01,5-092,5-092,BLANCHARD VALLEY,BLANCHARD VALLEY,55.342478,1130
PTJPL,2012-03-01,1-057,1-057,BODEGA BAY AREA,BODEGA BAY AREA,45.969231,65
PTJPL,2012-03-01,7-024.01,7-024,BORREGO VALLEY,BORREGO VALLEY - BORREGO SPRINGS,57.63161,17077
PTJPL,2012-03-01,7-024.02,7-024,BORREGO VALLEY,BORREGO VALLEY - OCOTILLO WELLS,50.0,8
PTJPL,2012-03-01,1-039,1-039,BRANSCOMB TOWN AREA,BRANSCOMB TOWN AREA,,0
PTJPL,2012-03-01,1-017,1-017,BRAY TOWN AREA,BRAY TOWN AREA,42.803067,3260
PTJPL,2012-03-01,6-008,6-008,BRIDGEPORT VALLEY,BRIDGEPORT VALLEY,29.672878,70359
PTJPL,2012-03-01,7-008,7-008,BRISTOL VALLEY,BRISTOL VALLEY,29.473988,7266
PTJPL,2012-03-01,5-080,5-080,BRITE VALLEY,BRITE VALLEY,67.80287,1324
PTJPL,2012-03-01,6-032,6-032,BROADWELL VALLEY,BROADWELL VALLEY,,0
PTJPL,2012-03-01,6-076,6-076,BROWN MOUNTAIN VALLEY,BROWN MOUNTAIN VALLEY,,0
PTJPL,2012-03-01,7-054,7-054,BUCK RIDGE FAULT VALLEY,BUCK RIDGE FAULT VALLEY,,0
PTJPL,2012-03-01,6-101,6-101,BULL FLAT,BULL FLAT,44.375,48
PTJPL,2012-03-01,5-048,5-048,BURNEY CREEK VALLEY,BURNEY CREEK VALLEY,52.62729,6823
PTJPL,2012-03-01,5-017,5-017,BURNS VALLEY,BURNS VALLEY,52.455882,1700
PTJPL,2012-03-01,5-051,5-051,BUTTE CREEK VALLEY,BUTTE CREEK VALLEY,,0
PTJPL,2012-03-01,1-003,1-003,BUTTE VALLEY,BUTTE VALLEY,36.878588,110722
PTJPL,2012-03-01,6-081,6-081,BUTTE VALLEY,BUTTE VALLEY,,0
PTJPL,2012-03-01,6-070,6-070,CACTUS FLAT,CACTUS FLAT,,0
PTJPL,2012-03-01,7-007,7-007,CADIZ VALLEY,CADIZ VALLEY,,0
PTJPL,2012-03-01,6-090,6-090,CADY FAULT AREA,CADY FAULT AREA,,0
PTJPL,2012-03-01,9-006,9-006,CAHUILLA VALLEY,CAHUILLA VALLEY,37.1136,6250
PTJPL,2012-03-01,6-079,6-079,CALIFORNIA VALLEY,CALIFORNIA VALLEY,,0
PTJPL,2012-03-01,7-041,7-041,CALZONA VALLEY,CALZONA VALLEY,,0
PTJPL,2012-03-01,6-061,6-061,CAMEO AREA,CAMEO AREA,,0
PTJPL,2012-03-01,9-028,9-028,CAMPO VALLEY,CAMPO VALLEY,55.166667,126
PTJPL,2012-03-01,7-046,7-046,CANEBRAKE VALLEY,CANEBRAKE VALLEY,,0
PTJPL,2012-03-01,3-007,3-007,CARMEL VALLEY,CARMEL VALLEY,51.458658,1282
PTJPL,2012-03-01,3-018,3-018,CARPINTERIA,CARPINTERIA,66.833863,11948
PTJPL,2012-03-01,3-019,3-019,CARRIZO PLAIN,CARRIZO PLAIN,39.311803,16504
PTJPL,2012-03-01,6-006,6-006,CARSON VALLEY,CARSON VALLEY,41.414078,10399
PTJPL,2012-03-01,5-029,5-029,CASTAC LAKE VALLEY,CASTAC LAKE VALLEY,70.771868,846
PTJPL,2012-03-01,2-008,2-008,CASTRO VALLEY,CASTRO VALLEY,,0
PTJPL,2012-03-01,6-038,6-038,CAVES CANYON VALLEY,CAVES CANYON VALLEY,,0
PTJPL,2012-03-01,5-045,5-045,CAYTON VALLEY,CAYTON VALLEY,57.915789,3895
PTJPL,2012-03-01,3-038,3-038,CAYUCOS VALLEY,CAYUCOS VALLEY,,0
PTJPL,2012-03-01,7-043,7-043,CHEMEHUEVI VALLEY,CHEMEHUEVI VALLEY,,0
PTJPL,2012-03-01,7-032,7-032,CHOCOLATE VALLEY,CHOCOLATE VALLEY,17.910448,67
PTJPL,2012-03-01,3-005,3-005,CHOLAME VALLEY,CHOLAME VALLEY,79.11585,16763
PTJPL,2012-03-01,3-042,3-042,CHORRO VALLEY,CHORRO VALLEY,44.928509,1147
PTJPL,2012-03-01,5-061,5-061,CHROME TOWN AREA,CHROME TOWN AREA,52.821355,487
PTJPL,2012-03-01,7-005,7-005,CHUCKWALLA VALLEY,CHUCKWALLA VALLEY,44.530047,4260
PTJPL,2012-03-01,2-005,2-005,CLAYTON VALLEY,CLAYTON VALLEY,66.145706,652
PTJPL,2012-03-01,5-066,5-066,CLEAR LAKE CACHE FORMATION,CLEAR LAKE CACHE FORMATION,53.063034,936
PTJPL,2012-03-01,5-058,5-058,CLOVER VALLEY,CLOVER VALLEY,46.448637,477
PTJPL,2012-03-01,7-021.03,7-021,COACHELLA VALLEY,COACHELLA VALLEY - DESERT HOT SPRINGS,57.459639,2713
PTJPL,2012-03-01,7-021.01,7-021,COACHELLA VALLEY,COACHELLA VALLEY - INDIO,62.612157,291677
PTJPL,2012-03-01,7-021.02,7-021,COACHELLA VALLEY,COACHELLA VALLEY - MISSION CREEK,58.344581,978
PTJPL,2012-03-01,7-021.04,7-021,COACHELLA VALLEY,COACHELLA VALLEY - SAN GORGONIO PASS,53.682584,356
PTJPL,2012-03-01,4-011.04,4-011,COASTAL PLAIN OF LOS ANGELES,COASTAL PLAIN OF LOS ANGELES - CENTRAL,98.867601,6420
PTJPL,2012-03-01,4-011.02,4-011,COASTAL PLAIN OF LOS ANGELES,COASTAL PLAIN OF LOS ANGELES - HOLLYWOOD,94.637771,323
PTJPL,2012-03-01,4-011.01,4-011,COASTAL PLAIN OF LOS ANGELES,COASTAL PLAIN OF LOS ANGELES - SANTA MONICA,85.335643,4186
PTJPL,2012-03-01,4-011.03,4-011,COASTAL PLAIN OF LOS ANGELES,COASTAL PLAIN OF LOS ANGELES - WEST COAST,94.527606,3876
PTJPL,2012-03-01,8-001,8-001,COASTAL PLAIN OF ORANGE COUNTY,COASTAL PLAIN OF ORANGE COUNTY,69.98732,23660
PTJPL,2012-03-01,9-033,9-033,COASTAL PLAIN OF SAN DIEGO,COASTAL PLAIN OF SAN DIEGO,61.779296,3439
PTJPL,2012-03-01,6-072,6-072,COLES FLAT,COLES FLAT,,0
PTJPL,2012-03-01,5-019,5-019,COLLAYOMI VALLEY,COLLAYOMI VALLEY,49.460598,3845
PTJPL,2012-03-01,7-055,7-055,COLLINS VALLEY,COLLINS VALLEY,,0
PTJPL,2012-03-01,4-010,4-010,CONEJO,CONEJO,81.740964,498
PTJPL,2012-03-01,7-011,7-011,COPPER MOUNTAIN VALLEY,COPPER MOUNTAIN VALLEY,,0
PTJPL,2012-03-01,3-002.01,3-002,CORRALITOS,CORRALITOS - PAJARO VALLEY,43.668957,109146
PTJPL,2012-03-01,3-002.02,3-002,CORRALITOS,CORRALITOS - PURISIMA HIGHLANDS,54.181034,464
PTJPL,2012-03-01,6-055,6-055,COSO VALLEY,COSO VALLEY,,0
PTJPL,2012-03-01,1-037,1-037,COTTONEVA CREEK VALLEY,COTTONEVA CREEK VALLEY,,0
PTJPL,2012-03-01,9-027,9-027,COTTONWOOD VALLEY,COTTONWOOD VALLEY,41.314286,70
PTJPL,2012-03-01,1-011,1-011,COVELO ROUND VALLEY,COVELO ROUND VALLEY,38.468391,28378
PTJPL,2012-03-01,6-091,6-091,COW HEAD LAKE VALLEY,COW HEAD LAKE VALLEY,43.83212,13873
PTJPL,2012-03-01,6-037,6-037,COYOTE LAKE VALLEY,COYOTE LAKE VALLEY,23.093621,972
PTJPL,2012-03-01,5-018,5-018,COYOTE VALLEY,COYOTE VALLEY,50.002143,6534
PTJPL,2012-03-01,7-029,7-029,COYOTE WELLS VALLEY,COYOTE WELLS VALLEY,13.9375,80
PTJPL,2012-03-01,6-035,6-035,CRONISE VALLEY,CRONISE VALLEY,,0
PTJPL,2012-03-01,6-050,6-050,CUDDEBACK VALLEY,CUDDEBACK VALLEY,,0
PTJPL,2012-03-01,5-082,5-082,CUDDY CANYON VALLEY,CUDDY CANYON VALLEY,,0
PTJPL,2012-03-01,5-083,5-083,CUDDY RANCH AREA,CUDDY RANCH AREA,,0
PTJPL,2012-03-01,5-084,5-084,CUDDY VALLEY,CUDDY VALLEY,53.5625,16
PTJPL,2012-03-01,5-027,5-027,CUMMINGS VALLEY,CUMMINGS VALLEY,59.485071,10617
PTJPL,2012-03-01,3-013,3-013,CUYAMA VALLEY,CUYAMA VALLEY,44.082958,150908
PTJPL,2012-03-01,7-009,7-009,DALE VALLEY,DALE VALLEY,12.263158,152
PTJPL,2012-03-01,6-057,6-057,DARWIN VALLEY,DARWIN VALLEY,,0
PTJPL,2012-03-01,7-061,7-061,DAVIES VALLEY,DAVIES VALLEY,,0
PTJPL,2012-03-01,7-013.01,7-013,DEADMAN VALLEY,DEADMAN VALLEY - DEADMAN LAKE,,0
PTJPL,2012-03-01,7-013.02,7-013,DEADMAN VALLEY,DEADMAN VALLEY - SURPRISE SPRING,,0
PTJPL,2012-03-01,6-018,6-018,DEATH VALLEY,DEATH VALLEY,10.722222,18
PTJPL,2012-03-01,6-015,6-015,DEEP SPRINGS VALLEY,DEEP SPRINGS VALLEY,36.055118,635
PTJPL,2012-03-01,6-078,6-078,DENNING SPRING VALLEY,DENNING SPRING VALLEY,,0
PTJPL,2012-03-01,1-034,1-034,DINSMORES TOWN AREA,DINSMORES TOWN AREA,28.5,2
PTJPL,2012-03-01,5-053,5-053,DIXIE VALLEY,DIXIE VALLEY,58.966375,11420
PTJPL,2012-03-01,2-040,2-040,DOWNTOWN,DOWNTOWN,,0
PTJPL,2012-03-01,5-049,5-049,DRY BURNEY CREEK VALLEY,DRY BURNEY CREEK VALLEY,,0
PTJPL,2012-03-01,3-029,3-029,DRY LAKE VALLEY,DRY LAKE VALLEY,52.820037,539
PTJPL,2012-03-01,6-095,6-095,DRY VALLEY,DRY VALLEY,,0
PTJPL,2012-03-01,6-096,6-096,EAGLE LAKE AREA,EAGLE LAKE AREA,,0
PTJPL,2012-03-01,7-033,7-033,EAST SALTON SEA,EAST SALTON SEA,53.670991,39005
PTJPL,2012-03-01,1-044,1-044,EDEN VALLEY,EDEN VALLEY,32.768525,1525
PTJPL,2012-03-01,1-010,1-010,EEL RIVER VALLEY,EEL RIVER VALLEY,43.028774,116357
PTJPL,2012-03-01,5-041,5-041,EGG LAKE VALLEY,EGG LAKE VALLEY,,0
PTJPL,2012-03-01,9-016,9-016,EL CAJON VALLEY,EL CAJON VALLEY,46.483871,31
PTJPL,2012-03-01,6-043,6-043,EL MIRAGE VALLEY,EL MIRAGE VALLEY,56.300281,3207
PTJPL,2012-03-01,5-062,5-062,ELK CREEK AREA,ELK CREEK AREA,53.286885,122
PTJPL,2012-03-01,8-004.02,8-004,ELSINORE,ELSINORE - BEDFORD-COLDWATER,62.449827,1156
PTJPL,2012-03-01,8-004.01,8-004,ELSINORE,ELSINORE - ELSINORE VALLEY,45.35514,107
PTJPL,2012-03-01,9-009,9-009,ESCONDIDO VALLEY,ESCONDIDO VALLEY,40.205882,34
PTJPL,2012-03-01,1-009,1-009,EUREKA PLAIN,EUREKA PLAIN,48.204797,20928
PTJPL,2012-03-01,6-016,6-016,EUREKA VALLEY,EUREKA VALLEY,,0
PTJPL,2012-03-01,1-022,1-022,FAIRCHILD SWAMP VALLEY,FAIRCHILD SWAMP VALLEY,,0
PTJPL,2012-03-01,5-005,5-005,FALL RIVER VALLEY,FALL RIVER VALLEY,59.896733,116620
PTJPL,2012-03-01,7-002,7-002,FENNER VALLEY,FENNER VALLEY,,0
PTJPL,2012-03-01,6-014,6-014,FISH LAKE VALLEY,FISH LAKE VALLEY,39.332915,14340
PTJPL,2012-03-01,3-053,3-053,FOOTHILL,FOOTHILL,83.4,35
PTJPL,2012-03-01,1-021,1-021,FORT BRAGG TERRACE AREA,FORT BRAGG TERRACE AREA,43.668323,9458
PTJPL,2012-03-01,1-061,1-061,FORT ROSS TERRACE DEPOSITS,FORT ROSS TERRACE DEPOSITS,45.930653,995
PTJPL,2012-03-01,6-046,6-046,FREMONT VALLEY,FREMONT VALLEY,40.592612,1949
PTJPL,2012-03-01,5-090,5-090,FUNKS CREEK,FUNKS CREEK,59.316351,3278
PTJPL,2012-03-01,1-032,1-032,GARBERVILLE TOWN AREA,GARBERVILLE TOWN AREA,46.12731,487
PTJPL,2012-03-01,1-020,1-020,GARCIA RIVER VALLEY,GARCIA RIVER VALLEY,42.685663,2790
PTJPL,2012-03-01,3-003.01,3-003,GILROY-HOLLISTER VALLEY,GILROY-HOLLISTER VALLEY - LLAGAS AREA,51.885489,76691
PTJPL,2012-03-01,3-003.05,3-003,GILROY-HOLLISTER VALLEY,GILROY-HOLLISTER VALLEY - NORTH SAN BENITO,51.28471,195065
PTJPL,2012-03-01,6-085,6-085,GOLD VALLEY,GOLD VALLEY,,0
PTJPL,2012-03-01,6-048,6-048,GOLDSTONE VALLEY,GOLDSTONE VALLEY,,0
PTJPL,2012-03-01,3-016,3-016,GOLETA,GOLETA,82.154098,3355
PTJPL,2012-03-01,5-001.02,5-001,GOOSE LAKE,GOOSE LAKE - FANDANGO VALLEY,44.247194,19600
PTJPL,2012-03-01,5-001.01,5-001,GOOSE LAKE,GOOSE LAKE - GOOSE VALLEY,47.756736,35817
PTJPL,2012-03-01,5-047,5-047,GOOSE VALLEY,GOOSE VALLEY,60.559687,15196
PTJPL,2012-03-01,6-077,6-077,GRASS VALLEY,GRASS VALLEY,,0
PTJPL,2012-03-01,6-094,6-094,GRASSHOPPER VALLEY,GRASSHOPPER VALLEY,52.806694,1733
PTJPL,2012-03-01,1-048,1-048,GRAVELLY VALLEY,GRAVELLY VALLEY,,0
PTJPL,2012-03-01,5-052,5-052,GRAYS VALLEY,GRAYS VALLEY,,0
PTJPL,2012-03-01,6-084,6-084,GREENWATER VALLEY,GREENWATER VALLEY,,0
PTJPL,2012-03-01,5-059,5-059,GRIZZLY VALLEY,GRIZZLY VALLEY,,0
PTJPL,2012-03-01,2-022,2-022,HALF MOON BAY TERRACE,HALF MOON BAY TERRACE,49.926679,7815
PTJPL,2012-03-01,1-015,1-015,HAPPY CAMP TOWN AREA,HAPPY CAMP TOWN AREA,39.906667,75
PTJPL,2012-03-01,6-047,6-047,HARPER VALLEY,HARPER VALLEY,42.383881,5658
PTJPL,2012-03-01,6-074,6-074,HARRISBURG FLATS,HARRISBURG FLATS,,0
PTJPL,2012-03-01,6-093,6-093,HARVEY VALLEY,HARVEY VALLEY,,0
PTJPL,2012-03-01,1-006,1-006,HAYFORK VALLEY,HAYFORK VALLEY,33.667096,3109
PTJPL,2012-03-01,7-048,7-048,HELENDALE FAULT VALLEY,HELENDALE FAULT VALLEY,,0
PTJPL,2012-03-01,8-006,8-006,HEMET LAKE VALLEY,HEMET LAKE VALLEY,,0
PTJPL,2012-03-01,3-031,3-031,HERNANDEZ VALLEY,HERNANDEZ VALLEY,51.395887,389
PTJPL,2012-03-01,1-036,1-036,HETTENSHAW VALLEY,HETTENSHAW VALLEY,24.630607,1137
PTJPL,2012-03-01,7-053,7-053,HEXIE MOUNTAIN AREA,HEXIE MOUNTAIN AREA,,0
PTJPL,2012-03-01,6-063,6-063,HIDDEN VALLEY,HIDDEN VALLEY,,0
PTJPL,2012-03-01,4-016,4-016,HIDDEN VALLEY,HIDDEN VALLEY,69.936068,3535
PTJPL,2012-03-01,5-016,5-016,HIGH VALLEY,HIGH VALLEY,52.35863,2306
PTJPL,2012-03-01,6-004,6-004,HONEY LAKE VALLEY,HONEY LAKE VALLEY,52.630086,175884
PTJPL,2012-03-01,1-029,1-029,HONEYDEW TOWN AREA,HONEYDEW TOWN AREA,44.163748,1142
PTJPL,2012-03-01,1-007,1-007,HOOPA VALLEY,HOOPA VALLEY,54.771283,787
PTJPL,2012-03-01,6-097,6-097,HORSE LAKE VALLEY,HORSE LAKE VALLEY,53.583186,2819
PTJPL,2012-03-01,5-040,5-040,HOT SPRINGS VALLEY,HOT SPRINGS VALLEY,56.518189,2584
PTJPL,2012-03-01,3-045,3-045,HUASNA VALLEY,HUASNA VALLEY,81.338681,3366
PTJPL,2012-03-01,5-060,5-060,HUMBUG VALLEY,HUMBUG VALLEY,55.252427,103
PTJPL,2012-03-01,4-018,4-018,HUNGRY VALLEY,HUNGRY VALLEY,,0
PTJPL,2012-03-01,1-035,1-035,HYAMPOM VALLEY,HYAMPOM VALLEY,43.97619,336
PTJPL,2012-03-01,7-030,7-030,IMPERIAL VALLEY,IMPERIAL VALLEY,92.453675,1764464
PTJPL,2012-03-01,5-009,5-009,INDIAN VALLEY,INDIAN VALLEY,58.975096,37263
PTJPL,2012-03-01,6-054,6-054,INDIAN WELLS VALLEY,INDIAN WELLS VALLEY,59.176519,14616
PTJPL,2012-03-01,7-050,7-050,IRON RIDGE AREA,IRON RIDGE AREA,,0
PTJPL,2012-03-01,2-033,2-033,ISLAIS VALLEY,ISLAIS VALLEY,,0
PTJPL,2012-03-01,6-030,6-030,IVANPAH VALLEY,IVANPAH VALLEY,48.887192,851
PTJPL,2012-03-01,7-047,7-047,JACUMBA VALLEY,JACUMBA VALLEY,,0
PTJPL,2012-03-01,5-003,5-003,JESS VALLEY,JESS VALLEY,57.378827,12119
PTJPL,2012-03-01,7-018.01,7-018,JOHNSON VALLEY,JOHNSON VALLEY - SOGGY LAKE,6.35,60
PTJPL,2012-03-01,7-018.02,7-018,JOHNSON VALLEY,JOHNSON VALLEY - UPPER JOHNSON VALLEY,,0
PTJPL,2012-03-01,5-086,5-086,JOSEPH CREEK,JOSEPH CREEK,52.878281,2210
PTJPL,2012-03-01,7-062,7-062,JOSHUA TREE,JOSHUA TREE,,0
PTJPL,2012-03-01,6-089,6-089,KANE WASH AREA,KANE WASH AREA,,0
PTJPL,2012-03-01,6-069,6-069,KELSO LANDER VALLEY,KELSO LANDER VALLEY,,0
PTJPL,2012-03-01,6-031,6-031,KELSO VALLEY,KELSO VALLEY,,0
PTJPL,2012-03-01,2-019,2-019,KENWOOD VALLEY,KENWOOD VALLEY,56.324815,5674
PTJPL,2012-03-01,5-025,5-025,KERN RIVER VALLEY,KERN RIVER VALLEY,66.547324,15077
PTJPL,2012-03-01,1-002.02,1-002,KLAMATH RIVER VALLEY,KLAMATH RIVER VALLEY - LOWER KLAMATH,51.328032,79596
PTJPL,2012-03-01,1-002.01,1-002,KLAMATH RIVER VALLEY,KLAMATH RIVER VALLEY - TULELAKE,43.441576,294226
PTJPL,2012-03-01,1-050,1-050,KNIGHTS VALLEY,KNIGHTS VALLEY,54.198716,7322
PTJPL,2012-03-01,5-007,5-007,LAKE ALMANOR VALLEY,LAKE ALMANOR VALLEY,49.073633,2268
PTJPL,2012-03-01,5-046,5-046,LAKE BRITTON AREA,LAKE BRITTON AREA,59.14497,338
PTJPL,2012-03-01,7-001,7-001,LANFAIR VALLEY,LANFAIR VALLEY,,0
PTJPL,2012-03-01,6-036.02,6-036,LANGFORD VALLEY,LANGFORD VALLEY - IRWIN,,0
PTJPL,2012-03-01,6-036.01,6-036,LANGFORD VALLEY,LANGFORD VALLEY - LANGFORD WELL LAKE,,0
PTJPL,2012-03-01,1-033,1-033,LARABEE VALLEY,LARABEE VALLEY,24.222222,72
PTJPL,2012-03-01,4-008,4-008,LAS POSAS VALLEY,LAS POSAS VALLEY,75.36237,90747
PTJPL,2012-03-01,5-057,5-057,LAST CHANCE CREEK VALLEY,LAST CHANCE CREEK VALLEY,,0
PTJPL,2012-03-01,7-014,7-014,LAVIC VALLEY,LAVIC VALLEY,,0
PTJPL,2012-03-01,1-012,1-012,LAYTONVILLE VALLEY,LAYTONVILLE VALLEY,34.644894,4945
PTJPL,2012-03-01,6-027,6-027,LEACH VALLEY,LEACH VALLEY,,0
PTJPL,2012-03-01,6-066,6-066,LEE FLAT,LEE FLAT,,0
PTJPL,2012-03-01,6-106,6-106,LITTLE ANTELOPE VALLEY,LITTLE ANTELOPE VALLEY,33.95626,1829
PTJPL,2012-03-01,5-065,5-065,LITTLE INDIAN VALLEY,LITTLE INDIAN VALLEY,45.555556,18
PTJPL,2012-03-01,1-013,1-013,LITTLE LAKE VALLEY,LITTLE LAKE VALLEY,34.257736,12668
PTJPL,2012-03-01,1-041,1-041,LITTLE VALLEY,LITTLE VALLEY,50.242921,671
PTJPL,2012-03-01,2-010,2-010,LIVERMORE VALLEY,LIVERMORE VALLEY,57.826843,31353
PTJPL,2012-03-01,2-038,2-038,LOBOS,LOBOS,66.701318,683
PTJPL,2012-03-01,3-006,3-006,LOCKWOOD VALLEY,LOCKWOOD VALLEY,58.660982,22928
PTJPL,2012-03-01,4-017,4-017,LOCKWOOD VALLEY,LOCKWOOD VALLEY,40.783333,120
PTJPL,2012-03-01,6-011,6-011,LONG VALLEY,LONG VALLEY,19.426127,1753
PTJPL,2012-03-01,5-044,5-044,LONG VALLEY,LONG VALLEY,,0
PTJPL,2012-03-01,6-104,6-104,LONG VALLEY,LONG VALLEY,43.820447,5859
PTJPL,2012-03-01,5-031,5-031,LONG VALLEY,LONG VALLEY,54.716275,2298
PTJPL,2012-03-01,5-070,5-070,LOS BANOS CREEK VALLEY,LOS BANOS CREEK VALLEY,,0
PTJPL,2012-03-01,3-008.01,3-008,LOS OSOS VALLEY,LOS OSOS VALLEY - LOS OSOS AREA,53.991935,1736
PTJPL,2012-03-01,3-008.02,3-008,LOS OSOS VALLEY,LOS OSOS VALLEY - WARDEN CREEK,68.733824,4080
PTJPL,2012-03-01,7-051,7-051,LOST HORSE VALLEY,LOST HORSE VALLEY,,0
PTJPL,2012-03-01,6-071,6-071,LOST LAKE VALLEY,LOST LAKE VALLEY,,0
PTJPL,2012-03-01,6-021,6-021,LOWER KINGSTON VALLEY,LOWER KINGSTON VALLEY,,0
PTJPL,2012-03-01,1-014,1-014,LOWER KLAMATH RIVER VALLEY,LOWER KLAMATH RIVER VALLEY,46.230713,1374
PTJPL,2012-03-01,5-030,5-030,LOWER LAKE VALLEY,LOWER LAKE VALLEY,54.020472,635
PTJPL,2012-03-01,1-038,1-038,LOWER LAYTONVILLE VALLEY,LOWER LAYTONVILLE VALLEY,35.624041,391
PTJPL,2012-03-01,6-040,6-040,LOWER MOJAVE RIVER VALLEY,LOWER MOJAVE RIVER VALLEY,81.227511,17331
PTJPL,2012-03-01,1-060,1-060,LOWER RUSSIAN RIVER VALLEY,LOWER RUSSIAN RIVER VALLEY,51.193159,4561
PTJPL,2012-03-01,7-019,7-019,LUCERNE VALLEY,LUCERNE VALLEY,20.328749,9962
PTJPL,2012-03-01,1-008.02,1-008,MAD RIVER VALLEY,MAD RIVER VALLEY - DOWS PRAIRIE SCHOOL AREA,46.633345,5902
PTJPL,2012-03-01,1-008.01,1-008,MAD RIVER VALLEY,MAD RIVER VALLEY - MAD RIVER LOWLAND,47.555944,27474
PTJPL,2012-03-01,6-002,6-002,MADELINE PLAINS,MADELINE PLAINS,50.157226,82868
PTJPL,2012-03-01,3-051,3-051,MAJORS CREEK,MAJORS CREEK,49.05474,749
PTJPL,2012-03-01,4-022,4-022,MALIBU VALLEY,MALIBU VALLEY,73.9,40
PTJPL,2012-03-01,6-064,6-064,MARBLE CANYON AREA,MARBLE CANYON AREA,,0
PTJPL,2012-03-01,2-039,2-039,MARINA,MARINA,,0
PTJPL,2012-03-01,6-067,6-067,MARTIS VALLEY,MARTIS VALLEY,40.124069,403
PTJPL,2012-03-01,7-059,7-059,MASON VALLEY,MASON VALLEY,,0
PTJPL,2012-03-01,1-028,1-028,MATTOLE RIVER VALLEY,MATTOLE RIVER VALLEY,43.681802,2797
PTJPL,2012-03-01,5-035,5-035,MCCLOUD AREA,MCCLOUD AREA,29.2,50
PTJPL,2012-03-01,5-095,5-095,MEADOW VALLEY,MEADOW VALLEY,55.032659,643
PTJPL,2012-03-01,7-017,7-017,MEANS VALLEY,MEANS VALLEY,7.333333,42
PTJPL,2012-03-01,6-029,6-029,MESQUITE VALLEY,MESQUITE VALLEY,67.622212,9058
PTJPL,2012-03-01,6-020,6-020,MIDDLE AMARGOSA VALLEY,MIDDLE AMARGOSA VALLEY,60.889908,109
PTJPL,2012-03-01,5-094,5-094,MIDDLE CREEK,MIDDLE CREEK,29.991304,115
PTJPL,2012-03-01,5-087,5-087,MIDDLE FORK FEATHER RIVER,MIDDLE FORK FEATHER RIVER,45.103448,29
PTJPL,2012-03-01,6-041,6-041,MIDDLE MOJAVE RIVER VALLEY,MIDDLE MOJAVE RIVER VALLEY,78.580783,3268
PTJPL,2012-03-01,6-080,6-080,MIDDLE PARK CANYON,MIDDLE PARK CANYON,,0
PTJPL,2012-03-01,5-085,5-085,MIL POTRERO AREA,MIL POTRERO AREA,61.303571,112
PTJPL,2012-03-01,9-014,9-014,MISSION VALLEY,MISSION VALLEY,72.81544,829
PTJPL,2012-03-01,5-011,5-011,MOHAWK VALLEY,MOHAWK VALLEY,51.311202,2455
PTJPL,2012-03-01,6-009,6-009,MONO VALLEY,MONO VALLEY,28.064516,155
PTJPL,2012-03-01,3-049,3-049,MONTECITO,MONTECITO,69.2763,1654
PTJPL,2012-03-01,7-020,7-020,MORONGO VALLEY,MORONGO VALLEY,16.380952,21
PTJPL,2012-03-01,3-041,3-041,MORRO VALLEY,MORRO VALLEY,63.910556,1241
PTJPL,2012-03-01,5-008,5-008,MOUNTAIN MEADOWS VALLEY,MOUNTAIN MEADOWS VALLEY,54.148652,13165
PTJPL,2012-03-01,1-056,1-056,McDOWELL VALLEY,McDOWELL VALLEY,39.389432,2252
PTJPL,2012-03-01,2-002.01,2-002,NAPA-SONOMA VALLEY,NAPA-SONOMA VALLEY - NAPA VALLEY,66.923499,93188
PTJPL,2012-03-01,2-002.03,2-002,NAPA-SONOMA VALLEY,NAPA-SONOMA VALLEY - NAPA-SONOMA LOWLANDS,68.937765,23572
PTJPL,2012-03-01,2-002.02,2-002,NAPA-SONOMA VALLEY,NAPA-SONOMA VALLEY - SONOMA VALLEY,64.958701,80171
PTJPL,2012-03-01,1-046,1-046,NAVARRO RIVER VALLEY,NAVARRO RIVER VALLEY,,0
PTJPL,2012-03-01,3-052,3-052,NEEDLE ROCK POINT,NEEDLE ROCK POINT,50.153605,1595
PTJPL,2012-03-01,7-044,7-044,NEEDLES VALLEY,NEEDLES VALLEY,88.587729,16397
PTJPL,2012-03-01,5-050,5-050,NORTH FORK BATTLE CREEK,NORTH FORK BATTLE CREEK,36.652373,2402
PTJPL,2012-03-01,2-030,2-030,NOVATO VALLEY,NOVATO VALLEY,66.154361,14356
PTJPL,2012-03-01,7-025,7-025,OCOTILLO-CLARK VALLEY,OCOTILLO-CLARK VALLEY,77.750349,36483
PTJPL,2012-03-01,7-035,7-035,OGILBY VALLEY,OGILBY VALLEY,21.854334,3357
PTJPL,2012-03-01,4-002,4-002,OJAI VALLEY,OJAI VALLEY,82.088453,9327
PTJPL,2012-03-01,3-039,3-039,OLD VALLEY,OLD VALLEY,47.901639,183
PTJPL,2012-03-01,6-108,6-108,OLYMPIC VALLEY,OLYMPIC VALLEY,,0
PTJPL,2012-03-01,7-031,7-031,OROCOPIA VALLEY,OROCOPIA VALLEY,17.265306,147
PTJPL,2012-03-01,6-012.02,6-012,OWENS VALLEY,OWENS VALLEY - FISH SLOUGH,,0
PTJPL,2012-03-01,6-012.01,6-012,OWENS VALLEY,OWENS VALLEY - OWENS VALLEY,49.571709,90784
PTJPL,2012-03-01,6-088,6-088,OWL LAKE VALLEY,OWL LAKE VALLEY,,0
PTJPL,2012-03-01,6-028,6-028,PAHRUMP VALLEY,PAHRUMP VALLEY,,0
PTJPL,2012-03-01,6-099,6-099,PAINTERS FLAT,PAINTERS FLAT,56.00295,678
PTJPL,2012-03-01,7-039,7-039,PALO VERDE MESA,PALO VERDE MESA,81.075831,161307
PTJPL,2012-03-01,7-038,7-038,PALO VERDE VALLEY,PALO VERDE VALLEY,78.903321,224174
PTJPL,2012-03-01,9-024,9-024,PAMO VALLEY,PAMO VALLEY,,0
PTJPL,2012-03-01,6-058,6-058,PANAMINT VALLEY,PANAMINT VALLEY,,0
PTJPL,2012-03-01,5-023,5-023,PANOCHE VALLEY,PANOCHE VALLEY,20.803154,1966
PTJPL,2012-03-01,3-032,3-032,PEACH TREE VALLEY,PEACH TREE VALLEY,35.564669,1268
PTJPL,2012-03-01,1-030,1-030,PEPPERWOOD TOWN AREA,PEPPERWOOD TOWN AREA,44.359655,3128
PTJPL,2012-03-01,2-026,2-026,PESCADERO VALLEY,PESCADERO VALLEY,46.428391,2381
PTJPL,2012-03-01,2-001,2-001,PETALUMA VALLEY,PETALUMA VALLEY,62.497692,46135
PTJPL,2012-03-01,6-051,6-051,PILOT KNOB VALLEY,PILOT KNOB VALLEY,,0
PTJPL,2012-03-01,6-092,6-092,PINE CREEK VALLEY,PINE CREEK VALLEY,,0
PTJPL,2012-03-01,7-006,7-006,PINTO VALLEY,PINTO VALLEY,,0
PTJPL,2012-03-01,7-049,7-049,PIPES CANYON FAULT VALLEY,PIPES CANYON FAULT VALLEY,,0
PTJPL,2012-03-01,2-004,2-004,PITTSBURG PLAIN,PITTSBURG PLAIN,,0
PTJPL,2012-03-01,7-045,7-045,PIUTE VALLEY,PIUTE VALLEY,,0
PTJPL,2012-03-01,7-052,7-052,PLEASANT VALLEY,PLEASANT VALLEY,,0
PTJPL,2012-03-01,4-006,4-006,PLEASANT VALLEY,PLEASANT VALLEY,61.331874,33127
PTJPL,2012-03-01,5-038,5-038,PONDOSA TOWN AREA,PONDOSA TOWN AREA,,0
PTJPL,2012-03-01,5-068,5-068,POPE VALLEY,POPE VALLEY,64.361482,12659
PTJPL,2012-03-01,9-029,9-029,POTRERO VALLEY,POTRERO VALLEY,59.134771,371
PTJPL,2012-03-01,1-051,1-051,POTTER VALLEY,POTTER VALLEY,34.925962,20341
PTJPL,2012-03-01,9-013,9-013,POWAY VALLEY,POWAY VALLEY,,0
PTJPL,2012-03-01,3-044,3-044,POZO VALLEY,POZO VALLEY,70.614818,2713
PTJPL,2012-03-01,1-025,1-025,PRAIRIE CREEK AREA,PRAIRIE CREEK AREA,,0
PTJPL,2012-03-01,7-040,7-040,QUIEN SABE POINT VALLEY,QUIEN SABE POINT VALLEY,122.65678,708
PTJPL,2012-03-01,3-024,3-024,QUIEN SABE VALLEY,QUIEN SABE VALLEY,63.710778,11403
PTJPL,2012-03-01,6-062,6-062,RACE TRACK VALLEY,RACE TRACK VALLEY,,0
PTJPL,2012-03-01,3-046,3-046,RAFAEL VALLEY,RAFAEL VALLEY,61.0,1
PTJPL,2012-03-01,9-025,9-025,RANCHITA TOWN AREA,RANCHITA TOWN AREA,40.204545,44
PTJPL,2012-03-01,4-023,4-023,RAYMOND,RAYMOND,73.898019,1716
PTJPL,2012-03-01,6-024,6-024,RED PASS VALLEY,RED PASS VALLEY,,0
PTJPL,2012-03-01,1-018,1-018,RED ROCK VALLEY,RED ROCK VALLEY,50.502947,18491
PTJPL,2012-03-01,5-006.03,5-006,REDDING AREA,REDDING AREA - ANDERSON,63.84251,35907
PTJPL,2012-03-01,5-006.01,5-006,REDDING AREA,REDDING AREA - BOWMAN,67.481009,15665
PTJPL,2012-03-01,5-006.04,5-006,REDDING AREA,REDDING AREA - ENTERPRISE,63.913203,18837
PTJPL,2012-03-01,5-006.05,5-006,REDDING AREA,REDDING AREA - MILLVILLE,71.067647,8293
PTJPL,2012-03-01,5-006.06,5-006,REDDING AREA,REDDING AREA - SOUTH BATTLE CREEK,72.039051,7964
PTJPL,2012-03-01,1-026,1-026,REDWOOD CREEK AREA,REDWOOD CREEK AREA,46.603982,2712
PTJPL,2012-03-01,6-086,6-086,RHODES HILL AREA,RHODES HILL AREA,,0
PTJPL,2012-03-01,7-004,7-004,RICE VALLEY,RICE VALLEY,141.838449,619
PTJPL,2012-03-01,6-023,6-023,RIGGS VALLEY,RIGGS VALLEY,,0
PTJPL,2012-03-01,3-043,3-043,RINCONADA VALLEY,RINCONADA VALLEY,65.340822,2359
PTJPL,2012-03-01,5-043,5-043,ROCK PRAIRIE VALLEY,ROCK PRAIRIE VALLEY,,0
PTJPL,2012-03-01,6-056,6-056,ROSE VALLEY,ROSE VALLEY,,0
PTJPL,2012-03-01,2-028,2-028,ROSS VALLEY,ROSS VALLEY,,0
PTJPL,2012-03-01,5-036,5-036,ROUND VALLEY,ROUND VALLEY,57.617268,14292
PTJPL,2012-03-01,4-020,4-020,RUSSELL VALLEY,RUSSELL VALLEY,80.542636,129
PTJPL,2012-03-01,5-021.54,5-021,SACRAMENTO VALLEY,SACRAMENTO VALLEY - ANTELOPE,75.893417,37689
PTJPL,2012-03-01,5-021.53,5-021,SACRAMENTO VALLEY,SACRAMENTO VALLEY - BEND,72.603586,2621
PTJPL,2012-03-01,5-021.70,5-021,SACRAMENTO VALLEY,SACRAMENTO VALLEY - BUTTE,62.787814,806826
PTJPL,2012-03-01,5-021.52,5-021,SACRAMENTO VALLEY,SACRAMENTO VALLEY - COLUSA,63.730827,2191429
PTJPL,2012-03-01,5-021.51,5-021,SACRAMENTO VALLEY,SACRAMENTO VALLEY - CORNING,73.352856,347836
PTJPL,2012-03-01,5-021.56,5-021,SACRAMENTO VALLEY,SACRAMENTO VALLEY - LOS MOLINOS,74.358574,77691
PTJPL,2012-03-01,5-021.64,5-021,SACRAMENTO VALLEY,SACRAMENTO VALLEY - NORTH AMERICAN,72.407263,553320
PTJPL,2012-03-01,5-021.60,5-021,SACRAMENTO VALLEY,SACRAMENTO VALLEY - NORTH YUBA,67.954197,171428
PTJPL,2012-03-01,5-021.50,5-021,SACRAMENTO VALLEY,SACRAMENTO VALLEY - RED BLUFF,71.692364,172727
PTJPL,2012-03-01,5-021.66,5-021,SACRAMENTO VALLEY,SACRAMENTO VALLEY - SOLANO,81.977249,931565
PTJPL,2012-03-01,5-021.65,5-021,SACRAMENTO VALLEY,SACRAMENTO VALLEY - SOUTH AMERICAN,79.204777,248631
PTJPL,2012-03-01,5-021.61,5-021,SACRAMENTO VALLEY,SACRAMENTO VALLEY - SOUTH YUBA,72.763561,215015
PTJPL,2012-03-01,5-021.62,5-021,SACRAMENTO VALLEY,SACRAMENTO VALLEY - SUTTER,65.563351,862612
PTJPL,2012-03-01,5-021.57,5-021,SACRAMENTO VALLEY,SACRAMENTO VALLEY - VINA,71.201732,351982
PTJPL,2012-03-01,5-021.69,5-021,SACRAMENTO VALLEY,SACRAMENTO VALLEY - WYANDOTTE CREEK,71.635548,72218
PTJPL,2012-03-01,5-021.67,5-021,SACRAMENTO VALLEY,SACRAMENTO VALLEY - YOLO,74.910066,1423186
PTJPL,2012-03-01,3-004.01,3-004,SALINAS VALLEY,SALINAS VALLEY - 180/400 FOOT AQUIFER,49.771011,244955
PTJPL,2012-03-01,3-004.11,3-004,SALINAS VALLEY,SALINAS VALLEY - ATASCADERO AREA,66.859751,23494
PTJPL,2012-03-01,3-004.02,3-004,SALINAS VALLEY,SALINAS VALLEY - EAST SIDE AQUIFER,51.002791,155474
PTJPL,2012-03-01,3-004.04,3-004,SALINAS VALLEY,SALINAS VALLEY - FOREBAY AQUIFER,53.394818,248036
PTJPL,2012-03-01,3-004.09,3-004,SALINAS VALLEY,SALINAS VALLEY - LANGLEY AREA,44.0198,8384
PTJPL,2012-03-01,3-004.10,3-004,SALINAS VALLEY,SALINAS VALLEY - MONTEREY,48.515991,3033
PTJPL,2012-03-01,3-004.06,3-004,SALINAS VALLEY,SALINAS VALLEY - PASO ROBLES AREA,68.571016,316189
PTJPL,2012-03-01,3-004.08,3-004,SALINAS VALLEY,SALINAS VALLEY - SEASIDE,50.976263,1643
PTJPL,2012-03-01,3-004.05,3-004,SALINAS VALLEY,SALINAS VALLEY - UPPER VALLEY AQUIFER,50.192888,274813
PTJPL,2012-03-01,6-017,6-017,SALINE VALLEY,SALINE VALLEY,,0
PTJPL,2012-03-01,6-053,6-053,SALT WELLS VALLEY,SALT WELLS VALLEY,,0
PTJPL,2012-03-01,3-014,3-014,SAN ANTONIO CREEK VALLEY,SAN ANTONIO CREEK VALLEY,82.99455,60184
PTJPL,2012-03-01,3-028,3-028,SAN BENITO RIVER VALLEY,SAN BENITO RIVER VALLEY,55.101368,3946
PTJPL,2012-03-01,3-033,3-033,SAN CARPOFORO VALLEY,SAN CARPOFORO VALLEY,,0
PTJPL,2012-03-01,9-015,9-015,SAN DIEGO RIVER VALLEY,SAN DIEGO RIVER VALLEY,59.408253,1139
PTJPL,2012-03-01,9-012,9-012,SAN DIEGUITO CREEK,SAN DIEGUITO CREEK,64.621118,1610
PTJPL,2012-03-01,9-023,9-023,SAN ELIJO VALLEY,SAN ELIJO VALLEY,56.2,25
PTJPL,2012-03-01,7-027,7-027,SAN FELIPE VALLEY,SAN FELIPE VALLEY,43.527027,74
PTJPL,2012-03-01,4-012,4-012,SAN FERNANDO VALLEY,SAN FERNANDO VALLEY,84.464111,8401
PTJPL,2012-03-01,4-013,4-013,SAN GABRIEL VALLEY,SAN GABRIEL VALLEY,75.885692,9072
PTJPL,2012-03-01,2-024,2-024,SAN GREGORIO VALLEY,SAN GREGORIO VALLEY,52.077935,988
PTJPL,2012-03-01,8-005,8-005,SAN JACINTO,SAN JACINTO,45.280248,135416
PTJPL,2012-03-01,5-022.05,5-022,SAN JOAQUIN VALLEY,SAN JOAQUIN VALLEY - CHOWCHILLA,69.285524,519358
PTJPL,2012-03-01,5-022.16,5-022,SAN JOAQUIN VALLEY,SAN JOAQUIN VALLEY - COSUMNES,73.90283,249615
PTJPL,2012-03-01,5-022.07,5-022,SAN JOAQUIN VALLEY,SAN JOAQUIN VALLEY - DELTA-MENDOTA,70.070916,1995316
PTJPL,2012-03-01,5-022.19,5-022,SAN JOAQUIN VALLEY,SAN JOAQUIN VALLEY - EAST CONTRA COSTA,68.965855,180146
PTJPL,2012-03-01,5-022.01,5-022,SAN JOAQUIN VALLEY,SAN JOAQUIN VALLEY - EASTERN SAN JOAQUIN,69.121217,1828042
PTJPL,2012-03-01,5-022.11,5-022,SAN JOAQUIN VALLEY,SAN JOAQUIN VALLEY - KAWEAH,70.701319,1171701
PTJPL,2012-03-01,5-022.14,5-022,SAN JOAQUIN VALLEY,SAN JOAQUIN VALLEY - KERN COUNTY,63.11185,2799900
PTJPL,2012-03-01,5-022.17,5-022,SAN JOAQUIN VALLEY,SAN JOAQUIN VALLEY - KETTLEMAN PLAIN,48.479714,126788
PTJPL,2012-03-01,5-022.08,5-022,SAN JOAQUIN VALLEY,SAN JOAQUIN VALLEY - KINGS,60.107224,2513870
PTJPL,2012-03-01,5-022.06,5-022,SAN JOAQUIN VALLEY,SAN JOAQUIN VALLEY - MADERA,55.145108,837397
PTJPL,2012-03-01,5-022.04,5-022,SAN JOAQUIN VALLEY,SAN JOAQUIN VALLEY - MERCED,73.888762,1179820
PTJPL,2012-03-01,5-022.02,5-022,SAN JOAQUIN VALLEY,SAN JOAQUIN VALLEY - MODESTO,67.409213,562409
PTJPL,2012-03-01,5-022.10,5-022,SAN JOAQUIN VALLEY,SAN JOAQUIN VALLEY - PLEASANT VALLEY,49.126997,98546
PTJPL,2012-03-01,5-022.15,5-022,SAN JOAQUIN VALLEY,SAN JOAQUIN VALLEY - TRACY,74.161888,623036
PTJPL,2012-03-01,5-022.12,5-022,SAN JOAQUIN VALLEY,SAN JOAQUIN VALLEY - TULARE LAKE,55.121666,1011079
PTJPL,2012-03-01,5-022.13,5-022,SAN JOAQUIN VALLEY,SAN JOAQUIN VALLEY - TULE,64.895154,1218209
PTJPL,2012-03-01,5-022.03,5-022,SAN JOAQUIN VALLEY,SAN JOAQUIN VALLEY - TURLOCK,71.912837,1001135
PTJPL,2012-03-01,5-022.09,5-022,SAN JOAQUIN VALLEY,SAN JOAQUIN VALLEY - WESTSIDE,58.043654,2175632
PTJPL,2012-03-01,5-022.18,5-022,SAN JOAQUIN VALLEY,SAN JOAQUIN VALLEY - WHITE WOLF,69.986455,162937
PTJPL,2012-03-01,9-001,9-001,SAN JUAN VALLEY,SAN JUAN VALLEY,55.700044,2267
PTJPL,2012-03-01,3-009,3-009,SAN LUIS OBISPO VALLEY,SAN LUIS OBISPO VALLEY,74.854708,16546
PTJPL,2012-03-01,9-007.02,9-007,SAN LUIS REY VALLEY,SAN LUIS REY VALLEY - LOWER SAN LUIS REY VALLEY,53.369392,2764
PTJPL,2012-03-01,9-007.01,9-007,SAN LUIS REY VALLEY,SAN LUIS REY VALLEY - UPPER SAN LUIS REY VALLEY,60.372986,25513
PTJPL,2012-03-01,9-032,9-032,SAN MARCOS AREA,SAN MARCOS AREA,56.703704,27
PTJPL,2012-03-01,9-002,9-002,SAN MATEO VALLEY,SAN MATEO VALLEY,58.777778,9
PTJPL,2012-03-01,9-003,9-003,SAN ONOFRE VALLEY,SAN ONOFRE VALLEY,,0
PTJPL,2012-03-01,9-010,9-010,SAN PASQUAL VALLEY,SAN PASQUAL VALLEY,48.658184,7466
PTJPL,2012-03-01,2-036,2-036,SAN PEDRO VALLEY,SAN PEDRO VALLEY,57.52381,21
PTJPL,2012-03-01,2-029,2-029,SAN RAFAEL VALLEY,SAN RAFAEL VALLEY,,0
PTJPL,2012-03-01,2-007,2-007,SAN RAMON VALLEY,SAN RAMON VALLEY,58.293651,378
PTJPL,2012-03-01,3-035,3-035,SAN SIMEON VALLEY,SAN SIMEON VALLEY,79.777778,216
PTJPL,2012-03-01,2-027,2-027,SAND POINT AREA,SAND POINT AREA,55.140971,19316
PTJPL,2012-03-01,1-053,1-053,SANEL VALLEY,SANEL VALLEY,42.349957,10507
PTJPL,2012-03-01,3-022,3-022,SANTA ANA VALLEY,SANTA ANA VALLEY,55.447751,7158
PTJPL,2012-03-01,3-017,3-017,SANTA BARBARA,SANTA BARBARA,75.222548,683
PTJPL,2012-03-01,4-004.05,4-004,SANTA CLARA RIVER VALLEY,SANTA CLARA RIVER VALLEY - FILLMORE,81.744618,50121
PTJPL,2012-03-01,4-004.03,4-004,SANTA CLARA RIVER VALLEY,SANTA CLARA RIVER VALLEY - MOUND,62.983963,8418
PTJPL,2012-03-01,4-004.02,4-004,SANTA CLARA RIVER VALLEY,SANTA CLARA RIVER VALLEY - OXNARD,60.160119,98814
PTJPL,2012-03-01,4-004.06,4-004,SANTA CLARA RIVER VALLEY,SANTA CLARA RIVER VALLEY - PIRU,72.957136,23073
PTJPL,2012-03-01,4-004.07,4-004,SANTA CLARA RIVER VALLEY,SANTA CLARA RIVER VALLEY - SANTA CLARA RIVER VALLEY EAST,69.121052,6807
PTJPL,2012-03-01,4-004.04,4-004,SANTA CLARA RIVER VALLEY,SANTA CLARA RIVER VALLEY - SANTA PAULA,77.049155,40586
PTJPL,2012-03-01,2-009.04,2-009,SANTA CLARA VALLEY,SANTA CLARA VALLEY - EAST BAY PLAIN,61.31917,2989
PTJPL,2012-03-01,2-009.01,2-009,SANTA CLARA VALLEY,SANTA CLARA VALLEY - NILES CONE,63.141262,1791
PTJPL,2012-03-01,2-009.03,2-009,SANTA CLARA VALLEY,SANTA CLARA VALLEY - SAN MATEO PLAIN,61.545655,1358
PTJPL,2012-03-01,2-009.02,2-009,SANTA CLARA VALLEY,SANTA CLARA VALLEY - SANTA CLARA,59.454323,25790
PTJPL,2012-03-01,3-001,3-001,SANTA CRUZ MID-COUNTY,SANTA CRUZ MID-COUNTY,52.588989,3978
PTJPL,2012-03-01,3-027,3-027,SANTA MARGARITA,SANTA MARGARITA,53.520134,298
PTJPL,2012-03-01,9-004,9-004,SANTA MARGARITA VALLEY,SANTA MARGARITA VALLEY,,0
PTJPL,2012-03-01,3-012.02,3-012,SANTA MARIA RIVER VALLEY,SANTA MARIA RIVER VALLEY - ARROYO GRANDE,78.837247,6089
PTJPL,2012-03-01,3-012.01,3-012,SANTA MARIA RIVER VALLEY,SANTA MARIA RIVER VALLEY - SANTA MARIA,81.290624,255949
PTJPL,2012-03-01,9-011,9-011,SANTA MARIA VALLEY,SANTA MARIA VALLEY,56.662881,3082
PTJPL,2012-03-01,6-068,6-068,SANTA ROSA FLAT,SANTA ROSA FLAT,,0
PTJPL,2012-03-01,3-036,3-036,SANTA ROSA VALLEY,SANTA ROSA VALLEY,71.861516,2744
PTJPL,2012-03-01,1-055.02,1-055,SANTA ROSA VALLEY,SANTA ROSA VALLEY - HEALDSBURG AREA,51.658816,23990
PTJPL,2012-03-01,1-055.03,1-055,SANTA ROSA VALLEY,SANTA ROSA VALLEY - RINCON VALLEY,57.428571,581
PTJPL,2012-03-01,1-055.01,1-055,SANTA ROSA VALLEY,SANTA ROSA VALLEY - SANTA ROSA PLAIN,59.377289,79663
PTJPL,2012-03-01,3-015,3-015,SANTA YNEZ RIVER VALLEY,SANTA YNEZ RIVER VALLEY,74.773904,111594
PTJPL,2012-03-01,1-005,1-005,SCOTT RIVER VALLEY,SCOTT RIVER VALLEY,39.379737,126140
PTJPL,2012-03-01,5-014,5-014,SCOTTS VALLEY,SCOTTS VALLEY,38.517074,5359
PTJPL,2012-03-01,6-052,6-052,SEARLES VALLEY,SEARLES VALLEY,,0
PTJPL,2012-03-01,6-100,6-100,SECRET VALLEY,SECRET VALLEY,50.320576,12150
PTJPL,2012-03-01,1-016,1-016,SEIAD VALLEY,SEIAD VALLEY,33.344086,279
PTJPL,2012-03-01,8-008,8-008,SEVEN OAKS VALLEY,SEVEN OAKS VALLEY,,0
PTJPL,2012-03-01,1-004,1-004,SHASTA VALLEY,SHASTA VALLEY,35.008404,247621
PTJPL,2012-03-01,1-042,1-042,SHERWOOD VALLEY,SHERWOOD VALLEY,,0
PTJPL,2012-03-01,5-012.02,5-012,SIERRA VALLEY,SIERRA VALLEY - CHILCOOT,50.248393,2955
PTJPL,2012-03-01,5-012.01,5-012,SIERRA VALLEY,SIERRA VALLEY - SIERRA VALLEY,51.822438,148472
PTJPL,2012-03-01,6-034,6-034,SILVER LAKE VALLEY,SILVER LAKE VALLEY,,0
PTJPL,2012-03-01,4-009,4-009,SIMI VALLEY,SIMI VALLEY,79.383963,1297
PTJPL,2012-03-01,6-105,6-105,SLINKARD VALLEY,SLINKARD VALLEY,,0
PTJPL,2012-03-01,1-001,1-001,SMITH RIVER PLAIN,SMITH RIVER PLAIN,50.381031,30903
PTJPL,2012-03-01,6-033,6-033,SODA LAKE VALLEY,SODA LAKE VALLEY,,0
PTJPL,2012-03-01,2-037,2-037,SOUTH SAN FRANCISCO,SOUTH SAN FRANCISCO,,0
PTJPL,2012-03-01,6-082,6-082,SPRING CANYON VALLEY,SPRING CANYON VALLEY,,0
PTJPL,2012-03-01,5-089,5-089,SQUAW FLAT,SQUAW FLAT,,0
PTJPL,2012-03-01,5-088,5-088,STONY GORGE RESERVOIR,STONY GORGE RESERVOIR,56.997826,920
PTJPL,2012-03-01,5-063,5-063,STONYFORD TOWN AREA,STONYFORD TOWN AREA,54.220475,3624
PTJPL,2012-03-01,2-003,2-003,SUISUN-FAIRFIELD VALLEY,SUISUN-FAIRFIELD VALLEY,81.726656,91866
PTJPL,2012-03-01,2-011,2-011,SUNOL VALLEY,SUNOL VALLEY,59.570652,1656
PTJPL,2012-03-01,6-049,6-049,SUPERIOR VALLEY,SUPERIOR VALLEY,,0
PTJPL,2012-03-01,6-001,6-001,SURPRISE VALLEY,SURPRISE VALLEY,54.234096,221490
PTJPL,2012-03-01,6-107,6-107,SWEETWATER FLAT,SWEETWATER FLAT,31.906355,299
PTJPL,2012-03-01,6-005.03,6-005,TAHOE VALLEY,TAHOE VALLEY - TAHOE NORTH,,0
PTJPL,2012-03-01,6-005.01,6-005,TAHOE VALLEY,TAHOE VALLEY - TAHOE SOUTH,35.16,125
PTJPL,2012-03-01,6-005.02,6-005,TAHOE VALLEY,TAHOE VALLEY - TAHOE WEST,,0
PTJPL,2012-03-01,6-045,6-045,TEHACHAPI VALLEY EAST,TEHACHAPI VALLEY EAST,69.672064,3397
PTJPL,2012-03-01,5-028,5-028,TEHACHAPI VALLEY WEST,TEHACHAPI VALLEY WEST,64.231057,4540
PTJPL,2012-03-01,9-005,9-005,TEMECULA VALLEY,TEMECULA VALLEY,49.460837,20517
PTJPL,2012-03-01,1-040,1-040,TEN MILE RIVER VALLEY,TEN MILE RIVER VALLEY,46.966507,209
PTJPL,2012-03-01,7-026,7-026,TERWILLIGER VALLEY,TERWILLIGER VALLEY,33.934911,169
PTJPL,2012-03-01,4-019,4-019,THOUSAND OAKS AREA,THOUSAND OAKS AREA,81.51715,379
PTJPL,2012-03-01,4-015,4-015,TIERRA REJADA,TIERRA REJADA,70.602639,4092
PTJPL,2012-03-01,5-037,5-037,TOAD WELL AREA,TOAD WELL AREA,,0
PTJPL,2012-03-01,3-040,3-040,TORO VALLEY,TORO VALLEY,87.497268,366
PTJPL,2012-03-01,6-098,6-098,TULEDAD CANYON VALLEY,TULEDAD CANYON VALLEY,35.435484,310
PTJPL,2012-03-01,7-010,7-010,TWENTYNINE PALMS VALLEY,TWENTYNINE PALMS VALLEY,38.912985,747
PTJPL,2012-03-01,1-052,1-052,UKIAH VALLEY,UKIAH VALLEY,41.608399,43146
PTJPL,2012-03-01,6-022,6-022,UPPER KINGSTON VALLEY,UPPER KINGSTON VALLEY,,0
PTJPL,2012-03-01,5-013,5-013,UPPER LAKE VALLEY,UPPER LAKE VALLEY,32.838642,9011
PTJPL,2012-03-01,6-042,6-042,UPPER MOJAVE RIVER VALLEY,UPPER MOJAVE RIVER VALLEY,36.037344,6748
PTJPL,2012-03-01,4-001,4-001,UPPER OJAI VALLEY,UPPER OJAI VALLEY,65.461186,3272
PTJPL,2012-03-01,3-023,3-023,UPPER SANTA ANA VALLEY,UPPER SANTA ANA VALLEY,75.0,7
PTJPL,2012-03-01,8-002.05,8-002,UPPER SANTA ANA VALLEY,UPPER SANTA ANA VALLEY - CAJON,27.688235,170
PTJPL,2012-03-01,8-002.01,8-002,UPPER SANTA ANA VALLEY,UPPER SANTA ANA VALLEY - CHINO,57.456664,29433
PTJPL,2012-03-01,8-002.02,8-002,UPPER SANTA ANA VALLEY,UPPER SANTA ANA VALLEY - CUCAMONGA,56.168657,670
PTJPL,2012-03-01,8-002.04,8-002,UPPER SANTA ANA VALLEY,UPPER SANTA ANA VALLEY - RIALTO-COLTON,51.683958,1253
PTJPL,2012-03-01,8-002.03,8-002,UPPER SANTA ANA VALLEY,UPPER SANTA ANA VALLEY - RIVERSIDE-ARLINGTON,49.85658,13966
PTJPL,2012-03-01,8-002.06,8-002,UPPER SANTA ANA VALLEY,UPPER SANTA ANA VALLEY - SAN BERNARDINO,52.835747,15537
PTJPL,2012-03-01,8-002.08,8-002,UPPER SANTA ANA VALLEY,UPPER SANTA ANA VALLEY - SAN TIMOTEO,50.080137,4667
PTJPL,2012-03-01,8-002.09,8-002,UPPER SANTA ANA VALLEY,UPPER SANTA ANA VALLEY - TEMESCAL,69.113609,845
PTJPL,2012-03-01,8-002.07,8-002,UPPER SANTA ANA VALLEY,UPPER SANTA ANA VALLEY - YUCAIPA,47.320126,2852
PTJPL,2012-03-01,7-028,7-028,VALLECITO-CARRIZO VALLEY,VALLECITO-CARRIZO VALLEY,,0
PTJPL,2012-03-01,5-071,5-071,VALLECITOS CREEK VALLEY,VALLECITOS CREEK VALLEY,,0
PTJPL,2012-03-01,7-063,7-063,VANDEVENTER FLAT,VANDEVENTER FLAT,,0
PTJPL,2012-03-01,4-003.02,4-003,VENTURA RIVER VALLEY,VENTURA RIVER VALLEY - LOWER VENTURA RIVER,63.185206,1771
PTJPL,2012-03-01,4-003.01,4-003,VENTURA RIVER VALLEY,VENTURA RIVER VALLEY - UPPER VENTURA RIVER,66.843777,2298
PTJPL,2012-03-01,7-042,7-042,VIDAL VALLEY,VIDAL VALLEY,,0
PTJPL,2012-03-01,3-037,3-037,VILLA VALLEY,VILLA VALLEY,70.807923,833
PTJPL,2012-03-01,2-032,2-032,VISITACION VALLEY,VISITACION VALLEY,71.023256,172
PTJPL,2012-03-01,5-026,5-026,WALKER BASIN CREEK VALLEY,WALKER BASIN CREEK VALLEY,67.351067,6372
PTJPL,2012-03-01,7-003,7-003,WARD VALLEY,WARD VALLEY,,0
PTJPL,2012-03-01,9-008,9-008,WARNER VALLEY,WARNER VALLEY,47.61516,343
PTJPL,2012-03-01,7-012,7-012,WARREN VALLEY,WARREN VALLEY,16.350725,345
PTJPL,2012-03-01,1-031,1-031,WEOTT TOWN AREA,WEOTT TOWN AREA,40.045889,523
PTJPL,2012-03-01,7-022,7-022,WEST SALTON SEA,WEST SALTON SEA,,0
PTJPL,2012-03-01,3-026,3-026,WEST SANTA CRUZ TERRACE,WEST SANTA CRUZ TERRACE,54.31207,1599
PTJPL,2012-03-01,2-035,2-035,WESTSIDE,WESTSIDE,61.99461,3154
PTJPL,2012-03-01,6-073,6-073,WILD HORSE MESA AREA,WILD HORSE MESA AREA,,0
PTJPL,2012-03-01,6-075,6-075,WILDROSE CANYON,WILDROSE CANYON,,0
PTJPL,2012-03-01,1-043,1-043,WILLIAMS VALLEY,WILLIAMS VALLEY,35.388759,427
PTJPL,2012-03-01,6-003,6-003,WILLOW CREEK VALLEY,WILLOW CREEK VALLEY,53.891854,23607
PTJPL,2012-03-01,1-059,1-059,WILSON GROVE FORMATION HIGHLANDS,WILSON GROVE FORMATION HIGHLANDS,56.669911,66988
PTJPL,2012-03-01,1-062,1-062,WILSON POINT AREA,WILSON POINT AREA,23.0,3
PTJPL,2012-03-01,6-019,6-019,WINGATE VALLEY,WINGATE VALLEY,,0
PTJPL,2012-03-01,7-056,7-056,YAQUI WELL AREA,YAQUI WELL AREA,,0
PTJPL,2012-03-01,5-056,5-056,YELLOW CREEK VALLEY,YELLOW CREEK VALLEY,45.354229,3701
PTJPL,2012-03-01,2-006,2-006,YGNACIO VALLEY,YGNACIO VALLEY,66.528395,405
PTJPL,2012-03-01,5-069,5-069,YOSEMITE VALLEY,YOSEMITE VALLEY,,0
PTJPL,2012-03-01,7-036,7-036,YUMA VALLEY,YUMA VALLEY,88.759879,66608
