Model,Date,Basin_Subb,Basin_Numb,Basin_Name,Basin_Su_1,ET,Pixel_Count
PTJPL,2014-07-01,4-005,4-005,ACTON VALLEY,ACTON VALLEY,31.486527,668
PTJPL,2014-07-01,6-010,6-010,ADOBE LAKE VALLEY,ADOBE LAKE VALLEY,,0
PTJPL,2014-07-01,1-054.01,1-054,ALEXANDER VALLEY,ALEXANDER VALLEY - ALEXANDER AREA,82.790932,39743
PTJPL,2014-07-01,1-054.02,1-054,ALEXANDER VALLEY,ALEXANDER VALLEY - CLOVERDALE AREA,92.635024,9502
PTJPL,2014-07-01,5-002.01,5-002,ALTURAS AREA,ALTURAS AREA - SOUTH FORK PITT RIVER,104.991627,159794
PTJPL,2014-07-01,5-002.02,5-002,ALTURAS AREA,ALTURAS AREA - WARM SPRINGS VALLEY,74.919637,74425
PTJPL,2014-07-01,5-010,5-010,AMERICAN VALLEY,AMERICAN VALLEY,97.569054,9746
PTJPL,2014-07-01,7-016,7-016,AMES VALLEY,AMES VALLEY,,0
PTJPL,2014-07-01,7-034,7-034,AMOS VALLEY,AMOS VALLEY,,0
PTJPL,2014-07-01,1-019,1-019,ANDERSON VALLEY,ANDERSON VALLEY,78.700602,5982
PTJPL,2014-07-01,1-049,1-049,ANNAPOLIS OHLSON RANCH FORMATION HIGHLANDS,ANNAPOLIS OHLSON RANCH FORMATION HIGHLANDS,77.692733,2353
PTJPL,2014-07-01,5-091,5-091,ANTELOPE CREEK,ANTELOPE CREEK,21.740187,1605
PTJPL,2014-07-01,6-044,6-044,ANTELOPE VALLEY,ANTELOPE VALLEY,87.935758,137884
PTJPL,2014-07-01,6-007,6-007,ANTELOPE VALLEY,ANTELOPE VALLEY,124.004145,48489
PTJPL,2014-07-01,3-034,3-034,ARROYO DE LA CRUZ VALLEY,ARROYO DE LA CRUZ VALLEY,111.581784,538
PTJPL,2014-07-01,2-031,2-031,ARROYO DEL HAMBRE VALLEY,ARROYO DEL HAMBRE VALLEY,,0
PTJPL,2014-07-01,4-007,4-007,ARROYO SANTA ROSA VALLEY,ARROYO SANTA ROSA VALLEY,100.268742,7870
PTJPL,2014-07-01,7-037,7-037,ARROYO SECO VALLEY,ARROYO SECO VALLEY,,0
PTJPL,2014-07-01,5-054,5-054,ASH VALLEY,ASH VALLEY,114.963572,12106
PTJPL,2014-07-01,6-026,6-026,AVAWATZ VALLEY,AVAWATZ VALLEY,,0
PTJPL,2014-07-01,3-020,3-020,A�O NUEVO AREA,A�O NUEVO AREA,62.38732,1877
PTJPL,2014-07-01,9-022,9-022,BATIQUITOS LAGOON VALLEY,BATIQUITOS LAGOON VALLEY,130.701613,620
PTJPL,2014-07-01,8-009,8-009,BEAR VALLEY,BEAR VALLEY,107.90411,219
PTJPL,2014-07-01,5-064,5-064,BEAR VALLEY,BEAR VALLEY,22.131373,510
PTJPL,2014-07-01,5-020,5-020,BERRYESSA VALLEY,BERRYESSA VALLEY,,0
PTJPL,2014-07-01,7-015,7-015,BESSEMER VALLEY,BESSEMER VALLEY,,0
PTJPL,2014-07-01,6-025,6-025,BICYCLE VALLEY,BICYCLE VALLEY,,0
PTJPL,2014-07-01,1-027,1-027,BIG LAGOON AREA,BIG LAGOON AREA,127.538462,39
PTJPL,2014-07-01,8-007,8-007,BIG MEADOWS VALLEY,BIG MEADOWS VALLEY,,0
PTJPL,2014-07-01,1-045,1-045,BIG RIVER VALLEY,BIG RIVER VALLEY,,0
PTJPL,2014-07-01,3-047,3-047,BIG SPRING AREA,BIG SPRING AREA,13.752723,918
PTJPL,2014-07-01,5-015,5-015,BIG VALLEY,BIG VALLEY,91.939084,41040
PTJPL,2014-07-01,5-004,5-004,BIG VALLEY,BIG VALLEY,93.696761,163109
PTJPL,2014-07-01,3-030,3-030,BITTER WATER VALLEY,BITTER WATER VALLEY,32.18033,7575
PTJPL,2014-07-01,6-013,6-013,BLACK SPRINGS VALLEY,BLACK SPRINGS VALLEY,,0
PTJPL,2014-07-01,5-092,5-092,BLANCHARD VALLEY,BLANCHARD VALLEY,25.636283,1130
PTJPL,2014-07-01,1-057,1-057,BODEGA BAY AREA,BODEGA BAY AREA,109.428571,154
PTJPL,2014-07-01,7-024.01,7-024,BORREGO VALLEY,BORREGO VALLEY - BORREGO SPRINGS,69.992642,17397
PTJPL,2014-07-01,7-024.02,7-024,BORREGO VALLEY,BORREGO VALLEY - OCOTILLO WELLS,30.5,12
PTJPL,2014-07-01,1-039,1-039,BRANSCOMB TOWN AREA,BRANSCOMB TOWN AREA,,0
PTJPL,2014-07-01,1-017,1-017,BRAY TOWN AREA,BRAY TOWN AREA,102.400941,4250
PTJPL,2014-07-01,6-008,6-008,BRIDGEPORT VALLEY,BRIDGEPORT VALLEY,92.697044,74902
PTJPL,2014-07-01,7-008,7-008,BRISTOL VALLEY,BRISTOL VALLEY,24.617355,7963
PTJPL,2014-07-01,5-080,5-080,BRITE VALLEY,BRITE VALLEY,41.225076,1324
PTJPL,2014-07-01,6-032,6-032,BROADWELL VALLEY,BROADWELL VALLEY,,0
PTJPL,2014-07-01,6-076,6-076,BROWN MOUNTAIN VALLEY,BROWN MOUNTAIN VALLEY,,0
PTJPL,2014-07-01,7-054,7-054,BUCK RIDGE FAULT VALLEY,BUCK RIDGE FAULT VALLEY,,0
PTJPL,2014-07-01,6-101,6-101,BULL FLAT,BULL FLAT,49.4375,48
PTJPL,2014-07-01,5-048,5-048,BURNEY CREEK VALLEY,BURNEY CREEK VALLEY,64.422067,6852
PTJPL,2014-07-01,5-017,5-017,BURNS VALLEY,BURNS VALLEY,60.44579,1734
PTJPL,2014-07-01,5-051,5-051,BUTTE CREEK VALLEY,BUTTE CREEK VALLEY,,0
PTJPL,2014-07-01,1-003,1-003,BUTTE VALLEY,BUTTE VALLEY,89.867613,149448
PTJPL,2014-07-01,6-081,6-081,BUTTE VALLEY,BUTTE VALLEY,,0
PTJPL,2014-07-01,6-070,6-070,CACTUS FLAT,CACTUS FLAT,,0
PTJPL,2014-07-01,7-007,7-007,CADIZ VALLEY,CADIZ VALLEY,,0
PTJPL,2014-07-01,6-090,6-090,CADY FAULT AREA,CADY FAULT AREA,,0
PTJPL,2014-07-01,9-006,9-006,CAHUILLA VALLEY,CAHUILLA VALLEY,45.00416,6250
PTJPL,2014-07-01,6-079,6-079,CALIFORNIA VALLEY,CALIFORNIA VALLEY,,0
PTJPL,2014-07-01,7-041,7-041,CALZONA VALLEY,CALZONA VALLEY,,0
PTJPL,2014-07-01,6-061,6-061,CAMEO AREA,CAMEO AREA,,0
PTJPL,2014-07-01,9-028,9-028,CAMPO VALLEY,CAMPO VALLEY,31.984127,126
PTJPL,2014-07-01,7-046,7-046,CANEBRAKE VALLEY,CANEBRAKE VALLEY,,0
PTJPL,2014-07-01,3-007,3-007,CARMEL VALLEY,CARMEL VALLEY,121.877535,1282
PTJPL,2014-07-01,3-018,3-018,CARPINTERIA,CARPINTERIA,104.269122,3883
PTJPL,2014-07-01,3-019,3-019,CARRIZO PLAIN,CARRIZO PLAIN,21.313558,22739
PTJPL,2014-07-01,6-006,6-006,CARSON VALLEY,CARSON VALLEY,97.57132,10516
PTJPL,2014-07-01,5-029,5-029,CASTAC LAKE VALLEY,CASTAC LAKE VALLEY,34.689125,846
PTJPL,2014-07-01,2-008,2-008,CASTRO VALLEY,CASTRO VALLEY,,0
PTJPL,2014-07-01,6-038,6-038,CAVES CANYON VALLEY,CAVES CANYON VALLEY,,0
PTJPL,2014-07-01,5-045,5-045,CAYTON VALLEY,CAYTON VALLEY,139.533647,4250
PTJPL,2014-07-01,3-038,3-038,CAYUCOS VALLEY,CAYUCOS VALLEY,,0
PTJPL,2014-07-01,7-043,7-043,CHEMEHUEVI VALLEY,CHEMEHUEVI VALLEY,,0
PTJPL,2014-07-01,7-032,7-032,CHOCOLATE VALLEY,CHOCOLATE VALLEY,11.343284,67
PTJPL,2014-07-01,3-005,3-005,CHOLAME VALLEY,CHOLAME VALLEY,55.069929,17718
PTJPL,2014-07-01,3-042,3-042,CHORRO VALLEY,CHORRO VALLEY,95.355985,1295
PTJPL,2014-07-01,5-061,5-061,CHROME TOWN AREA,CHROME TOWN AREA,27.704501,511
PTJPL,2014-07-01,7-005,7-005,CHUCKWALLA VALLEY,CHUCKWALLA VALLEY,55.386838,4604
PTJPL,2014-07-01,2-005,2-005,CLAYTON VALLEY,CLAYTON VALLEY,106.31135,652
PTJPL,2014-07-01,5-066,5-066,CLEAR LAKE CACHE FORMATION,CLEAR LAKE CACHE FORMATION,62.174468,940
PTJPL,2014-07-01,5-058,5-058,CLOVER VALLEY,CLOVER VALLEY,37.776463,1606
PTJPL,2014-07-01,7-021.03,7-021,COACHELLA VALLEY,COACHELLA VALLEY - DESERT HOT SPRINGS,93.69764,2712
PTJPL,2014-07-01,7-021.01,7-021,COACHELLA VALLEY,COACHELLA VALLEY - INDIO,82.098589,293745
PTJPL,2014-07-01,7-021.02,7-021,COACHELLA VALLEY,COACHELLA VALLEY - MISSION CREEK,83.413155,973
PTJPL,2014-07-01,7-021.04,7-021,COACHELLA VALLEY,COACHELLA VALLEY - SAN GORGONIO PASS,107.117978,356
PTJPL,2014-07-01,4-011.04,4-011,COASTAL PLAIN OF LOS ANGELES,COASTAL PLAIN OF LOS ANGELES - CENTRAL,151.143897,7005
PTJPL,2014-07-01,4-011.02,4-011,COASTAL PLAIN OF LOS ANGELES,COASTAL PLAIN OF LOS ANGELES - HOLLYWOOD,135.93808,323
PTJPL,2014-07-01,4-011.01,4-011,COASTAL PLAIN OF LOS ANGELES,COASTAL PLAIN OF LOS ANGELES - SANTA MONICA,142.55614,4186
PTJPL,2014-07-01,4-011.03,4-011,COASTAL PLAIN OF LOS ANGELES,COASTAL PLAIN OF LOS ANGELES - WEST COAST,149.982011,4058
PTJPL,2014-07-01,8-001,8-001,COASTAL PLAIN OF ORANGE COUNTY,COASTAL PLAIN OF ORANGE COUNTY,133.051115,23946
PTJPL,2014-07-01,9-033,9-033,COASTAL PLAIN OF SAN DIEGO,COASTAL PLAIN OF SAN DIEGO,125.197035,3507
PTJPL,2014-07-01,6-072,6-072,COLES FLAT,COLES FLAT,,0
PTJPL,2014-07-01,5-019,5-019,COLLAYOMI VALLEY,COLLAYOMI VALLEY,47.673862,3845
PTJPL,2014-07-01,7-055,7-055,COLLINS VALLEY,COLLINS VALLEY,,0
PTJPL,2014-07-01,4-010,4-010,CONEJO,CONEJO,115.759036,498
PTJPL,2014-07-01,7-011,7-011,COPPER MOUNTAIN VALLEY,COPPER MOUNTAIN VALLEY,,0
PTJPL,2014-07-01,3-002.01,3-002,CORRALITOS,CORRALITOS - PAJARO VALLEY,86.674383,109205
PTJPL,2014-07-01,3-002.02,3-002,CORRALITOS,CORRALITOS - PURISIMA HIGHLANDS,75.359914,464
PTJPL,2014-07-01,6-055,6-055,COSO VALLEY,COSO VALLEY,,0
PTJPL,2014-07-01,1-037,1-037,COTTONEVA CREEK VALLEY,COTTONEVA CREEK VALLEY,,0
PTJPL,2014-07-01,9-027,9-027,COTTONWOOD VALLEY,COTTONWOOD VALLEY,60.785714,70
PTJPL,2014-07-01,1-011,1-011,COVELO ROUND VALLEY,COVELO ROUND VALLEY,71.214567,36576
PTJPL,2014-07-01,6-091,6-091,COW HEAD LAKE VALLEY,COW HEAD LAKE VALLEY,71.06228,15639
PTJPL,2014-07-01,6-037,6-037,COYOTE LAKE VALLEY,COYOTE LAKE VALLEY,50.193416,972
PTJPL,2014-07-01,5-018,5-018,COYOTE VALLEY,COYOTE VALLEY,61.741659,6534
PTJPL,2014-07-01,7-029,7-029,COYOTE WELLS VALLEY,COYOTE WELLS VALLEY,7.5625,80
PTJPL,2014-07-01,6-035,6-035,CRONISE VALLEY,CRONISE VALLEY,,0
PTJPL,2014-07-01,6-050,6-050,CUDDEBACK VALLEY,CUDDEBACK VALLEY,,0
PTJPL,2014-07-01,5-082,5-082,CUDDY CANYON VALLEY,CUDDY CANYON VALLEY,,0
PTJPL,2014-07-01,5-083,5-083,CUDDY RANCH AREA,CUDDY RANCH AREA,,0
PTJPL,2014-07-01,5-084,5-084,CUDDY VALLEY,CUDDY VALLEY,60.6875,16
PTJPL,2014-07-01,5-027,5-027,CUMMINGS VALLEY,CUMMINGS VALLEY,74.032624,11464
PTJPL,2014-07-01,3-013,3-013,CUYAMA VALLEY,CUYAMA VALLEY,54.414325,153773
PTJPL,2014-07-01,7-009,7-009,DALE VALLEY,DALE VALLEY,4.296053,152
PTJPL,2014-07-01,6-057,6-057,DARWIN VALLEY,DARWIN VALLEY,,0
PTJPL,2014-07-01,7-061,7-061,DAVIES VALLEY,DAVIES VALLEY,,0
PTJPL,2014-07-01,7-013.01,7-013,DEADMAN VALLEY,DEADMAN VALLEY - DEADMAN LAKE,,0
PTJPL,2014-07-01,7-013.02,7-013,DEADMAN VALLEY,DEADMAN VALLEY - SURPRISE SPRING,,0
PTJPL,2014-07-01,6-018,6-018,DEATH VALLEY,DEATH VALLEY,5.722222,18
PTJPL,2014-07-01,6-015,6-015,DEEP SPRINGS VALLEY,DEEP SPRINGS VALLEY,103.47874,635
PTJPL,2014-07-01,6-078,6-078,DENNING SPRING VALLEY,DENNING SPRING VALLEY,,0
PTJPL,2014-07-01,1-034,1-034,DINSMORES TOWN AREA,DINSMORES TOWN AREA,58.918605,86
PTJPL,2014-07-01,5-053,5-053,DIXIE VALLEY,DIXIE VALLEY,74.773867,11449
PTJPL,2014-07-01,2-040,2-040,DOWNTOWN,DOWNTOWN,,0
PTJPL,2014-07-01,5-049,5-049,DRY BURNEY CREEK VALLEY,DRY BURNEY CREEK VALLEY,,0
PTJPL,2014-07-01,3-029,3-029,DRY LAKE VALLEY,DRY LAKE VALLEY,20.809259,540
PTJPL,2014-07-01,6-095,6-095,DRY VALLEY,DRY VALLEY,,0
PTJPL,2014-07-01,6-096,6-096,EAGLE LAKE AREA,EAGLE LAKE AREA,,0
PTJPL,2014-07-01,7-033,7-033,EAST SALTON SEA,EAST SALTON SEA,79.216283,40262
PTJPL,2014-07-01,1-044,1-044,EDEN VALLEY,EDEN VALLEY,60.641475,1654
PTJPL,2014-07-01,1-010,1-010,EEL RIVER VALLEY,EEL RIVER VALLEY,98.157497,118015
PTJPL,2014-07-01,5-041,5-041,EGG LAKE VALLEY,EGG LAKE VALLEY,,0
PTJPL,2014-07-01,9-016,9-016,EL CAJON VALLEY,EL CAJON VALLEY,95.322581,31
PTJPL,2014-07-01,6-043,6-043,EL MIRAGE VALLEY,EL MIRAGE VALLEY,75.11662,3207
PTJPL,2014-07-01,5-062,5-062,ELK CREEK AREA,ELK CREEK AREA,52.601399,143
PTJPL,2014-07-01,8-004.02,8-004,ELSINORE,ELSINORE - BEDFORD-COLDWATER,132.990501,1158
PTJPL,2014-07-01,8-004.01,8-004,ELSINORE,ELSINORE - ELSINORE VALLEY,71.53271,107
PTJPL,2014-07-01,9-009,9-009,ESCONDIDO VALLEY,ESCONDIDO VALLEY,88.0,34
PTJPL,2014-07-01,1-009,1-009,EUREKA PLAIN,EUREKA PLAIN,98.153468,20936
PTJPL,2014-07-01,6-016,6-016,EUREKA VALLEY,EUREKA VALLEY,,0
PTJPL,2014-07-01,1-022,1-022,FAIRCHILD SWAMP VALLEY,FAIRCHILD SWAMP VALLEY,,0
PTJPL,2014-07-01,5-005,5-005,FALL RIVER VALLEY,FALL RIVER VALLEY,113.58411,134098
PTJPL,2014-07-01,7-002,7-002,FENNER VALLEY,FENNER VALLEY,,0
PTJPL,2014-07-01,6-014,6-014,FISH LAKE VALLEY,FISH LAKE VALLEY,108.601255,14340
PTJPL,2014-07-01,3-053,3-053,FOOTHILL,FOOTHILL,103.971429,35
PTJPL,2014-07-01,1-021,1-021,FORT BRAGG TERRACE AREA,FORT BRAGG TERRACE AREA,79.941658,9530
PTJPL,2014-07-01,1-061,1-061,FORT ROSS TERRACE DEPOSITS,FORT ROSS TERRACE DEPOSITS,97.995357,1077
PTJPL,2014-07-01,6-046,6-046,FREMONT VALLEY,FREMONT VALLEY,37.198563,1949
PTJPL,2014-07-01,5-090,5-090,FUNKS CREEK,FUNKS CREEK,23.153447,3278
PTJPL,2014-07-01,1-032,1-032,GARBERVILLE TOWN AREA,GARBERVILLE TOWN AREA,93.384328,536
PTJPL,2014-07-01,1-020,1-020,GARCIA RIVER VALLEY,GARCIA RIVER VALLEY,99.662724,2790
PTJPL,2014-07-01,3-003.01,3-003,GILROY-HOLLISTER VALLEY,GILROY-HOLLISTER VALLEY - LLAGAS AREA,96.68097,76695
PTJPL,2014-07-01,3-003.05,3-003,GILROY-HOLLISTER VALLEY,GILROY-HOLLISTER VALLEY - NORTH SAN BENITO,72.086638,195075
PTJPL,2014-07-01,6-085,6-085,GOLD VALLEY,GOLD VALLEY,,0
PTJPL,2014-07-01,6-048,6-048,GOLDSTONE VALLEY,GOLDSTONE VALLEY,,0
PTJPL,2014-07-01,3-016,3-016,GOLETA,GOLETA,91.051182,3341
PTJPL,2014-07-01,5-001.02,5-001,GOOSE LAKE,GOOSE LAKE - FANDANGO VALLEY,78.231923,29126
PTJPL,2014-07-01,5-001.01,5-001,GOOSE LAKE,GOOSE LAKE - GOOSE VALLEY,82.887854,55936
PTJPL,2014-07-01,5-047,5-047,GOOSE VALLEY,GOOSE VALLEY,129.964884,15463
PTJPL,2014-07-01,6-077,6-077,GRASS VALLEY,GRASS VALLEY,,0
PTJPL,2014-07-01,6-094,6-094,GRASSHOPPER VALLEY,GRASSHOPPER VALLEY,41.544189,3734
PTJPL,2014-07-01,1-048,1-048,GRAVELLY VALLEY,GRAVELLY VALLEY,,0
PTJPL,2014-07-01,5-052,5-052,GRAYS VALLEY,GRAYS VALLEY,,0
PTJPL,2014-07-01,6-084,6-084,GREENWATER VALLEY,GREENWATER VALLEY,,0
PTJPL,2014-07-01,5-059,5-059,GRIZZLY VALLEY,GRIZZLY VALLEY,,0
PTJPL,2014-07-01,2-022,2-022,HALF MOON BAY TERRACE,HALF MOON BAY TERRACE,61.560292,9056
PTJPL,2014-07-01,1-015,1-015,HAPPY CAMP TOWN AREA,HAPPY CAMP TOWN AREA,101.414141,99
PTJPL,2014-07-01,6-047,6-047,HARPER VALLEY,HARPER VALLEY,67.598621,5658
PTJPL,2014-07-01,6-074,6-074,HARRISBURG FLATS,HARRISBURG FLATS,,0
PTJPL,2014-07-01,6-093,6-093,HARVEY VALLEY,HARVEY VALLEY,,0
PTJPL,2014-07-01,1-006,1-006,HAYFORK VALLEY,HAYFORK VALLEY,69.257464,3115
PTJPL,2014-07-01,7-048,7-048,HELENDALE FAULT VALLEY,HELENDALE FAULT VALLEY,,0
PTJPL,2014-07-01,8-006,8-006,HEMET LAKE VALLEY,HEMET LAKE VALLEY,,0
PTJPL,2014-07-01,3-031,3-031,HERNANDEZ VALLEY,HERNANDEZ VALLEY,24.084833,389
PTJPL,2014-07-01,1-036,1-036,HETTENSHAW VALLEY,HETTENSHAW VALLEY,52.673479,2202
PTJPL,2014-07-01,7-053,7-053,HEXIE MOUNTAIN AREA,HEXIE MOUNTAIN AREA,,0
PTJPL,2014-07-01,6-063,6-063,HIDDEN VALLEY,HIDDEN VALLEY,,0
PTJPL,2014-07-01,4-016,4-016,HIDDEN VALLEY,HIDDEN VALLEY,53.882931,3767
PTJPL,2014-07-01,5-016,5-016,HIGH VALLEY,HIGH VALLEY,45.973391,2781
PTJPL,2014-07-01,6-004,6-004,HONEY LAKE VALLEY,HONEY LAKE VALLEY,72.188242,188784
PTJPL,2014-07-01,1-029,1-029,HONEYDEW TOWN AREA,HONEYDEW TOWN AREA,89.262891,1183
PTJPL,2014-07-01,1-007,1-007,HOOPA VALLEY,HOOPA VALLEY,94.925032,787
PTJPL,2014-07-01,6-097,6-097,HORSE LAKE VALLEY,HORSE LAKE VALLEY,105.209919,4335
PTJPL,2014-07-01,5-040,5-040,HOT SPRINGS VALLEY,HOT SPRINGS VALLEY,72.443968,3266
PTJPL,2014-07-01,3-045,3-045,HUASNA VALLEY,HUASNA VALLEY,50.505051,3366
PTJPL,2014-07-01,5-060,5-060,HUMBUG VALLEY,HUMBUG VALLEY,59.428693,1178
PTJPL,2014-07-01,4-018,4-018,HUNGRY VALLEY,HUNGRY VALLEY,,0
PTJPL,2014-07-01,1-035,1-035,HYAMPOM VALLEY,HYAMPOM VALLEY,66.486111,504
PTJPL,2014-07-01,7-030,7-030,IMPERIAL VALLEY,IMPERIAL VALLEY,104.401809,1787557
PTJPL,2014-07-01,5-009,5-009,INDIAN VALLEY,INDIAN VALLEY,110.237563,44586
PTJPL,2014-07-01,6-054,6-054,INDIAN WELLS VALLEY,INDIAN WELLS VALLEY,67.487479,14616
PTJPL,2014-07-01,7-050,7-050,IRON RIDGE AREA,IRON RIDGE AREA,,0
PTJPL,2014-07-01,2-033,2-033,ISLAIS VALLEY,ISLAIS VALLEY,,0
PTJPL,2014-07-01,6-030,6-030,IVANPAH VALLEY,IVANPAH VALLEY,90.656863,918
PTJPL,2014-07-01,7-047,7-047,JACUMBA VALLEY,JACUMBA VALLEY,,0
PTJPL,2014-07-01,5-003,5-003,JESS VALLEY,JESS VALLEY,143.034296,15658
PTJPL,2014-07-01,7-018.01,7-018,JOHNSON VALLEY,JOHNSON VALLEY - SOGGY LAKE,3.916667,60
PTJPL,2014-07-01,7-018.02,7-018,JOHNSON VALLEY,JOHNSON VALLEY - UPPER JOHNSON VALLEY,,0
PTJPL,2014-07-01,5-086,5-086,JOSEPH CREEK,JOSEPH CREEK,97.625936,4673
PTJPL,2014-07-01,7-062,7-062,JOSHUA TREE,JOSHUA TREE,,0
PTJPL,2014-07-01,6-089,6-089,KANE WASH AREA,KANE WASH AREA,,0
PTJPL,2014-07-01,6-069,6-069,KELSO LANDER VALLEY,KELSO LANDER VALLEY,,0
PTJPL,2014-07-01,6-031,6-031,KELSO VALLEY,KELSO VALLEY,,0
PTJPL,2014-07-01,2-019,2-019,KENWOOD VALLEY,KENWOOD VALLEY,72.146281,5674
PTJPL,2014-07-01,5-025,5-025,KERN RIVER VALLEY,KERN RIVER VALLEY,79.475028,15077
PTJPL,2014-07-01,1-002.02,1-002,KLAMATH RIVER VALLEY,KLAMATH RIVER VALLEY - LOWER KLAMATH,92.296894,93343
PTJPL,2014-07-01,1-002.01,1-002,KLAMATH RIVER VALLEY,KLAMATH RIVER VALLEY - TULELAKE,126.894404,296556
PTJPL,2014-07-01,1-050,1-050,KNIGHTS VALLEY,KNIGHTS VALLEY,68.784349,7322
PTJPL,2014-07-01,5-007,5-007,LAKE ALMANOR VALLEY,LAKE ALMANOR VALLEY,99.056424,2623
PTJPL,2014-07-01,5-046,5-046,LAKE BRITTON AREA,LAKE BRITTON AREA,121.852608,441
PTJPL,2014-07-01,7-001,7-001,LANFAIR VALLEY,LANFAIR VALLEY,,0
PTJPL,2014-07-01,6-036.02,6-036,LANGFORD VALLEY,LANGFORD VALLEY - IRWIN,,0
PTJPL,2014-07-01,6-036.01,6-036,LANGFORD VALLEY,LANGFORD VALLEY - LANGFORD WELL LAKE,,0
PTJPL,2014-07-01,1-033,1-033,LARABEE VALLEY,LARABEE VALLEY,55.56872,211
PTJPL,2014-07-01,4-008,4-008,LAS POSAS VALLEY,LAS POSAS VALLEY,107.981691,90830
PTJPL,2014-07-01,5-057,5-057,LAST CHANCE CREEK VALLEY,LAST CHANCE CREEK VALLEY,,0
PTJPL,2014-07-01,7-014,7-014,LAVIC VALLEY,LAVIC VALLEY,,0
PTJPL,2014-07-01,1-012,1-012,LAYTONVILLE VALLEY,LAYTONVILLE VALLEY,66.339247,5017
PTJPL,2014-07-01,6-027,6-027,LEACH VALLEY,LEACH VALLEY,,0
PTJPL,2014-07-01,6-066,6-066,LEE FLAT,LEE FLAT,,0
PTJPL,2014-07-01,6-106,6-106,LITTLE ANTELOPE VALLEY,LITTLE ANTELOPE VALLEY,57.341717,1829
PTJPL,2014-07-01,5-065,5-065,LITTLE INDIAN VALLEY,LITTLE INDIAN VALLEY,21.777778,18
PTJPL,2014-07-01,1-013,1-013,LITTLE LAKE VALLEY,LITTLE LAKE VALLEY,65.288971,16230
PTJPL,2014-07-01,1-041,1-041,LITTLE VALLEY,LITTLE VALLEY,103.235376,718
PTJPL,2014-07-01,2-010,2-010,LIVERMORE VALLEY,LIVERMORE VALLEY,59.605528,31366
PTJPL,2014-07-01,2-038,2-038,LOBOS,LOBOS,97.351279,743
PTJPL,2014-07-01,3-006,3-006,LOCKWOOD VALLEY,LOCKWOOD VALLEY,41.350866,22966
PTJPL,2014-07-01,4-017,4-017,LOCKWOOD VALLEY,LOCKWOOD VALLEY,26.883333,120
PTJPL,2014-07-01,6-011,6-011,LONG VALLEY,LONG VALLEY,79.829391,28621
PTJPL,2014-07-01,5-044,5-044,LONG VALLEY,LONG VALLEY,,0
PTJPL,2014-07-01,6-104,6-104,LONG VALLEY,LONG VALLEY,45.93432,6486
PTJPL,2014-07-01,5-031,5-031,LONG VALLEY,LONG VALLEY,36.557926,2719
PTJPL,2014-07-01,5-070,5-070,LOS BANOS CREEK VALLEY,LOS BANOS CREEK VALLEY,,0
PTJPL,2014-07-01,3-008.01,3-008,LOS OSOS VALLEY,LOS OSOS VALLEY - LOS OSOS AREA,111.604419,1901
PTJPL,2014-07-01,3-008.02,3-008,LOS OSOS VALLEY,LOS OSOS VALLEY - WARDEN CREEK,115.823613,4235
PTJPL,2014-07-01,7-051,7-051,LOST HORSE VALLEY,LOST HORSE VALLEY,,0
PTJPL,2014-07-01,6-071,6-071,LOST LAKE VALLEY,LOST LAKE VALLEY,,0
PTJPL,2014-07-01,6-021,6-021,LOWER KINGSTON VALLEY,LOWER KINGSTON VALLEY,,0
PTJPL,2014-07-01,1-014,1-014,LOWER KLAMATH RIVER VALLEY,LOWER KLAMATH RIVER VALLEY,117.958437,1203
PTJPL,2014-07-01,5-030,5-030,LOWER LAKE VALLEY,LOWER LAKE VALLEY,49.148031,635
PTJPL,2014-07-01,1-038,1-038,LOWER LAYTONVILLE VALLEY,LOWER LAYTONVILLE VALLEY,59.791962,423
PTJPL,2014-07-01,6-040,6-040,LOWER MOJAVE RIVER VALLEY,LOWER MOJAVE RIVER VALLEY,135.493986,17375
PTJPL,2014-07-01,1-060,1-060,LOWER RUSSIAN RIVER VALLEY,LOWER RUSSIAN RIVER VALLEY,85.68091,5453
PTJPL,2014-07-01,7-019,7-019,LUCERNE VALLEY,LUCERNE VALLEY,50.009737,9962
PTJPL,2014-07-01,1-008.02,1-008,MAD RIVER VALLEY,MAD RIVER VALLEY - DOWS PRAIRIE SCHOOL AREA,117.150051,5898
PTJPL,2014-07-01,1-008.01,1-008,MAD RIVER VALLEY,MAD RIVER VALLEY - MAD RIVER LOWLAND,111.829154,27358
PTJPL,2014-07-01,6-002,6-002,MADELINE PLAINS,MADELINE PLAINS,95.817105,97657
PTJPL,2014-07-01,3-051,3-051,MAJORS CREEK,MAJORS CREEK,82.599466,749
PTJPL,2014-07-01,4-022,4-022,MALIBU VALLEY,MALIBU VALLEY,125.175,40
PTJPL,2014-07-01,6-064,6-064,MARBLE CANYON AREA,MARBLE CANYON AREA,,0
PTJPL,2014-07-01,2-039,2-039,MARINA,MARINA,,0
PTJPL,2014-07-01,6-067,6-067,MARTIS VALLEY,MARTIS VALLEY,102.126016,3444
PTJPL,2014-07-01,7-059,7-059,MASON VALLEY,MASON VALLEY,,0
PTJPL,2014-07-01,1-028,1-028,MATTOLE RIVER VALLEY,MATTOLE RIVER VALLEY,104.378262,2797
PTJPL,2014-07-01,5-035,5-035,MCCLOUD AREA,MCCLOUD AREA,144.144385,187
PTJPL,2014-07-01,5-095,5-095,MEADOW VALLEY,MEADOW VALLEY,99.837838,925
PTJPL,2014-07-01,7-017,7-017,MEANS VALLEY,MEANS VALLEY,11.071429,42
PTJPL,2014-07-01,6-029,6-029,MESQUITE VALLEY,MESQUITE VALLEY,154.564363,9058
PTJPL,2014-07-01,6-020,6-020,MIDDLE AMARGOSA VALLEY,MIDDLE AMARGOSA VALLEY,121.972477,109
PTJPL,2014-07-01,5-094,5-094,MIDDLE CREEK,MIDDLE CREEK,96.62963,135
PTJPL,2014-07-01,5-087,5-087,MIDDLE FORK FEATHER RIVER,MIDDLE FORK FEATHER RIVER,72.083591,646
PTJPL,2014-07-01,6-041,6-041,MIDDLE MOJAVE RIVER VALLEY,MIDDLE MOJAVE RIVER VALLEY,120.210832,3268
PTJPL,2014-07-01,6-080,6-080,MIDDLE PARK CANYON,MIDDLE PARK CANYON,,0
PTJPL,2014-07-01,5-085,5-085,MIL POTRERO AREA,MIL POTRERO AREA,81.348214,112
PTJPL,2014-07-01,9-014,9-014,MISSION VALLEY,MISSION VALLEY,142.343788,829
PTJPL,2014-07-01,5-011,5-011,MOHAWK VALLEY,MOHAWK VALLEY,113.547849,6531
PTJPL,2014-07-01,6-009,6-009,MONO VALLEY,MONO VALLEY,74.76569,239
PTJPL,2014-07-01,3-049,3-049,MONTECITO,MONTECITO,99.56096,1583
PTJPL,2014-07-01,7-020,7-020,MORONGO VALLEY,MORONGO VALLEY,32.571429,21
PTJPL,2014-07-01,3-041,3-041,MORRO VALLEY,MORRO VALLEY,112.775987,1241
PTJPL,2014-07-01,5-008,5-008,MOUNTAIN MEADOWS VALLEY,MOUNTAIN MEADOWS VALLEY,65.141707,23845
PTJPL,2014-07-01,1-056,1-056,McDOWELL VALLEY,McDOWELL VALLEY,69.061698,2804
PTJPL,2014-07-01,2-002.01,2-002,NAPA-SONOMA VALLEY,NAPA-SONOMA VALLEY - NAPA VALLEY,81.572953,93416
PTJPL,2014-07-01,2-002.03,2-002,NAPA-SONOMA VALLEY,NAPA-SONOMA VALLEY - NAPA-SONOMA LOWLANDS,76.241558,23572
PTJPL,2014-07-01,2-002.02,2-002,NAPA-SONOMA VALLEY,NAPA-SONOMA VALLEY - SONOMA VALLEY,58.022482,80598
PTJPL,2014-07-01,1-046,1-046,NAVARRO RIVER VALLEY,NAVARRO RIVER VALLEY,,0
PTJPL,2014-07-01,3-052,3-052,NEEDLE ROCK POINT,NEEDLE ROCK POINT,76.602508,1595
PTJPL,2014-07-01,7-044,7-044,NEEDLES VALLEY,NEEDLES VALLEY,128.198146,16397
PTJPL,2014-07-01,5-050,5-050,NORTH FORK BATTLE CREEK,NORTH FORK BATTLE CREEK,98.167735,2808
PTJPL,2014-07-01,2-030,2-030,NOVATO VALLEY,NOVATO VALLEY,70.844752,14596
PTJPL,2014-07-01,7-025,7-025,OCOTILLO-CLARK VALLEY,OCOTILLO-CLARK VALLEY,77.840278,37509
PTJPL,2014-07-01,7-035,7-035,OGILBY VALLEY,OGILBY VALLEY,22.714328,3357
PTJPL,2014-07-01,4-002,4-002,OJAI VALLEY,OJAI VALLEY,112.36003,9327
PTJPL,2014-07-01,3-039,3-039,OLD VALLEY,OLD VALLEY,102.595122,205
PTJPL,2014-07-01,6-108,6-108,OLYMPIC VALLEY,OLYMPIC VALLEY,95.610561,303
PTJPL,2014-07-01,7-031,7-031,OROCOPIA VALLEY,OROCOPIA VALLEY,4.993789,161
PTJPL,2014-07-01,6-012.02,6-012,OWENS VALLEY,OWENS VALLEY - FISH SLOUGH,,0
PTJPL,2014-07-01,6-012.01,6-012,OWENS VALLEY,OWENS VALLEY - OWENS VALLEY,101.869303,93070
PTJPL,2014-07-01,6-088,6-088,OWL LAKE VALLEY,OWL LAKE VALLEY,,0
PTJPL,2014-07-01,6-028,6-028,PAHRUMP VALLEY,PAHRUMP VALLEY,,0
PTJPL,2014-07-01,6-099,6-099,PAINTERS FLAT,PAINTERS FLAT,36.774051,1133
PTJPL,2014-07-01,7-039,7-039,PALO VERDE MESA,PALO VERDE MESA,134.73483,161308
PTJPL,2014-07-01,7-038,7-038,PALO VERDE VALLEY,PALO VERDE VALLEY,154.720409,224174
PTJPL,2014-07-01,9-024,9-024,PAMO VALLEY,PAMO VALLEY,,0
PTJPL,2014-07-01,6-058,6-058,PANAMINT VALLEY,PANAMINT VALLEY,,0
PTJPL,2014-07-01,5-023,5-023,PANOCHE VALLEY,PANOCHE VALLEY,26.759919,1966
PTJPL,2014-07-01,3-032,3-032,PEACH TREE VALLEY,PEACH TREE VALLEY,20.532334,1268
PTJPL,2014-07-01,1-030,1-030,PEPPERWOOD TOWN AREA,PEPPERWOOD TOWN AREA,105.411013,3523
PTJPL,2014-07-01,2-026,2-026,PESCADERO VALLEY,PESCADERO VALLEY,82.742226,2444
PTJPL,2014-07-01,2-001,2-001,PETALUMA VALLEY,PETALUMA VALLEY,60.951018,46221
PTJPL,2014-07-01,6-051,6-051,PILOT KNOB VALLEY,PILOT KNOB VALLEY,,0
PTJPL,2014-07-01,6-092,6-092,PINE CREEK VALLEY,PINE CREEK VALLEY,62.015625,64
PTJPL,2014-07-01,7-006,7-006,PINTO VALLEY,PINTO VALLEY,,0
PTJPL,2014-07-01,7-049,7-049,PIPES CANYON FAULT VALLEY,PIPES CANYON FAULT VALLEY,,0
PTJPL,2014-07-01,2-004,2-004,PITTSBURG PLAIN,PITTSBURG PLAIN,,0
PTJPL,2014-07-01,7-045,7-045,PIUTE VALLEY,PIUTE VALLEY,,0
PTJPL,2014-07-01,7-052,7-052,PLEASANT VALLEY,PLEASANT VALLEY,,0
PTJPL,2014-07-01,4-006,4-006,PLEASANT VALLEY,PLEASANT VALLEY,76.727522,33155
PTJPL,2014-07-01,5-038,5-038,PONDOSA TOWN AREA,PONDOSA TOWN AREA,,0
PTJPL,2014-07-01,5-068,5-068,POPE VALLEY,POPE VALLEY,63.39624,12659
PTJPL,2014-07-01,9-029,9-029,POTRERO VALLEY,POTRERO VALLEY,43.660377,371
PTJPL,2014-07-01,1-051,1-051,POTTER VALLEY,POTTER VALLEY,106.344653,20554
PTJPL,2014-07-01,9-013,9-013,POWAY VALLEY,POWAY VALLEY,,0
PTJPL,2014-07-01,3-044,3-044,POZO VALLEY,POZO VALLEY,46.342425,2713
PTJPL,2014-07-01,1-025,1-025,PRAIRIE CREEK AREA,PRAIRIE CREEK AREA,,0
PTJPL,2014-07-01,7-040,7-040,QUIEN SABE POINT VALLEY,QUIEN SABE POINT VALLEY,139.909605,708
PTJPL,2014-07-01,3-024,3-024,QUIEN SABE VALLEY,QUIEN SABE VALLEY,25.740068,11403
PTJPL,2014-07-01,6-062,6-062,RACE TRACK VALLEY,RACE TRACK VALLEY,,0
PTJPL,2014-07-01,3-046,3-046,RAFAEL VALLEY,RAFAEL VALLEY,44.0,1
PTJPL,2014-07-01,9-025,9-025,RANCHITA TOWN AREA,RANCHITA TOWN AREA,31.977273,44
PTJPL,2014-07-01,4-023,4-023,RAYMOND,RAYMOND,116.534653,1717
PTJPL,2014-07-01,6-024,6-024,RED PASS VALLEY,RED PASS VALLEY,,0
PTJPL,2014-07-01,1-018,1-018,RED ROCK VALLEY,RED ROCK VALLEY,104.754233,22680
PTJPL,2014-07-01,5-006.03,5-006,REDDING AREA,REDDING AREA - ANDERSON,114.135364,42951
PTJPL,2014-07-01,5-006.01,5-006,REDDING AREA,REDDING AREA - BOWMAN,128.225698,18219
PTJPL,2014-07-01,5-006.04,5-006,REDDING AREA,REDDING AREA - ENTERPRISE,78.74297,22476
PTJPL,2014-07-01,5-006.05,5-006,REDDING AREA,REDDING AREA - MILLVILLE,94.62288,9082
PTJPL,2014-07-01,5-006.06,5-006,REDDING AREA,REDDING AREA - SOUTH BATTLE CREEK,119.053621,7982
PTJPL,2014-07-01,1-026,1-026,REDWOOD CREEK AREA,REDWOOD CREEK AREA,124.462443,2636
PTJPL,2014-07-01,6-086,6-086,RHODES HILL AREA,RHODES HILL AREA,,0
PTJPL,2014-07-01,7-004,7-004,RICE VALLEY,RICE VALLEY,131.654281,619
PTJPL,2014-07-01,6-023,6-023,RIGGS VALLEY,RIGGS VALLEY,,0
PTJPL,2014-07-01,3-043,3-043,RINCONADA VALLEY,RINCONADA VALLEY,73.468524,2907
PTJPL,2014-07-01,5-043,5-043,ROCK PRAIRIE VALLEY,ROCK PRAIRIE VALLEY,,0
PTJPL,2014-07-01,6-056,6-056,ROSE VALLEY,ROSE VALLEY,,0
PTJPL,2014-07-01,2-028,2-028,ROSS VALLEY,ROSS VALLEY,,0
PTJPL,2014-07-01,5-036,5-036,ROUND VALLEY,ROUND VALLEY,101.061277,14312
PTJPL,2014-07-01,4-020,4-020,RUSSELL VALLEY,RUSSELL VALLEY,105.40458,131
PTJPL,2014-07-01,5-021.54,5-021,SACRAMENTO VALLEY,SACRAMENTO VALLEY - ANTELOPE,170.376927,37689
PTJPL,2014-07-01,5-021.53,5-021,SACRAMENTO VALLEY,SACRAMENTO VALLEY - BEND,86.08966,2621
PTJPL,2014-07-01,5-021.70,5-021,SACRAMENTO VALLEY,SACRAMENTO VALLEY - BUTTE,142.986655,817606
PTJPL,2014-07-01,5-021.52,5-021,SACRAMENTO VALLEY,SACRAMENTO VALLEY - COLUSA,126.451893,2198924
PTJPL,2014-07-01,5-021.51,5-021,SACRAMENTO VALLEY,SACRAMENTO VALLEY - CORNING,100.635186,348885
PTJPL,2014-07-01,5-021.56,5-021,SACRAMENTO VALLEY,SACRAMENTO VALLEY - LOS MOLINOS,138.128726,77700
PTJPL,2014-07-01,5-021.64,5-021,SACRAMENTO VALLEY,SACRAMENTO VALLEY - NORTH AMERICAN,116.078337,553454
PTJPL,2014-07-01,5-021.60,5-021,SACRAMENTO VALLEY,SACRAMENTO VALLEY - NORTH YUBA,148.127056,171444
PTJPL,2014-07-01,5-021.50,5-021,SACRAMENTO VALLEY,SACRAMENTO VALLEY - RED BLUFF,97.52759,175098
PTJPL,2014-07-01,5-021.66,5-021,SACRAMENTO VALLEY,SACRAMENTO VALLEY - SOLANO,119.334131,931583
PTJPL,2014-07-01,5-021.65,5-021,SACRAMENTO VALLEY,SACRAMENTO VALLEY - SOUTH AMERICAN,113.754851,248983
PTJPL,2014-07-01,5-021.61,5-021,SACRAMENTO VALLEY,SACRAMENTO VALLEY - SOUTH YUBA,114.520828,215148
PTJPL,2014-07-01,5-021.62,5-021,SACRAMENTO VALLEY,SACRAMENTO VALLEY - SUTTER,116.5297,862677
PTJPL,2014-07-01,5-021.57,5-021,SACRAMENTO VALLEY,SACRAMENTO VALLEY - VINA,140.230516,355464
PTJPL,2014-07-01,5-021.69,5-021,SACRAMENTO VALLEY,SACRAMENTO VALLEY - WYANDOTTE CREEK,101.049337,72218
PTJPL,2014-07-01,5-021.67,5-021,SACRAMENTO VALLEY,SACRAMENTO VALLEY - YOLO,105.907491,1423435
PTJPL,2014-07-01,3-004.01,3-004,SALINAS VALLEY,SALINAS VALLEY - 180/400 FOOT AQUIFER,93.264789,244965
PTJPL,2014-07-01,3-004.11,3-004,SALINAS VALLEY,SALINAS VALLEY - ATASCADERO AREA,59.591417,25586
PTJPL,2014-07-01,3-004.02,3-004,SALINAS VALLEY,SALINAS VALLEY - EAST SIDE AQUIFER,90.011949,155489
PTJPL,2014-07-01,3-004.04,3-004,SALINAS VALLEY,SALINAS VALLEY - FOREBAY AQUIFER,96.825163,261975
PTJPL,2014-07-01,3-004.09,3-004,SALINAS VALLEY,SALINAS VALLEY - LANGLEY AREA,77.877784,8395
PTJPL,2014-07-01,3-004.10,3-004,SALINAS VALLEY,SALINAS VALLEY - MONTEREY,106.368612,3033
PTJPL,2014-07-01,3-004.06,3-004,SALINAS VALLEY,SALINAS VALLEY - PASO ROBLES AREA,63.376734,339924
PTJPL,2014-07-01,3-004.08,3-004,SALINAS VALLEY,SALINAS VALLEY - SEASIDE,130.454656,1643
PTJPL,2014-07-01,3-004.05,3-004,SALINAS VALLEY,SALINAS VALLEY - UPPER VALLEY AQUIFER,83.113705,280181
PTJPL,2014-07-01,6-017,6-017,SALINE VALLEY,SALINE VALLEY,,0
PTJPL,2014-07-01,6-053,6-053,SALT WELLS VALLEY,SALT WELLS VALLEY,,0
PTJPL,2014-07-01,3-014,3-014,SAN ANTONIO CREEK VALLEY,SAN ANTONIO CREEK VALLEY,107.097044,63229
PTJPL,2014-07-01,3-028,3-028,SAN BENITO RIVER VALLEY,SAN BENITO RIVER VALLEY,78.306663,4187
PTJPL,2014-07-01,3-033,3-033,SAN CARPOFORO VALLEY,SAN CARPOFORO VALLEY,,0
PTJPL,2014-07-01,9-015,9-015,SAN DIEGO RIVER VALLEY,SAN DIEGO RIVER VALLEY,105.309043,1139
PTJPL,2014-07-01,9-012,9-012,SAN DIEGUITO CREEK,SAN DIEGUITO CREEK,140.699379,1610
PTJPL,2014-07-01,9-023,9-023,SAN ELIJO VALLEY,SAN ELIJO VALLEY,118.76,25
PTJPL,2014-07-01,7-027,7-027,SAN FELIPE VALLEY,SAN FELIPE VALLEY,40.040541,74
PTJPL,2014-07-01,4-012,4-012,SAN FERNANDO VALLEY,SAN FERNANDO VALLEY,123.40956,8431
PTJPL,2014-07-01,4-013,4-013,SAN GABRIEL VALLEY,SAN GABRIEL VALLEY,119.789802,9139
PTJPL,2014-07-01,2-024,2-024,SAN GREGORIO VALLEY,SAN GREGORIO VALLEY,88.40177,1130
PTJPL,2014-07-01,8-005,8-005,SAN JACINTO,SAN JACINTO,71.088608,135450
PTJPL,2014-07-01,5-022.05,5-022,SAN JOAQUIN VALLEY,SAN JOAQUIN VALLEY - CHOWCHILLA,133.995811,545902
PTJPL,2014-07-01,5-022.16,5-022,SAN JOAQUIN VALLEY,SAN JOAQUIN VALLEY - COSUMNES,100.681149,250879
PTJPL,2014-07-01,5-022.07,5-022,SAN JOAQUIN VALLEY,SAN JOAQUIN VALLEY - DELTA-MENDOTA,130.855058,2031921
PTJPL,2014-07-01,5-022.19,5-022,SAN JOAQUIN VALLEY,SAN JOAQUIN VALLEY - EAST CONTRA COSTA,113.391811,180148
PTJPL,2014-07-01,5-022.01,5-022,SAN JOAQUIN VALLEY,SAN JOAQUIN VALLEY - EASTERN SAN JOAQUIN,127.088124,1846604
PTJPL,2014-07-01,5-022.11,5-022,SAN JOAQUIN VALLEY,SAN JOAQUIN VALLEY - KAWEAH,118.79629,1384373
PTJPL,2014-07-01,5-022.14,5-022,SAN JOAQUIN VALLEY,SAN JOAQUIN VALLEY - KERN COUNTY,111.061645,3709451
PTJPL,2014-07-01,5-022.17,5-022,SAN JOAQUIN VALLEY,SAN JOAQUIN VALLEY - KETTLEMAN PLAIN,22.764515,135911
PTJPL,2014-07-01,5-022.08,5-022,SAN JOAQUIN VALLEY,SAN JOAQUIN VALLEY - KINGS,122.228646,2980360
PTJPL,2014-07-01,5-022.06,5-022,SAN JOAQUIN VALLEY,SAN JOAQUIN VALLEY - MADERA,122.640373,953242
PTJPL,2014-07-01,5-022.04,5-022,SAN JOAQUIN VALLEY,SAN JOAQUIN VALLEY - MERCED,130.953939,1185008
PTJPL,2014-07-01,5-022.02,5-022,SAN JOAQUIN VALLEY,SAN JOAQUIN VALLEY - MODESTO,135.639263,583344
PTJPL,2014-07-01,5-022.10,5-022,SAN JOAQUIN VALLEY,SAN JOAQUIN VALLEY - PLEASANT VALLEY,47.45381,120709
PTJPL,2014-07-01,5-022.15,5-022,SAN JOAQUIN VALLEY,SAN JOAQUIN VALLEY - TRACY,127.988993,626628
PTJPL,2014-07-01,5-022.12,5-022,SAN JOAQUIN VALLEY,SAN JOAQUIN VALLEY - TULARE LAKE,95.189623,1573381
PTJPL,2014-07-01,5-022.13,5-022,SAN JOAQUIN VALLEY,SAN JOAQUIN VALLEY - TULE,97.666118,1579994
PTJPL,2014-07-01,5-022.03,5-022,SAN JOAQUIN VALLEY,SAN JOAQUIN VALLEY - TURLOCK,156.133096,1022516
PTJPL,2014-07-01,5-022.09,5-022,SAN JOAQUIN VALLEY,SAN JOAQUIN VALLEY - WESTSIDE,88.873157,2400602
PTJPL,2014-07-01,5-022.18,5-022,SAN JOAQUIN VALLEY,SAN JOAQUIN VALLEY - WHITE WOLF,111.154481,162939
PTJPL,2014-07-01,9-001,9-001,SAN JUAN VALLEY,SAN JUAN VALLEY,132.622359,2272
PTJPL,2014-07-01,3-009,3-009,SAN LUIS OBISPO VALLEY,SAN LUIS OBISPO VALLEY,101.24468,16683
PTJPL,2014-07-01,9-007.02,9-007,SAN LUIS REY VALLEY,SAN LUIS REY VALLEY - LOWER SAN LUIS REY VALLEY,125.016643,2764
PTJPL,2014-07-01,9-007.01,9-007,SAN LUIS REY VALLEY,SAN LUIS REY VALLEY - UPPER SAN LUIS REY VALLEY,126.999648,25597
PTJPL,2014-07-01,9-032,9-032,SAN MARCOS AREA,SAN MARCOS AREA,136.666667,27
PTJPL,2014-07-01,9-002,9-002,SAN MATEO VALLEY,SAN MATEO VALLEY,142.666667,9
PTJPL,2014-07-01,9-003,9-003,SAN ONOFRE VALLEY,SAN ONOFRE VALLEY,,0
PTJPL,2014-07-01,9-010,9-010,SAN PASQUAL VALLEY,SAN PASQUAL VALLEY,105.79022,7689
PTJPL,2014-07-01,2-036,2-036,SAN PEDRO VALLEY,SAN PEDRO VALLEY,108.625,24
PTJPL,2014-07-01,2-029,2-029,SAN RAFAEL VALLEY,SAN RAFAEL VALLEY,,0
PTJPL,2014-07-01,2-007,2-007,SAN RAMON VALLEY,SAN RAMON VALLEY,103.989418,378
PTJPL,2014-07-01,3-035,3-035,SAN SIMEON VALLEY,SAN SIMEON VALLEY,94.166667,216
PTJPL,2014-07-01,2-027,2-027,SAND POINT AREA,SAND POINT AREA,76.628915,20564
PTJPL,2014-07-01,1-053,1-053,SANEL VALLEY,SANEL VALLEY,89.755503,11812
PTJPL,2014-07-01,3-022,3-022,SANTA ANA VALLEY,SANTA ANA VALLEY,37.411288,7158
PTJPL,2014-07-01,3-017,3-017,SANTA BARBARA,SANTA BARBARA,101.925072,694
PTJPL,2014-07-01,4-004.05,4-004,SANTA CLARA RIVER VALLEY,SANTA CLARA RIVER VALLEY - FILLMORE,123.668522,50121
PTJPL,2014-07-01,4-004.03,4-004,SANTA CLARA RIVER VALLEY,SANTA CLARA RIVER VALLEY - MOUND,68.670151,9471
PTJPL,2014-07-01,4-004.02,4-004,SANTA CLARA RIVER VALLEY,SANTA CLARA RIVER VALLEY - OXNARD,70.197564,106168
PTJPL,2014-07-01,4-004.06,4-004,SANTA CLARA RIVER VALLEY,SANTA CLARA RIVER VALLEY - PIRU,97.07654,23073
PTJPL,2014-07-01,4-004.07,4-004,SANTA CLARA RIVER VALLEY,SANTA CLARA RIVER VALLEY - SANTA CLARA RIVER VALLEY EAST,109.824445,6807
PTJPL,2014-07-01,4-004.04,4-004,SANTA CLARA RIVER VALLEY,SANTA CLARA RIVER VALLEY - SANTA PAULA,106.340811,40609
PTJPL,2014-07-01,2-009.04,2-009,SANTA CLARA VALLEY,SANTA CLARA VALLEY - EAST BAY PLAIN,114.381398,2989
PTJPL,2014-07-01,2-009.01,2-009,SANTA CLARA VALLEY,SANTA CLARA VALLEY - NILES CONE,60.858738,1791
PTJPL,2014-07-01,2-009.03,2-009,SANTA CLARA VALLEY,SANTA CLARA VALLEY - SAN MATEO PLAIN,114.639175,1358
PTJPL,2014-07-01,2-009.02,2-009,SANTA CLARA VALLEY,SANTA CLARA VALLEY - SANTA CLARA,85.782978,25790
PTJPL,2014-07-01,3-001,3-001,SANTA CRUZ MID-COUNTY,SANTA CRUZ MID-COUNTY,83.559075,3978
PTJPL,2014-07-01,3-027,3-027,SANTA MARGARITA,SANTA MARGARITA,64.865772,298
PTJPL,2014-07-01,9-004,9-004,SANTA MARGARITA VALLEY,SANTA MARGARITA VALLEY,,0
PTJPL,2014-07-01,3-012.02,3-012,SANTA MARIA RIVER VALLEY,SANTA MARIA RIVER VALLEY - ARROYO GRANDE,90.076263,6176
PTJPL,2014-07-01,3-012.01,3-012,SANTA MARIA RIVER VALLEY,SANTA MARIA RIVER VALLEY - SANTA MARIA,106.194287,262055
PTJPL,2014-07-01,9-011,9-011,SANTA MARIA VALLEY,SANTA MARIA VALLEY,71.351071,3176
PTJPL,2014-07-01,6-068,6-068,SANTA ROSA FLAT,SANTA ROSA FLAT,,0
PTJPL,2014-07-01,3-036,3-036,SANTA ROSA VALLEY,SANTA ROSA VALLEY,83.959548,2744
PTJPL,2014-07-01,1-055.02,1-055,SANTA ROSA VALLEY,SANTA ROSA VALLEY - HEALDSBURG AREA,88.823222,31401
PTJPL,2014-07-01,1-055.03,1-055,SANTA ROSA VALLEY,SANTA ROSA VALLEY - RINCON VALLEY,58.666093,581
PTJPL,2014-07-01,1-055.01,1-055,SANTA ROSA VALLEY,SANTA ROSA VALLEY - SANTA ROSA PLAIN,74.977264,81016
PTJPL,2014-07-01,3-015,3-015,SANTA YNEZ RIVER VALLEY,SANTA YNEZ RIVER VALLEY,93.986502,118162
PTJPL,2014-07-01,1-005,1-005,SCOTT RIVER VALLEY,SCOTT RIVER VALLEY,112.950332,147258
PTJPL,2014-07-01,5-014,5-014,SCOTTS VALLEY,SCOTTS VALLEY,104.972906,7271
PTJPL,2014-07-01,6-052,6-052,SEARLES VALLEY,SEARLES VALLEY,,0
PTJPL,2014-07-01,6-100,6-100,SECRET VALLEY,SECRET VALLEY,65.496971,12379
PTJPL,2014-07-01,1-016,1-016,SEIAD VALLEY,SEIAD VALLEY,118.817768,439
PTJPL,2014-07-01,8-008,8-008,SEVEN OAKS VALLEY,SEVEN OAKS VALLEY,,0
PTJPL,2014-07-01,1-004,1-004,SHASTA VALLEY,SHASTA VALLEY,94.392765,257678
PTJPL,2014-07-01,1-042,1-042,SHERWOOD VALLEY,SHERWOOD VALLEY,,0
PTJPL,2014-07-01,5-012.02,5-012,SIERRA VALLEY,SIERRA VALLEY - CHILCOOT,90.549137,5505
PTJPL,2014-07-01,5-012.01,5-012,SIERRA VALLEY,SIERRA VALLEY - SIERRA VALLEY,66.402766,213275
PTJPL,2014-07-01,6-034,6-034,SILVER LAKE VALLEY,SILVER LAKE VALLEY,,0
PTJPL,2014-07-01,4-009,4-009,SIMI VALLEY,SIMI VALLEY,122.546646,1297
PTJPL,2014-07-01,6-105,6-105,SLINKARD VALLEY,SLINKARD VALLEY,,0
PTJPL,2014-07-01,1-001,1-001,SMITH RIVER PLAIN,SMITH RIVER PLAIN,125.400804,36337
PTJPL,2014-07-01,6-033,6-033,SODA LAKE VALLEY,SODA LAKE VALLEY,,0
PTJPL,2014-07-01,2-037,2-037,SOUTH SAN FRANCISCO,SOUTH SAN FRANCISCO,,0
PTJPL,2014-07-01,6-082,6-082,SPRING CANYON VALLEY,SPRING CANYON VALLEY,,0
PTJPL,2014-07-01,5-089,5-089,SQUAW FLAT,SQUAW FLAT,,0
PTJPL,2014-07-01,5-088,5-088,STONY GORGE RESERVOIR,STONY GORGE RESERVOIR,65.187759,964
PTJPL,2014-07-01,5-063,5-063,STONYFORD TOWN AREA,STONYFORD TOWN AREA,79.012704,3857
PTJPL,2014-07-01,2-003,2-003,SUISUN-FAIRFIELD VALLEY,SUISUN-FAIRFIELD VALLEY,50.085732,91868
PTJPL,2014-07-01,2-011,2-011,SUNOL VALLEY,SUNOL VALLEY,61.634662,1656
PTJPL,2014-07-01,6-049,6-049,SUPERIOR VALLEY,SUPERIOR VALLEY,,0
PTJPL,2014-07-01,6-001,6-001,SURPRISE VALLEY,SURPRISE VALLEY,92.695439,234180
PTJPL,2014-07-01,6-107,6-107,SWEETWATER FLAT,SWEETWATER FLAT,59.074074,324
PTJPL,2014-07-01,6-005.03,6-005,TAHOE VALLEY,TAHOE VALLEY - TAHOE NORTH,111.995238,210
PTJPL,2014-07-01,6-005.01,6-005,TAHOE VALLEY,TAHOE VALLEY - TAHOE SOUTH,101.590728,755
PTJPL,2014-07-01,6-005.02,6-005,TAHOE VALLEY,TAHOE VALLEY - TAHOE WEST,87.865497,171
PTJPL,2014-07-01,6-045,6-045,TEHACHAPI VALLEY EAST,TEHACHAPI VALLEY EAST,50.863115,3397
PTJPL,2014-07-01,5-028,5-028,TEHACHAPI VALLEY WEST,TEHACHAPI VALLEY WEST,41.138326,4540
PTJPL,2014-07-01,9-005,9-005,TEMECULA VALLEY,TEMECULA VALLEY,94.073695,20517
PTJPL,2014-07-01,1-040,1-040,TEN MILE RIVER VALLEY,TEN MILE RIVER VALLEY,78.5311,209
PTJPL,2014-07-01,7-026,7-026,TERWILLIGER VALLEY,TERWILLIGER VALLEY,44.408284,169
PTJPL,2014-07-01,4-019,4-019,THOUSAND OAKS AREA,THOUSAND OAKS AREA,122.864935,385
PTJPL,2014-07-01,4-015,4-015,TIERRA REJADA,TIERRA REJADA,90.104106,4092
PTJPL,2014-07-01,5-037,5-037,TOAD WELL AREA,TOAD WELL AREA,,0
PTJPL,2014-07-01,3-040,3-040,TORO VALLEY,TORO VALLEY,99.791892,370
PTJPL,2014-07-01,6-098,6-098,TULEDAD CANYON VALLEY,TULEDAD CANYON VALLEY,63.503226,310
PTJPL,2014-07-01,7-010,7-010,TWENTYNINE PALMS VALLEY,TWENTYNINE PALMS VALLEY,66.67336,747
PTJPL,2014-07-01,1-052,1-052,UKIAH VALLEY,UKIAH VALLEY,98.978103,43476
PTJPL,2014-07-01,6-022,6-022,UPPER KINGSTON VALLEY,UPPER KINGSTON VALLEY,,0
PTJPL,2014-07-01,5-013,5-013,UPPER LAKE VALLEY,UPPER LAKE VALLEY,102.55168,12413
PTJPL,2014-07-01,6-042,6-042,UPPER MOJAVE RIVER VALLEY,UPPER MOJAVE RIVER VALLEY,71.156787,6748
PTJPL,2014-07-01,4-001,4-001,UPPER OJAI VALLEY,UPPER OJAI VALLEY,56.759866,3294
PTJPL,2014-07-01,3-023,3-023,UPPER SANTA ANA VALLEY,UPPER SANTA ANA VALLEY,44.428571,7
PTJPL,2014-07-01,8-002.05,8-002,UPPER SANTA ANA VALLEY,UPPER SANTA ANA VALLEY - CAJON,70.723529,170
PTJPL,2014-07-01,8-002.01,8-002,UPPER SANTA ANA VALLEY,UPPER SANTA ANA VALLEY - CHINO,92.1393,29440
PTJPL,2014-07-01,8-002.02,8-002,UPPER SANTA ANA VALLEY,UPPER SANTA ANA VALLEY - CUCAMONGA,131.347761,670
PTJPL,2014-07-01,8-002.04,8-002,UPPER SANTA ANA VALLEY,UPPER SANTA ANA VALLEY - RIALTO-COLTON,84.281724,1253
PTJPL,2014-07-01,8-002.03,8-002,UPPER SANTA ANA VALLEY,UPPER SANTA ANA VALLEY - RIVERSIDE-ARLINGTON,116.518545,13966
PTJPL,2014-07-01,8-002.06,8-002,UPPER SANTA ANA VALLEY,UPPER SANTA ANA VALLEY - SAN BERNARDINO,106.423621,15554
PTJPL,2014-07-01,8-002.08,8-002,UPPER SANTA ANA VALLEY,UPPER SANTA ANA VALLEY - SAN TIMOTEO,100.987572,4667
PTJPL,2014-07-01,8-002.09,8-002,UPPER SANTA ANA VALLEY,UPPER SANTA ANA VALLEY - TEMESCAL,116.984615,845
PTJPL,2014-07-01,8-002.07,8-002,UPPER SANTA ANA VALLEY,UPPER SANTA ANA VALLEY - YUCAIPA,88.90098,2858
PTJPL,2014-07-01,7-028,7-028,VALLECITO-CARRIZO VALLEY,VALLECITO-CARRIZO VALLEY,,0
PTJPL,2014-07-01,5-071,5-071,VALLECITOS CREEK VALLEY,VALLECITOS CREEK VALLEY,,0
PTJPL,2014-07-01,7-063,7-063,VANDEVENTER FLAT,VANDEVENTER FLAT,,0
PTJPL,2014-07-01,4-003.02,4-003,VENTURA RIVER VALLEY,VENTURA RIVER VALLEY - LOWER VENTURA RIVER,99.22812,1771
PTJPL,2014-07-01,4-003.01,4-003,VENTURA RIVER VALLEY,VENTURA RIVER VALLEY - UPPER VENTURA RIVER,86.548696,2300
PTJPL,2014-07-01,7-042,7-042,VIDAL VALLEY,VIDAL VALLEY,,0
PTJPL,2014-07-01,3-037,3-037,VILLA VALLEY,VILLA VALLEY,95.944965,854
PTJPL,2014-07-01,2-032,2-032,VISITACION VALLEY,VISITACION VALLEY,108.123596,178
PTJPL,2014-07-01,5-026,5-026,WALKER BASIN CREEK VALLEY,WALKER BASIN CREEK VALLEY,52.737749,6387
PTJPL,2014-07-01,7-003,7-003,WARD VALLEY,WARD VALLEY,,0
PTJPL,2014-07-01,9-008,9-008,WARNER VALLEY,WARNER VALLEY,92.501458,343
PTJPL,2014-07-01,7-012,7-012,WARREN VALLEY,WARREN VALLEY,82.463768,345
PTJPL,2014-07-01,1-031,1-031,WEOTT TOWN AREA,WEOTT TOWN AREA,90.212237,523
PTJPL,2014-07-01,7-022,7-022,WEST SALTON SEA,WEST SALTON SEA,,0
PTJPL,2014-07-01,3-026,3-026,WEST SANTA CRUZ TERRACE,WEST SANTA CRUZ TERRACE,75.16823,1599
PTJPL,2014-07-01,2-035,2-035,WESTSIDE,WESTSIDE,99.044118,3808
PTJPL,2014-07-01,6-073,6-073,WILD HORSE MESA AREA,WILD HORSE MESA AREA,,0
PTJPL,2014-07-01,6-075,6-075,WILDROSE CANYON,WILDROSE CANYON,,0
PTJPL,2014-07-01,1-043,1-043,WILLIAMS VALLEY,WILLIAMS VALLEY,53.919588,485
PTJPL,2014-07-01,6-003,6-003,WILLOW CREEK VALLEY,WILLOW CREEK VALLEY,124.620376,26463
PTJPL,2014-07-01,1-059,1-059,WILSON GROVE FORMATION HIGHLANDS,WILSON GROVE FORMATION HIGHLANDS,72.28952,70610
PTJPL,2014-07-01,1-062,1-062,WILSON POINT AREA,WILSON POINT AREA,92.666667,9
PTJPL,2014-07-01,6-019,6-019,WINGATE VALLEY,WINGATE VALLEY,,0
PTJPL,2014-07-01,7-056,7-056,YAQUI WELL AREA,YAQUI WELL AREA,,0
PTJPL,2014-07-01,5-056,5-056,YELLOW CREEK VALLEY,YELLOW CREEK VALLEY,81.201331,5861
PTJPL,2014-07-01,2-006,2-006,YGNACIO VALLEY,YGNACIO VALLEY,99.903704,405
PTJPL,2014-07-01,5-069,5-069,YOSEMITE VALLEY,YOSEMITE VALLEY,,0
PTJPL,2014-07-01,7-036,7-036,YUMA VALLEY,YUMA VALLEY,88.022219,66610
