Model,Date,Basin_Subb,Basin_Numb,Basin_Name,Basin_Su_1,ET,Pixel_Count
PTJPL,2012-11-01,4-005,4-005,ACTON VALLEY,ACTON VALLEY,27.872754,668
PTJPL,2012-11-01,6-010,6-010,ADOBE LAKE VALLEY,ADOBE LAKE VALLEY,,0
PTJPL,2012-11-01,1-054.01,1-054,ALEXANDER VALLEY,ALEXANDER VALLEY - ALEXANDER AREA,39.667523,38929
PTJPL,2012-11-01,1-054.02,1-054,ALEXANDER VALLEY,ALEXANDER VALLEY - CLOVERDALE AREA,40.681273,8672
PTJPL,2012-11-01,5-002.01,5-002,ALTURAS AREA,ALTURAS AREA - SOUTH FORK PITT RIVER,33.763613,84387
PTJPL,2012-11-01,5-002.02,5-002,ALTURAS AREA,ALTURAS AREA - WARM SPRINGS VALLEY,20.851819,8908
PTJPL,2012-11-01,5-010,5-010,AMERICAN VALLEY,AMERICAN VALLEY,28.337369,8178
PTJPL,2012-11-01,7-016,7-016,AMES VALLEY,AMES VALLEY,,0
PTJPL,2012-11-01,7-034,7-034,AMOS VALLEY,AMOS VALLEY,,0
PTJPL,2012-11-01,1-019,1-019,ANDERSON VALLEY,ANDERSON VALLEY,35.453862,5722
PTJPL,2012-11-01,1-049,1-049,ANNAPOLIS OHLSON RANCH FORMATION HIGHLANDS,ANNAPOLIS OHLSON RANCH FORMATION HIGHLANDS,36.090098,2353
PTJPL,2012-11-01,5-091,5-091,ANTELOPE CREEK,ANTELOPE CREEK,19.933956,1605
PTJPL,2012-11-01,6-044,6-044,ANTELOPE VALLEY,ANTELOPE VALLEY,33.636952,135971
PTJPL,2012-11-01,6-007,6-007,ANTELOPE VALLEY,ANTELOPE VALLEY,25.527872,48489
PTJPL,2012-11-01,3-034,3-034,ARROYO DE LA CRUZ VALLEY,ARROYO DE LA CRUZ VALLEY,45.719331,538
PTJPL,2012-11-01,2-031,2-031,ARROYO DEL HAMBRE VALLEY,ARROYO DEL HAMBRE VALLEY,,0
PTJPL,2012-11-01,4-007,4-007,ARROYO SANTA ROSA VALLEY,ARROYO SANTA ROSA VALLEY,52.163151,7870
PTJPL,2012-11-01,7-037,7-037,ARROYO SECO VALLEY,ARROYO SECO VALLEY,,0
PTJPL,2012-11-01,5-054,5-054,ASH VALLEY,ASH VALLEY,,0
PTJPL,2012-11-01,6-026,6-026,AVAWATZ VALLEY,AVAWATZ VALLEY,,0
PTJPL,2012-11-01,3-020,3-020,A�O NUEVO AREA,A�O NUEVO AREA,,0
PTJPL,2012-11-01,9-022,9-022,BATIQUITOS LAGOON VALLEY,BATIQUITOS LAGOON VALLEY,72.575806,620
PTJPL,2012-11-01,8-009,8-009,BEAR VALLEY,BEAR VALLEY,43.547945,219
PTJPL,2012-11-01,5-064,5-064,BEAR VALLEY,BEAR VALLEY,23.633333,510
PTJPL,2012-11-01,5-020,5-020,BERRYESSA VALLEY,BERRYESSA VALLEY,,0
PTJPL,2012-11-01,7-015,7-015,BESSEMER VALLEY,BESSEMER VALLEY,,0
PTJPL,2012-11-01,6-025,6-025,BICYCLE VALLEY,BICYCLE VALLEY,,0
PTJPL,2012-11-01,1-027,1-027,BIG LAGOON AREA,BIG LAGOON AREA,31.897436,39
PTJPL,2012-11-01,8-007,8-007,BIG MEADOWS VALLEY,BIG MEADOWS VALLEY,,0
PTJPL,2012-11-01,1-045,1-045,BIG RIVER VALLEY,BIG RIVER VALLEY,,0
PTJPL,2012-11-01,3-047,3-047,BIG SPRING AREA,BIG SPRING AREA,34.168845,918
PTJPL,2012-11-01,5-015,5-015,BIG VALLEY,BIG VALLEY,37.759575,37858
PTJPL,2012-11-01,5-004,5-004,BIG VALLEY,BIG VALLEY,22.544767,31094
PTJPL,2012-11-01,3-030,3-030,BITTER WATER VALLEY,BITTER WATER VALLEY,23.384554,7575
PTJPL,2012-11-01,6-013,6-013,BLACK SPRINGS VALLEY,BLACK SPRINGS VALLEY,,0
PTJPL,2012-11-01,5-092,5-092,BLANCHARD VALLEY,BLANCHARD VALLEY,20.485841,1130
PTJPL,2012-11-01,1-057,1-057,BODEGA BAY AREA,BODEGA BAY AREA,38.298701,154
PTJPL,2012-11-01,7-024.01,7-024,BORREGO VALLEY,BORREGO VALLEY - BORREGO SPRINGS,46.592286,17397
PTJPL,2012-11-01,7-024.02,7-024,BORREGO VALLEY,BORREGO VALLEY - OCOTILLO WELLS,34.166667,12
PTJPL,2012-11-01,1-039,1-039,BRANSCOMB TOWN AREA,BRANSCOMB TOWN AREA,,0
PTJPL,2012-11-01,1-017,1-017,BRAY TOWN AREA,BRAY TOWN AREA,26.70646,3870
PTJPL,2012-11-01,6-008,6-008,BRIDGEPORT VALLEY,BRIDGEPORT VALLEY,26.747752,74851
PTJPL,2012-11-01,7-008,7-008,BRISTOL VALLEY,BRISTOL VALLEY,17.32224,7963
PTJPL,2012-11-01,5-080,5-080,BRITE VALLEY,BRITE VALLEY,18.550523,1148
PTJPL,2012-11-01,6-032,6-032,BROADWELL VALLEY,BROADWELL VALLEY,,0
PTJPL,2012-11-01,6-076,6-076,BROWN MOUNTAIN VALLEY,BROWN MOUNTAIN VALLEY,,0
PTJPL,2012-11-01,7-054,7-054,BUCK RIDGE FAULT VALLEY,BUCK RIDGE FAULT VALLEY,,0
PTJPL,2012-11-01,6-101,6-101,BULL FLAT,BULL FLAT,18.958333,48
PTJPL,2012-11-01,5-048,5-048,BURNEY CREEK VALLEY,BURNEY CREEK VALLEY,30.32718,5092
PTJPL,2012-11-01,5-017,5-017,BURNS VALLEY,BURNS VALLEY,29.418076,1715
PTJPL,2012-11-01,5-051,5-051,BUTTE CREEK VALLEY,BUTTE CREEK VALLEY,,0
PTJPL,2012-11-01,1-003,1-003,BUTTE VALLEY,BUTTE VALLEY,27.081536,133782
PTJPL,2012-11-01,6-081,6-081,BUTTE VALLEY,BUTTE VALLEY,,0
PTJPL,2012-11-01,6-070,6-070,CACTUS FLAT,CACTUS FLAT,,0
PTJPL,2012-11-01,7-007,7-007,CADIZ VALLEY,CADIZ VALLEY,,0
PTJPL,2012-11-01,6-090,6-090,CADY FAULT AREA,CADY FAULT AREA,,0
PTJPL,2012-11-01,9-006,9-006,CAHUILLA VALLEY,CAHUILLA VALLEY,19.86512,6250
PTJPL,2012-11-01,6-079,6-079,CALIFORNIA VALLEY,CALIFORNIA VALLEY,,0
PTJPL,2012-11-01,7-041,7-041,CALZONA VALLEY,CALZONA VALLEY,,0
PTJPL,2012-11-01,6-061,6-061,CAMEO AREA,CAMEO AREA,,0
PTJPL,2012-11-01,9-028,9-028,CAMPO VALLEY,CAMPO VALLEY,15.626984,126
PTJPL,2012-11-01,7-046,7-046,CANEBRAKE VALLEY,CANEBRAKE VALLEY,,0
PTJPL,2012-11-01,3-007,3-007,CARMEL VALLEY,CARMEL VALLEY,43.649452,1278
PTJPL,2012-11-01,3-018,3-018,CARPINTERIA,CARPINTERIA,46.384623,10444
PTJPL,2012-11-01,3-019,3-019,CARRIZO PLAIN,CARRIZO PLAIN,35.326625,20225
PTJPL,2012-11-01,6-006,6-006,CARSON VALLEY,CARSON VALLEY,27.890738,10516
PTJPL,2012-11-01,5-029,5-029,CASTAC LAKE VALLEY,CASTAC LAKE VALLEY,26.60261,843
PTJPL,2012-11-01,2-008,2-008,CASTRO VALLEY,CASTRO VALLEY,,0
PTJPL,2012-11-01,6-038,6-038,CAVES CANYON VALLEY,CAVES CANYON VALLEY,,0
PTJPL,2012-11-01,5-045,5-045,CAYTON VALLEY,CAYTON VALLEY,38.917412,4250
PTJPL,2012-11-01,3-038,3-038,CAYUCOS VALLEY,CAYUCOS VALLEY,,0
PTJPL,2012-11-01,7-043,7-043,CHEMEHUEVI VALLEY,CHEMEHUEVI VALLEY,,0
PTJPL,2012-11-01,7-032,7-032,CHOCOLATE VALLEY,CHOCOLATE VALLEY,5.626866,67
PTJPL,2012-11-01,3-005,3-005,CHOLAME VALLEY,CHOLAME VALLEY,35.727114,17718
PTJPL,2012-11-01,3-042,3-042,CHORRO VALLEY,CHORRO VALLEY,51.140541,1295
PTJPL,2012-11-01,5-061,5-061,CHROME TOWN AREA,CHROME TOWN AREA,12.389432,511
PTJPL,2012-11-01,7-005,7-005,CHUCKWALLA VALLEY,CHUCKWALLA VALLEY,30.388358,4604
PTJPL,2012-11-01,2-005,2-005,CLAYTON VALLEY,CLAYTON VALLEY,46.042945,652
PTJPL,2012-11-01,5-066,5-066,CLEAR LAKE CACHE FORMATION,CLEAR LAKE CACHE FORMATION,31.608501,894
PTJPL,2012-11-01,5-058,5-058,CLOVER VALLEY,CLOVER VALLEY,22.403487,1606
PTJPL,2012-11-01,7-021.03,7-021,COACHELLA VALLEY,COACHELLA VALLEY - DESERT HOT SPRINGS,46.251382,2713
PTJPL,2012-11-01,7-021.01,7-021,COACHELLA VALLEY,COACHELLA VALLEY - INDIO,50.683995,293736
PTJPL,2012-11-01,7-021.02,7-021,COACHELLA VALLEY,COACHELLA VALLEY - MISSION CREEK,44.226994,978
PTJPL,2012-11-01,7-021.04,7-021,COACHELLA VALLEY,COACHELLA VALLEY - SAN GORGONIO PASS,50.058989,356
PTJPL,2012-11-01,4-011.04,4-011,COASTAL PLAIN OF LOS ANGELES,COASTAL PLAIN OF LOS ANGELES - CENTRAL,57.596193,6882
PTJPL,2012-11-01,4-011.02,4-011,COASTAL PLAIN OF LOS ANGELES,COASTAL PLAIN OF LOS ANGELES - HOLLYWOOD,47.427245,323
PTJPL,2012-11-01,4-011.01,4-011,COASTAL PLAIN OF LOS ANGELES,COASTAL PLAIN OF LOS ANGELES - SANTA MONICA,55.58624,4186
PTJPL,2012-11-01,4-011.03,4-011,COASTAL PLAIN OF LOS ANGELES,COASTAL PLAIN OF LOS ANGELES - WEST COAST,56.033333,4050
PTJPL,2012-11-01,8-001,8-001,COASTAL PLAIN OF ORANGE COUNTY,COASTAL PLAIN OF ORANGE COUNTY,57.923525,23877
PTJPL,2012-11-01,9-033,9-033,COASTAL PLAIN OF SAN DIEGO,COASTAL PLAIN OF SAN DIEGO,76.975192,3507
PTJPL,2012-11-01,6-072,6-072,COLES FLAT,COLES FLAT,,0
PTJPL,2012-11-01,5-019,5-019,COLLAYOMI VALLEY,COLLAYOMI VALLEY,32.297059,3400
PTJPL,2012-11-01,7-055,7-055,COLLINS VALLEY,COLLINS VALLEY,,0
PTJPL,2012-11-01,4-010,4-010,CONEJO,CONEJO,54.618474,498
PTJPL,2012-11-01,7-011,7-011,COPPER MOUNTAIN VALLEY,COPPER MOUNTAIN VALLEY,,0
PTJPL,2012-11-01,3-002.01,3-002,CORRALITOS,CORRALITOS - PAJARO VALLEY,32.506433,107489
PTJPL,2012-11-01,3-002.02,3-002,CORRALITOS,CORRALITOS - PURISIMA HIGHLANDS,38.576923,390
PTJPL,2012-11-01,6-055,6-055,COSO VALLEY,COSO VALLEY,,0
PTJPL,2012-11-01,1-037,1-037,COTTONEVA CREEK VALLEY,COTTONEVA CREEK VALLEY,,0
PTJPL,2012-11-01,9-027,9-027,COTTONWOOD VALLEY,COTTONWOOD VALLEY,24.2,70
PTJPL,2012-11-01,1-011,1-011,COVELO ROUND VALLEY,COVELO ROUND VALLEY,30.290952,36140
PTJPL,2012-11-01,6-091,6-091,COW HEAD LAKE VALLEY,COW HEAD LAKE VALLEY,23.340239,15639
PTJPL,2012-11-01,6-037,6-037,COYOTE LAKE VALLEY,COYOTE LAKE VALLEY,40.240741,972
PTJPL,2012-11-01,5-018,5-018,COYOTE VALLEY,COYOTE VALLEY,34.883226,6337
PTJPL,2012-11-01,7-029,7-029,COYOTE WELLS VALLEY,COYOTE WELLS VALLEY,6.475,80
PTJPL,2012-11-01,6-035,6-035,CRONISE VALLEY,CRONISE VALLEY,,0
PTJPL,2012-11-01,6-050,6-050,CUDDEBACK VALLEY,CUDDEBACK VALLEY,,0
PTJPL,2012-11-01,5-082,5-082,CUDDY CANYON VALLEY,CUDDY CANYON VALLEY,,0
PTJPL,2012-11-01,5-083,5-083,CUDDY RANCH AREA,CUDDY RANCH AREA,,0
PTJPL,2012-11-01,5-084,5-084,CUDDY VALLEY,CUDDY VALLEY,37.875,16
PTJPL,2012-11-01,5-027,5-027,CUMMINGS VALLEY,CUMMINGS VALLEY,27.039046,10270
PTJPL,2012-11-01,3-013,3-013,CUYAMA VALLEY,CUYAMA VALLEY,35.423834,153598
PTJPL,2012-11-01,7-009,7-009,DALE VALLEY,DALE VALLEY,10.506579,152
PTJPL,2012-11-01,6-057,6-057,DARWIN VALLEY,DARWIN VALLEY,,0
PTJPL,2012-11-01,7-061,7-061,DAVIES VALLEY,DAVIES VALLEY,,0
PTJPL,2012-11-01,7-013.01,7-013,DEADMAN VALLEY,DEADMAN VALLEY - DEADMAN LAKE,,0
PTJPL,2012-11-01,7-013.02,7-013,DEADMAN VALLEY,DEADMAN VALLEY - SURPRISE SPRING,,0
PTJPL,2012-11-01,6-018,6-018,DEATH VALLEY,DEATH VALLEY,13.055556,18
PTJPL,2012-11-01,6-015,6-015,DEEP SPRINGS VALLEY,DEEP SPRINGS VALLEY,22.27993,568
PTJPL,2012-11-01,6-078,6-078,DENNING SPRING VALLEY,DENNING SPRING VALLEY,,0
PTJPL,2012-11-01,1-034,1-034,DINSMORES TOWN AREA,DINSMORES TOWN AREA,25.337209,86
PTJPL,2012-11-01,5-053,5-053,DIXIE VALLEY,DIXIE VALLEY,,0
PTJPL,2012-11-01,2-040,2-040,DOWNTOWN,DOWNTOWN,,0
PTJPL,2012-11-01,5-049,5-049,DRY BURNEY CREEK VALLEY,DRY BURNEY CREEK VALLEY,,0
PTJPL,2012-11-01,3-029,3-029,DRY LAKE VALLEY,DRY LAKE VALLEY,23.059259,540
PTJPL,2012-11-01,6-095,6-095,DRY VALLEY,DRY VALLEY,,0
PTJPL,2012-11-01,6-096,6-096,EAGLE LAKE AREA,EAGLE LAKE AREA,,0
PTJPL,2012-11-01,7-033,7-033,EAST SALTON SEA,EAST SALTON SEA,32.848418,40262
PTJPL,2012-11-01,1-044,1-044,EDEN VALLEY,EDEN VALLEY,27.628779,1654
PTJPL,2012-11-01,1-010,1-010,EEL RIVER VALLEY,EEL RIVER VALLEY,25.554586,73664
PTJPL,2012-11-01,5-041,5-041,EGG LAKE VALLEY,EGG LAKE VALLEY,,0
PTJPL,2012-11-01,9-016,9-016,EL CAJON VALLEY,EL CAJON VALLEY,62.096774,31
PTJPL,2012-11-01,6-043,6-043,EL MIRAGE VALLEY,EL MIRAGE VALLEY,40.029935,3207
PTJPL,2012-11-01,5-062,5-062,ELK CREEK AREA,ELK CREEK AREA,17.797203,143
PTJPL,2012-11-01,8-004.02,8-004,ELSINORE,ELSINORE - BEDFORD-COLDWATER,56.178756,1158
PTJPL,2012-11-01,8-004.01,8-004,ELSINORE,ELSINORE - ELSINORE VALLEY,46.663551,107
PTJPL,2012-11-01,9-009,9-009,ESCONDIDO VALLEY,ESCONDIDO VALLEY,46.058824,34
PTJPL,2012-11-01,1-009,1-009,EUREKA PLAIN,EUREKA PLAIN,28.362764,13127
PTJPL,2012-11-01,6-016,6-016,EUREKA VALLEY,EUREKA VALLEY,,0
PTJPL,2012-11-01,1-022,1-022,FAIRCHILD SWAMP VALLEY,FAIRCHILD SWAMP VALLEY,,0
PTJPL,2012-11-01,5-005,5-005,FALL RIVER VALLEY,FALL RIVER VALLEY,31.234752,72945
PTJPL,2012-11-01,7-002,7-002,FENNER VALLEY,FENNER VALLEY,,0
PTJPL,2012-11-01,6-014,6-014,FISH LAKE VALLEY,FISH LAKE VALLEY,26.031277,14132
PTJPL,2012-11-01,3-053,3-053,FOOTHILL,FOOTHILL,47.733333,30
PTJPL,2012-11-01,1-021,1-021,FORT BRAGG TERRACE AREA,FORT BRAGG TERRACE AREA,29.423453,9295
PTJPL,2012-11-01,1-061,1-061,FORT ROSS TERRACE DEPOSITS,FORT ROSS TERRACE DEPOSITS,37.404926,1015
PTJPL,2012-11-01,6-046,6-046,FREMONT VALLEY,FREMONT VALLEY,22.372499,1949
PTJPL,2012-11-01,5-090,5-090,FUNKS CREEK,FUNKS CREEK,18.618365,3278
PTJPL,2012-11-01,1-032,1-032,GARBERVILLE TOWN AREA,GARBERVILLE TOWN AREA,30.337449,486
PTJPL,2012-11-01,1-020,1-020,GARCIA RIVER VALLEY,GARCIA RIVER VALLEY,33.179099,2641
PTJPL,2012-11-01,3-003.01,3-003,GILROY-HOLLISTER VALLEY,GILROY-HOLLISTER VALLEY - LLAGAS AREA,29.548704,76637
PTJPL,2012-11-01,3-003.05,3-003,GILROY-HOLLISTER VALLEY,GILROY-HOLLISTER VALLEY - NORTH SAN BENITO,24.264908,195075
PTJPL,2012-11-01,6-085,6-085,GOLD VALLEY,GOLD VALLEY,,0
PTJPL,2012-11-01,6-048,6-048,GOLDSTONE VALLEY,GOLDSTONE VALLEY,,0
PTJPL,2012-11-01,3-016,3-016,GOLETA,GOLETA,49.758993,3336
PTJPL,2012-11-01,5-001.02,5-001,GOOSE LAKE,GOOSE LAKE - FANDANGO VALLEY,29.777509,28945
PTJPL,2012-11-01,5-001.01,5-001,GOOSE LAKE,GOOSE LAKE - GOOSE VALLEY,29.034693,52662
PTJPL,2012-11-01,5-047,5-047,GOOSE VALLEY,GOOSE VALLEY,32.338876,15215
PTJPL,2012-11-01,6-077,6-077,GRASS VALLEY,GRASS VALLEY,,0
PTJPL,2012-11-01,6-094,6-094,GRASSHOPPER VALLEY,GRASSHOPPER VALLEY,,0
PTJPL,2012-11-01,1-048,1-048,GRAVELLY VALLEY,GRAVELLY VALLEY,,0
PTJPL,2012-11-01,5-052,5-052,GRAYS VALLEY,GRAYS VALLEY,,0
PTJPL,2012-11-01,6-084,6-084,GREENWATER VALLEY,GREENWATER VALLEY,,0
PTJPL,2012-11-01,5-059,5-059,GRIZZLY VALLEY,GRIZZLY VALLEY,,0
PTJPL,2012-11-01,2-022,2-022,HALF MOON BAY TERRACE,HALF MOON BAY TERRACE,43.054855,1586
PTJPL,2012-11-01,1-015,1-015,HAPPY CAMP TOWN AREA,HAPPY CAMP TOWN AREA,,0
PTJPL,2012-11-01,6-047,6-047,HARPER VALLEY,HARPER VALLEY,37.714917,5658
PTJPL,2012-11-01,6-074,6-074,HARRISBURG FLATS,HARRISBURG FLATS,,0
PTJPL,2012-11-01,6-093,6-093,HARVEY VALLEY,HARVEY VALLEY,,0
PTJPL,2012-11-01,1-006,1-006,HAYFORK VALLEY,HAYFORK VALLEY,21.336155,2481
PTJPL,2012-11-01,7-048,7-048,HELENDALE FAULT VALLEY,HELENDALE FAULT VALLEY,,0
PTJPL,2012-11-01,8-006,8-006,HEMET LAKE VALLEY,HEMET LAKE VALLEY,,0
PTJPL,2012-11-01,3-031,3-031,HERNANDEZ VALLEY,HERNANDEZ VALLEY,22.598972,389
PTJPL,2012-11-01,1-036,1-036,HETTENSHAW VALLEY,HETTENSHAW VALLEY,20.309969,1926
PTJPL,2012-11-01,7-053,7-053,HEXIE MOUNTAIN AREA,HEXIE MOUNTAIN AREA,,0
PTJPL,2012-11-01,6-063,6-063,HIDDEN VALLEY,HIDDEN VALLEY,,0
PTJPL,2012-11-01,4-016,4-016,HIDDEN VALLEY,HIDDEN VALLEY,43.446367,3757
PTJPL,2012-11-01,5-016,5-016,HIGH VALLEY,HIGH VALLEY,26.690476,2772
PTJPL,2012-11-01,6-004,6-004,HONEY LAKE VALLEY,HONEY LAKE VALLEY,29.586154,188766
PTJPL,2012-11-01,1-029,1-029,HONEYDEW TOWN AREA,HONEYDEW TOWN AREA,26.065421,1070
PTJPL,2012-11-01,1-007,1-007,HOOPA VALLEY,HOOPA VALLEY,30.746594,367
PTJPL,2012-11-01,6-097,6-097,HORSE LAKE VALLEY,HORSE LAKE VALLEY,30.013841,4335
PTJPL,2012-11-01,5-040,5-040,HOT SPRINGS VALLEY,HOT SPRINGS VALLEY,25.407606,2235
PTJPL,2012-11-01,3-045,3-045,HUASNA VALLEY,HUASNA VALLEY,31.771199,3361
PTJPL,2012-11-01,5-060,5-060,HUMBUG VALLEY,HUMBUG VALLEY,23.71562,1178
PTJPL,2012-11-01,4-018,4-018,HUNGRY VALLEY,HUNGRY VALLEY,,0
PTJPL,2012-11-01,1-035,1-035,HYAMPOM VALLEY,HYAMPOM VALLEY,30.747917,480
PTJPL,2012-11-01,7-030,7-030,IMPERIAL VALLEY,IMPERIAL VALLEY,44.46555,1787557
PTJPL,2012-11-01,5-009,5-009,INDIAN VALLEY,INDIAN VALLEY,38.106375,24611
PTJPL,2012-11-01,6-054,6-054,INDIAN WELLS VALLEY,INDIAN WELLS VALLEY,33.722085,14616
PTJPL,2012-11-01,7-050,7-050,IRON RIDGE AREA,IRON RIDGE AREA,,0
PTJPL,2012-11-01,2-033,2-033,ISLAIS VALLEY,ISLAIS VALLEY,,0
PTJPL,2012-11-01,6-030,6-030,IVANPAH VALLEY,IVANPAH VALLEY,36.618736,918
PTJPL,2012-11-01,7-047,7-047,JACUMBA VALLEY,JACUMBA VALLEY,,0
PTJPL,2012-11-01,5-003,5-003,JESS VALLEY,JESS VALLEY,33.059626,11807
PTJPL,2012-11-01,7-018.01,7-018,JOHNSON VALLEY,JOHNSON VALLEY - SOGGY LAKE,8.95,60
PTJPL,2012-11-01,7-018.02,7-018,JOHNSON VALLEY,JOHNSON VALLEY - UPPER JOHNSON VALLEY,,0
PTJPL,2012-11-01,5-086,5-086,JOSEPH CREEK,JOSEPH CREEK,27.831398,4478
PTJPL,2012-11-01,7-062,7-062,JOSHUA TREE,JOSHUA TREE,,0
PTJPL,2012-11-01,6-089,6-089,KANE WASH AREA,KANE WASH AREA,,0
PTJPL,2012-11-01,6-069,6-069,KELSO LANDER VALLEY,KELSO LANDER VALLEY,,0
PTJPL,2012-11-01,6-031,6-031,KELSO VALLEY,KELSO VALLEY,,0
PTJPL,2012-11-01,2-019,2-019,KENWOOD VALLEY,KENWOOD VALLEY,36.428798,5674
PTJPL,2012-11-01,5-025,5-025,KERN RIVER VALLEY,KERN RIVER VALLEY,29.040102,14513
PTJPL,2012-11-01,1-002.02,1-002,KLAMATH RIVER VALLEY,KLAMATH RIVER VALLEY - LOWER KLAMATH,26.769735,75474
PTJPL,2012-11-01,1-002.01,1-002,KLAMATH RIVER VALLEY,KLAMATH RIVER VALLEY - TULELAKE,28.251582,218668
PTJPL,2012-11-01,1-050,1-050,KNIGHTS VALLEY,KNIGHTS VALLEY,36.876263,7322
PTJPL,2012-11-01,5-007,5-007,LAKE ALMANOR VALLEY,LAKE ALMANOR VALLEY,,0
PTJPL,2012-11-01,5-046,5-046,LAKE BRITTON AREA,LAKE BRITTON AREA,35.071875,320
PTJPL,2012-11-01,7-001,7-001,LANFAIR VALLEY,LANFAIR VALLEY,,0
PTJPL,2012-11-01,6-036.02,6-036,LANGFORD VALLEY,LANGFORD VALLEY - IRWIN,,0
PTJPL,2012-11-01,6-036.01,6-036,LANGFORD VALLEY,LANGFORD VALLEY - LANGFORD WELL LAKE,,0
PTJPL,2012-11-01,1-033,1-033,LARABEE VALLEY,LARABEE VALLEY,23.274882,211
PTJPL,2012-11-01,4-008,4-008,LAS POSAS VALLEY,LAS POSAS VALLEY,53.35583,90827
PTJPL,2012-11-01,5-057,5-057,LAST CHANCE CREEK VALLEY,LAST CHANCE CREEK VALLEY,,0
PTJPL,2012-11-01,7-014,7-014,LAVIC VALLEY,LAVIC VALLEY,,0
PTJPL,2012-11-01,1-012,1-012,LAYTONVILLE VALLEY,LAYTONVILLE VALLEY,24.804878,5002
PTJPL,2012-11-01,6-027,6-027,LEACH VALLEY,LEACH VALLEY,,0
PTJPL,2012-11-01,6-066,6-066,LEE FLAT,LEE FLAT,,0
PTJPL,2012-11-01,6-106,6-106,LITTLE ANTELOPE VALLEY,LITTLE ANTELOPE VALLEY,21.045927,1829
PTJPL,2012-11-01,5-065,5-065,LITTLE INDIAN VALLEY,LITTLE INDIAN VALLEY,17.666667,18
PTJPL,2012-11-01,1-013,1-013,LITTLE LAKE VALLEY,LITTLE LAKE VALLEY,22.972271,14317
PTJPL,2012-11-01,1-041,1-041,LITTLE VALLEY,LITTLE VALLEY,32.949861,718
PTJPL,2012-11-01,2-010,2-010,LIVERMORE VALLEY,LIVERMORE VALLEY,31.053596,25170
PTJPL,2012-11-01,2-038,2-038,LOBOS,LOBOS,45.420732,492
PTJPL,2012-11-01,3-006,3-006,LOCKWOOD VALLEY,LOCKWOOD VALLEY,18.97148,22966
PTJPL,2012-11-01,4-017,4-017,LOCKWOOD VALLEY,LOCKWOOD VALLEY,20.641667,120
PTJPL,2012-11-01,6-011,6-011,LONG VALLEY,LONG VALLEY,37.602403,23383
PTJPL,2012-11-01,5-044,5-044,LONG VALLEY,LONG VALLEY,,0
PTJPL,2012-11-01,6-104,6-104,LONG VALLEY,LONG VALLEY,18.633364,6486
PTJPL,2012-11-01,5-031,5-031,LONG VALLEY,LONG VALLEY,24.374137,2606
PTJPL,2012-11-01,5-070,5-070,LOS BANOS CREEK VALLEY,LOS BANOS CREEK VALLEY,,0
PTJPL,2012-11-01,3-008.01,3-008,LOS OSOS VALLEY,LOS OSOS VALLEY - LOS OSOS AREA,53.571804,1901
PTJPL,2012-11-01,3-008.02,3-008,LOS OSOS VALLEY,LOS OSOS VALLEY - WARDEN CREEK,59.615348,4235
PTJPL,2012-11-01,7-051,7-051,LOST HORSE VALLEY,LOST HORSE VALLEY,,0
PTJPL,2012-11-01,6-071,6-071,LOST LAKE VALLEY,LOST LAKE VALLEY,,0
PTJPL,2012-11-01,6-021,6-021,LOWER KINGSTON VALLEY,LOWER KINGSTON VALLEY,,0
PTJPL,2012-11-01,1-014,1-014,LOWER KLAMATH RIVER VALLEY,LOWER KLAMATH RIVER VALLEY,23.965238,1237
PTJPL,2012-11-01,5-030,5-030,LOWER LAKE VALLEY,LOWER LAKE VALLEY,27.664567,635
PTJPL,2012-11-01,1-038,1-038,LOWER LAYTONVILLE VALLEY,LOWER LAYTONVILLE VALLEY,24.456265,423
PTJPL,2012-11-01,6-040,6-040,LOWER MOJAVE RIVER VALLEY,LOWER MOJAVE RIVER VALLEY,65.31909,17365
PTJPL,2012-11-01,1-060,1-060,LOWER RUSSIAN RIVER VALLEY,LOWER RUSSIAN RIVER VALLEY,38.001359,5151
PTJPL,2012-11-01,7-019,7-019,LUCERNE VALLEY,LUCERNE VALLEY,25.93957,9962
PTJPL,2012-11-01,1-008.02,1-008,MAD RIVER VALLEY,MAD RIVER VALLEY - DOWS PRAIRIE SCHOOL AREA,24.448518,3137
PTJPL,2012-11-01,1-008.01,1-008,MAD RIVER VALLEY,MAD RIVER VALLEY - MAD RIVER LOWLAND,27.376215,17700
PTJPL,2012-11-01,6-002,6-002,MADELINE PLAINS,MADELINE PLAINS,31.603226,93378
PTJPL,2012-11-01,3-051,3-051,MAJORS CREEK,MAJORS CREEK,35.816176,408
PTJPL,2012-11-01,4-022,4-022,MALIBU VALLEY,MALIBU VALLEY,51.65,40
PTJPL,2012-11-01,6-064,6-064,MARBLE CANYON AREA,MARBLE CANYON AREA,,0
PTJPL,2012-11-01,2-039,2-039,MARINA,MARINA,,0
PTJPL,2012-11-01,6-067,6-067,MARTIS VALLEY,MARTIS VALLEY,31.951622,3390
PTJPL,2012-11-01,7-059,7-059,MASON VALLEY,MASON VALLEY,,0
PTJPL,2012-11-01,1-028,1-028,MATTOLE RIVER VALLEY,MATTOLE RIVER VALLEY,26.422238,2797
PTJPL,2012-11-01,5-035,5-035,MCCLOUD AREA,MCCLOUD AREA,33.042781,187
PTJPL,2012-11-01,5-095,5-095,MEADOW VALLEY,MEADOW VALLEY,21.852843,598
PTJPL,2012-11-01,7-017,7-017,MEANS VALLEY,MEANS VALLEY,6.952381,42
PTJPL,2012-11-01,6-029,6-029,MESQUITE VALLEY,MESQUITE VALLEY,51.595937,9058
PTJPL,2012-11-01,6-020,6-020,MIDDLE AMARGOSA VALLEY,MIDDLE AMARGOSA VALLEY,64.137615,109
PTJPL,2012-11-01,5-094,5-094,MIDDLE CREEK,MIDDLE CREEK,30.0625,128
PTJPL,2012-11-01,5-087,5-087,MIDDLE FORK FEATHER RIVER,MIDDLE FORK FEATHER RIVER,28.447368,646
PTJPL,2012-11-01,6-041,6-041,MIDDLE MOJAVE RIVER VALLEY,MIDDLE MOJAVE RIVER VALLEY,57.897185,3268
PTJPL,2012-11-01,6-080,6-080,MIDDLE PARK CANYON,MIDDLE PARK CANYON,,0
PTJPL,2012-11-01,5-085,5-085,MIL POTRERO AREA,MIL POTRERO AREA,47.598214,112
PTJPL,2012-11-01,9-014,9-014,MISSION VALLEY,MISSION VALLEY,81.19421,829
PTJPL,2012-11-01,5-011,5-011,MOHAWK VALLEY,MOHAWK VALLEY,33.049916,6531
PTJPL,2012-11-01,6-009,6-009,MONO VALLEY,MONO VALLEY,33.966527,239
PTJPL,2012-11-01,3-049,3-049,MONTECITO,MONTECITO,45.96219,1534
PTJPL,2012-11-01,7-020,7-020,MORONGO VALLEY,MORONGO VALLEY,22.0,21
PTJPL,2012-11-01,3-041,3-041,MORRO VALLEY,MORRO VALLEY,54.656728,1241
PTJPL,2012-11-01,5-008,5-008,MOUNTAIN MEADOWS VALLEY,MOUNTAIN MEADOWS VALLEY,,0
PTJPL,2012-11-01,1-056,1-056,McDOWELL VALLEY,McDOWELL VALLEY,39.943904,2674
PTJPL,2012-11-01,2-002.01,2-002,NAPA-SONOMA VALLEY,NAPA-SONOMA VALLEY - NAPA VALLEY,40.264037,83318
PTJPL,2012-11-01,2-002.03,2-002,NAPA-SONOMA VALLEY,NAPA-SONOMA VALLEY - NAPA-SONOMA LOWLANDS,39.289916,19585
PTJPL,2012-11-01,2-002.02,2-002,NAPA-SONOMA VALLEY,NAPA-SONOMA VALLEY - SONOMA VALLEY,35.597696,55120
PTJPL,2012-11-01,1-046,1-046,NAVARRO RIVER VALLEY,NAVARRO RIVER VALLEY,,0
PTJPL,2012-11-01,3-052,3-052,NEEDLE ROCK POINT,NEEDLE ROCK POINT,35.364407,118
PTJPL,2012-11-01,7-044,7-044,NEEDLES VALLEY,NEEDLES VALLEY,39.127279,16397
PTJPL,2012-11-01,5-050,5-050,NORTH FORK BATTLE CREEK,NORTH FORK BATTLE CREEK,22.102807,2636
PTJPL,2012-11-01,2-030,2-030,NOVATO VALLEY,NOVATO VALLEY,37.33507,10171
PTJPL,2012-11-01,7-025,7-025,OCOTILLO-CLARK VALLEY,OCOTILLO-CLARK VALLEY,37.622491,37509
PTJPL,2012-11-01,7-035,7-035,OGILBY VALLEY,OGILBY VALLEY,20.053619,3357
PTJPL,2012-11-01,4-002,4-002,OJAI VALLEY,OJAI VALLEY,62.363032,9327
PTJPL,2012-11-01,3-039,3-039,OLD VALLEY,OLD VALLEY,42.219512,205
PTJPL,2012-11-01,6-108,6-108,OLYMPIC VALLEY,OLYMPIC VALLEY,32.734483,290
PTJPL,2012-11-01,7-031,7-031,OROCOPIA VALLEY,OROCOPIA VALLEY,5.819876,161
PTJPL,2012-11-01,6-012.02,6-012,OWENS VALLEY,OWENS VALLEY - FISH SLOUGH,,0
PTJPL,2012-11-01,6-012.01,6-012,OWENS VALLEY,OWENS VALLEY - OWENS VALLEY,26.058888,87217
PTJPL,2012-11-01,6-088,6-088,OWL LAKE VALLEY,OWL LAKE VALLEY,,0
PTJPL,2012-11-01,6-028,6-028,PAHRUMP VALLEY,PAHRUMP VALLEY,,0
PTJPL,2012-11-01,6-099,6-099,PAINTERS FLAT,PAINTERS FLAT,21.416593,1133
PTJPL,2012-11-01,7-039,7-039,PALO VERDE MESA,PALO VERDE MESA,54.296762,161291
PTJPL,2012-11-01,7-038,7-038,PALO VERDE VALLEY,PALO VERDE VALLEY,54.635345,224105
PTJPL,2012-11-01,9-024,9-024,PAMO VALLEY,PAMO VALLEY,,0
PTJPL,2012-11-01,6-058,6-058,PANAMINT VALLEY,PANAMINT VALLEY,,0
PTJPL,2012-11-01,5-023,5-023,PANOCHE VALLEY,PANOCHE VALLEY,22.299084,1966
PTJPL,2012-11-01,3-032,3-032,PEACH TREE VALLEY,PEACH TREE VALLEY,22.682177,1268
PTJPL,2012-11-01,1-030,1-030,PEPPERWOOD TOWN AREA,PEPPERWOOD TOWN AREA,27.917862,3068
PTJPL,2012-11-01,2-026,2-026,PESCADERO VALLEY,PESCADERO VALLEY,43.678909,1797
PTJPL,2012-11-01,2-001,2-001,PETALUMA VALLEY,PETALUMA VALLEY,34.539031,35510
PTJPL,2012-11-01,6-051,6-051,PILOT KNOB VALLEY,PILOT KNOB VALLEY,,0
PTJPL,2012-11-01,6-092,6-092,PINE CREEK VALLEY,PINE CREEK VALLEY,,0
PTJPL,2012-11-01,7-006,7-006,PINTO VALLEY,PINTO VALLEY,,0
PTJPL,2012-11-01,7-049,7-049,PIPES CANYON FAULT VALLEY,PIPES CANYON FAULT VALLEY,,0
PTJPL,2012-11-01,2-004,2-004,PITTSBURG PLAIN,PITTSBURG PLAIN,,0
PTJPL,2012-11-01,7-045,7-045,PIUTE VALLEY,PIUTE VALLEY,,0
PTJPL,2012-11-01,7-052,7-052,PLEASANT VALLEY,PLEASANT VALLEY,,0
PTJPL,2012-11-01,4-006,4-006,PLEASANT VALLEY,PLEASANT VALLEY,46.293891,33196
PTJPL,2012-11-01,5-038,5-038,PONDOSA TOWN AREA,PONDOSA TOWN AREA,,0
PTJPL,2012-11-01,5-068,5-068,POPE VALLEY,POPE VALLEY,38.570503,12659
PTJPL,2012-11-01,9-029,9-029,POTRERO VALLEY,POTRERO VALLEY,28.989218,371
PTJPL,2012-11-01,1-051,1-051,POTTER VALLEY,POTTER VALLEY,36.311132,20554
PTJPL,2012-11-01,9-013,9-013,POWAY VALLEY,POWAY VALLEY,,0
PTJPL,2012-11-01,3-044,3-044,POZO VALLEY,POZO VALLEY,24.884261,2713
PTJPL,2012-11-01,1-025,1-025,PRAIRIE CREEK AREA,PRAIRIE CREEK AREA,,0
PTJPL,2012-11-01,7-040,7-040,QUIEN SABE POINT VALLEY,QUIEN SABE POINT VALLEY,62.937853,708
PTJPL,2012-11-01,3-024,3-024,QUIEN SABE VALLEY,QUIEN SABE VALLEY,23.570727,11403
PTJPL,2012-11-01,6-062,6-062,RACE TRACK VALLEY,RACE TRACK VALLEY,,0
PTJPL,2012-11-01,3-046,3-046,RAFAEL VALLEY,RAFAEL VALLEY,17.0,1
PTJPL,2012-11-01,9-025,9-025,RANCHITA TOWN AREA,RANCHITA TOWN AREA,23.340909,44
PTJPL,2012-11-01,4-023,4-023,RAYMOND,RAYMOND,43.945836,1717
PTJPL,2012-11-01,6-024,6-024,RED PASS VALLEY,RED PASS VALLEY,,0
PTJPL,2012-11-01,1-018,1-018,RED ROCK VALLEY,RED ROCK VALLEY,30.116945,18932
PTJPL,2012-11-01,5-006.03,5-006,REDDING AREA,REDDING AREA - ANDERSON,39.887466,42947
PTJPL,2012-11-01,5-006.01,5-006,REDDING AREA,REDDING AREA - BOWMAN,40.229431,18219
PTJPL,2012-11-01,5-006.04,5-006,REDDING AREA,REDDING AREA - ENTERPRISE,35.199786,22459
PTJPL,2012-11-01,5-006.05,5-006,REDDING AREA,REDDING AREA - MILLVILLE,37.300925,9082
PTJPL,2012-11-01,5-006.06,5-006,REDDING AREA,REDDING AREA - SOUTH BATTLE CREEK,41.119519,7982
PTJPL,2012-11-01,1-026,1-026,REDWOOD CREEK AREA,REDWOOD CREEK AREA,30.029916,2273
PTJPL,2012-11-01,6-086,6-086,RHODES HILL AREA,RHODES HILL AREA,,0
PTJPL,2012-11-01,7-004,7-004,RICE VALLEY,RICE VALLEY,24.969305,619
PTJPL,2012-11-01,6-023,6-023,RIGGS VALLEY,RIGGS VALLEY,,0
PTJPL,2012-11-01,3-043,3-043,RINCONADA VALLEY,RINCONADA VALLEY,35.357413,2907
PTJPL,2012-11-01,5-043,5-043,ROCK PRAIRIE VALLEY,ROCK PRAIRIE VALLEY,,0
PTJPL,2012-11-01,6-056,6-056,ROSE VALLEY,ROSE VALLEY,,0
PTJPL,2012-11-01,2-028,2-028,ROSS VALLEY,ROSS VALLEY,,0
PTJPL,2012-11-01,5-036,5-036,ROUND VALLEY,ROUND VALLEY,,0
PTJPL,2012-11-01,4-020,4-020,RUSSELL VALLEY,RUSSELL VALLEY,52.175573,131
PTJPL,2012-11-01,5-021.54,5-021,SACRAMENTO VALLEY,SACRAMENTO VALLEY - ANTELOPE,47.964579,37689
PTJPL,2012-11-01,5-021.53,5-021,SACRAMENTO VALLEY,SACRAMENTO VALLEY - BEND,39.315267,2620
PTJPL,2012-11-01,5-021.70,5-021,SACRAMENTO VALLEY,SACRAMENTO VALLEY - BUTTE,35.374659,278528
PTJPL,2012-11-01,5-021.52,5-021,SACRAMENTO VALLEY,SACRAMENTO VALLEY - COLUSA,34.018072,2002543
PTJPL,2012-11-01,5-021.51,5-021,SACRAMENTO VALLEY,SACRAMENTO VALLEY - CORNING,35.040661,343255
PTJPL,2012-11-01,5-021.56,5-021,SACRAMENTO VALLEY,SACRAMENTO VALLEY - LOS MOLINOS,45.626847,77542
PTJPL,2012-11-01,5-021.64,5-021,SACRAMENTO VALLEY,SACRAMENTO VALLEY - NORTH AMERICAN,34.204607,515989
PTJPL,2012-11-01,5-021.60,5-021,SACRAMENTO VALLEY,SACRAMENTO VALLEY - NORTH YUBA,39.465216,167406
PTJPL,2012-11-01,5-021.50,5-021,SACRAMENTO VALLEY,SACRAMENTO VALLEY - RED BLUFF,37.400525,174973
PTJPL,2012-11-01,5-021.66,5-021,SACRAMENTO VALLEY,SACRAMENTO VALLEY - SOLANO,43.574049,915411
PTJPL,2012-11-01,5-021.65,5-021,SACRAMENTO VALLEY,SACRAMENTO VALLEY - SOUTH AMERICAN,42.905189,231630
PTJPL,2012-11-01,5-021.61,5-021,SACRAMENTO VALLEY,SACRAMENTO VALLEY - SOUTH YUBA,39.061886,204391
PTJPL,2012-11-01,5-021.62,5-021,SACRAMENTO VALLEY,SACRAMENTO VALLEY - SUTTER,35.268354,600923
PTJPL,2012-11-01,5-021.57,5-021,SACRAMENTO VALLEY,SACRAMENTO VALLEY - VINA,42.572616,318781
PTJPL,2012-11-01,5-021.69,5-021,SACRAMENTO VALLEY,SACRAMENTO VALLEY - WYANDOTTE CREEK,31.65084,47219
PTJPL,2012-11-01,5-021.67,5-021,SACRAMENTO VALLEY,SACRAMENTO VALLEY - YOLO,36.297228,1389494
PTJPL,2012-11-01,3-004.01,3-004,SALINAS VALLEY,SALINAS VALLEY - 180/400 FOOT AQUIFER,38.785191,244957
PTJPL,2012-11-01,3-004.11,3-004,SALINAS VALLEY,SALINAS VALLEY - ATASCADERO AREA,29.601261,25543
PTJPL,2012-11-01,3-004.02,3-004,SALINAS VALLEY,SALINAS VALLEY - EAST SIDE AQUIFER,34.300155,155413
PTJPL,2012-11-01,3-004.04,3-004,SALINAS VALLEY,SALINAS VALLEY - FOREBAY AQUIFER,30.308808,261969
PTJPL,2012-11-01,3-004.09,3-004,SALINAS VALLEY,SALINAS VALLEY - LANGLEY AREA,34.830288,8373
PTJPL,2012-11-01,3-004.10,3-004,SALINAS VALLEY,SALINAS VALLEY - MONTEREY,42.996703,3033
PTJPL,2012-11-01,3-004.06,3-004,SALINAS VALLEY,SALINAS VALLEY - PASO ROBLES AREA,29.360891,338288
PTJPL,2012-11-01,3-004.08,3-004,SALINAS VALLEY,SALINAS VALLEY - SEASIDE,49.284493,1638
PTJPL,2012-11-01,3-004.05,3-004,SALINAS VALLEY,SALINAS VALLEY - UPPER VALLEY AQUIFER,27.57228,280148
PTJPL,2012-11-01,6-017,6-017,SALINE VALLEY,SALINE VALLEY,,0
PTJPL,2012-11-01,6-053,6-053,SALT WELLS VALLEY,SALT WELLS VALLEY,,0
PTJPL,2012-11-01,3-014,3-014,SAN ANTONIO CREEK VALLEY,SAN ANTONIO CREEK VALLEY,56.428442,62851
PTJPL,2012-11-01,3-028,3-028,SAN BENITO RIVER VALLEY,SAN BENITO RIVER VALLEY,23.780272,4187
PTJPL,2012-11-01,3-033,3-033,SAN CARPOFORO VALLEY,SAN CARPOFORO VALLEY,,0
PTJPL,2012-11-01,9-015,9-015,SAN DIEGO RIVER VALLEY,SAN DIEGO RIVER VALLEY,63.848112,1139
PTJPL,2012-11-01,9-012,9-012,SAN DIEGUITO CREEK,SAN DIEGUITO CREEK,76.724224,1610
PTJPL,2012-11-01,9-023,9-023,SAN ELIJO VALLEY,SAN ELIJO VALLEY,75.96,25
PTJPL,2012-11-01,7-027,7-027,SAN FELIPE VALLEY,SAN FELIPE VALLEY,19.040541,74
PTJPL,2012-11-01,4-012,4-012,SAN FERNANDO VALLEY,SAN FERNANDO VALLEY,49.789605,8427
PTJPL,2012-11-01,4-013,4-013,SAN GABRIEL VALLEY,SAN GABRIEL VALLEY,48.37715,9068
PTJPL,2012-11-01,2-024,2-024,SAN GREGORIO VALLEY,SAN GREGORIO VALLEY,46.485491,896
PTJPL,2012-11-01,8-005,8-005,SAN JACINTO,SAN JACINTO,43.074953,135419
PTJPL,2012-11-01,5-022.05,5-022,SAN JOAQUIN VALLEY,SAN JOAQUIN VALLEY - CHOWCHILLA,41.760432,472045
PTJPL,2012-11-01,5-022.16,5-022,SAN JOAQUIN VALLEY,SAN JOAQUIN VALLEY - COSUMNES,42.470215,249173
PTJPL,2012-11-01,5-022.07,5-022,SAN JOAQUIN VALLEY,SAN JOAQUIN VALLEY - DELTA-MENDOTA,41.405404,2027108
PTJPL,2012-11-01,5-022.19,5-022,SAN JOAQUIN VALLEY,SAN JOAQUIN VALLEY - EAST CONTRA COSTA,40.662705,153877
PTJPL,2012-11-01,5-022.01,5-022,SAN JOAQUIN VALLEY,SAN JOAQUIN VALLEY - EASTERN SAN JOAQUIN,39.227653,1839448
PTJPL,2012-11-01,5-022.11,5-022,SAN JOAQUIN VALLEY,SAN JOAQUIN VALLEY - KAWEAH,36.457967,1270100
PTJPL,2012-11-01,5-022.14,5-022,SAN JOAQUIN VALLEY,SAN JOAQUIN VALLEY - KERN COUNTY,43.660908,3563159
PTJPL,2012-11-01,5-022.17,5-022,SAN JOAQUIN VALLEY,SAN JOAQUIN VALLEY - KETTLEMAN PLAIN,33.155325,134666
PTJPL,2012-11-01,5-022.08,5-022,SAN JOAQUIN VALLEY,SAN JOAQUIN VALLEY - KINGS,45.546918,2731750
PTJPL,2012-11-01,5-022.06,5-022,SAN JOAQUIN VALLEY,SAN JOAQUIN VALLEY - MADERA,51.063341,905460
PTJPL,2012-11-01,5-022.04,5-022,SAN JOAQUIN VALLEY,SAN JOAQUIN VALLEY - MERCED,42.926273,1105073
PTJPL,2012-11-01,5-022.02,5-022,SAN JOAQUIN VALLEY,SAN JOAQUIN VALLEY - MODESTO,41.318131,556148
PTJPL,2012-11-01,5-022.10,5-022,SAN JOAQUIN VALLEY,SAN JOAQUIN VALLEY - PLEASANT VALLEY,33.466171,120709
PTJPL,2012-11-01,5-022.15,5-022,SAN JOAQUIN VALLEY,SAN JOAQUIN VALLEY - TRACY,42.27296,612838
PTJPL,2012-11-01,5-022.12,5-022,SAN JOAQUIN VALLEY,SAN JOAQUIN VALLEY - TULARE LAKE,49.58428,1425158
PTJPL,2012-11-01,5-022.13,5-022,SAN JOAQUIN VALLEY,SAN JOAQUIN VALLEY - TULE,38.772943,1362155
PTJPL,2012-11-01,5-022.03,5-022,SAN JOAQUIN VALLEY,SAN JOAQUIN VALLEY - TURLOCK,40.552157,1011153
PTJPL,2012-11-01,5-022.09,5-022,SAN JOAQUIN VALLEY,SAN JOAQUIN VALLEY - WESTSIDE,40.015405,2400492
PTJPL,2012-11-01,5-022.18,5-022,SAN JOAQUIN VALLEY,SAN JOAQUIN VALLEY - WHITE WOLF,42.696053,162545
PTJPL,2012-11-01,9-001,9-001,SAN JUAN VALLEY,SAN JUAN VALLEY,61.235035,2272
PTJPL,2012-11-01,3-009,3-009,SAN LUIS OBISPO VALLEY,SAN LUIS OBISPO VALLEY,42.559851,16683
PTJPL,2012-11-01,9-007.02,9-007,SAN LUIS REY VALLEY,SAN LUIS REY VALLEY - LOWER SAN LUIS REY VALLEY,65.153039,2764
PTJPL,2012-11-01,9-007.01,9-007,SAN LUIS REY VALLEY,SAN LUIS REY VALLEY - UPPER SAN LUIS REY VALLEY,64.325837,25568
PTJPL,2012-11-01,9-032,9-032,SAN MARCOS AREA,SAN MARCOS AREA,71.407407,27
PTJPL,2012-11-01,9-002,9-002,SAN MATEO VALLEY,SAN MATEO VALLEY,72.666667,9
PTJPL,2012-11-01,9-003,9-003,SAN ONOFRE VALLEY,SAN ONOFRE VALLEY,,0
PTJPL,2012-11-01,9-010,9-010,SAN PASQUAL VALLEY,SAN PASQUAL VALLEY,57.100403,7689
PTJPL,2012-11-01,2-036,2-036,SAN PEDRO VALLEY,SAN PEDRO VALLEY,49.333333,24
PTJPL,2012-11-01,2-029,2-029,SAN RAFAEL VALLEY,SAN RAFAEL VALLEY,,0
PTJPL,2012-11-01,2-007,2-007,SAN RAMON VALLEY,SAN RAMON VALLEY,47.558201,378
PTJPL,2012-11-01,3-035,3-035,SAN SIMEON VALLEY,SAN SIMEON VALLEY,41.810185,216
PTJPL,2012-11-01,2-027,2-027,SAND POINT AREA,SAND POINT AREA,35.557989,20090
PTJPL,2012-11-01,1-053,1-053,SANEL VALLEY,SANEL VALLEY,41.610913,11802
PTJPL,2012-11-01,3-022,3-022,SANTA ANA VALLEY,SANTA ANA VALLEY,20.034647,7158
PTJPL,2012-11-01,3-017,3-017,SANTA BARBARA,SANTA BARBARA,50.622084,643
PTJPL,2012-11-01,4-004.05,4-004,SANTA CLARA RIVER VALLEY,SANTA CLARA RIVER VALLEY - FILLMORE,55.163205,50121
PTJPL,2012-11-01,4-004.03,4-004,SANTA CLARA RIVER VALLEY,SANTA CLARA RIVER VALLEY - MOUND,52.036656,9439
PTJPL,2012-11-01,4-004.02,4-004,SANTA CLARA RIVER VALLEY,SANTA CLARA RIVER VALLEY - OXNARD,47.005432,106586
PTJPL,2012-11-01,4-004.06,4-004,SANTA CLARA RIVER VALLEY,SANTA CLARA RIVER VALLEY - PIRU,43.017943,23073
PTJPL,2012-11-01,4-004.07,4-004,SANTA CLARA RIVER VALLEY,SANTA CLARA RIVER VALLEY - SANTA CLARA RIVER VALLEY EAST,36.522065,6798
PTJPL,2012-11-01,4-004.04,4-004,SANTA CLARA RIVER VALLEY,SANTA CLARA RIVER VALLEY - SANTA PAULA,54.259253,40609
PTJPL,2012-11-01,2-009.04,2-009,SANTA CLARA VALLEY,SANTA CLARA VALLEY - EAST BAY PLAIN,17.5,2
PTJPL,2012-11-01,2-009.01,2-009,SANTA CLARA VALLEY,SANTA CLARA VALLEY - NILES CONE,27.959044,586
PTJPL,2012-11-01,2-009.03,2-009,SANTA CLARA VALLEY,SANTA CLARA VALLEY - SAN MATEO PLAIN,50.163043,184
PTJPL,2012-11-01,2-009.02,2-009,SANTA CLARA VALLEY,SANTA CLARA VALLEY - SANTA CLARA,38.089685,16335
PTJPL,2012-11-01,3-001,3-001,SANTA CRUZ MID-COUNTY,SANTA CRUZ MID-COUNTY,35.411422,2749
PTJPL,2012-11-01,3-027,3-027,SANTA MARGARITA,SANTA MARGARITA,34.362264,265
PTJPL,2012-11-01,9-004,9-004,SANTA MARGARITA VALLEY,SANTA MARGARITA VALLEY,,0
PTJPL,2012-11-01,3-012.02,3-012,SANTA MARIA RIVER VALLEY,SANTA MARIA RIVER VALLEY - ARROYO GRANDE,35.309262,6176
PTJPL,2012-11-01,3-012.01,3-012,SANTA MARIA RIVER VALLEY,SANTA MARIA RIVER VALLEY - SANTA MARIA,45.195636,261899
PTJPL,2012-11-01,9-011,9-011,SANTA MARIA VALLEY,SANTA MARIA VALLEY,48.049433,3176
PTJPL,2012-11-01,6-068,6-068,SANTA ROSA FLAT,SANTA ROSA FLAT,,0
PTJPL,2012-11-01,3-036,3-036,SANTA ROSA VALLEY,SANTA ROSA VALLEY,38.580904,2744
PTJPL,2012-11-01,1-055.02,1-055,SANTA ROSA VALLEY,SANTA ROSA VALLEY - HEALDSBURG AREA,39.572527,29913
PTJPL,2012-11-01,1-055.03,1-055,SANTA ROSA VALLEY,SANTA ROSA VALLEY - RINCON VALLEY,34.41136,581
PTJPL,2012-11-01,1-055.01,1-055,SANTA ROSA VALLEY,SANTA ROSA VALLEY - SANTA ROSA PLAIN,37.033266,80713
PTJPL,2012-11-01,3-015,3-015,SANTA YNEZ RIVER VALLEY,SANTA YNEZ RIVER VALLEY,53.493008,117850
PTJPL,2012-11-01,1-005,1-005,SCOTT RIVER VALLEY,SCOTT RIVER VALLEY,23.207368,86368
PTJPL,2012-11-01,5-014,5-014,SCOTTS VALLEY,SCOTTS VALLEY,39.675422,7043
PTJPL,2012-11-01,6-052,6-052,SEARLES VALLEY,SEARLES VALLEY,,0
PTJPL,2012-11-01,6-100,6-100,SECRET VALLEY,SECRET VALLEY,28.140318,12379
PTJPL,2012-11-01,1-016,1-016,SEIAD VALLEY,SEIAD VALLEY,25.638462,130
PTJPL,2012-11-01,8-008,8-008,SEVEN OAKS VALLEY,SEVEN OAKS VALLEY,,0
PTJPL,2012-11-01,1-004,1-004,SHASTA VALLEY,SHASTA VALLEY,27.612528,248235
PTJPL,2012-11-01,1-042,1-042,SHERWOOD VALLEY,SHERWOOD VALLEY,,0
PTJPL,2012-11-01,5-012.02,5-012,SIERRA VALLEY,SIERRA VALLEY - CHILCOOT,26.728792,5505
PTJPL,2012-11-01,5-012.01,5-012,SIERRA VALLEY,SIERRA VALLEY - SIERRA VALLEY,24.775229,213275
PTJPL,2012-11-01,6-034,6-034,SILVER LAKE VALLEY,SILVER LAKE VALLEY,,0
PTJPL,2012-11-01,4-009,4-009,SIMI VALLEY,SIMI VALLEY,48.047032,1297
PTJPL,2012-11-01,6-105,6-105,SLINKARD VALLEY,SLINKARD VALLEY,,0
PTJPL,2012-11-01,1-001,1-001,SMITH RIVER PLAIN,SMITH RIVER PLAIN,24.061878,12670
PTJPL,2012-11-01,6-033,6-033,SODA LAKE VALLEY,SODA LAKE VALLEY,,0
PTJPL,2012-11-01,2-037,2-037,SOUTH SAN FRANCISCO,SOUTH SAN FRANCISCO,,0
PTJPL,2012-11-01,6-082,6-082,SPRING CANYON VALLEY,SPRING CANYON VALLEY,,0
PTJPL,2012-11-01,5-089,5-089,SQUAW FLAT,SQUAW FLAT,,0
PTJPL,2012-11-01,5-088,5-088,STONY GORGE RESERVOIR,STONY GORGE RESERVOIR,26.431535,964
PTJPL,2012-11-01,5-063,5-063,STONYFORD TOWN AREA,STONYFORD TOWN AREA,21.937257,3857
PTJPL,2012-11-01,2-003,2-003,SUISUN-FAIRFIELD VALLEY,SUISUN-FAIRFIELD VALLEY,42.563537,91868
PTJPL,2012-11-01,2-011,2-011,SUNOL VALLEY,SUNOL VALLEY,34.472384,1376
PTJPL,2012-11-01,6-049,6-049,SUPERIOR VALLEY,SUPERIOR VALLEY,,0
PTJPL,2012-11-01,6-001,6-001,SURPRISE VALLEY,SURPRISE VALLEY,29.191972,221850
PTJPL,2012-11-01,6-107,6-107,SWEETWATER FLAT,SWEETWATER FLAT,27.558642,324
PTJPL,2012-11-01,6-005.03,6-005,TAHOE VALLEY,TAHOE VALLEY - TAHOE NORTH,32.252381,210
PTJPL,2012-11-01,6-005.01,6-005,TAHOE VALLEY,TAHOE VALLEY - TAHOE SOUTH,29.396026,755
PTJPL,2012-11-01,6-005.02,6-005,TAHOE VALLEY,TAHOE VALLEY - TAHOE WEST,29.023392,171
PTJPL,2012-11-01,6-045,6-045,TEHACHAPI VALLEY EAST,TEHACHAPI VALLEY EAST,18.090963,3397
PTJPL,2012-11-01,5-028,5-028,TEHACHAPI VALLEY WEST,TEHACHAPI VALLEY WEST,18.905656,4420
PTJPL,2012-11-01,9-005,9-005,TEMECULA VALLEY,TEMECULA VALLEY,50.655406,20514
PTJPL,2012-11-01,1-040,1-040,TEN MILE RIVER VALLEY,TEN MILE RIVER VALLEY,31.933014,209
PTJPL,2012-11-01,7-026,7-026,TERWILLIGER VALLEY,TERWILLIGER VALLEY,24.43787,169
PTJPL,2012-11-01,4-019,4-019,THOUSAND OAKS AREA,THOUSAND OAKS AREA,54.072727,385
PTJPL,2012-11-01,4-015,4-015,TIERRA REJADA,TIERRA REJADA,43.916034,4085
PTJPL,2012-11-01,5-037,5-037,TOAD WELL AREA,TOAD WELL AREA,,0
PTJPL,2012-11-01,3-040,3-040,TORO VALLEY,TORO VALLEY,48.772973,370
PTJPL,2012-11-01,6-098,6-098,TULEDAD CANYON VALLEY,TULEDAD CANYON VALLEY,21.983819,309
PTJPL,2012-11-01,7-010,7-010,TWENTYNINE PALMS VALLEY,TWENTYNINE PALMS VALLEY,30.899598,747
PTJPL,2012-11-01,1-052,1-052,UKIAH VALLEY,UKIAH VALLEY,41.388191,43476
PTJPL,2012-11-01,6-022,6-022,UPPER KINGSTON VALLEY,UPPER KINGSTON VALLEY,,0
PTJPL,2012-11-01,5-013,5-013,UPPER LAKE VALLEY,UPPER LAKE VALLEY,33.23518,12382
PTJPL,2012-11-01,6-042,6-042,UPPER MOJAVE RIVER VALLEY,UPPER MOJAVE RIVER VALLEY,35.837137,6748
PTJPL,2012-11-01,4-001,4-001,UPPER OJAI VALLEY,UPPER OJAI VALLEY,41.9068,3294
PTJPL,2012-11-01,3-023,3-023,UPPER SANTA ANA VALLEY,UPPER SANTA ANA VALLEY,21.428571,7
PTJPL,2012-11-01,8-002.05,8-002,UPPER SANTA ANA VALLEY,UPPER SANTA ANA VALLEY - CAJON,24.835294,170
PTJPL,2012-11-01,8-002.01,8-002,UPPER SANTA ANA VALLEY,UPPER SANTA ANA VALLEY - CHINO,43.665863,29440
PTJPL,2012-11-01,8-002.02,8-002,UPPER SANTA ANA VALLEY,UPPER SANTA ANA VALLEY - CUCAMONGA,49.291045,670
PTJPL,2012-11-01,8-002.04,8-002,UPPER SANTA ANA VALLEY,UPPER SANTA ANA VALLEY - RIALTO-COLTON,39.700718,1253
PTJPL,2012-11-01,8-002.03,8-002,UPPER SANTA ANA VALLEY,UPPER SANTA ANA VALLEY - RIVERSIDE-ARLINGTON,61.663516,13965
PTJPL,2012-11-01,8-002.06,8-002,UPPER SANTA ANA VALLEY,UPPER SANTA ANA VALLEY - SAN BERNARDINO,58.296875,15552
PTJPL,2012-11-01,8-002.08,8-002,UPPER SANTA ANA VALLEY,UPPER SANTA ANA VALLEY - SAN TIMOTEO,51.691236,4667
PTJPL,2012-11-01,8-002.09,8-002,UPPER SANTA ANA VALLEY,UPPER SANTA ANA VALLEY - TEMESCAL,62.700592,845
PTJPL,2012-11-01,8-002.07,8-002,UPPER SANTA ANA VALLEY,UPPER SANTA ANA VALLEY - YUCAIPA,47.087474,2858
PTJPL,2012-11-01,7-028,7-028,VALLECITO-CARRIZO VALLEY,VALLECITO-CARRIZO VALLEY,,0
PTJPL,2012-11-01,5-071,5-071,VALLECITOS CREEK VALLEY,VALLECITOS CREEK VALLEY,,0
PTJPL,2012-11-01,7-063,7-063,VANDEVENTER FLAT,VANDEVENTER FLAT,,0
PTJPL,2012-11-01,4-003.02,4-003,VENTURA RIVER VALLEY,VENTURA RIVER VALLEY - LOWER VENTURA RIVER,53.094297,1771
PTJPL,2012-11-01,4-003.01,4-003,VENTURA RIVER VALLEY,VENTURA RIVER VALLEY - UPPER VENTURA RIVER,51.144668,2288
PTJPL,2012-11-01,7-042,7-042,VIDAL VALLEY,VIDAL VALLEY,,0
PTJPL,2012-11-01,3-037,3-037,VILLA VALLEY,VILLA VALLEY,39.320843,854
PTJPL,2012-11-01,2-032,2-032,VISITACION VALLEY,VISITACION VALLEY,41.568,125
PTJPL,2012-11-01,5-026,5-026,WALKER BASIN CREEK VALLEY,WALKER BASIN CREEK VALLEY,18.788528,6119
PTJPL,2012-11-01,7-003,7-003,WARD VALLEY,WARD VALLEY,,0
PTJPL,2012-11-01,9-008,9-008,WARNER VALLEY,WARNER VALLEY,46.172012,343
PTJPL,2012-11-01,7-012,7-012,WARREN VALLEY,WARREN VALLEY,18.776812,345
PTJPL,2012-11-01,1-031,1-031,WEOTT TOWN AREA,WEOTT TOWN AREA,28.732057,418
PTJPL,2012-11-01,7-022,7-022,WEST SALTON SEA,WEST SALTON SEA,,0
PTJPL,2012-11-01,3-026,3-026,WEST SANTA CRUZ TERRACE,WEST SANTA CRUZ TERRACE,39.523694,823
PTJPL,2012-11-01,2-035,2-035,WESTSIDE,WESTSIDE,44.76297,2101
PTJPL,2012-11-01,6-073,6-073,WILD HORSE MESA AREA,WILD HORSE MESA AREA,,0
PTJPL,2012-11-01,6-075,6-075,WILDROSE CANYON,WILDROSE CANYON,,0
PTJPL,2012-11-01,1-043,1-043,WILLIAMS VALLEY,WILLIAMS VALLEY,29.142268,485
PTJPL,2012-11-01,6-003,6-003,WILLOW CREEK VALLEY,WILLOW CREEK VALLEY,31.990679,26392
PTJPL,2012-11-01,1-059,1-059,WILSON GROVE FORMATION HIGHLANDS,WILSON GROVE FORMATION HIGHLANDS,36.3988,70499
PTJPL,2012-11-01,1-062,1-062,WILSON POINT AREA,WILSON POINT AREA,27.777778,9
PTJPL,2012-11-01,6-019,6-019,WINGATE VALLEY,WINGATE VALLEY,,0
PTJPL,2012-11-01,7-056,7-056,YAQUI WELL AREA,YAQUI WELL AREA,,0
PTJPL,2012-11-01,5-056,5-056,YELLOW CREEK VALLEY,YELLOW CREEK VALLEY,,0
PTJPL,2012-11-01,2-006,2-006,YGNACIO VALLEY,YGNACIO VALLEY,44.142857,399
PTJPL,2012-11-01,5-069,5-069,YOSEMITE VALLEY,YOSEMITE VALLEY,,0
PTJPL,2012-11-01,7-036,7-036,YUMA VALLEY,YUMA VALLEY,44.635175,66610
