Model,Date,Basin_Subb,Basin_Numb,Basin_Name,Basin_Su_1,ET,Pixel_Count
PTJPL,2012-04-01,4-005,4-005,ACTON VALLEY,ACTON VALLEY,51.724551,668
PTJPL,2012-04-01,6-010,6-010,ADOBE LAKE VALLEY,ADOBE LAKE VALLEY,,0
PTJPL,2012-04-01,1-054.01,1-054,ALEXANDER VALLEY,ALEXANDER VALLEY - ALEXANDER AREA,84.887911,38291
PTJPL,2012-04-01,1-054.02,1-054,ALEXANDER VALLEY,ALEXANDER VALLEY - CLOVERDALE AREA,93.526402,7935
PTJPL,2012-04-01,5-002.01,5-002,ALTURAS AREA,ALTURAS AREA - SOUTH FORK PITT RIVER,69.461921,157856
PTJPL,2012-04-01,5-002.02,5-002,ALTURAS AREA,ALTURAS AREA - WARM SPRINGS VALLEY,70.503226,73303
PTJPL,2012-04-01,5-010,5-010,AMERICAN VALLEY,AMERICAN VALLEY,83.689152,9725
PTJPL,2012-04-01,7-016,7-016,AMES VALLEY,AMES VALLEY,,0
PTJPL,2012-04-01,7-034,7-034,AMOS VALLEY,AMOS VALLEY,,0
PTJPL,2012-04-01,1-019,1-019,ANDERSON VALLEY,ANDERSON VALLEY,99.636082,5809
PTJPL,2012-04-01,1-049,1-049,ANNAPOLIS OHLSON RANCH FORMATION HIGHLANDS,ANNAPOLIS OHLSON RANCH FORMATION HIGHLANDS,99.373509,2348
PTJPL,2012-04-01,5-091,5-091,ANTELOPE CREEK,ANTELOPE CREEK,103.153271,1605
PTJPL,2012-04-01,6-044,6-044,ANTELOPE VALLEY,ANTELOPE VALLEY,80.234887,137832
PTJPL,2012-04-01,6-007,6-007,ANTELOPE VALLEY,ANTELOPE VALLEY,54.795185,46520
PTJPL,2012-04-01,3-034,3-034,ARROYO DE LA CRUZ VALLEY,ARROYO DE LA CRUZ VALLEY,102.074656,509
PTJPL,2012-04-01,2-031,2-031,ARROYO DEL HAMBRE VALLEY,ARROYO DEL HAMBRE VALLEY,,0
PTJPL,2012-04-01,4-007,4-007,ARROYO SANTA ROSA VALLEY,ARROYO SANTA ROSA VALLEY,70.827065,7870
PTJPL,2012-04-01,7-037,7-037,ARROYO SECO VALLEY,ARROYO SECO VALLEY,,0
PTJPL,2012-04-01,5-054,5-054,ASH VALLEY,ASH VALLEY,65.844482,11137
PTJPL,2012-04-01,6-026,6-026,AVAWATZ VALLEY,AVAWATZ VALLEY,,0
PTJPL,2012-04-01,3-020,3-020,A�O NUEVO AREA,A�O NUEVO AREA,60.972296,1877
PTJPL,2012-04-01,9-022,9-022,BATIQUITOS LAGOON VALLEY,BATIQUITOS LAGOON VALLEY,84.68595,605
PTJPL,2012-04-01,8-009,8-009,BEAR VALLEY,BEAR VALLEY,64.397196,214
PTJPL,2012-04-01,5-064,5-064,BEAR VALLEY,BEAR VALLEY,97.258824,510
PTJPL,2012-04-01,5-020,5-020,BERRYESSA VALLEY,BERRYESSA VALLEY,,0
PTJPL,2012-04-01,7-015,7-015,BESSEMER VALLEY,BESSEMER VALLEY,,0
PTJPL,2012-04-01,6-025,6-025,BICYCLE VALLEY,BICYCLE VALLEY,,0
PTJPL,2012-04-01,1-027,1-027,BIG LAGOON AREA,BIG LAGOON AREA,124.307692,39
PTJPL,2012-04-01,8-007,8-007,BIG MEADOWS VALLEY,BIG MEADOWS VALLEY,,0
PTJPL,2012-04-01,1-045,1-045,BIG RIVER VALLEY,BIG RIVER VALLEY,,0
PTJPL,2012-04-01,3-047,3-047,BIG SPRING AREA,BIG SPRING AREA,58.852941,918
PTJPL,2012-04-01,5-015,5-015,BIG VALLEY,BIG VALLEY,94.430553,33745
PTJPL,2012-04-01,5-004,5-004,BIG VALLEY,BIG VALLEY,71.97133,161595
PTJPL,2012-04-01,3-030,3-030,BITTER WATER VALLEY,BITTER WATER VALLEY,60.313663,7575
PTJPL,2012-04-01,6-013,6-013,BLACK SPRINGS VALLEY,BLACK SPRINGS VALLEY,,0
PTJPL,2012-04-01,5-092,5-092,BLANCHARD VALLEY,BLANCHARD VALLEY,95.293805,1130
PTJPL,2012-04-01,1-057,1-057,BODEGA BAY AREA,BODEGA BAY AREA,98.327103,107
PTJPL,2012-04-01,7-024.01,7-024,BORREGO VALLEY,BORREGO VALLEY - BORREGO SPRINGS,69.325385,17321
PTJPL,2012-04-01,7-024.02,7-024,BORREGO VALLEY,BORREGO VALLEY - OCOTILLO WELLS,57.272727,11
PTJPL,2012-04-01,1-039,1-039,BRANSCOMB TOWN AREA,BRANSCOMB TOWN AREA,,0
PTJPL,2012-04-01,1-017,1-017,BRAY TOWN AREA,BRAY TOWN AREA,87.892562,3993
PTJPL,2012-04-01,6-008,6-008,BRIDGEPORT VALLEY,BRIDGEPORT VALLEY,33.608791,68590
PTJPL,2012-04-01,7-008,7-008,BRISTOL VALLEY,BRISTOL VALLEY,25.878815,7963
PTJPL,2012-04-01,5-080,5-080,BRITE VALLEY,BRITE VALLEY,93.206193,1324
PTJPL,2012-04-01,6-032,6-032,BROADWELL VALLEY,BROADWELL VALLEY,,0
PTJPL,2012-04-01,6-076,6-076,BROWN MOUNTAIN VALLEY,BROWN MOUNTAIN VALLEY,,0
PTJPL,2012-04-01,7-054,7-054,BUCK RIDGE FAULT VALLEY,BUCK RIDGE FAULT VALLEY,,0
PTJPL,2012-04-01,6-101,6-101,BULL FLAT,BULL FLAT,50.020833,48
PTJPL,2012-04-01,5-048,5-048,BURNEY CREEK VALLEY,BURNEY CREEK VALLEY,88.652364,6852
PTJPL,2012-04-01,5-017,5-017,BURNS VALLEY,BURNS VALLEY,79.423875,1734
PTJPL,2012-04-01,5-051,5-051,BUTTE CREEK VALLEY,BUTTE CREEK VALLEY,,0
PTJPL,2012-04-01,1-003,1-003,BUTTE VALLEY,BUTTE VALLEY,91.373691,128692
PTJPL,2012-04-01,6-081,6-081,BUTTE VALLEY,BUTTE VALLEY,,0
PTJPL,2012-04-01,6-070,6-070,CACTUS FLAT,CACTUS FLAT,,0
PTJPL,2012-04-01,7-007,7-007,CADIZ VALLEY,CADIZ VALLEY,,0
PTJPL,2012-04-01,6-090,6-090,CADY FAULT AREA,CADY FAULT AREA,,0
PTJPL,2012-04-01,9-006,9-006,CAHUILLA VALLEY,CAHUILLA VALLEY,56.8144,6250
PTJPL,2012-04-01,6-079,6-079,CALIFORNIA VALLEY,CALIFORNIA VALLEY,,0
PTJPL,2012-04-01,7-041,7-041,CALZONA VALLEY,CALZONA VALLEY,,0
PTJPL,2012-04-01,6-061,6-061,CAMEO AREA,CAMEO AREA,,0
PTJPL,2012-04-01,9-028,9-028,CAMPO VALLEY,CAMPO VALLEY,74.198413,126
PTJPL,2012-04-01,7-046,7-046,CANEBRAKE VALLEY,CANEBRAKE VALLEY,,0
PTJPL,2012-04-01,3-007,3-007,CARMEL VALLEY,CARMEL VALLEY,85.897036,1282
PTJPL,2012-04-01,3-018,3-018,CARPINTERIA,CARPINTERIA,64.811205,11531
PTJPL,2012-04-01,3-019,3-019,CARRIZO PLAIN,CARRIZO PLAIN,57.025244,22738
PTJPL,2012-04-01,6-006,6-006,CARSON VALLEY,CARSON VALLEY,79.642764,9190
PTJPL,2012-04-01,5-029,5-029,CASTAC LAKE VALLEY,CASTAC LAKE VALLEY,95.951537,846
PTJPL,2012-04-01,2-008,2-008,CASTRO VALLEY,CASTRO VALLEY,,0
PTJPL,2012-04-01,6-038,6-038,CAVES CANYON VALLEY,CAVES CANYON VALLEY,,0
PTJPL,2012-04-01,5-045,5-045,CAYTON VALLEY,CAYTON VALLEY,102.457176,4250
PTJPL,2012-04-01,3-038,3-038,CAYUCOS VALLEY,CAYUCOS VALLEY,,0
PTJPL,2012-04-01,7-043,7-043,CHEMEHUEVI VALLEY,CHEMEHUEVI VALLEY,,0
PTJPL,2012-04-01,7-032,7-032,CHOCOLATE VALLEY,CHOCOLATE VALLEY,6.626866,67
PTJPL,2012-04-01,3-005,3-005,CHOLAME VALLEY,CHOLAME VALLEY,99.872121,16977
PTJPL,2012-04-01,3-042,3-042,CHORRO VALLEY,CHORRO VALLEY,115.083333,120
PTJPL,2012-04-01,5-061,5-061,CHROME TOWN AREA,CHROME TOWN AREA,83.671233,511
PTJPL,2012-04-01,7-005,7-005,CHUCKWALLA VALLEY,CHUCKWALLA VALLEY,42.227194,4604
PTJPL,2012-04-01,2-005,2-005,CLAYTON VALLEY,CLAYTON VALLEY,99.705521,652
PTJPL,2012-04-01,5-066,5-066,CLEAR LAKE CACHE FORMATION,CLEAR LAKE CACHE FORMATION,86.104255,940
PTJPL,2012-04-01,5-058,5-058,CLOVER VALLEY,CLOVER VALLEY,55.829349,1213
PTJPL,2012-04-01,7-021.03,7-021,COACHELLA VALLEY,COACHELLA VALLEY - DESERT HOT SPRINGS,75.793955,2713
PTJPL,2012-04-01,7-021.01,7-021,COACHELLA VALLEY,COACHELLA VALLEY - INDIO,80.197505,293739
PTJPL,2012-04-01,7-021.02,7-021,COACHELLA VALLEY,COACHELLA VALLEY - MISSION CREEK,79.521472,978
PTJPL,2012-04-01,7-021.04,7-021,COACHELLA VALLEY,COACHELLA VALLEY - SAN GORGONIO PASS,74.911175,349
PTJPL,2012-04-01,4-011.04,4-011,COASTAL PLAIN OF LOS ANGELES,COASTAL PLAIN OF LOS ANGELES - CENTRAL,101.481284,6198
PTJPL,2012-04-01,4-011.02,4-011,COASTAL PLAIN OF LOS ANGELES,COASTAL PLAIN OF LOS ANGELES - HOLLYWOOD,92.529412,323
PTJPL,2012-04-01,4-011.01,4-011,COASTAL PLAIN OF LOS ANGELES,COASTAL PLAIN OF LOS ANGELES - SANTA MONICA,86.20473,4186
PTJPL,2012-04-01,4-011.03,4-011,COASTAL PLAIN OF LOS ANGELES,COASTAL PLAIN OF LOS ANGELES - WEST COAST,93.155599,3554
PTJPL,2012-04-01,8-001,8-001,COASTAL PLAIN OF ORANGE COUNTY,COASTAL PLAIN OF ORANGE COUNTY,85.348535,22322
PTJPL,2012-04-01,9-033,9-033,COASTAL PLAIN OF SAN DIEGO,COASTAL PLAIN OF SAN DIEGO,73.52144,3195
PTJPL,2012-04-01,6-072,6-072,COLES FLAT,COLES FLAT,,0
PTJPL,2012-04-01,5-019,5-019,COLLAYOMI VALLEY,COLLAYOMI VALLEY,86.00156,3845
PTJPL,2012-04-01,7-055,7-055,COLLINS VALLEY,COLLINS VALLEY,,0
PTJPL,2012-04-01,4-010,4-010,CONEJO,CONEJO,91.845382,498
PTJPL,2012-04-01,7-011,7-011,COPPER MOUNTAIN VALLEY,COPPER MOUNTAIN VALLEY,,0
PTJPL,2012-04-01,3-002.01,3-002,CORRALITOS,CORRALITOS - PAJARO VALLEY,74.112623,109178
PTJPL,2012-04-01,3-002.02,3-002,CORRALITOS,CORRALITOS - PURISIMA HIGHLANDS,79.648707,464
PTJPL,2012-04-01,6-055,6-055,COSO VALLEY,COSO VALLEY,,0
PTJPL,2012-04-01,1-037,1-037,COTTONEVA CREEK VALLEY,COTTONEVA CREEK VALLEY,,0
PTJPL,2012-04-01,9-027,9-027,COTTONWOOD VALLEY,COTTONWOOD VALLEY,58.328571,70
PTJPL,2012-04-01,1-011,1-011,COVELO ROUND VALLEY,COVELO ROUND VALLEY,113.023724,32963
PTJPL,2012-04-01,6-091,6-091,COW HEAD LAKE VALLEY,COW HEAD LAKE VALLEY,51.455971,11413
PTJPL,2012-04-01,6-037,6-037,COYOTE LAKE VALLEY,COYOTE LAKE VALLEY,28.945473,972
PTJPL,2012-04-01,5-018,5-018,COYOTE VALLEY,COYOTE VALLEY,85.467095,6534
PTJPL,2012-04-01,7-029,7-029,COYOTE WELLS VALLEY,COYOTE WELLS VALLEY,5.8,80
PTJPL,2012-04-01,6-035,6-035,CRONISE VALLEY,CRONISE VALLEY,,0
PTJPL,2012-04-01,6-050,6-050,CUDDEBACK VALLEY,CUDDEBACK VALLEY,,0
PTJPL,2012-04-01,5-082,5-082,CUDDY CANYON VALLEY,CUDDY CANYON VALLEY,,0
PTJPL,2012-04-01,5-083,5-083,CUDDY RANCH AREA,CUDDY RANCH AREA,,0
PTJPL,2012-04-01,5-084,5-084,CUDDY VALLEY,CUDDY VALLEY,56.9375,16
PTJPL,2012-04-01,5-027,5-027,CUMMINGS VALLEY,CUMMINGS VALLEY,69.559479,11357
PTJPL,2012-04-01,3-013,3-013,CUYAMA VALLEY,CUYAMA VALLEY,42.606941,153402
PTJPL,2012-04-01,7-009,7-009,DALE VALLEY,DALE VALLEY,4.282895,152
PTJPL,2012-04-01,6-057,6-057,DARWIN VALLEY,DARWIN VALLEY,,0
PTJPL,2012-04-01,7-061,7-061,DAVIES VALLEY,DAVIES VALLEY,,0
PTJPL,2012-04-01,7-013.01,7-013,DEADMAN VALLEY,DEADMAN VALLEY - DEADMAN LAKE,,0
PTJPL,2012-04-01,7-013.02,7-013,DEADMAN VALLEY,DEADMAN VALLEY - SURPRISE SPRING,,0
PTJPL,2012-04-01,6-018,6-018,DEATH VALLEY,DEATH VALLEY,3.777778,18
PTJPL,2012-04-01,6-015,6-015,DEEP SPRINGS VALLEY,DEEP SPRINGS VALLEY,55.059843,635
PTJPL,2012-04-01,6-078,6-078,DENNING SPRING VALLEY,DENNING SPRING VALLEY,,0
PTJPL,2012-04-01,1-034,1-034,DINSMORES TOWN AREA,DINSMORES TOWN AREA,90.653846,52
PTJPL,2012-04-01,5-053,5-053,DIXIE VALLEY,DIXIE VALLEY,80.044283,11449
PTJPL,2012-04-01,2-040,2-040,DOWNTOWN,DOWNTOWN,,0
PTJPL,2012-04-01,5-049,5-049,DRY BURNEY CREEK VALLEY,DRY BURNEY CREEK VALLEY,,0
PTJPL,2012-04-01,3-029,3-029,DRY LAKE VALLEY,DRY LAKE VALLEY,103.624074,540
PTJPL,2012-04-01,6-095,6-095,DRY VALLEY,DRY VALLEY,,0
PTJPL,2012-04-01,6-096,6-096,EAGLE LAKE AREA,EAGLE LAKE AREA,,0
PTJPL,2012-04-01,7-033,7-033,EAST SALTON SEA,EAST SALTON SEA,66.224057,40262
PTJPL,2012-04-01,1-044,1-044,EDEN VALLEY,EDEN VALLEY,92.110036,1654
PTJPL,2012-04-01,1-010,1-010,EEL RIVER VALLEY,EEL RIVER VALLEY,96.72048,108139
PTJPL,2012-04-01,5-041,5-041,EGG LAKE VALLEY,EGG LAKE VALLEY,,0
PTJPL,2012-04-01,9-016,9-016,EL CAJON VALLEY,EL CAJON VALLEY,48.652174,23
PTJPL,2012-04-01,6-043,6-043,EL MIRAGE VALLEY,EL MIRAGE VALLEY,69.290492,3050
PTJPL,2012-04-01,5-062,5-062,ELK CREEK AREA,ELK CREEK AREA,96.51049,143
PTJPL,2012-04-01,8-004.02,8-004,ELSINORE,ELSINORE - BEDFORD-COLDWATER,86.29852,1149
PTJPL,2012-04-01,8-004.01,8-004,ELSINORE,ELSINORE - ELSINORE VALLEY,63.304762,105
PTJPL,2012-04-01,9-009,9-009,ESCONDIDO VALLEY,ESCONDIDO VALLEY,57.705882,34
PTJPL,2012-04-01,1-009,1-009,EUREKA PLAIN,EUREKA PLAIN,103.932576,19103
PTJPL,2012-04-01,6-016,6-016,EUREKA VALLEY,EUREKA VALLEY,,0
PTJPL,2012-04-01,1-022,1-022,FAIRCHILD SWAMP VALLEY,FAIRCHILD SWAMP VALLEY,,0
PTJPL,2012-04-01,5-005,5-005,FALL RIVER VALLEY,FALL RIVER VALLEY,85.97512,134042
PTJPL,2012-04-01,7-002,7-002,FENNER VALLEY,FENNER VALLEY,,0
PTJPL,2012-04-01,6-014,6-014,FISH LAKE VALLEY,FISH LAKE VALLEY,70.911855,14340
PTJPL,2012-04-01,3-053,3-053,FOOTHILL,FOOTHILL,73.571429,35
PTJPL,2012-04-01,1-021,1-021,FORT BRAGG TERRACE AREA,FORT BRAGG TERRACE AREA,87.165445,8184
PTJPL,2012-04-01,1-061,1-061,FORT ROSS TERRACE DEPOSITS,FORT ROSS TERRACE DEPOSITS,100.30306,1013
PTJPL,2012-04-01,6-046,6-046,FREMONT VALLEY,FREMONT VALLEY,41.68394,1949
PTJPL,2012-04-01,5-090,5-090,FUNKS CREEK,FUNKS CREEK,103.311165,3278
PTJPL,2012-04-01,1-032,1-032,GARBERVILLE TOWN AREA,GARBERVILLE TOWN AREA,78.262181,431
PTJPL,2012-04-01,1-020,1-020,GARCIA RIVER VALLEY,GARCIA RIVER VALLEY,86.481802,2308
PTJPL,2012-04-01,3-003.01,3-003,GILROY-HOLLISTER VALLEY,GILROY-HOLLISTER VALLEY - LLAGAS AREA,79.170806,76695
PTJPL,2012-04-01,3-003.05,3-003,GILROY-HOLLISTER VALLEY,GILROY-HOLLISTER VALLEY - NORTH SAN BENITO,87.80244,195075
PTJPL,2012-04-01,6-085,6-085,GOLD VALLEY,GOLD VALLEY,,0
PTJPL,2012-04-01,6-048,6-048,GOLDSTONE VALLEY,GOLDSTONE VALLEY,,0
PTJPL,2012-04-01,3-016,3-016,GOLETA,GOLETA,67.369847,3323
PTJPL,2012-04-01,5-001.02,5-001,GOOSE LAKE,GOOSE LAKE - FANDANGO VALLEY,63.077392,23271
PTJPL,2012-04-01,5-001.01,5-001,GOOSE LAKE,GOOSE LAKE - GOOSE VALLEY,58.331453,46088
PTJPL,2012-04-01,5-047,5-047,GOOSE VALLEY,GOOSE VALLEY,101.388411,15463
PTJPL,2012-04-01,6-077,6-077,GRASS VALLEY,GRASS VALLEY,,0
PTJPL,2012-04-01,6-094,6-094,GRASSHOPPER VALLEY,GRASSHOPPER VALLEY,53.238242,3253
PTJPL,2012-04-01,1-048,1-048,GRAVELLY VALLEY,GRAVELLY VALLEY,,0
PTJPL,2012-04-01,5-052,5-052,GRAYS VALLEY,GRAYS VALLEY,,0
PTJPL,2012-04-01,6-084,6-084,GREENWATER VALLEY,GREENWATER VALLEY,,0
PTJPL,2012-04-01,5-059,5-059,GRIZZLY VALLEY,GRIZZLY VALLEY,,0
PTJPL,2012-04-01,2-022,2-022,HALF MOON BAY TERRACE,HALF MOON BAY TERRACE,74.485881,8889
PTJPL,2012-04-01,1-015,1-015,HAPPY CAMP TOWN AREA,HAPPY CAMP TOWN AREA,113.556701,97
PTJPL,2012-04-01,6-047,6-047,HARPER VALLEY,HARPER VALLEY,50.656416,5658
PTJPL,2012-04-01,6-074,6-074,HARRISBURG FLATS,HARRISBURG FLATS,,0
PTJPL,2012-04-01,6-093,6-093,HARVEY VALLEY,HARVEY VALLEY,,0
PTJPL,2012-04-01,1-006,1-006,HAYFORK VALLEY,HAYFORK VALLEY,92.265732,2638
PTJPL,2012-04-01,7-048,7-048,HELENDALE FAULT VALLEY,HELENDALE FAULT VALLEY,,0
PTJPL,2012-04-01,8-006,8-006,HEMET LAKE VALLEY,HEMET LAKE VALLEY,,0
PTJPL,2012-04-01,3-031,3-031,HERNANDEZ VALLEY,HERNANDEZ VALLEY,78.267352,389
PTJPL,2012-04-01,1-036,1-036,HETTENSHAW VALLEY,HETTENSHAW VALLEY,91.053763,1674
PTJPL,2012-04-01,7-053,7-053,HEXIE MOUNTAIN AREA,HEXIE MOUNTAIN AREA,,0
PTJPL,2012-04-01,6-063,6-063,HIDDEN VALLEY,HIDDEN VALLEY,,0
PTJPL,2012-04-01,4-016,4-016,HIDDEN VALLEY,HIDDEN VALLEY,90.71038,3767
PTJPL,2012-04-01,5-016,5-016,HIGH VALLEY,HIGH VALLEY,86.992449,2781
PTJPL,2012-04-01,6-004,6-004,HONEY LAKE VALLEY,HONEY LAKE VALLEY,66.761527,180142
PTJPL,2012-04-01,1-029,1-029,HONEYDEW TOWN AREA,HONEYDEW TOWN AREA,97.164444,900
PTJPL,2012-04-01,1-007,1-007,HOOPA VALLEY,HOOPA VALLEY,109.531884,690
PTJPL,2012-04-01,6-097,6-097,HORSE LAKE VALLEY,HORSE LAKE VALLEY,73.481574,3989
PTJPL,2012-04-01,5-040,5-040,HOT SPRINGS VALLEY,HOT SPRINGS VALLEY,80.885181,3266
PTJPL,2012-04-01,3-045,3-045,HUASNA VALLEY,HUASNA VALLEY,96.78372,3366
PTJPL,2012-04-01,5-060,5-060,HUMBUG VALLEY,HUMBUG VALLEY,71.496901,968
PTJPL,2012-04-01,4-018,4-018,HUNGRY VALLEY,HUNGRY VALLEY,,0
PTJPL,2012-04-01,1-035,1-035,HYAMPOM VALLEY,HYAMPOM VALLEY,97.5,354
PTJPL,2012-04-01,7-030,7-030,IMPERIAL VALLEY,IMPERIAL VALLEY,129.470527,1787557
PTJPL,2012-04-01,5-009,5-009,INDIAN VALLEY,INDIAN VALLEY,86.477025,41501
PTJPL,2012-04-01,6-054,6-054,INDIAN WELLS VALLEY,INDIAN WELLS VALLEY,62.003831,14616
PTJPL,2012-04-01,7-050,7-050,IRON RIDGE AREA,IRON RIDGE AREA,,0
PTJPL,2012-04-01,2-033,2-033,ISLAIS VALLEY,ISLAIS VALLEY,,0
PTJPL,2012-04-01,6-030,6-030,IVANPAH VALLEY,IVANPAH VALLEY,67.559913,918
PTJPL,2012-04-01,7-047,7-047,JACUMBA VALLEY,JACUMBA VALLEY,,0
PTJPL,2012-04-01,5-003,5-003,JESS VALLEY,JESS VALLEY,69.805124,15574
PTJPL,2012-04-01,7-018.01,7-018,JOHNSON VALLEY,JOHNSON VALLEY - SOGGY LAKE,0.466667,60
PTJPL,2012-04-01,7-018.02,7-018,JOHNSON VALLEY,JOHNSON VALLEY - UPPER JOHNSON VALLEY,,0
PTJPL,2012-04-01,5-086,5-086,JOSEPH CREEK,JOSEPH CREEK,67.301366,3806
PTJPL,2012-04-01,7-062,7-062,JOSHUA TREE,JOSHUA TREE,,0
PTJPL,2012-04-01,6-089,6-089,KANE WASH AREA,KANE WASH AREA,,0
PTJPL,2012-04-01,6-069,6-069,KELSO LANDER VALLEY,KELSO LANDER VALLEY,,0
PTJPL,2012-04-01,6-031,6-031,KELSO VALLEY,KELSO VALLEY,,0
PTJPL,2012-04-01,2-019,2-019,KENWOOD VALLEY,KENWOOD VALLEY,86.081777,5674
PTJPL,2012-04-01,5-025,5-025,KERN RIVER VALLEY,KERN RIVER VALLEY,92.855475,15077
PTJPL,2012-04-01,1-002.02,1-002,KLAMATH RIVER VALLEY,KLAMATH RIVER VALLEY - LOWER KLAMATH,79.482881,93261
PTJPL,2012-04-01,1-002.01,1-002,KLAMATH RIVER VALLEY,KLAMATH RIVER VALLEY - TULELAKE,64.260868,296556
PTJPL,2012-04-01,1-050,1-050,KNIGHTS VALLEY,KNIGHTS VALLEY,81.52991,7322
PTJPL,2012-04-01,5-007,5-007,LAKE ALMANOR VALLEY,LAKE ALMANOR VALLEY,50.696912,2623
PTJPL,2012-04-01,5-046,5-046,LAKE BRITTON AREA,LAKE BRITTON AREA,86.666667,441
PTJPL,2012-04-01,7-001,7-001,LANFAIR VALLEY,LANFAIR VALLEY,,0
PTJPL,2012-04-01,6-036.02,6-036,LANGFORD VALLEY,LANGFORD VALLEY - IRWIN,,0
PTJPL,2012-04-01,6-036.01,6-036,LANGFORD VALLEY,LANGFORD VALLEY - LANGFORD WELL LAKE,,0
PTJPL,2012-04-01,1-033,1-033,LARABEE VALLEY,LARABEE VALLEY,86.407186,167
PTJPL,2012-04-01,4-008,4-008,LAS POSAS VALLEY,LAS POSAS VALLEY,75.004337,90626
PTJPL,2012-04-01,5-057,5-057,LAST CHANCE CREEK VALLEY,LAST CHANCE CREEK VALLEY,,0
PTJPL,2012-04-01,7-014,7-014,LAVIC VALLEY,LAVIC VALLEY,,0
PTJPL,2012-04-01,1-012,1-012,LAYTONVILLE VALLEY,LAYTONVILLE VALLEY,87.876978,4170
PTJPL,2012-04-01,6-027,6-027,LEACH VALLEY,LEACH VALLEY,,0
PTJPL,2012-04-01,6-066,6-066,LEE FLAT,LEE FLAT,,0
PTJPL,2012-04-01,6-106,6-106,LITTLE ANTELOPE VALLEY,LITTLE ANTELOPE VALLEY,39.215556,1800
PTJPL,2012-04-01,5-065,5-065,LITTLE INDIAN VALLEY,LITTLE INDIAN VALLEY,94.444444,18
PTJPL,2012-04-01,1-013,1-013,LITTLE LAKE VALLEY,LITTLE LAKE VALLEY,87.500873,14884
PTJPL,2012-04-01,1-041,1-041,LITTLE VALLEY,LITTLE VALLEY,92.19076,671
PTJPL,2012-04-01,2-010,2-010,LIVERMORE VALLEY,LIVERMORE VALLEY,87.342123,31363
PTJPL,2012-04-01,2-038,2-038,LOBOS,LOBOS,96.332436,743
PTJPL,2012-04-01,3-006,3-006,LOCKWOOD VALLEY,LOCKWOOD VALLEY,107.956849,22966
PTJPL,2012-04-01,4-017,4-017,LOCKWOOD VALLEY,LOCKWOOD VALLEY,37.466667,120
PTJPL,2012-04-01,6-011,6-011,LONG VALLEY,LONG VALLEY,38.447704,27067
PTJPL,2012-04-01,5-044,5-044,LONG VALLEY,LONG VALLEY,,0
PTJPL,2012-04-01,6-104,6-104,LONG VALLEY,LONG VALLEY,66.075419,6391
PTJPL,2012-04-01,5-031,5-031,LONG VALLEY,LONG VALLEY,87.642883,2719
PTJPL,2012-04-01,5-070,5-070,LOS BANOS CREEK VALLEY,LOS BANOS CREEK VALLEY,,0
PTJPL,2012-04-01,3-008.01,3-008,LOS OSOS VALLEY,LOS OSOS VALLEY - LOS OSOS AREA,119.175221,565
PTJPL,2012-04-01,3-008.02,3-008,LOS OSOS VALLEY,LOS OSOS VALLEY - WARDEN CREEK,118.822491,3059
PTJPL,2012-04-01,7-051,7-051,LOST HORSE VALLEY,LOST HORSE VALLEY,,0
PTJPL,2012-04-01,6-071,6-071,LOST LAKE VALLEY,LOST LAKE VALLEY,,0
PTJPL,2012-04-01,6-021,6-021,LOWER KINGSTON VALLEY,LOWER KINGSTON VALLEY,,0
PTJPL,2012-04-01,1-014,1-014,LOWER KLAMATH RIVER VALLEY,LOWER KLAMATH RIVER VALLEY,97.657205,1374
PTJPL,2012-04-01,5-030,5-030,LOWER LAKE VALLEY,LOWER LAKE VALLEY,86.393701,635
PTJPL,2012-04-01,1-038,1-038,LOWER LAYTONVILLE VALLEY,LOWER LAYTONVILLE VALLEY,92.727513,378
PTJPL,2012-04-01,6-040,6-040,LOWER MOJAVE RIVER VALLEY,LOWER MOJAVE RIVER VALLEY,105.618014,17375
PTJPL,2012-04-01,1-060,1-060,LOWER RUSSIAN RIVER VALLEY,LOWER RUSSIAN RIVER VALLEY,88.759439,5138
PTJPL,2012-04-01,7-019,7-019,LUCERNE VALLEY,LUCERNE VALLEY,27.643746,9962
PTJPL,2012-04-01,1-008.02,1-008,MAD RIVER VALLEY,MAD RIVER VALLEY - DOWS PRAIRIE SCHOOL AREA,102.109763,5439
PTJPL,2012-04-01,1-008.01,1-008,MAD RIVER VALLEY,MAD RIVER VALLEY - MAD RIVER LOWLAND,103.479318,24514
PTJPL,2012-04-01,6-002,6-002,MADELINE PLAINS,MADELINE PLAINS,41.66074,96177
PTJPL,2012-04-01,3-051,3-051,MAJORS CREEK,MAJORS CREEK,76.802436,739
PTJPL,2012-04-01,4-022,4-022,MALIBU VALLEY,MALIBU VALLEY,79.15,40
PTJPL,2012-04-01,6-064,6-064,MARBLE CANYON AREA,MARBLE CANYON AREA,,0
PTJPL,2012-04-01,2-039,2-039,MARINA,MARINA,,0
PTJPL,2012-04-01,6-067,6-067,MARTIS VALLEY,MARTIS VALLEY,76.58375,3397
PTJPL,2012-04-01,7-059,7-059,MASON VALLEY,MASON VALLEY,,0
PTJPL,2012-04-01,1-028,1-028,MATTOLE RIVER VALLEY,MATTOLE RIVER VALLEY,94.949798,2470
PTJPL,2012-04-01,5-035,5-035,MCCLOUD AREA,MCCLOUD AREA,90.662577,163
PTJPL,2012-04-01,5-095,5-095,MEADOW VALLEY,MEADOW VALLEY,75.355713,849
PTJPL,2012-04-01,7-017,7-017,MEANS VALLEY,MEANS VALLEY,3.119048,42
PTJPL,2012-04-01,6-029,6-029,MESQUITE VALLEY,MESQUITE VALLEY,100.99459,9058
PTJPL,2012-04-01,6-020,6-020,MIDDLE AMARGOSA VALLEY,MIDDLE AMARGOSA VALLEY,66.146789,109
PTJPL,2012-04-01,5-094,5-094,MIDDLE CREEK,MIDDLE CREEK,84.755725,131
PTJPL,2012-04-01,5-087,5-087,MIDDLE FORK FEATHER RIVER,MIDDLE FORK FEATHER RIVER,79.110932,622
PTJPL,2012-04-01,6-041,6-041,MIDDLE MOJAVE RIVER VALLEY,MIDDLE MOJAVE RIVER VALLEY,101.133721,3268
PTJPL,2012-04-01,6-080,6-080,MIDDLE PARK CANYON,MIDDLE PARK CANYON,,0
PTJPL,2012-04-01,5-085,5-085,MIL POTRERO AREA,MIL POTRERO AREA,72.214286,112
PTJPL,2012-04-01,9-014,9-014,MISSION VALLEY,MISSION VALLEY,99.335784,816
PTJPL,2012-04-01,5-011,5-011,MOHAWK VALLEY,MOHAWK VALLEY,80.332444,6374
PTJPL,2012-04-01,6-009,6-009,MONO VALLEY,MONO VALLEY,30.150628,239
PTJPL,2012-04-01,3-049,3-049,MONTECITO,MONTECITO,69.699088,1645
PTJPL,2012-04-01,7-020,7-020,MORONGO VALLEY,MORONGO VALLEY,16.380952,21
PTJPL,2012-04-01,3-041,3-041,MORRO VALLEY,MORRO VALLEY,114.746544,1085
PTJPL,2012-04-01,5-008,5-008,MOUNTAIN MEADOWS VALLEY,MOUNTAIN MEADOWS VALLEY,63.827289,20184
PTJPL,2012-04-01,1-056,1-056,McDOWELL VALLEY,McDOWELL VALLEY,93.21694,2503
PTJPL,2012-04-01,2-002.01,2-002,NAPA-SONOMA VALLEY,NAPA-SONOMA VALLEY - NAPA VALLEY,88.365623,93416
PTJPL,2012-04-01,2-002.03,2-002,NAPA-SONOMA VALLEY,NAPA-SONOMA VALLEY - NAPA-SONOMA LOWLANDS,91.502291,23572
PTJPL,2012-04-01,2-002.02,2-002,NAPA-SONOMA VALLEY,NAPA-SONOMA VALLEY - SONOMA VALLEY,96.63813,80598
PTJPL,2012-04-01,1-046,1-046,NAVARRO RIVER VALLEY,NAVARRO RIVER VALLEY,,0
PTJPL,2012-04-01,3-052,3-052,NEEDLE ROCK POINT,NEEDLE ROCK POINT,76.26528,1587
PTJPL,2012-04-01,7-044,7-044,NEEDLES VALLEY,NEEDLES VALLEY,113.586327,16397
PTJPL,2012-04-01,5-050,5-050,NORTH FORK BATTLE CREEK,NORTH FORK BATTLE CREEK,79.412698,2709
PTJPL,2012-04-01,2-030,2-030,NOVATO VALLEY,NOVATO VALLEY,102.869964,14596
PTJPL,2012-04-01,7-025,7-025,OCOTILLO-CLARK VALLEY,OCOTILLO-CLARK VALLEY,92.690554,37509
PTJPL,2012-04-01,7-035,7-035,OGILBY VALLEY,OGILBY VALLEY,62.235627,3357
PTJPL,2012-04-01,4-002,4-002,OJAI VALLEY,OJAI VALLEY,80.007505,9327
PTJPL,2012-04-01,3-039,3-039,OLD VALLEY,OLD VALLEY,,0
PTJPL,2012-04-01,6-108,6-108,OLYMPIC VALLEY,OLYMPIC VALLEY,67.212245,245
PTJPL,2012-04-01,7-031,7-031,OROCOPIA VALLEY,OROCOPIA VALLEY,1.15528,161
PTJPL,2012-04-01,6-012.02,6-012,OWENS VALLEY,OWENS VALLEY - FISH SLOUGH,,0
PTJPL,2012-04-01,6-012.01,6-012,OWENS VALLEY,OWENS VALLEY - OWENS VALLEY,66.774879,93070
PTJPL,2012-04-01,6-088,6-088,OWL LAKE VALLEY,OWL LAKE VALLEY,,0
PTJPL,2012-04-01,6-028,6-028,PAHRUMP VALLEY,PAHRUMP VALLEY,,0
PTJPL,2012-04-01,6-099,6-099,PAINTERS FLAT,PAINTERS FLAT,44.74168,631
PTJPL,2012-04-01,7-039,7-039,PALO VERDE MESA,PALO VERDE MESA,88.922484,161308
PTJPL,2012-04-01,7-038,7-038,PALO VERDE VALLEY,PALO VERDE VALLEY,91.175203,224174
PTJPL,2012-04-01,9-024,9-024,PAMO VALLEY,PAMO VALLEY,,0
PTJPL,2012-04-01,6-058,6-058,PANAMINT VALLEY,PANAMINT VALLEY,,0
PTJPL,2012-04-01,5-023,5-023,PANOCHE VALLEY,PANOCHE VALLEY,36.523913,1840
PTJPL,2012-04-01,3-032,3-032,PEACH TREE VALLEY,PEACH TREE VALLEY,60.039588,1263
PTJPL,2012-04-01,1-030,1-030,PEPPERWOOD TOWN AREA,PEPPERWOOD TOWN AREA,76.671767,3333
PTJPL,2012-04-01,2-026,2-026,PESCADERO VALLEY,PESCADERO VALLEY,72.252365,2326
PTJPL,2012-04-01,2-001,2-001,PETALUMA VALLEY,PETALUMA VALLEY,101.675515,46221
PTJPL,2012-04-01,6-051,6-051,PILOT KNOB VALLEY,PILOT KNOB VALLEY,,0
PTJPL,2012-04-01,6-092,6-092,PINE CREEK VALLEY,PINE CREEK VALLEY,58.054054,37
PTJPL,2012-04-01,7-006,7-006,PINTO VALLEY,PINTO VALLEY,,0
PTJPL,2012-04-01,7-049,7-049,PIPES CANYON FAULT VALLEY,PIPES CANYON FAULT VALLEY,,0
PTJPL,2012-04-01,2-004,2-004,PITTSBURG PLAIN,PITTSBURG PLAIN,,0
PTJPL,2012-04-01,7-045,7-045,PIUTE VALLEY,PIUTE VALLEY,,0
PTJPL,2012-04-01,7-052,7-052,PLEASANT VALLEY,PLEASANT VALLEY,,0
PTJPL,2012-04-01,4-006,4-006,PLEASANT VALLEY,PLEASANT VALLEY,58.079443,30588
PTJPL,2012-04-01,5-038,5-038,PONDOSA TOWN AREA,PONDOSA TOWN AREA,,0
PTJPL,2012-04-01,5-068,5-068,POPE VALLEY,POPE VALLEY,96.662928,12659
PTJPL,2012-04-01,9-029,9-029,POTRERO VALLEY,POTRERO VALLEY,83.889488,371
PTJPL,2012-04-01,1-051,1-051,POTTER VALLEY,POTTER VALLEY,88.749472,20341
PTJPL,2012-04-01,9-013,9-013,POWAY VALLEY,POWAY VALLEY,,0
PTJPL,2012-04-01,3-044,3-044,POZO VALLEY,POZO VALLEY,90.0,2713
PTJPL,2012-04-01,1-025,1-025,PRAIRIE CREEK AREA,PRAIRIE CREEK AREA,,0
PTJPL,2012-04-01,7-040,7-040,QUIEN SABE POINT VALLEY,QUIEN SABE POINT VALLEY,135.670904,708
PTJPL,2012-04-01,3-024,3-024,QUIEN SABE VALLEY,QUIEN SABE VALLEY,105.135666,11403
PTJPL,2012-04-01,6-062,6-062,RACE TRACK VALLEY,RACE TRACK VALLEY,,0
PTJPL,2012-04-01,3-046,3-046,RAFAEL VALLEY,RAFAEL VALLEY,98.0,1
PTJPL,2012-04-01,9-025,9-025,RANCHITA TOWN AREA,RANCHITA TOWN AREA,60.295455,44
PTJPL,2012-04-01,4-023,4-023,RAYMOND,RAYMOND,83.195774,1609
PTJPL,2012-04-01,6-024,6-024,RED PASS VALLEY,RED PASS VALLEY,,0
PTJPL,2012-04-01,1-018,1-018,RED ROCK VALLEY,RED ROCK VALLEY,75.602674,22591
PTJPL,2012-04-01,5-006.03,5-006,REDDING AREA,REDDING AREA - ANDERSON,110.92012,40924
PTJPL,2012-04-01,5-006.01,5-006,REDDING AREA,REDDING AREA - BOWMAN,110.288136,17818
PTJPL,2012-04-01,5-006.04,5-006,REDDING AREA,REDDING AREA - ENTERPRISE,109.373286,22101
PTJPL,2012-04-01,5-006.05,5-006,REDDING AREA,REDDING AREA - MILLVILLE,110.312376,9082
PTJPL,2012-04-01,5-006.06,5-006,REDDING AREA,REDDING AREA - SOUTH BATTLE CREEK,109.318592,7982
PTJPL,2012-04-01,1-026,1-026,REDWOOD CREEK AREA,REDWOOD CREEK AREA,104.108776,2712
PTJPL,2012-04-01,6-086,6-086,RHODES HILL AREA,RHODES HILL AREA,,0
PTJPL,2012-04-01,7-004,7-004,RICE VALLEY,RICE VALLEY,164.849758,619
PTJPL,2012-04-01,6-023,6-023,RIGGS VALLEY,RIGGS VALLEY,,0
PTJPL,2012-04-01,3-043,3-043,RINCONADA VALLEY,RINCONADA VALLEY,102.229332,2516
PTJPL,2012-04-01,5-043,5-043,ROCK PRAIRIE VALLEY,ROCK PRAIRIE VALLEY,,0
PTJPL,2012-04-01,6-056,6-056,ROSE VALLEY,ROSE VALLEY,,0
PTJPL,2012-04-01,2-028,2-028,ROSS VALLEY,ROSS VALLEY,,0
PTJPL,2012-04-01,5-036,5-036,ROUND VALLEY,ROUND VALLEY,70.726314,14312
PTJPL,2012-04-01,4-020,4-020,RUSSELL VALLEY,RUSSELL VALLEY,91.335878,131
PTJPL,2012-04-01,5-021.54,5-021,SACRAMENTO VALLEY,SACRAMENTO VALLEY - ANTELOPE,119.120937,37689
PTJPL,2012-04-01,5-021.53,5-021,SACRAMENTO VALLEY,SACRAMENTO VALLEY - BEND,109.797406,2621
PTJPL,2012-04-01,5-021.70,5-021,SACRAMENTO VALLEY,SACRAMENTO VALLEY - BUTTE,71.425019,817605
PTJPL,2012-04-01,5-021.52,5-021,SACRAMENTO VALLEY,SACRAMENTO VALLEY - COLUSA,85.185959,2198924
PTJPL,2012-04-01,5-021.51,5-021,SACRAMENTO VALLEY,SACRAMENTO VALLEY - CORNING,113.14868,348876
PTJPL,2012-04-01,5-021.56,5-021,SACRAMENTO VALLEY,SACRAMENTO VALLEY - LOS MOLINOS,117.03251,77700
PTJPL,2012-04-01,5-021.64,5-021,SACRAMENTO VALLEY,SACRAMENTO VALLEY - NORTH AMERICAN,98.417921,553454
PTJPL,2012-04-01,5-021.60,5-021,SACRAMENTO VALLEY,SACRAMENTO VALLEY - NORTH YUBA,87.972971,171444
PTJPL,2012-04-01,5-021.50,5-021,SACRAMENTO VALLEY,SACRAMENTO VALLEY - RED BLUFF,112.296895,175065
PTJPL,2012-04-01,5-021.66,5-021,SACRAMENTO VALLEY,SACRAMENTO VALLEY - SOLANO,120.76039,931555
PTJPL,2012-04-01,5-021.65,5-021,SACRAMENTO VALLEY,SACRAMENTO VALLEY - SOUTH AMERICAN,114.27969,248983
PTJPL,2012-04-01,5-021.61,5-021,SACRAMENTO VALLEY,SACRAMENTO VALLEY - SOUTH YUBA,101.095483,215148
PTJPL,2012-04-01,5-021.62,5-021,SACRAMENTO VALLEY,SACRAMENTO VALLEY - SUTTER,82.567603,862677
PTJPL,2012-04-01,5-021.57,5-021,SACRAMENTO VALLEY,SACRAMENTO VALLEY - VINA,102.206021,355464
PTJPL,2012-04-01,5-021.69,5-021,SACRAMENTO VALLEY,SACRAMENTO VALLEY - WYANDOTTE CREEK,102.571409,72218
PTJPL,2012-04-01,5-021.67,5-021,SACRAMENTO VALLEY,SACRAMENTO VALLEY - YOLO,100.537946,1423376
PTJPL,2012-04-01,3-004.01,3-004,SALINAS VALLEY,SALINAS VALLEY - 180/400 FOOT AQUIFER,82.306017,244941
PTJPL,2012-04-01,3-004.11,3-004,SALINAS VALLEY,SALINAS VALLEY - ATASCADERO AREA,92.414992,23333
PTJPL,2012-04-01,3-004.02,3-004,SALINAS VALLEY,SALINAS VALLEY - EAST SIDE AQUIFER,77.889096,155468
PTJPL,2012-04-01,3-004.04,3-004,SALINAS VALLEY,SALINAS VALLEY - FOREBAY AQUIFER,107.402424,243934
PTJPL,2012-04-01,3-004.09,3-004,SALINAS VALLEY,SALINAS VALLEY - LANGLEY AREA,76.126608,8396
PTJPL,2012-04-01,3-004.10,3-004,SALINAS VALLEY,SALINAS VALLEY - MONTEREY,82.135839,3033
PTJPL,2012-04-01,3-004.06,3-004,SALINAS VALLEY,SALINAS VALLEY - PASO ROBLES AREA,83.804969,315585
PTJPL,2012-04-01,3-004.08,3-004,SALINAS VALLEY,SALINAS VALLEY - SEASIDE,94.114425,1643
PTJPL,2012-04-01,3-004.05,3-004,SALINAS VALLEY,SALINAS VALLEY - UPPER VALLEY AQUIFER,88.057967,277623
PTJPL,2012-04-01,6-017,6-017,SALINE VALLEY,SALINE VALLEY,,0
PTJPL,2012-04-01,6-053,6-053,SALT WELLS VALLEY,SALT WELLS VALLEY,,0
PTJPL,2012-04-01,3-014,3-014,SAN ANTONIO CREEK VALLEY,SAN ANTONIO CREEK VALLEY,75.955853,57671
PTJPL,2012-04-01,3-028,3-028,SAN BENITO RIVER VALLEY,SAN BENITO RIVER VALLEY,86.691495,3974
PTJPL,2012-04-01,3-033,3-033,SAN CARPOFORO VALLEY,SAN CARPOFORO VALLEY,,0
PTJPL,2012-04-01,9-015,9-015,SAN DIEGO RIVER VALLEY,SAN DIEGO RIVER VALLEY,82.970065,1069
PTJPL,2012-04-01,9-012,9-012,SAN DIEGUITO CREEK,SAN DIEGUITO CREEK,92.289441,1610
PTJPL,2012-04-01,9-023,9-023,SAN ELIJO VALLEY,SAN ELIJO VALLEY,79.24,25
PTJPL,2012-04-01,7-027,7-027,SAN FELIPE VALLEY,SAN FELIPE VALLEY,48.391892,74
PTJPL,2012-04-01,4-012,4-012,SAN FERNANDO VALLEY,SAN FERNANDO VALLEY,88.847112,8431
PTJPL,2012-04-01,4-013,4-013,SAN GABRIEL VALLEY,SAN GABRIEL VALLEY,83.830955,8690
PTJPL,2012-04-01,2-024,2-024,SAN GREGORIO VALLEY,SAN GREGORIO VALLEY,78.296986,1128
PTJPL,2012-04-01,8-005,8-005,SAN JACINTO,SAN JACINTO,56.678592,134863
PTJPL,2012-04-01,5-022.05,5-022,SAN JOAQUIN VALLEY,SAN JOAQUIN VALLEY - CHOWCHILLA,97.919879,514211
PTJPL,2012-04-01,5-022.16,5-022,SAN JOAQUIN VALLEY,SAN JOAQUIN VALLEY - COSUMNES,106.300585,250841
PTJPL,2012-04-01,5-022.07,5-022,SAN JOAQUIN VALLEY,SAN JOAQUIN VALLEY - DELTA-MENDOTA,91.441417,1985862
PTJPL,2012-04-01,5-022.19,5-022,SAN JOAQUIN VALLEY,SAN JOAQUIN VALLEY - EAST CONTRA COSTA,102.763822,180148
PTJPL,2012-04-01,5-022.01,5-022,SAN JOAQUIN VALLEY,SAN JOAQUIN VALLEY - EASTERN SAN JOAQUIN,97.580124,1819579
PTJPL,2012-04-01,5-022.11,5-022,SAN JOAQUIN VALLEY,SAN JOAQUIN VALLEY - KAWEAH,82.287926,1384137
PTJPL,2012-04-01,5-022.14,5-022,SAN JOAQUIN VALLEY,SAN JOAQUIN VALLEY - KERN COUNTY,79.871379,3684297
PTJPL,2012-04-01,5-022.17,5-022,SAN JOAQUIN VALLEY,SAN JOAQUIN VALLEY - KETTLEMAN PLAIN,44.561227,134263
PTJPL,2012-04-01,5-022.08,5-022,SAN JOAQUIN VALLEY,SAN JOAQUIN VALLEY - KINGS,76.488556,2980111
PTJPL,2012-04-01,5-022.06,5-022,SAN JOAQUIN VALLEY,SAN JOAQUIN VALLEY - MADERA,83.574042,935143
PTJPL,2012-04-01,5-022.04,5-022,SAN JOAQUIN VALLEY,SAN JOAQUIN VALLEY - MERCED,102.069536,1179812
PTJPL,2012-04-01,5-022.02,5-022,SAN JOAQUIN VALLEY,SAN JOAQUIN VALLEY - MODESTO,107.024718,565541
PTJPL,2012-04-01,5-022.10,5-022,SAN JOAQUIN VALLEY,SAN JOAQUIN VALLEY - PLEASANT VALLEY,46.645522,119776
PTJPL,2012-04-01,5-022.15,5-022,SAN JOAQUIN VALLEY,SAN JOAQUIN VALLEY - TRACY,96.422318,626628
PTJPL,2012-04-01,5-022.12,5-022,SAN JOAQUIN VALLEY,SAN JOAQUIN VALLEY - TULARE LAKE,64.334527,1570043
PTJPL,2012-04-01,5-022.13,5-022,SAN JOAQUIN VALLEY,SAN JOAQUIN VALLEY - TULE,78.088277,1579803
PTJPL,2012-04-01,5-022.03,5-022,SAN JOAQUIN VALLEY,SAN JOAQUIN VALLEY - TURLOCK,108.34723,1017574
PTJPL,2012-04-01,5-022.09,5-022,SAN JOAQUIN VALLEY,SAN JOAQUIN VALLEY - WESTSIDE,64.153084,2323023
PTJPL,2012-04-01,5-022.18,5-022,SAN JOAQUIN VALLEY,SAN JOAQUIN VALLEY - WHITE WOLF,84.015386,162939
PTJPL,2012-04-01,9-001,9-001,SAN JUAN VALLEY,SAN JUAN VALLEY,79.488672,2251
PTJPL,2012-04-01,3-009,3-009,SAN LUIS OBISPO VALLEY,SAN LUIS OBISPO VALLEY,93.367522,15512
PTJPL,2012-04-01,9-007.02,9-007,SAN LUIS REY VALLEY,SAN LUIS REY VALLEY - LOWER SAN LUIS REY VALLEY,73.244573,2764
PTJPL,2012-04-01,9-007.01,9-007,SAN LUIS REY VALLEY,SAN LUIS REY VALLEY - UPPER SAN LUIS REY VALLEY,81.505772,23821
PTJPL,2012-04-01,9-032,9-032,SAN MARCOS AREA,SAN MARCOS AREA,79.62963,27
PTJPL,2012-04-01,9-002,9-002,SAN MATEO VALLEY,SAN MATEO VALLEY,83.777778,9
PTJPL,2012-04-01,9-003,9-003,SAN ONOFRE VALLEY,SAN ONOFRE VALLEY,,0
PTJPL,2012-04-01,9-010,9-010,SAN PASQUAL VALLEY,SAN PASQUAL VALLEY,66.289447,6965
PTJPL,2012-04-01,2-036,2-036,SAN PEDRO VALLEY,SAN PEDRO VALLEY,89.0,24
PTJPL,2012-04-01,2-029,2-029,SAN RAFAEL VALLEY,SAN RAFAEL VALLEY,,0
PTJPL,2012-04-01,2-007,2-007,SAN RAMON VALLEY,SAN RAMON VALLEY,96.650794,378
PTJPL,2012-04-01,3-035,3-035,SAN SIMEON VALLEY,SAN SIMEON VALLEY,135.49537,216
PTJPL,2012-04-01,2-027,2-027,SAND POINT AREA,SAND POINT AREA,95.805579,20543
PTJPL,2012-04-01,1-053,1-053,SANEL VALLEY,SANEL VALLEY,101.464735,10804
PTJPL,2012-04-01,3-022,3-022,SANTA ANA VALLEY,SANTA ANA VALLEY,102.730372,7158
PTJPL,2012-04-01,3-017,3-017,SANTA BARBARA,SANTA BARBARA,74.672231,659
PTJPL,2012-04-01,4-004.05,4-004,SANTA CLARA RIVER VALLEY,SANTA CLARA RIVER VALLEY - FILLMORE,84.703099,50121
PTJPL,2012-04-01,4-004.03,4-004,SANTA CLARA RIVER VALLEY,SANTA CLARA RIVER VALLEY - MOUND,70.572481,9499
PTJPL,2012-04-01,4-004.02,4-004,SANTA CLARA RIVER VALLEY,SANTA CLARA RIVER VALLEY - OXNARD,60.398402,102394
PTJPL,2012-04-01,4-004.06,4-004,SANTA CLARA RIVER VALLEY,SANTA CLARA RIVER VALLEY - PIRU,76.78204,23073
PTJPL,2012-04-01,4-004.07,4-004,SANTA CLARA RIVER VALLEY,SANTA CLARA RIVER VALLEY - SANTA CLARA RIVER VALLEY EAST,70.795064,6807
PTJPL,2012-04-01,4-004.04,4-004,SANTA CLARA RIVER VALLEY,SANTA CLARA RIVER VALLEY - SANTA PAULA,73.218055,40609
PTJPL,2012-04-01,2-009.04,2-009,SANTA CLARA VALLEY,SANTA CLARA VALLEY - EAST BAY PLAIN,91.518234,2989
PTJPL,2012-04-01,2-009.01,2-009,SANTA CLARA VALLEY,SANTA CLARA VALLEY - NILES CONE,85.089894,1791
PTJPL,2012-04-01,2-009.03,2-009,SANTA CLARA VALLEY,SANTA CLARA VALLEY - SAN MATEO PLAIN,87.492636,1358
PTJPL,2012-04-01,2-009.02,2-009,SANTA CLARA VALLEY,SANTA CLARA VALLEY - SANTA CLARA,92.355836,25790
PTJPL,2012-04-01,3-001,3-001,SANTA CRUZ MID-COUNTY,SANTA CRUZ MID-COUNTY,79.844528,3975
PTJPL,2012-04-01,3-027,3-027,SANTA MARGARITA,SANTA MARGARITA,86.432886,298
PTJPL,2012-04-01,9-004,9-004,SANTA MARGARITA VALLEY,SANTA MARGARITA VALLEY,,0
PTJPL,2012-04-01,3-012.02,3-012,SANTA MARIA RIVER VALLEY,SANTA MARIA RIVER VALLEY - ARROYO GRANDE,71.265062,6025
PTJPL,2012-04-01,3-012.01,3-012,SANTA MARIA RIVER VALLEY,SANTA MARIA RIVER VALLEY - SANTA MARIA,76.599984,246750
PTJPL,2012-04-01,9-011,9-011,SANTA MARIA VALLEY,SANTA MARIA VALLEY,74.612123,2689
PTJPL,2012-04-01,6-068,6-068,SANTA ROSA FLAT,SANTA ROSA FLAT,,0
PTJPL,2012-04-01,3-036,3-036,SANTA ROSA VALLEY,SANTA ROSA VALLEY,122.149136,2662
PTJPL,2012-04-01,1-055.02,1-055,SANTA ROSA VALLEY,SANTA ROSA VALLEY - HEALDSBURG AREA,86.376233,28679
PTJPL,2012-04-01,1-055.03,1-055,SANTA ROSA VALLEY,SANTA ROSA VALLEY - RINCON VALLEY,86.383821,581
PTJPL,2012-04-01,1-055.01,1-055,SANTA ROSA VALLEY,SANTA ROSA VALLEY - SANTA ROSA PLAIN,94.946628,81016
PTJPL,2012-04-01,3-015,3-015,SANTA YNEZ RIVER VALLEY,SANTA YNEZ RIVER VALLEY,66.415805,101437
PTJPL,2012-04-01,1-005,1-005,SCOTT RIVER VALLEY,SCOTT RIVER VALLEY,118.325338,123118
PTJPL,2012-04-01,5-014,5-014,SCOTTS VALLEY,SCOTTS VALLEY,98.120732,6179
PTJPL,2012-04-01,6-052,6-052,SEARLES VALLEY,SEARLES VALLEY,,0
PTJPL,2012-04-01,6-100,6-100,SECRET VALLEY,SECRET VALLEY,51.504208,12356
PTJPL,2012-04-01,1-016,1-016,SEIAD VALLEY,SEIAD VALLEY,111.497059,340
PTJPL,2012-04-01,8-008,8-008,SEVEN OAKS VALLEY,SEVEN OAKS VALLEY,,0
PTJPL,2012-04-01,1-004,1-004,SHASTA VALLEY,SHASTA VALLEY,122.59182,256142
PTJPL,2012-04-01,1-042,1-042,SHERWOOD VALLEY,SHERWOOD VALLEY,,0
PTJPL,2012-04-01,5-012.02,5-012,SIERRA VALLEY,SIERRA VALLEY - CHILCOOT,76.761087,3202
PTJPL,2012-04-01,5-012.01,5-012,SIERRA VALLEY,SIERRA VALLEY - SIERRA VALLEY,76.734005,175507
PTJPL,2012-04-01,6-034,6-034,SILVER LAKE VALLEY,SILVER LAKE VALLEY,,0
PTJPL,2012-04-01,4-009,4-009,SIMI VALLEY,SIMI VALLEY,92.124904,1297
PTJPL,2012-04-01,6-105,6-105,SLINKARD VALLEY,SLINKARD VALLEY,,0
PTJPL,2012-04-01,1-001,1-001,SMITH RIVER PLAIN,SMITH RIVER PLAIN,103.908067,27270
PTJPL,2012-04-01,6-033,6-033,SODA LAKE VALLEY,SODA LAKE VALLEY,,0
PTJPL,2012-04-01,2-037,2-037,SOUTH SAN FRANCISCO,SOUTH SAN FRANCISCO,,0
PTJPL,2012-04-01,6-082,6-082,SPRING CANYON VALLEY,SPRING CANYON VALLEY,,0
PTJPL,2012-04-01,5-089,5-089,SQUAW FLAT,SQUAW FLAT,,0
PTJPL,2012-04-01,5-088,5-088,STONY GORGE RESERVOIR,STONY GORGE RESERVOIR,94.757261,964
PTJPL,2012-04-01,5-063,5-063,STONYFORD TOWN AREA,STONYFORD TOWN AREA,91.207674,3857
PTJPL,2012-04-01,2-003,2-003,SUISUN-FAIRFIELD VALLEY,SUISUN-FAIRFIELD VALLEY,116.878509,91867
PTJPL,2012-04-01,2-011,2-011,SUNOL VALLEY,SUNOL VALLEY,89.873792,1656
PTJPL,2012-04-01,6-049,6-049,SUPERIOR VALLEY,SUPERIOR VALLEY,,0
PTJPL,2012-04-01,6-001,6-001,SURPRISE VALLEY,SURPRISE VALLEY,63.873482,207093
PTJPL,2012-04-01,6-107,6-107,SWEETWATER FLAT,SWEETWATER FLAT,32.207358,299
PTJPL,2012-04-01,6-005.03,6-005,TAHOE VALLEY,TAHOE VALLEY - TAHOE NORTH,78.237864,206
PTJPL,2012-04-01,6-005.01,6-005,TAHOE VALLEY,TAHOE VALLEY - TAHOE SOUTH,65.846583,717
PTJPL,2012-04-01,6-005.02,6-005,TAHOE VALLEY,TAHOE VALLEY - TAHOE WEST,80.602339,171
PTJPL,2012-04-01,6-045,6-045,TEHACHAPI VALLEY EAST,TEHACHAPI VALLEY EAST,92.187813,3397
PTJPL,2012-04-01,5-028,5-028,TEHACHAPI VALLEY WEST,TEHACHAPI VALLEY WEST,81.531718,4540
PTJPL,2012-04-01,9-005,9-005,TEMECULA VALLEY,TEMECULA VALLEY,64.226563,20374
PTJPL,2012-04-01,1-040,1-040,TEN MILE RIVER VALLEY,TEN MILE RIVER VALLEY,89.416268,209
PTJPL,2012-04-01,7-026,7-026,TERWILLIGER VALLEY,TERWILLIGER VALLEY,51.822485,169
PTJPL,2012-04-01,4-019,4-019,THOUSAND OAKS AREA,THOUSAND OAKS AREA,88.587013,385
PTJPL,2012-04-01,4-015,4-015,TIERRA REJADA,TIERRA REJADA,74.470186,4092
PTJPL,2012-04-01,5-037,5-037,TOAD WELL AREA,TOAD WELL AREA,,0
PTJPL,2012-04-01,3-040,3-040,TORO VALLEY,TORO VALLEY,126.034591,318
PTJPL,2012-04-01,6-098,6-098,TULEDAD CANYON VALLEY,TULEDAD CANYON VALLEY,50.170968,310
PTJPL,2012-04-01,7-010,7-010,TWENTYNINE PALMS VALLEY,TWENTYNINE PALMS VALLEY,51.917001,747
PTJPL,2012-04-01,1-052,1-052,UKIAH VALLEY,UKIAH VALLEY,98.838573,43165
PTJPL,2012-04-01,6-022,6-022,UPPER KINGSTON VALLEY,UPPER KINGSTON VALLEY,,0
PTJPL,2012-04-01,5-013,5-013,UPPER LAKE VALLEY,UPPER LAKE VALLEY,87.357615,10598
PTJPL,2012-04-01,6-042,6-042,UPPER MOJAVE RIVER VALLEY,UPPER MOJAVE RIVER VALLEY,50.854432,6746
PTJPL,2012-04-01,4-001,4-001,UPPER OJAI VALLEY,UPPER OJAI VALLEY,77.917122,3294
PTJPL,2012-04-01,3-023,3-023,UPPER SANTA ANA VALLEY,UPPER SANTA ANA VALLEY,106.285714,7
PTJPL,2012-04-01,8-002.05,8-002,UPPER SANTA ANA VALLEY,UPPER SANTA ANA VALLEY - CAJON,48.09375,160
PTJPL,2012-04-01,8-002.01,8-002,UPPER SANTA ANA VALLEY,UPPER SANTA ANA VALLEY - CHINO,68.805265,27920
PTJPL,2012-04-01,8-002.02,8-002,UPPER SANTA ANA VALLEY,UPPER SANTA ANA VALLEY - CUCAMONGA,79.466989,621
PTJPL,2012-04-01,8-002.04,8-002,UPPER SANTA ANA VALLEY,UPPER SANTA ANA VALLEY - RIALTO-COLTON,65.992817,1253
PTJPL,2012-04-01,8-002.03,8-002,UPPER SANTA ANA VALLEY,UPPER SANTA ANA VALLEY - RIVERSIDE-ARLINGTON,66.981564,13615
PTJPL,2012-04-01,8-002.06,8-002,UPPER SANTA ANA VALLEY,UPPER SANTA ANA VALLEY - SAN BERNARDINO,66.516931,15534
PTJPL,2012-04-01,8-002.08,8-002,UPPER SANTA ANA VALLEY,UPPER SANTA ANA VALLEY - SAN TIMOTEO,69.246625,4667
PTJPL,2012-04-01,8-002.09,8-002,UPPER SANTA ANA VALLEY,UPPER SANTA ANA VALLEY - TEMESCAL,88.411834,845
PTJPL,2012-04-01,8-002.07,8-002,UPPER SANTA ANA VALLEY,UPPER SANTA ANA VALLEY - YUCAIPA,69.493338,2852
PTJPL,2012-04-01,7-028,7-028,VALLECITO-CARRIZO VALLEY,VALLECITO-CARRIZO VALLEY,,0
PTJPL,2012-04-01,5-071,5-071,VALLECITOS CREEK VALLEY,VALLECITOS CREEK VALLEY,,0
PTJPL,2012-04-01,7-063,7-063,VANDEVENTER FLAT,VANDEVENTER FLAT,,0
PTJPL,2012-04-01,4-003.02,4-003,VENTURA RIVER VALLEY,VENTURA RIVER VALLEY - LOWER VENTURA RIVER,62.753247,1771
PTJPL,2012-04-01,4-003.01,4-003,VENTURA RIVER VALLEY,VENTURA RIVER VALLEY - UPPER VENTURA RIVER,67.586957,2300
PTJPL,2012-04-01,7-042,7-042,VIDAL VALLEY,VIDAL VALLEY,,0
PTJPL,2012-04-01,3-037,3-037,VILLA VALLEY,VILLA VALLEY,123.701107,813
PTJPL,2012-04-01,2-032,2-032,VISITACION VALLEY,VISITACION VALLEY,90.11236,178
PTJPL,2012-04-01,5-026,5-026,WALKER BASIN CREEK VALLEY,WALKER BASIN CREEK VALLEY,91.80476,6387
PTJPL,2012-04-01,7-003,7-003,WARD VALLEY,WARD VALLEY,,0
PTJPL,2012-04-01,9-008,9-008,WARNER VALLEY,WARNER VALLEY,82.148688,343
PTJPL,2012-04-01,7-012,7-012,WARREN VALLEY,WARREN VALLEY,14.921739,345
PTJPL,2012-04-01,1-031,1-031,WEOTT TOWN AREA,WEOTT TOWN AREA,70.592965,398
PTJPL,2012-04-01,7-022,7-022,WEST SALTON SEA,WEST SALTON SEA,,0
PTJPL,2012-04-01,3-026,3-026,WEST SANTA CRUZ TERRACE,WEST SANTA CRUZ TERRACE,87.752971,1599
PTJPL,2012-04-01,2-035,2-035,WESTSIDE,WESTSIDE,91.690651,3808
PTJPL,2012-04-01,6-073,6-073,WILD HORSE MESA AREA,WILD HORSE MESA AREA,,0
PTJPL,2012-04-01,6-075,6-075,WILDROSE CANYON,WILDROSE CANYON,,0
PTJPL,2012-04-01,1-043,1-043,WILLIAMS VALLEY,WILLIAMS VALLEY,113.467949,468
PTJPL,2012-04-01,6-003,6-003,WILLOW CREEK VALLEY,WILLOW CREEK VALLEY,66.969413,25893
PTJPL,2012-04-01,1-059,1-059,WILSON GROVE FORMATION HIGHLANDS,WILSON GROVE FORMATION HIGHLANDS,95.257892,70607
PTJPL,2012-04-01,1-062,1-062,WILSON POINT AREA,WILSON POINT AREA,83.444444,9
PTJPL,2012-04-01,6-019,6-019,WINGATE VALLEY,WINGATE VALLEY,,0
PTJPL,2012-04-01,7-056,7-056,YAQUI WELL AREA,YAQUI WELL AREA,,0
PTJPL,2012-04-01,5-056,5-056,YELLOW CREEK VALLEY,YELLOW CREEK VALLEY,51.889439,5861
PTJPL,2012-04-01,2-006,2-006,YGNACIO VALLEY,YGNACIO VALLEY,97.693827,405
PTJPL,2012-04-01,5-069,5-069,YOSEMITE VALLEY,YOSEMITE VALLEY,,0
PTJPL,2012-04-01,7-036,7-036,YUMA VALLEY,YUMA VALLEY,136.741,66610
