Model,Date,Basin_Subb,Basin_Numb,Basin_Name,Basin_Su_1,ET,Pixel_Count
PTJPL,2010-07-01,4-005,4-005,ACTON VALLEY,ACTON VALLEY,73.497006,668
PTJPL,2010-07-01,6-010,6-010,ADOBE LAKE VALLEY,ADOBE LAKE VALLEY,,0
PTJPL,2010-07-01,1-054.01,1-054,ALEXANDER VALLEY,ALEXANDER VALLEY - ALEXANDER AREA,106.648114,39743
PTJPL,2010-07-01,1-054.02,1-054,ALEXANDER VALLEY,ALEXANDER VALLEY - CLOVERDALE AREA,108.937382,9502
PTJPL,2010-07-01,5-002.01,5-002,ALTURAS AREA,ALTURAS AREA - SOUTH FORK PITT RIVER,110.694744,159794
PTJPL,2010-07-01,5-002.02,5-002,ALTURAS AREA,ALTURAS AREA - WARM SPRINGS VALLEY,100.193725,74425
PTJPL,2010-07-01,5-010,5-010,AMERICAN VALLEY,AMERICAN VALLEY,135.3937,9746
PTJPL,2010-07-01,7-016,7-016,AMES VALLEY,AMES VALLEY,,0
PTJPL,2010-07-01,7-034,7-034,AMOS VALLEY,AMOS VALLEY,,0
PTJPL,2010-07-01,1-019,1-019,ANDERSON VALLEY,ANDERSON VALLEY,109.115513,5982
PTJPL,2010-07-01,1-049,1-049,ANNAPOLIS OHLSON RANCH FORMATION HIGHLANDS,ANNAPOLIS OHLSON RANCH FORMATION HIGHLANDS,124.153421,2353
PTJPL,2010-07-01,5-091,5-091,ANTELOPE CREEK,ANTELOPE CREEK,50.560125,1605
PTJPL,2010-07-01,6-044,6-044,ANTELOPE VALLEY,ANTELOPE VALLEY,80.325948,137884
PTJPL,2010-07-01,6-007,6-007,ANTELOPE VALLEY,ANTELOPE VALLEY,136.718369,48489
PTJPL,2010-07-01,3-034,3-034,ARROYO DE LA CRUZ VALLEY,ARROYO DE LA CRUZ VALLEY,95.040892,538
PTJPL,2010-07-01,2-031,2-031,ARROYO DEL HAMBRE VALLEY,ARROYO DEL HAMBRE VALLEY,,0
PTJPL,2010-07-01,4-007,4-007,ARROYO SANTA ROSA VALLEY,ARROYO SANTA ROSA VALLEY,90.095934,7870
PTJPL,2010-07-01,7-037,7-037,ARROYO SECO VALLEY,ARROYO SECO VALLEY,,0
PTJPL,2010-07-01,5-054,5-054,ASH VALLEY,ASH VALLEY,117.230134,12106
PTJPL,2010-07-01,6-026,6-026,AVAWATZ VALLEY,AVAWATZ VALLEY,,0
PTJPL,2010-07-01,3-020,3-020,A�O NUEVO AREA,A�O NUEVO AREA,75.460842,1877
PTJPL,2010-07-01,9-022,9-022,BATIQUITOS LAGOON VALLEY,BATIQUITOS LAGOON VALLEY,109.119355,620
PTJPL,2010-07-01,8-009,8-009,BEAR VALLEY,BEAR VALLEY,104.995434,219
PTJPL,2010-07-01,5-064,5-064,BEAR VALLEY,BEAR VALLEY,24.833333,510
PTJPL,2010-07-01,5-020,5-020,BERRYESSA VALLEY,BERRYESSA VALLEY,,0
PTJPL,2010-07-01,7-015,7-015,BESSEMER VALLEY,BESSEMER VALLEY,,0
PTJPL,2010-07-01,6-025,6-025,BICYCLE VALLEY,BICYCLE VALLEY,,0
PTJPL,2010-07-01,1-027,1-027,BIG LAGOON AREA,BIG LAGOON AREA,156.717949,39
PTJPL,2010-07-01,8-007,8-007,BIG MEADOWS VALLEY,BIG MEADOWS VALLEY,,0
PTJPL,2010-07-01,1-045,1-045,BIG RIVER VALLEY,BIG RIVER VALLEY,,0
PTJPL,2010-07-01,3-047,3-047,BIG SPRING AREA,BIG SPRING AREA,41.699346,918
PTJPL,2010-07-01,5-015,5-015,BIG VALLEY,BIG VALLEY,104.152315,41040
PTJPL,2010-07-01,5-004,5-004,BIG VALLEY,BIG VALLEY,104.938415,163109
PTJPL,2010-07-01,3-030,3-030,BITTER WATER VALLEY,BITTER WATER VALLEY,48.429439,7575
PTJPL,2010-07-01,6-013,6-013,BLACK SPRINGS VALLEY,BLACK SPRINGS VALLEY,,0
PTJPL,2010-07-01,5-092,5-092,BLANCHARD VALLEY,BLANCHARD VALLEY,50.717699,1130
PTJPL,2010-07-01,1-057,1-057,BODEGA BAY AREA,BODEGA BAY AREA,110.149351,154
PTJPL,2010-07-01,7-024.01,7-024,BORREGO VALLEY,BORREGO VALLEY - BORREGO SPRINGS,84.604759,17397
PTJPL,2010-07-01,7-024.02,7-024,BORREGO VALLEY,BORREGO VALLEY - OCOTILLO WELLS,41.083333,12
PTJPL,2010-07-01,1-039,1-039,BRANSCOMB TOWN AREA,BRANSCOMB TOWN AREA,,0
PTJPL,2010-07-01,1-017,1-017,BRAY TOWN AREA,BRAY TOWN AREA,137.071529,4250
PTJPL,2010-07-01,6-008,6-008,BRIDGEPORT VALLEY,BRIDGEPORT VALLEY,117.637793,74902
PTJPL,2010-07-01,7-008,7-008,BRISTOL VALLEY,BRISTOL VALLEY,34.232952,7963
PTJPL,2010-07-01,5-080,5-080,BRITE VALLEY,BRITE VALLEY,66.259819,1324
PTJPL,2010-07-01,6-032,6-032,BROADWELL VALLEY,BROADWELL VALLEY,,0
PTJPL,2010-07-01,6-076,6-076,BROWN MOUNTAIN VALLEY,BROWN MOUNTAIN VALLEY,,0
PTJPL,2010-07-01,7-054,7-054,BUCK RIDGE FAULT VALLEY,BUCK RIDGE FAULT VALLEY,,0
PTJPL,2010-07-01,6-101,6-101,BULL FLAT,BULL FLAT,55.041667,48
PTJPL,2010-07-01,5-048,5-048,BURNEY CREEK VALLEY,BURNEY CREEK VALLEY,116.04028,6852
PTJPL,2010-07-01,5-017,5-017,BURNS VALLEY,BURNS VALLEY,90.347174,1734
PTJPL,2010-07-01,5-051,5-051,BUTTE CREEK VALLEY,BUTTE CREEK VALLEY,,0
PTJPL,2010-07-01,1-003,1-003,BUTTE VALLEY,BUTTE VALLEY,91.675298,149448
PTJPL,2010-07-01,6-081,6-081,BUTTE VALLEY,BUTTE VALLEY,,0
PTJPL,2010-07-01,6-070,6-070,CACTUS FLAT,CACTUS FLAT,,0
PTJPL,2010-07-01,7-007,7-007,CADIZ VALLEY,CADIZ VALLEY,,0
PTJPL,2010-07-01,6-090,6-090,CADY FAULT AREA,CADY FAULT AREA,,0
PTJPL,2010-07-01,9-006,9-006,CAHUILLA VALLEY,CAHUILLA VALLEY,38.66736,6250
PTJPL,2010-07-01,6-079,6-079,CALIFORNIA VALLEY,CALIFORNIA VALLEY,,0
PTJPL,2010-07-01,7-041,7-041,CALZONA VALLEY,CALZONA VALLEY,,0
PTJPL,2010-07-01,6-061,6-061,CAMEO AREA,CAMEO AREA,,0
PTJPL,2010-07-01,9-028,9-028,CAMPO VALLEY,CAMPO VALLEY,51.452381,126
PTJPL,2010-07-01,7-046,7-046,CANEBRAKE VALLEY,CANEBRAKE VALLEY,,0
PTJPL,2010-07-01,3-007,3-007,CARMEL VALLEY,CARMEL VALLEY,109.054602,1282
PTJPL,2010-07-01,3-018,3-018,CARPINTERIA,CARPINTERIA,81.553858,11326
PTJPL,2010-07-01,3-019,3-019,CARRIZO PLAIN,CARRIZO PLAIN,31.94881,22739
PTJPL,2010-07-01,6-006,6-006,CARSON VALLEY,CARSON VALLEY,143.799353,10516
PTJPL,2010-07-01,5-029,5-029,CASTAC LAKE VALLEY,CASTAC LAKE VALLEY,77.836879,846
PTJPL,2010-07-01,2-008,2-008,CASTRO VALLEY,CASTRO VALLEY,,0
PTJPL,2010-07-01,6-038,6-038,CAVES CANYON VALLEY,CAVES CANYON VALLEY,,0
PTJPL,2010-07-01,5-045,5-045,CAYTON VALLEY,CAYTON VALLEY,156.492941,4250
PTJPL,2010-07-01,3-038,3-038,CAYUCOS VALLEY,CAYUCOS VALLEY,,0
PTJPL,2010-07-01,7-043,7-043,CHEMEHUEVI VALLEY,CHEMEHUEVI VALLEY,,0
PTJPL,2010-07-01,7-032,7-032,CHOCOLATE VALLEY,CHOCOLATE VALLEY,4.940299,67
PTJPL,2010-07-01,3-005,3-005,CHOLAME VALLEY,CHOLAME VALLEY,61.680212,17718
PTJPL,2010-07-01,3-042,3-042,CHORRO VALLEY,CHORRO VALLEY,93.532819,1295
PTJPL,2010-07-01,5-061,5-061,CHROME TOWN AREA,CHROME TOWN AREA,36.675147,511
PTJPL,2010-07-01,7-005,7-005,CHUCKWALLA VALLEY,CHUCKWALLA VALLEY,42.649435,4604
PTJPL,2010-07-01,2-005,2-005,CLAYTON VALLEY,CLAYTON VALLEY,151.575153,652
PTJPL,2010-07-01,5-066,5-066,CLEAR LAKE CACHE FORMATION,CLEAR LAKE CACHE FORMATION,88.358511,940
PTJPL,2010-07-01,5-058,5-058,CLOVER VALLEY,CLOVER VALLEY,104.780199,1606
PTJPL,2010-07-01,7-021.03,7-021,COACHELLA VALLEY,COACHELLA VALLEY - DESERT HOT SPRINGS,96.903059,2713
PTJPL,2010-07-01,7-021.01,7-021,COACHELLA VALLEY,COACHELLA VALLEY - INDIO,92.257894,293745
PTJPL,2010-07-01,7-021.02,7-021,COACHELLA VALLEY,COACHELLA VALLEY - MISSION CREEK,91.291411,978
PTJPL,2010-07-01,7-021.04,7-021,COACHELLA VALLEY,COACHELLA VALLEY - SAN GORGONIO PASS,105.469101,356
PTJPL,2010-07-01,4-011.04,4-011,COASTAL PLAIN OF LOS ANGELES,COASTAL PLAIN OF LOS ANGELES - CENTRAL,127.244825,7005
PTJPL,2010-07-01,4-011.02,4-011,COASTAL PLAIN OF LOS ANGELES,COASTAL PLAIN OF LOS ANGELES - HOLLYWOOD,127.817337,323
PTJPL,2010-07-01,4-011.01,4-011,COASTAL PLAIN OF LOS ANGELES,COASTAL PLAIN OF LOS ANGELES - SANTA MONICA,135.100096,4186
PTJPL,2010-07-01,4-011.03,4-011,COASTAL PLAIN OF LOS ANGELES,COASTAL PLAIN OF LOS ANGELES - WEST COAST,117.894283,4058
PTJPL,2010-07-01,8-001,8-001,COASTAL PLAIN OF ORANGE COUNTY,COASTAL PLAIN OF ORANGE COUNTY,106.988892,23946
PTJPL,2010-07-01,9-033,9-033,COASTAL PLAIN OF SAN DIEGO,COASTAL PLAIN OF SAN DIEGO,105.389792,3507
PTJPL,2010-07-01,6-072,6-072,COLES FLAT,COLES FLAT,,0
PTJPL,2010-07-01,5-019,5-019,COLLAYOMI VALLEY,COLLAYOMI VALLEY,63.117035,3845
PTJPL,2010-07-01,7-055,7-055,COLLINS VALLEY,COLLINS VALLEY,,0
PTJPL,2010-07-01,4-010,4-010,CONEJO,CONEJO,120.269076,498
PTJPL,2010-07-01,7-011,7-011,COPPER MOUNTAIN VALLEY,COPPER MOUNTAIN VALLEY,,0
PTJPL,2010-07-01,3-002.01,3-002,CORRALITOS,CORRALITOS - PAJARO VALLEY,80.522319,109169
PTJPL,2010-07-01,3-002.02,3-002,CORRALITOS,CORRALITOS - PURISIMA HIGHLANDS,89.62931,464
PTJPL,2010-07-01,6-055,6-055,COSO VALLEY,COSO VALLEY,,0
PTJPL,2010-07-01,1-037,1-037,COTTONEVA CREEK VALLEY,COTTONEVA CREEK VALLEY,,0
PTJPL,2010-07-01,9-027,9-027,COTTONWOOD VALLEY,COTTONWOOD VALLEY,75.714286,70
PTJPL,2010-07-01,1-011,1-011,COVELO ROUND VALLEY,COVELO ROUND VALLEY,101.121883,36576
PTJPL,2010-07-01,6-091,6-091,COW HEAD LAKE VALLEY,COW HEAD LAKE VALLEY,108.73873,15639
PTJPL,2010-07-01,6-037,6-037,COYOTE LAKE VALLEY,COYOTE LAKE VALLEY,23.919753,972
PTJPL,2010-07-01,5-018,5-018,COYOTE VALLEY,COYOTE VALLEY,94.125957,6534
PTJPL,2010-07-01,7-029,7-029,COYOTE WELLS VALLEY,COYOTE WELLS VALLEY,7.225,80
PTJPL,2010-07-01,6-035,6-035,CRONISE VALLEY,CRONISE VALLEY,,0
PTJPL,2010-07-01,6-050,6-050,CUDDEBACK VALLEY,CUDDEBACK VALLEY,,0
PTJPL,2010-07-01,5-082,5-082,CUDDY CANYON VALLEY,CUDDY CANYON VALLEY,,0
PTJPL,2010-07-01,5-083,5-083,CUDDY RANCH AREA,CUDDY RANCH AREA,,0
PTJPL,2010-07-01,5-084,5-084,CUDDY VALLEY,CUDDY VALLEY,54.875,16
PTJPL,2010-07-01,5-027,5-027,CUMMINGS VALLEY,CUMMINGS VALLEY,82.122645,11464
PTJPL,2010-07-01,3-013,3-013,CUYAMA VALLEY,CUYAMA VALLEY,57.994505,153773
PTJPL,2010-07-01,7-009,7-009,DALE VALLEY,DALE VALLEY,8.282895,152
PTJPL,2010-07-01,6-057,6-057,DARWIN VALLEY,DARWIN VALLEY,,0
PTJPL,2010-07-01,7-061,7-061,DAVIES VALLEY,DAVIES VALLEY,,0
PTJPL,2010-07-01,7-013.01,7-013,DEADMAN VALLEY,DEADMAN VALLEY - DEADMAN LAKE,,0
PTJPL,2010-07-01,7-013.02,7-013,DEADMAN VALLEY,DEADMAN VALLEY - SURPRISE SPRING,,0
PTJPL,2010-07-01,6-018,6-018,DEATH VALLEY,DEATH VALLEY,5.722222,18
PTJPL,2010-07-01,6-015,6-015,DEEP SPRINGS VALLEY,DEEP SPRINGS VALLEY,116.511811,635
PTJPL,2010-07-01,6-078,6-078,DENNING SPRING VALLEY,DENNING SPRING VALLEY,,0
PTJPL,2010-07-01,1-034,1-034,DINSMORES TOWN AREA,DINSMORES TOWN AREA,78.011628,86
PTJPL,2010-07-01,5-053,5-053,DIXIE VALLEY,DIXIE VALLEY,91.880164,11449
PTJPL,2010-07-01,2-040,2-040,DOWNTOWN,DOWNTOWN,,0
PTJPL,2010-07-01,5-049,5-049,DRY BURNEY CREEK VALLEY,DRY BURNEY CREEK VALLEY,,0
PTJPL,2010-07-01,3-029,3-029,DRY LAKE VALLEY,DRY LAKE VALLEY,35.288889,540
PTJPL,2010-07-01,6-095,6-095,DRY VALLEY,DRY VALLEY,,0
PTJPL,2010-07-01,6-096,6-096,EAGLE LAKE AREA,EAGLE LAKE AREA,,0
PTJPL,2010-07-01,7-033,7-033,EAST SALTON SEA,EAST SALTON SEA,89.771273,40262
PTJPL,2010-07-01,1-044,1-044,EDEN VALLEY,EDEN VALLEY,76.281137,1654
PTJPL,2010-07-01,1-010,1-010,EEL RIVER VALLEY,EEL RIVER VALLEY,123.166046,117624
PTJPL,2010-07-01,5-041,5-041,EGG LAKE VALLEY,EGG LAKE VALLEY,,0
PTJPL,2010-07-01,9-016,9-016,EL CAJON VALLEY,EL CAJON VALLEY,82.258065,31
PTJPL,2010-07-01,6-043,6-043,EL MIRAGE VALLEY,EL MIRAGE VALLEY,62.539445,3207
PTJPL,2010-07-01,5-062,5-062,ELK CREEK AREA,ELK CREEK AREA,96.944056,143
PTJPL,2010-07-01,8-004.02,8-004,ELSINORE,ELSINORE - BEDFORD-COLDWATER,125.233161,1158
PTJPL,2010-07-01,8-004.01,8-004,ELSINORE,ELSINORE - ELSINORE VALLEY,60.990654,107
PTJPL,2010-07-01,9-009,9-009,ESCONDIDO VALLEY,ESCONDIDO VALLEY,72.441176,34
PTJPL,2010-07-01,1-009,1-009,EUREKA PLAIN,EUREKA PLAIN,132.069787,20935
PTJPL,2010-07-01,6-016,6-016,EUREKA VALLEY,EUREKA VALLEY,,0
PTJPL,2010-07-01,1-022,1-022,FAIRCHILD SWAMP VALLEY,FAIRCHILD SWAMP VALLEY,,0
PTJPL,2010-07-01,5-005,5-005,FALL RIVER VALLEY,FALL RIVER VALLEY,120.675707,134098
PTJPL,2010-07-01,7-002,7-002,FENNER VALLEY,FENNER VALLEY,,0
PTJPL,2010-07-01,6-014,6-014,FISH LAKE VALLEY,FISH LAKE VALLEY,107.021827,14340
PTJPL,2010-07-01,3-053,3-053,FOOTHILL,FOOTHILL,91.771429,35
PTJPL,2010-07-01,1-021,1-021,FORT BRAGG TERRACE AREA,FORT BRAGG TERRACE AREA,115.88426,9530
PTJPL,2010-07-01,1-061,1-061,FORT ROSS TERRACE DEPOSITS,FORT ROSS TERRACE DEPOSITS,104.022346,1074
PTJPL,2010-07-01,6-046,6-046,FREMONT VALLEY,FREMONT VALLEY,51.761929,1949
PTJPL,2010-07-01,5-090,5-090,FUNKS CREEK,FUNKS CREEK,36.279134,3278
PTJPL,2010-07-01,1-032,1-032,GARBERVILLE TOWN AREA,GARBERVILLE TOWN AREA,129.425373,536
PTJPL,2010-07-01,1-020,1-020,GARCIA RIVER VALLEY,GARCIA RIVER VALLEY,121.053047,2790
PTJPL,2010-07-01,3-003.01,3-003,GILROY-HOLLISTER VALLEY,GILROY-HOLLISTER VALLEY - LLAGAS AREA,98.867749,76695
PTJPL,2010-07-01,3-003.05,3-003,GILROY-HOLLISTER VALLEY,GILROY-HOLLISTER VALLEY - NORTH SAN BENITO,78.191367,195075
PTJPL,2010-07-01,6-085,6-085,GOLD VALLEY,GOLD VALLEY,,0
PTJPL,2010-07-01,6-048,6-048,GOLDSTONE VALLEY,GOLDSTONE VALLEY,,0
PTJPL,2010-07-01,3-016,3-016,GOLETA,GOLETA,71.415201,3355
PTJPL,2010-07-01,5-001.02,5-001,GOOSE LAKE,GOOSE LAKE - FANDANGO VALLEY,108.172629,29126
PTJPL,2010-07-01,5-001.01,5-001,GOOSE LAKE,GOOSE LAKE - GOOSE VALLEY,108.409951,55936
PTJPL,2010-07-01,5-047,5-047,GOOSE VALLEY,GOOSE VALLEY,143.21975,15463
PTJPL,2010-07-01,6-077,6-077,GRASS VALLEY,GRASS VALLEY,,0
PTJPL,2010-07-01,6-094,6-094,GRASSHOPPER VALLEY,GRASSHOPPER VALLEY,64.323781,3734
PTJPL,2010-07-01,1-048,1-048,GRAVELLY VALLEY,GRAVELLY VALLEY,,0
PTJPL,2010-07-01,5-052,5-052,GRAYS VALLEY,GRAYS VALLEY,,0
PTJPL,2010-07-01,6-084,6-084,GREENWATER VALLEY,GREENWATER VALLEY,,0
PTJPL,2010-07-01,5-059,5-059,GRIZZLY VALLEY,GRIZZLY VALLEY,,0
PTJPL,2010-07-01,2-022,2-022,HALF MOON BAY TERRACE,HALF MOON BAY TERRACE,77.189783,8652
PTJPL,2010-07-01,1-015,1-015,HAPPY CAMP TOWN AREA,HAPPY CAMP TOWN AREA,130.444444,99
PTJPL,2010-07-01,6-047,6-047,HARPER VALLEY,HARPER VALLEY,74.181513,5658
PTJPL,2010-07-01,6-074,6-074,HARRISBURG FLATS,HARRISBURG FLATS,,0
PTJPL,2010-07-01,6-093,6-093,HARVEY VALLEY,HARVEY VALLEY,,0
PTJPL,2010-07-01,1-006,1-006,HAYFORK VALLEY,HAYFORK VALLEY,97.469663,3115
PTJPL,2010-07-01,7-048,7-048,HELENDALE FAULT VALLEY,HELENDALE FAULT VALLEY,,0
PTJPL,2010-07-01,8-006,8-006,HEMET LAKE VALLEY,HEMET LAKE VALLEY,,0
PTJPL,2010-07-01,3-031,3-031,HERNANDEZ VALLEY,HERNANDEZ VALLEY,53.74036,389
PTJPL,2010-07-01,1-036,1-036,HETTENSHAW VALLEY,HETTENSHAW VALLEY,95.40327,2202
PTJPL,2010-07-01,7-053,7-053,HEXIE MOUNTAIN AREA,HEXIE MOUNTAIN AREA,,0
PTJPL,2010-07-01,6-063,6-063,HIDDEN VALLEY,HIDDEN VALLEY,,0
PTJPL,2010-07-01,4-016,4-016,HIDDEN VALLEY,HIDDEN VALLEY,63.34112,3767
PTJPL,2010-07-01,5-016,5-016,HIGH VALLEY,HIGH VALLEY,67.339446,2781
PTJPL,2010-07-01,6-004,6-004,HONEY LAKE VALLEY,HONEY LAKE VALLEY,88.415681,188784
PTJPL,2010-07-01,1-029,1-029,HONEYDEW TOWN AREA,HONEYDEW TOWN AREA,131.316145,1183
PTJPL,2010-07-01,1-007,1-007,HOOPA VALLEY,HOOPA VALLEY,131.711563,787
PTJPL,2010-07-01,6-097,6-097,HORSE LAKE VALLEY,HORSE LAKE VALLEY,124.536563,4335
PTJPL,2010-07-01,5-040,5-040,HOT SPRINGS VALLEY,HOT SPRINGS VALLEY,105.759951,3266
PTJPL,2010-07-01,3-045,3-045,HUASNA VALLEY,HUASNA VALLEY,64.338087,3366
PTJPL,2010-07-01,5-060,5-060,HUMBUG VALLEY,HUMBUG VALLEY,121.647708,1178
PTJPL,2010-07-01,4-018,4-018,HUNGRY VALLEY,HUNGRY VALLEY,,0
PTJPL,2010-07-01,1-035,1-035,HYAMPOM VALLEY,HYAMPOM VALLEY,96.125,504
PTJPL,2010-07-01,7-030,7-030,IMPERIAL VALLEY,IMPERIAL VALLEY,95.651655,1787557
PTJPL,2010-07-01,5-009,5-009,INDIAN VALLEY,INDIAN VALLEY,135.524851,44586
PTJPL,2010-07-01,6-054,6-054,INDIAN WELLS VALLEY,INDIAN WELLS VALLEY,64.344485,14616
PTJPL,2010-07-01,7-050,7-050,IRON RIDGE AREA,IRON RIDGE AREA,,0
PTJPL,2010-07-01,2-033,2-033,ISLAIS VALLEY,ISLAIS VALLEY,,0
PTJPL,2010-07-01,6-030,6-030,IVANPAH VALLEY,IVANPAH VALLEY,98.28976,918
PTJPL,2010-07-01,7-047,7-047,JACUMBA VALLEY,JACUMBA VALLEY,,0
PTJPL,2010-07-01,5-003,5-003,JESS VALLEY,JESS VALLEY,136.628752,15658
PTJPL,2010-07-01,7-018.01,7-018,JOHNSON VALLEY,JOHNSON VALLEY - SOGGY LAKE,9.95,60
PTJPL,2010-07-01,7-018.02,7-018,JOHNSON VALLEY,JOHNSON VALLEY - UPPER JOHNSON VALLEY,,0
PTJPL,2010-07-01,5-086,5-086,JOSEPH CREEK,JOSEPH CREEK,113.436764,4673
PTJPL,2010-07-01,7-062,7-062,JOSHUA TREE,JOSHUA TREE,,0
PTJPL,2010-07-01,6-089,6-089,KANE WASH AREA,KANE WASH AREA,,0
PTJPL,2010-07-01,6-069,6-069,KELSO LANDER VALLEY,KELSO LANDER VALLEY,,0
PTJPL,2010-07-01,6-031,6-031,KELSO VALLEY,KELSO VALLEY,,0
PTJPL,2010-07-01,2-019,2-019,KENWOOD VALLEY,KENWOOD VALLEY,100.771766,5674
PTJPL,2010-07-01,5-025,5-025,KERN RIVER VALLEY,KERN RIVER VALLEY,106.715262,15077
PTJPL,2010-07-01,1-002.02,1-002,KLAMATH RIVER VALLEY,KLAMATH RIVER VALLEY - LOWER KLAMATH,106.693657,93343
PTJPL,2010-07-01,1-002.01,1-002,KLAMATH RIVER VALLEY,KLAMATH RIVER VALLEY - TULELAKE,116.65619,296556
PTJPL,2010-07-01,1-050,1-050,KNIGHTS VALLEY,KNIGHTS VALLEY,97.55504,7322
PTJPL,2010-07-01,5-007,5-007,LAKE ALMANOR VALLEY,LAKE ALMANOR VALLEY,140.603889,2623
PTJPL,2010-07-01,5-046,5-046,LAKE BRITTON AREA,LAKE BRITTON AREA,126.156463,441
PTJPL,2010-07-01,7-001,7-001,LANFAIR VALLEY,LANFAIR VALLEY,,0
PTJPL,2010-07-01,6-036.02,6-036,LANGFORD VALLEY,LANGFORD VALLEY - IRWIN,,0
PTJPL,2010-07-01,6-036.01,6-036,LANGFORD VALLEY,LANGFORD VALLEY - LANGFORD WELL LAKE,,0
PTJPL,2010-07-01,1-033,1-033,LARABEE VALLEY,LARABEE VALLEY,97.616114,211
PTJPL,2010-07-01,4-008,4-008,LAS POSAS VALLEY,LAS POSAS VALLEY,97.021171,90830
PTJPL,2010-07-01,5-057,5-057,LAST CHANCE CREEK VALLEY,LAST CHANCE CREEK VALLEY,,0
PTJPL,2010-07-01,7-014,7-014,LAVIC VALLEY,LAVIC VALLEY,,0
PTJPL,2010-07-01,1-012,1-012,LAYTONVILLE VALLEY,LAYTONVILLE VALLEY,105.860674,5017
PTJPL,2010-07-01,6-027,6-027,LEACH VALLEY,LEACH VALLEY,,0
PTJPL,2010-07-01,6-066,6-066,LEE FLAT,LEE FLAT,,0
PTJPL,2010-07-01,6-106,6-106,LITTLE ANTELOPE VALLEY,LITTLE ANTELOPE VALLEY,103.522143,1829
PTJPL,2010-07-01,5-065,5-065,LITTLE INDIAN VALLEY,LITTLE INDIAN VALLEY,38.0,18
PTJPL,2010-07-01,1-013,1-013,LITTLE LAKE VALLEY,LITTLE LAKE VALLEY,103.891497,16230
PTJPL,2010-07-01,1-041,1-041,LITTLE VALLEY,LITTLE VALLEY,130.437326,718
PTJPL,2010-07-01,2-010,2-010,LIVERMORE VALLEY,LIVERMORE VALLEY,84.091724,31366
PTJPL,2010-07-01,2-038,2-038,LOBOS,LOBOS,98.866569,682
PTJPL,2010-07-01,3-006,3-006,LOCKWOOD VALLEY,LOCKWOOD VALLEY,53.092789,22966
PTJPL,2010-07-01,4-017,4-017,LOCKWOOD VALLEY,LOCKWOOD VALLEY,43.566667,120
PTJPL,2010-07-01,6-011,6-011,LONG VALLEY,LONG VALLEY,105.71465,28621
PTJPL,2010-07-01,5-044,5-044,LONG VALLEY,LONG VALLEY,,0
PTJPL,2010-07-01,6-104,6-104,LONG VALLEY,LONG VALLEY,99.835646,6486
PTJPL,2010-07-01,5-031,5-031,LONG VALLEY,LONG VALLEY,51.61861,2719
PTJPL,2010-07-01,5-070,5-070,LOS BANOS CREEK VALLEY,LOS BANOS CREEK VALLEY,,0
PTJPL,2010-07-01,3-008.01,3-008,LOS OSOS VALLEY,LOS OSOS VALLEY - LOS OSOS AREA,103.80484,1901
PTJPL,2010-07-01,3-008.02,3-008,LOS OSOS VALLEY,LOS OSOS VALLEY - WARDEN CREEK,114.162692,4235
PTJPL,2010-07-01,7-051,7-051,LOST HORSE VALLEY,LOST HORSE VALLEY,,0
PTJPL,2010-07-01,6-071,6-071,LOST LAKE VALLEY,LOST LAKE VALLEY,,0
PTJPL,2010-07-01,6-021,6-021,LOWER KINGSTON VALLEY,LOWER KINGSTON VALLEY,,0
PTJPL,2010-07-01,1-014,1-014,LOWER KLAMATH RIVER VALLEY,LOWER KLAMATH RIVER VALLEY,127.44154,1377
PTJPL,2010-07-01,5-030,5-030,LOWER LAKE VALLEY,LOWER LAKE VALLEY,81.15748,635
PTJPL,2010-07-01,1-038,1-038,LOWER LAYTONVILLE VALLEY,LOWER LAYTONVILLE VALLEY,76.612293,423
PTJPL,2010-07-01,6-040,6-040,LOWER MOJAVE RIVER VALLEY,LOWER MOJAVE RIVER VALLEY,119.806561,17375
PTJPL,2010-07-01,1-060,1-060,LOWER RUSSIAN RIVER VALLEY,LOWER RUSSIAN RIVER VALLEY,108.675591,5453
PTJPL,2010-07-01,7-019,7-019,LUCERNE VALLEY,LUCERNE VALLEY,69.711002,9962
PTJPL,2010-07-01,1-008.02,1-008,MAD RIVER VALLEY,MAD RIVER VALLEY - DOWS PRAIRIE SCHOOL AREA,127.471874,5902
PTJPL,2010-07-01,1-008.01,1-008,MAD RIVER VALLEY,MAD RIVER VALLEY - MAD RIVER LOWLAND,132.225559,27403
PTJPL,2010-07-01,6-002,6-002,MADELINE PLAINS,MADELINE PLAINS,83.415475,97657
PTJPL,2010-07-01,3-051,3-051,MAJORS CREEK,MAJORS CREEK,70.696237,744
PTJPL,2010-07-01,4-022,4-022,MALIBU VALLEY,MALIBU VALLEY,104.894737,38
PTJPL,2010-07-01,6-064,6-064,MARBLE CANYON AREA,MARBLE CANYON AREA,,0
PTJPL,2010-07-01,2-039,2-039,MARINA,MARINA,,0
PTJPL,2010-07-01,6-067,6-067,MARTIS VALLEY,MARTIS VALLEY,123.006388,3444
PTJPL,2010-07-01,7-059,7-059,MASON VALLEY,MASON VALLEY,,0
PTJPL,2010-07-01,1-028,1-028,MATTOLE RIVER VALLEY,MATTOLE RIVER VALLEY,118.091527,2797
PTJPL,2010-07-01,5-035,5-035,MCCLOUD AREA,MCCLOUD AREA,144.775401,187
PTJPL,2010-07-01,5-095,5-095,MEADOW VALLEY,MEADOW VALLEY,126.694054,925
PTJPL,2010-07-01,7-017,7-017,MEANS VALLEY,MEANS VALLEY,10.02381,42
PTJPL,2010-07-01,6-029,6-029,MESQUITE VALLEY,MESQUITE VALLEY,109.845992,9058
PTJPL,2010-07-01,6-020,6-020,MIDDLE AMARGOSA VALLEY,MIDDLE AMARGOSA VALLEY,116.06422,109
PTJPL,2010-07-01,5-094,5-094,MIDDLE CREEK,MIDDLE CREEK,114.748148,135
PTJPL,2010-07-01,5-087,5-087,MIDDLE FORK FEATHER RIVER,MIDDLE FORK FEATHER RIVER,123.026316,646
PTJPL,2010-07-01,6-041,6-041,MIDDLE MOJAVE RIVER VALLEY,MIDDLE MOJAVE RIVER VALLEY,126.954712,3268
PTJPL,2010-07-01,6-080,6-080,MIDDLE PARK CANYON,MIDDLE PARK CANYON,,0
PTJPL,2010-07-01,5-085,5-085,MIL POTRERO AREA,MIL POTRERO AREA,117.8125,112
PTJPL,2010-07-01,9-014,9-014,MISSION VALLEY,MISSION VALLEY,120.287093,829
PTJPL,2010-07-01,5-011,5-011,MOHAWK VALLEY,MOHAWK VALLEY,136.442964,6531
PTJPL,2010-07-01,6-009,6-009,MONO VALLEY,MONO VALLEY,87.393305,239
PTJPL,2010-07-01,3-049,3-049,MONTECITO,MONTECITO,86.38676,1722
PTJPL,2010-07-01,7-020,7-020,MORONGO VALLEY,MORONGO VALLEY,25.619048,21
PTJPL,2010-07-01,3-041,3-041,MORRO VALLEY,MORRO VALLEY,96.774376,1241
PTJPL,2010-07-01,5-008,5-008,MOUNTAIN MEADOWS VALLEY,MOUNTAIN MEADOWS VALLEY,122.377521,23845
PTJPL,2010-07-01,1-056,1-056,McDOWELL VALLEY,McDOWELL VALLEY,86.996434,2804
PTJPL,2010-07-01,2-002.01,2-002,NAPA-SONOMA VALLEY,NAPA-SONOMA VALLEY - NAPA VALLEY,119.658238,93416
PTJPL,2010-07-01,2-002.03,2-002,NAPA-SONOMA VALLEY,NAPA-SONOMA VALLEY - NAPA-SONOMA LOWLANDS,110.873664,23572
PTJPL,2010-07-01,2-002.02,2-002,NAPA-SONOMA VALLEY,NAPA-SONOMA VALLEY - SONOMA VALLEY,99.711209,80598
PTJPL,2010-07-01,1-046,1-046,NAVARRO RIVER VALLEY,NAVARRO RIVER VALLEY,,0
PTJPL,2010-07-01,3-052,3-052,NEEDLE ROCK POINT,NEEDLE ROCK POINT,68.584399,1564
PTJPL,2010-07-01,7-044,7-044,NEEDLES VALLEY,NEEDLES VALLEY,106.477282,16397
PTJPL,2010-07-01,5-050,5-050,NORTH FORK BATTLE CREEK,NORTH FORK BATTLE CREEK,125.141738,2808
PTJPL,2010-07-01,2-030,2-030,NOVATO VALLEY,NOVATO VALLEY,120.114209,14596
PTJPL,2010-07-01,7-025,7-025,OCOTILLO-CLARK VALLEY,OCOTILLO-CLARK VALLEY,75.632008,37509
PTJPL,2010-07-01,7-035,7-035,OGILBY VALLEY,OGILBY VALLEY,17.195413,3357
PTJPL,2010-07-01,4-002,4-002,OJAI VALLEY,OJAI VALLEY,114.828562,9327
PTJPL,2010-07-01,3-039,3-039,OLD VALLEY,OLD VALLEY,102.995122,205
PTJPL,2010-07-01,6-108,6-108,OLYMPIC VALLEY,OLYMPIC VALLEY,123.046205,303
PTJPL,2010-07-01,7-031,7-031,OROCOPIA VALLEY,OROCOPIA VALLEY,1.701863,161
PTJPL,2010-07-01,6-012.02,6-012,OWENS VALLEY,OWENS VALLEY - FISH SLOUGH,,0
PTJPL,2010-07-01,6-012.01,6-012,OWENS VALLEY,OWENS VALLEY - OWENS VALLEY,125.766756,93070
PTJPL,2010-07-01,6-088,6-088,OWL LAKE VALLEY,OWL LAKE VALLEY,,0
PTJPL,2010-07-01,6-028,6-028,PAHRUMP VALLEY,PAHRUMP VALLEY,,0
PTJPL,2010-07-01,6-099,6-099,PAINTERS FLAT,PAINTERS FLAT,55.518094,1133
PTJPL,2010-07-01,7-039,7-039,PALO VERDE MESA,PALO VERDE MESA,90.135263,161308
PTJPL,2010-07-01,7-038,7-038,PALO VERDE VALLEY,PALO VERDE VALLEY,99.295222,224174
PTJPL,2010-07-01,9-024,9-024,PAMO VALLEY,PAMO VALLEY,,0
PTJPL,2010-07-01,6-058,6-058,PANAMINT VALLEY,PANAMINT VALLEY,,0
PTJPL,2010-07-01,5-023,5-023,PANOCHE VALLEY,PANOCHE VALLEY,28.980163,1966
PTJPL,2010-07-01,3-032,3-032,PEACH TREE VALLEY,PEACH TREE VALLEY,26.905363,1268
PTJPL,2010-07-01,1-030,1-030,PEPPERWOOD TOWN AREA,PEPPERWOOD TOWN AREA,117.27505,3523
PTJPL,2010-07-01,2-026,2-026,PESCADERO VALLEY,PESCADERO VALLEY,78.847789,2352
PTJPL,2010-07-01,2-001,2-001,PETALUMA VALLEY,PETALUMA VALLEY,108.513381,46221
PTJPL,2010-07-01,6-051,6-051,PILOT KNOB VALLEY,PILOT KNOB VALLEY,,0
PTJPL,2010-07-01,6-092,6-092,PINE CREEK VALLEY,PINE CREEK VALLEY,131.65625,64
PTJPL,2010-07-01,7-006,7-006,PINTO VALLEY,PINTO VALLEY,,0
PTJPL,2010-07-01,7-049,7-049,PIPES CANYON FAULT VALLEY,PIPES CANYON FAULT VALLEY,,0
PTJPL,2010-07-01,2-004,2-004,PITTSBURG PLAIN,PITTSBURG PLAIN,,0
PTJPL,2010-07-01,7-045,7-045,PIUTE VALLEY,PIUTE VALLEY,,0
PTJPL,2010-07-01,7-052,7-052,PLEASANT VALLEY,PLEASANT VALLEY,,0
PTJPL,2010-07-01,4-006,4-006,PLEASANT VALLEY,PLEASANT VALLEY,66.521246,33182
PTJPL,2010-07-01,5-038,5-038,PONDOSA TOWN AREA,PONDOSA TOWN AREA,,0
PTJPL,2010-07-01,5-068,5-068,POPE VALLEY,POPE VALLEY,99.402559,12659
PTJPL,2010-07-01,9-029,9-029,POTRERO VALLEY,POTRERO VALLEY,51.84097,371
PTJPL,2010-07-01,1-051,1-051,POTTER VALLEY,POTTER VALLEY,114.800915,20554
PTJPL,2010-07-01,9-013,9-013,POWAY VALLEY,POWAY VALLEY,,0
PTJPL,2010-07-01,3-044,3-044,POZO VALLEY,POZO VALLEY,55.464062,2713
PTJPL,2010-07-01,1-025,1-025,PRAIRIE CREEK AREA,PRAIRIE CREEK AREA,,0
PTJPL,2010-07-01,7-040,7-040,QUIEN SABE POINT VALLEY,QUIEN SABE POINT VALLEY,119.549435,708
PTJPL,2010-07-01,3-024,3-024,QUIEN SABE VALLEY,QUIEN SABE VALLEY,41.910725,11403
PTJPL,2010-07-01,6-062,6-062,RACE TRACK VALLEY,RACE TRACK VALLEY,,0
PTJPL,2010-07-01,3-046,3-046,RAFAEL VALLEY,RAFAEL VALLEY,42.0,1
PTJPL,2010-07-01,9-025,9-025,RANCHITA TOWN AREA,RANCHITA TOWN AREA,43.590909,44
PTJPL,2010-07-01,4-023,4-023,RAYMOND,RAYMOND,116.815958,1717
PTJPL,2010-07-01,6-024,6-024,RED PASS VALLEY,RED PASS VALLEY,,0
PTJPL,2010-07-01,1-018,1-018,RED ROCK VALLEY,RED ROCK VALLEY,108.786243,22680
PTJPL,2010-07-01,5-006.03,5-006,REDDING AREA,REDDING AREA - ANDERSON,127.082606,42951
PTJPL,2010-07-01,5-006.01,5-006,REDDING AREA,REDDING AREA - BOWMAN,136.211592,18219
PTJPL,2010-07-01,5-006.04,5-006,REDDING AREA,REDDING AREA - ENTERPRISE,98.630851,22476
PTJPL,2010-07-01,5-006.05,5-006,REDDING AREA,REDDING AREA - MILLVILLE,118.509579,9082
PTJPL,2010-07-01,5-006.06,5-006,REDDING AREA,REDDING AREA - SOUTH BATTLE CREEK,134.558381,7982
PTJPL,2010-07-01,1-026,1-026,REDWOOD CREEK AREA,REDWOOD CREEK AREA,134.985251,2712
PTJPL,2010-07-01,6-086,6-086,RHODES HILL AREA,RHODES HILL AREA,,0
PTJPL,2010-07-01,7-004,7-004,RICE VALLEY,RICE VALLEY,148.736672,619
PTJPL,2010-07-01,6-023,6-023,RIGGS VALLEY,RIGGS VALLEY,,0
PTJPL,2010-07-01,3-043,3-043,RINCONADA VALLEY,RINCONADA VALLEY,96.664603,2907
PTJPL,2010-07-01,5-043,5-043,ROCK PRAIRIE VALLEY,ROCK PRAIRIE VALLEY,,0
PTJPL,2010-07-01,6-056,6-056,ROSE VALLEY,ROSE VALLEY,,0
PTJPL,2010-07-01,2-028,2-028,ROSS VALLEY,ROSS VALLEY,,0
PTJPL,2010-07-01,5-036,5-036,ROUND VALLEY,ROUND VALLEY,96.580911,14312
PTJPL,2010-07-01,4-020,4-020,RUSSELL VALLEY,RUSSELL VALLEY,116.236641,131
PTJPL,2010-07-01,5-021.54,5-021,SACRAMENTO VALLEY,SACRAMENTO VALLEY - ANTELOPE,168.240733,37689
PTJPL,2010-07-01,5-021.53,5-021,SACRAMENTO VALLEY,SACRAMENTO VALLEY - BEND,100.470431,2621
PTJPL,2010-07-01,5-021.70,5-021,SACRAMENTO VALLEY,SACRAMENTO VALLEY - BUTTE,172.090364,817606
PTJPL,2010-07-01,5-021.52,5-021,SACRAMENTO VALLEY,SACRAMENTO VALLEY - COLUSA,167.743293,2198924
PTJPL,2010-07-01,5-021.51,5-021,SACRAMENTO VALLEY,SACRAMENTO VALLEY - CORNING,114.280499,348885
PTJPL,2010-07-01,5-021.56,5-021,SACRAMENTO VALLEY,SACRAMENTO VALLEY - LOS MOLINOS,154.857091,77700
PTJPL,2010-07-01,5-021.64,5-021,SACRAMENTO VALLEY,SACRAMENTO VALLEY - NORTH AMERICAN,138.760116,553454
PTJPL,2010-07-01,5-021.60,5-021,SACRAMENTO VALLEY,SACRAMENTO VALLEY - NORTH YUBA,177.207216,171444
PTJPL,2010-07-01,5-021.50,5-021,SACRAMENTO VALLEY,SACRAMENTO VALLEY - RED BLUFF,112.768832,175098
PTJPL,2010-07-01,5-021.66,5-021,SACRAMENTO VALLEY,SACRAMENTO VALLEY - SOLANO,142.254561,931583
PTJPL,2010-07-01,5-021.65,5-021,SACRAMENTO VALLEY,SACRAMENTO VALLEY - SOUTH AMERICAN,120.863613,248983
PTJPL,2010-07-01,5-021.61,5-021,SACRAMENTO VALLEY,SACRAMENTO VALLEY - SOUTH YUBA,153.833333,215148
PTJPL,2010-07-01,5-021.62,5-021,SACRAMENTO VALLEY,SACRAMENTO VALLEY - SUTTER,161.309819,862677
PTJPL,2010-07-01,5-021.57,5-021,SACRAMENTO VALLEY,SACRAMENTO VALLEY - VINA,157.819146,355464
PTJPL,2010-07-01,5-021.69,5-021,SACRAMENTO VALLEY,SACRAMENTO VALLEY - WYANDOTTE CREEK,120.777119,72218
PTJPL,2010-07-01,5-021.67,5-021,SACRAMENTO VALLEY,SACRAMENTO VALLEY - YOLO,131.880937,1423435
PTJPL,2010-07-01,3-004.01,3-004,SALINAS VALLEY,SALINAS VALLEY - 180/400 FOOT AQUIFER,91.644958,244878
PTJPL,2010-07-01,3-004.11,3-004,SALINAS VALLEY,SALINAS VALLEY - ATASCADERO AREA,77.23122,25586
PTJPL,2010-07-01,3-004.02,3-004,SALINAS VALLEY,SALINAS VALLEY - EAST SIDE AQUIFER,93.70808,155488
PTJPL,2010-07-01,3-004.04,3-004,SALINAS VALLEY,SALINAS VALLEY - FOREBAY AQUIFER,92.596397,261975
PTJPL,2010-07-01,3-004.09,3-004,SALINAS VALLEY,SALINAS VALLEY - LANGLEY AREA,82.900905,8396
PTJPL,2010-07-01,3-004.10,3-004,SALINAS VALLEY,SALINAS VALLEY - MONTEREY,103.096934,3033
PTJPL,2010-07-01,3-004.06,3-004,SALINAS VALLEY,SALINAS VALLEY - PASO ROBLES AREA,75.198033,339924
PTJPL,2010-07-01,3-004.08,3-004,SALINAS VALLEY,SALINAS VALLEY - SEASIDE,109.962873,1643
PTJPL,2010-07-01,3-004.05,3-004,SALINAS VALLEY,SALINAS VALLEY - UPPER VALLEY AQUIFER,86.026586,280181
PTJPL,2010-07-01,6-017,6-017,SALINE VALLEY,SALINE VALLEY,,0
PTJPL,2010-07-01,6-053,6-053,SALT WELLS VALLEY,SALT WELLS VALLEY,,0
PTJPL,2010-07-01,3-014,3-014,SAN ANTONIO CREEK VALLEY,SAN ANTONIO CREEK VALLEY,95.636575,63229
PTJPL,2010-07-01,3-028,3-028,SAN BENITO RIVER VALLEY,SAN BENITO RIVER VALLEY,79.309291,4187
PTJPL,2010-07-01,3-033,3-033,SAN CARPOFORO VALLEY,SAN CARPOFORO VALLEY,,0
PTJPL,2010-07-01,9-015,9-015,SAN DIEGO RIVER VALLEY,SAN DIEGO RIVER VALLEY,109.966637,1139
PTJPL,2010-07-01,9-012,9-012,SAN DIEGUITO CREEK,SAN DIEGUITO CREEK,112.483851,1610
PTJPL,2010-07-01,9-023,9-023,SAN ELIJO VALLEY,SAN ELIJO VALLEY,91.32,25
PTJPL,2010-07-01,7-027,7-027,SAN FELIPE VALLEY,SAN FELIPE VALLEY,53.527027,74
PTJPL,2010-07-01,4-012,4-012,SAN FERNANDO VALLEY,SAN FERNANDO VALLEY,119.993002,8431
PTJPL,2010-07-01,4-013,4-013,SAN GABRIEL VALLEY,SAN GABRIEL VALLEY,111.864865,9139
PTJPL,2010-07-01,2-024,2-024,SAN GREGORIO VALLEY,SAN GREGORIO VALLEY,85.270796,1130
PTJPL,2010-07-01,8-005,8-005,SAN JACINTO,SAN JACINTO,54.63354,135450
PTJPL,2010-07-01,5-022.05,5-022,SAN JOAQUIN VALLEY,SAN JOAQUIN VALLEY - CHOWCHILLA,130.726778,545901
PTJPL,2010-07-01,5-022.16,5-022,SAN JOAQUIN VALLEY,SAN JOAQUIN VALLEY - COSUMNES,103.001276,250879
PTJPL,2010-07-01,5-022.07,5-022,SAN JOAQUIN VALLEY,SAN JOAQUIN VALLEY - DELTA-MENDOTA,134.580896,2031921
PTJPL,2010-07-01,5-022.19,5-022,SAN JOAQUIN VALLEY,SAN JOAQUIN VALLEY - EAST CONTRA COSTA,135.244388,180148
PTJPL,2010-07-01,5-022.01,5-022,SAN JOAQUIN VALLEY,SAN JOAQUIN VALLEY - EASTERN SAN JOAQUIN,131.062887,1846604
PTJPL,2010-07-01,5-022.11,5-022,SAN JOAQUIN VALLEY,SAN JOAQUIN VALLEY - KAWEAH,134.050829,1384373
PTJPL,2010-07-01,5-022.14,5-022,SAN JOAQUIN VALLEY,SAN JOAQUIN VALLEY - KERN COUNTY,123.383344,3709451
PTJPL,2010-07-01,5-022.17,5-022,SAN JOAQUIN VALLEY,SAN JOAQUIN VALLEY - KETTLEMAN PLAIN,21.957583,135911
PTJPL,2010-07-01,5-022.08,5-022,SAN JOAQUIN VALLEY,SAN JOAQUIN VALLEY - KINGS,132.385013,2980360
PTJPL,2010-07-01,5-022.06,5-022,SAN JOAQUIN VALLEY,SAN JOAQUIN VALLEY - MADERA,122.032931,953242
PTJPL,2010-07-01,5-022.04,5-022,SAN JOAQUIN VALLEY,SAN JOAQUIN VALLEY - MERCED,133.652856,1185008
PTJPL,2010-07-01,5-022.02,5-022,SAN JOAQUIN VALLEY,SAN JOAQUIN VALLEY - MODESTO,131.318997,583344
PTJPL,2010-07-01,5-022.10,5-022,SAN JOAQUIN VALLEY,SAN JOAQUIN VALLEY - PLEASANT VALLEY,36.570678,120709
PTJPL,2010-07-01,5-022.15,5-022,SAN JOAQUIN VALLEY,SAN JOAQUIN VALLEY - TRACY,140.897183,626628
PTJPL,2010-07-01,5-022.12,5-022,SAN JOAQUIN VALLEY,SAN JOAQUIN VALLEY - TULARE LAKE,121.266389,1573381
PTJPL,2010-07-01,5-022.13,5-022,SAN JOAQUIN VALLEY,SAN JOAQUIN VALLEY - TULE,108.303333,1579994
PTJPL,2010-07-01,5-022.03,5-022,SAN JOAQUIN VALLEY,SAN JOAQUIN VALLEY - TURLOCK,155.983255,1022516
PTJPL,2010-07-01,5-022.09,5-022,SAN JOAQUIN VALLEY,SAN JOAQUIN VALLEY - WESTSIDE,97.850759,2400602
PTJPL,2010-07-01,5-022.18,5-022,SAN JOAQUIN VALLEY,SAN JOAQUIN VALLEY - WHITE WOLF,123.981515,162939
PTJPL,2010-07-01,9-001,9-001,SAN JUAN VALLEY,SAN JUAN VALLEY,116.599472,2272
PTJPL,2010-07-01,3-009,3-009,SAN LUIS OBISPO VALLEY,SAN LUIS OBISPO VALLEY,96.630822,16683
PTJPL,2010-07-01,9-007.02,9-007,SAN LUIS REY VALLEY,SAN LUIS REY VALLEY - LOWER SAN LUIS REY VALLEY,117.308973,2764
PTJPL,2010-07-01,9-007.01,9-007,SAN LUIS REY VALLEY,SAN LUIS REY VALLEY - UPPER SAN LUIS REY VALLEY,122.54018,25597
PTJPL,2010-07-01,9-032,9-032,SAN MARCOS AREA,SAN MARCOS AREA,120.259259,27
PTJPL,2010-07-01,9-002,9-002,SAN MATEO VALLEY,SAN MATEO VALLEY,132.777778,9
PTJPL,2010-07-01,9-003,9-003,SAN ONOFRE VALLEY,SAN ONOFRE VALLEY,,0
PTJPL,2010-07-01,9-010,9-010,SAN PASQUAL VALLEY,SAN PASQUAL VALLEY,87.949408,7689
PTJPL,2010-07-01,2-036,2-036,SAN PEDRO VALLEY,SAN PEDRO VALLEY,111.791667,24
PTJPL,2010-07-01,2-029,2-029,SAN RAFAEL VALLEY,SAN RAFAEL VALLEY,,0
PTJPL,2010-07-01,2-007,2-007,SAN RAMON VALLEY,SAN RAMON VALLEY,140.312169,378
PTJPL,2010-07-01,3-035,3-035,SAN SIMEON VALLEY,SAN SIMEON VALLEY,82.481481,216
PTJPL,2010-07-01,2-027,2-027,SAND POINT AREA,SAND POINT AREA,111.053637,20564
PTJPL,2010-07-01,1-053,1-053,SANEL VALLEY,SANEL VALLEY,105.3979,11812
PTJPL,2010-07-01,3-022,3-022,SANTA ANA VALLEY,SANTA ANA VALLEY,46.629086,7158
PTJPL,2010-07-01,3-017,3-017,SANTA BARBARA,SANTA BARBARA,86.927954,694
PTJPL,2010-07-01,4-004.05,4-004,SANTA CLARA RIVER VALLEY,SANTA CLARA RIVER VALLEY - FILLMORE,115.563955,50121
PTJPL,2010-07-01,4-004.03,4-004,SANTA CLARA RIVER VALLEY,SANTA CLARA RIVER VALLEY - MOUND,61.673285,8059
PTJPL,2010-07-01,4-004.02,4-004,SANTA CLARA RIVER VALLEY,SANTA CLARA RIVER VALLEY - OXNARD,53.666052,102459
PTJPL,2010-07-01,4-004.06,4-004,SANTA CLARA RIVER VALLEY,SANTA CLARA RIVER VALLEY - PIRU,115.625926,23073
PTJPL,2010-07-01,4-004.07,4-004,SANTA CLARA RIVER VALLEY,SANTA CLARA RIVER VALLEY - SANTA CLARA RIVER VALLEY EAST,108.60188,6807
PTJPL,2010-07-01,4-004.04,4-004,SANTA CLARA RIVER VALLEY,SANTA CLARA RIVER VALLEY - SANTA PAULA,97.518052,40550
PTJPL,2010-07-01,2-009.04,2-009,SANTA CLARA VALLEY,SANTA CLARA VALLEY - EAST BAY PLAIN,142.227501,2989
PTJPL,2010-07-01,2-009.01,2-009,SANTA CLARA VALLEY,SANTA CLARA VALLEY - NILES CONE,96.887214,1791
PTJPL,2010-07-01,2-009.03,2-009,SANTA CLARA VALLEY,SANTA CLARA VALLEY - SAN MATEO PLAIN,129.755523,1358
PTJPL,2010-07-01,2-009.02,2-009,SANTA CLARA VALLEY,SANTA CLARA VALLEY - SANTA CLARA,96.429585,25790
PTJPL,2010-07-01,3-001,3-001,SANTA CRUZ MID-COUNTY,SANTA CRUZ MID-COUNTY,85.344897,3978
PTJPL,2010-07-01,3-027,3-027,SANTA MARGARITA,SANTA MARGARITA,76.872483,298
PTJPL,2010-07-01,9-004,9-004,SANTA MARGARITA VALLEY,SANTA MARGARITA VALLEY,,0
PTJPL,2010-07-01,3-012.02,3-012,SANTA MARIA RIVER VALLEY,SANTA MARIA RIVER VALLEY - ARROYO GRANDE,70.943167,6176
PTJPL,2010-07-01,3-012.01,3-012,SANTA MARIA RIVER VALLEY,SANTA MARIA RIVER VALLEY - SANTA MARIA,81.330379,262541
PTJPL,2010-07-01,9-011,9-011,SANTA MARIA VALLEY,SANTA MARIA VALLEY,62.625315,3176
PTJPL,2010-07-01,6-068,6-068,SANTA ROSA FLAT,SANTA ROSA FLAT,,0
PTJPL,2010-07-01,3-036,3-036,SANTA ROSA VALLEY,SANTA ROSA VALLEY,95.989431,2744
PTJPL,2010-07-01,1-055.02,1-055,SANTA ROSA VALLEY,SANTA ROSA VALLEY - HEALDSBURG AREA,107.781345,31401
PTJPL,2010-07-01,1-055.03,1-055,SANTA ROSA VALLEY,SANTA ROSA VALLEY - RINCON VALLEY,92.018933,581
PTJPL,2010-07-01,1-055.01,1-055,SANTA ROSA VALLEY,SANTA ROSA VALLEY - SANTA ROSA PLAIN,112.347746,81016
PTJPL,2010-07-01,3-015,3-015,SANTA YNEZ RIVER VALLEY,SANTA YNEZ RIVER VALLEY,79.321931,118162
PTJPL,2010-07-01,1-005,1-005,SCOTT RIVER VALLEY,SCOTT RIVER VALLEY,128.815895,147258
PTJPL,2010-07-01,5-014,5-014,SCOTTS VALLEY,SCOTTS VALLEY,121.967405,7271
PTJPL,2010-07-01,6-052,6-052,SEARLES VALLEY,SEARLES VALLEY,,0
PTJPL,2010-07-01,6-100,6-100,SECRET VALLEY,SECRET VALLEY,74.972534,12379
PTJPL,2010-07-01,1-016,1-016,SEIAD VALLEY,SEIAD VALLEY,117.753986,439
PTJPL,2010-07-01,8-008,8-008,SEVEN OAKS VALLEY,SEVEN OAKS VALLEY,,0
PTJPL,2010-07-01,1-004,1-004,SHASTA VALLEY,SHASTA VALLEY,116.975954,257678
PTJPL,2010-07-01,1-042,1-042,SHERWOOD VALLEY,SHERWOOD VALLEY,,0
PTJPL,2010-07-01,5-012.02,5-012,SIERRA VALLEY,SIERRA VALLEY - CHILCOOT,129.519709,5505
PTJPL,2010-07-01,5-012.01,5-012,SIERRA VALLEY,SIERRA VALLEY - SIERRA VALLEY,104.062581,213275
PTJPL,2010-07-01,6-034,6-034,SILVER LAKE VALLEY,SILVER LAKE VALLEY,,0
PTJPL,2010-07-01,4-009,4-009,SIMI VALLEY,SIMI VALLEY,121.375482,1297
PTJPL,2010-07-01,6-105,6-105,SLINKARD VALLEY,SLINKARD VALLEY,,0
PTJPL,2010-07-01,1-001,1-001,SMITH RIVER PLAIN,SMITH RIVER PLAIN,126.543647,36303
PTJPL,2010-07-01,6-033,6-033,SODA LAKE VALLEY,SODA LAKE VALLEY,,0
PTJPL,2010-07-01,2-037,2-037,SOUTH SAN FRANCISCO,SOUTH SAN FRANCISCO,,0
PTJPL,2010-07-01,6-082,6-082,SPRING CANYON VALLEY,SPRING CANYON VALLEY,,0
PTJPL,2010-07-01,5-089,5-089,SQUAW FLAT,SQUAW FLAT,,0
PTJPL,2010-07-01,5-088,5-088,STONY GORGE RESERVOIR,STONY GORGE RESERVOIR,93.310166,964
PTJPL,2010-07-01,5-063,5-063,STONYFORD TOWN AREA,STONYFORD TOWN AREA,99.078818,3857
PTJPL,2010-07-01,2-003,2-003,SUISUN-FAIRFIELD VALLEY,SUISUN-FAIRFIELD VALLEY,79.359429,91868
PTJPL,2010-07-01,2-011,2-011,SUNOL VALLEY,SUNOL VALLEY,85.80314,1656
PTJPL,2010-07-01,6-049,6-049,SUPERIOR VALLEY,SUPERIOR VALLEY,,0
PTJPL,2010-07-01,6-001,6-001,SURPRISE VALLEY,SURPRISE VALLEY,103.079204,234180
PTJPL,2010-07-01,6-107,6-107,SWEETWATER FLAT,SWEETWATER FLAT,110.441358,324
PTJPL,2010-07-01,6-005.03,6-005,TAHOE VALLEY,TAHOE VALLEY - TAHOE NORTH,132.395238,210
PTJPL,2010-07-01,6-005.01,6-005,TAHOE VALLEY,TAHOE VALLEY - TAHOE SOUTH,125.928477,755
PTJPL,2010-07-01,6-005.02,6-005,TAHOE VALLEY,TAHOE VALLEY - TAHOE WEST,115.853801,171
PTJPL,2010-07-01,6-045,6-045,TEHACHAPI VALLEY EAST,TEHACHAPI VALLEY EAST,54.032382,3397
PTJPL,2010-07-01,5-028,5-028,TEHACHAPI VALLEY WEST,TEHACHAPI VALLEY WEST,49.585242,4540
PTJPL,2010-07-01,9-005,9-005,TEMECULA VALLEY,TEMECULA VALLEY,88.596042,20517
PTJPL,2010-07-01,1-040,1-040,TEN MILE RIVER VALLEY,TEN MILE RIVER VALLEY,114.282297,209
PTJPL,2010-07-01,7-026,7-026,TERWILLIGER VALLEY,TERWILLIGER VALLEY,64.692308,169
PTJPL,2010-07-01,4-019,4-019,THOUSAND OAKS AREA,THOUSAND OAKS AREA,129.288312,385
PTJPL,2010-07-01,4-015,4-015,TIERRA REJADA,TIERRA REJADA,92.813294,4092
PTJPL,2010-07-01,5-037,5-037,TOAD WELL AREA,TOAD WELL AREA,,0
PTJPL,2010-07-01,3-040,3-040,TORO VALLEY,TORO VALLEY,113.62973,370
PTJPL,2010-07-01,6-098,6-098,TULEDAD CANYON VALLEY,TULEDAD CANYON VALLEY,74.732258,310
PTJPL,2010-07-01,7-010,7-010,TWENTYNINE PALMS VALLEY,TWENTYNINE PALMS VALLEY,66.903614,747
PTJPL,2010-07-01,1-052,1-052,UKIAH VALLEY,UKIAH VALLEY,122.484359,43476
PTJPL,2010-07-01,6-022,6-022,UPPER KINGSTON VALLEY,UPPER KINGSTON VALLEY,,0
PTJPL,2010-07-01,5-013,5-013,UPPER LAKE VALLEY,UPPER LAKE VALLEY,103.770563,12413
PTJPL,2010-07-01,6-042,6-042,UPPER MOJAVE RIVER VALLEY,UPPER MOJAVE RIVER VALLEY,76.185981,6748
PTJPL,2010-07-01,4-001,4-001,UPPER OJAI VALLEY,UPPER OJAI VALLEY,53.798725,3294
PTJPL,2010-07-01,3-023,3-023,UPPER SANTA ANA VALLEY,UPPER SANTA ANA VALLEY,52.571429,7
PTJPL,2010-07-01,8-002.05,8-002,UPPER SANTA ANA VALLEY,UPPER SANTA ANA VALLEY - CAJON,73.764706,170
PTJPL,2010-07-01,8-002.01,8-002,UPPER SANTA ANA VALLEY,UPPER SANTA ANA VALLEY - CHINO,71.26284,29440
PTJPL,2010-07-01,8-002.02,8-002,UPPER SANTA ANA VALLEY,UPPER SANTA ANA VALLEY - CUCAMONGA,120.428358,670
PTJPL,2010-07-01,8-002.04,8-002,UPPER SANTA ANA VALLEY,UPPER SANTA ANA VALLEY - RIALTO-COLTON,82.654429,1253
PTJPL,2010-07-01,8-002.03,8-002,UPPER SANTA ANA VALLEY,UPPER SANTA ANA VALLEY - RIVERSIDE-ARLINGTON,101.224903,13966
PTJPL,2010-07-01,8-002.06,8-002,UPPER SANTA ANA VALLEY,UPPER SANTA ANA VALLEY - SAN BERNARDINO,104.844863,15554
PTJPL,2010-07-01,8-002.08,8-002,UPPER SANTA ANA VALLEY,UPPER SANTA ANA VALLEY - SAN TIMOTEO,100.988858,4667
PTJPL,2010-07-01,8-002.09,8-002,UPPER SANTA ANA VALLEY,UPPER SANTA ANA VALLEY - TEMESCAL,112.262722,845
PTJPL,2010-07-01,8-002.07,8-002,UPPER SANTA ANA VALLEY,UPPER SANTA ANA VALLEY - YUCAIPA,88.091672,2858
PTJPL,2010-07-01,7-028,7-028,VALLECITO-CARRIZO VALLEY,VALLECITO-CARRIZO VALLEY,,0
PTJPL,2010-07-01,5-071,5-071,VALLECITOS CREEK VALLEY,VALLECITOS CREEK VALLEY,,0
PTJPL,2010-07-01,7-063,7-063,VANDEVENTER FLAT,VANDEVENTER FLAT,,0
PTJPL,2010-07-01,4-003.02,4-003,VENTURA RIVER VALLEY,VENTURA RIVER VALLEY - LOWER VENTURA RIVER,65.185037,1751
PTJPL,2010-07-01,4-003.01,4-003,VENTURA RIVER VALLEY,VENTURA RIVER VALLEY - UPPER VENTURA RIVER,84.996957,2300
PTJPL,2010-07-01,7-042,7-042,VIDAL VALLEY,VIDAL VALLEY,,0
PTJPL,2010-07-01,3-037,3-037,VILLA VALLEY,VILLA VALLEY,88.007026,854
PTJPL,2010-07-01,2-032,2-032,VISITACION VALLEY,VISITACION VALLEY,120.382022,178
PTJPL,2010-07-01,5-026,5-026,WALKER BASIN CREEK VALLEY,WALKER BASIN CREEK VALLEY,56.173791,6387
PTJPL,2010-07-01,7-003,7-003,WARD VALLEY,WARD VALLEY,,0
PTJPL,2010-07-01,9-008,9-008,WARNER VALLEY,WARNER VALLEY,99.311953,343
PTJPL,2010-07-01,7-012,7-012,WARREN VALLEY,WARREN VALLEY,41.97971,345
PTJPL,2010-07-01,1-031,1-031,WEOTT TOWN AREA,WEOTT TOWN AREA,120.992352,523
PTJPL,2010-07-01,7-022,7-022,WEST SALTON SEA,WEST SALTON SEA,,0
PTJPL,2010-07-01,3-026,3-026,WEST SANTA CRUZ TERRACE,WEST SANTA CRUZ TERRACE,80.311445,1599
PTJPL,2010-07-01,2-035,2-035,WESTSIDE,WESTSIDE,104.783044,3692
PTJPL,2010-07-01,6-073,6-073,WILD HORSE MESA AREA,WILD HORSE MESA AREA,,0
PTJPL,2010-07-01,6-075,6-075,WILDROSE CANYON,WILDROSE CANYON,,0
PTJPL,2010-07-01,1-043,1-043,WILLIAMS VALLEY,WILLIAMS VALLEY,91.692784,485
PTJPL,2010-07-01,6-003,6-003,WILLOW CREEK VALLEY,WILLOW CREEK VALLEY,131.429543,26463
PTJPL,2010-07-01,1-059,1-059,WILSON GROVE FORMATION HIGHLANDS,WILSON GROVE FORMATION HIGHLANDS,114.185229,70610
PTJPL,2010-07-01,1-062,1-062,WILSON POINT AREA,WILSON POINT AREA,122.666667,9
PTJPL,2010-07-01,6-019,6-019,WINGATE VALLEY,WINGATE VALLEY,,0
PTJPL,2010-07-01,7-056,7-056,YAQUI WELL AREA,YAQUI WELL AREA,,0
PTJPL,2010-07-01,5-056,5-056,YELLOW CREEK VALLEY,YELLOW CREEK VALLEY,127.068418,5861
PTJPL,2010-07-01,2-006,2-006,YGNACIO VALLEY,YGNACIO VALLEY,144.595062,405
PTJPL,2010-07-01,5-069,5-069,YOSEMITE VALLEY,YOSEMITE VALLEY,,0
PTJPL,2010-07-01,7-036,7-036,YUMA VALLEY,YUMA VALLEY,57.366176,66610
