Model,Date,Basin_Subb,Basin_Numb,Basin_Name,Basin_Su_1,ET,Pixel_Count
PTJPL,2011-01-01,4-005,4-005,ACTON VALLEY,ACTON VALLEY,35.017964,668
PTJPL,2011-01-01,6-010,6-010,ADOBE LAKE VALLEY,ADOBE LAKE VALLEY,,0
PTJPL,2011-01-01,1-054.01,1-054,ALEXANDER VALLEY,ALEXANDER VALLEY - ALEXANDER AREA,33.197147,39742
PTJPL,2011-01-01,1-054.02,1-054,ALEXANDER VALLEY,ALEXANDER VALLEY - CLOVERDALE AREA,34.074359,9481
PTJPL,2011-01-01,5-002.01,5-002,ALTURAS AREA,ALTURAS AREA - SOUTH FORK PITT RIVER,23.209691,159773
PTJPL,2011-01-01,5-002.02,5-002,ALTURAS AREA,ALTURAS AREA - WARM SPRINGS VALLEY,22.999852,74315
PTJPL,2011-01-01,5-010,5-010,AMERICAN VALLEY,AMERICAN VALLEY,27.014892,9737
PTJPL,2011-01-01,7-016,7-016,AMES VALLEY,AMES VALLEY,,0
PTJPL,2011-01-01,7-034,7-034,AMOS VALLEY,AMOS VALLEY,,0
PTJPL,2011-01-01,1-019,1-019,ANDERSON VALLEY,ANDERSON VALLEY,31.615184,5374
PTJPL,2011-01-01,1-049,1-049,ANNAPOLIS OHLSON RANCH FORMATION HIGHLANDS,ANNAPOLIS OHLSON RANCH FORMATION HIGHLANDS,36.0187,2353
PTJPL,2011-01-01,5-091,5-091,ANTELOPE CREEK,ANTELOPE CREEK,25.093458,1605
PTJPL,2011-01-01,6-044,6-044,ANTELOPE VALLEY,ANTELOPE VALLEY,40.784442,137884
PTJPL,2011-01-01,6-007,6-007,ANTELOPE VALLEY,ANTELOPE VALLEY,31.173536,48405
PTJPL,2011-01-01,3-034,3-034,ARROYO DE LA CRUZ VALLEY,ARROYO DE LA CRUZ VALLEY,43.083643,538
PTJPL,2011-01-01,2-031,2-031,ARROYO DEL HAMBRE VALLEY,ARROYO DEL HAMBRE VALLEY,,0
PTJPL,2011-01-01,4-007,4-007,ARROYO SANTA ROSA VALLEY,ARROYO SANTA ROSA VALLEY,40.981957,7870
PTJPL,2011-01-01,7-037,7-037,ARROYO SECO VALLEY,ARROYO SECO VALLEY,,0
PTJPL,2011-01-01,5-054,5-054,ASH VALLEY,ASH VALLEY,23.039666,12101
PTJPL,2011-01-01,6-026,6-026,AVAWATZ VALLEY,AVAWATZ VALLEY,,0
PTJPL,2011-01-01,3-020,3-020,A�O NUEVO AREA,A�O NUEVO AREA,30.180075,1877
PTJPL,2011-01-01,9-022,9-022,BATIQUITOS LAGOON VALLEY,BATIQUITOS LAGOON VALLEY,40.001613,620
PTJPL,2011-01-01,8-009,8-009,BEAR VALLEY,BEAR VALLEY,11.791667,24
PTJPL,2011-01-01,5-064,5-064,BEAR VALLEY,BEAR VALLEY,21.611765,510
PTJPL,2011-01-01,5-020,5-020,BERRYESSA VALLEY,BERRYESSA VALLEY,,0
PTJPL,2011-01-01,7-015,7-015,BESSEMER VALLEY,BESSEMER VALLEY,,0
PTJPL,2011-01-01,6-025,6-025,BICYCLE VALLEY,BICYCLE VALLEY,,0
PTJPL,2011-01-01,1-027,1-027,BIG LAGOON AREA,BIG LAGOON AREA,62.948718,39
PTJPL,2011-01-01,8-007,8-007,BIG MEADOWS VALLEY,BIG MEADOWS VALLEY,,0
PTJPL,2011-01-01,1-045,1-045,BIG RIVER VALLEY,BIG RIVER VALLEY,,0
PTJPL,2011-01-01,3-047,3-047,BIG SPRING AREA,BIG SPRING AREA,28.744009,918
PTJPL,2011-01-01,5-015,5-015,BIG VALLEY,BIG VALLEY,34.027092,40972
PTJPL,2011-01-01,5-004,5-004,BIG VALLEY,BIG VALLEY,26.116588,163053
PTJPL,2011-01-01,3-030,3-030,BITTER WATER VALLEY,BITTER WATER VALLEY,38.090297,7575
PTJPL,2011-01-01,6-013,6-013,BLACK SPRINGS VALLEY,BLACK SPRINGS VALLEY,,0
PTJPL,2011-01-01,5-092,5-092,BLANCHARD VALLEY,BLANCHARD VALLEY,23.948673,1130
PTJPL,2011-01-01,1-057,1-057,BODEGA BAY AREA,BODEGA BAY AREA,29.876623,154
PTJPL,2011-01-01,7-024.01,7-024,BORREGO VALLEY,BORREGO VALLEY - BORREGO SPRINGS,45.324826,17397
PTJPL,2011-01-01,7-024.02,7-024,BORREGO VALLEY,BORREGO VALLEY - OCOTILLO WELLS,31.416667,12
PTJPL,2011-01-01,1-039,1-039,BRANSCOMB TOWN AREA,BRANSCOMB TOWN AREA,,0
PTJPL,2011-01-01,1-017,1-017,BRAY TOWN AREA,BRAY TOWN AREA,21.345583,4245
PTJPL,2011-01-01,6-008,6-008,BRIDGEPORT VALLEY,BRIDGEPORT VALLEY,20.82967,364
PTJPL,2011-01-01,7-008,7-008,BRISTOL VALLEY,BRISTOL VALLEY,24.586714,7963
PTJPL,2011-01-01,5-080,5-080,BRITE VALLEY,BRITE VALLEY,34.471299,1324
PTJPL,2011-01-01,6-032,6-032,BROADWELL VALLEY,BROADWELL VALLEY,,0
PTJPL,2011-01-01,6-076,6-076,BROWN MOUNTAIN VALLEY,BROWN MOUNTAIN VALLEY,,0
PTJPL,2011-01-01,7-054,7-054,BUCK RIDGE FAULT VALLEY,BUCK RIDGE FAULT VALLEY,,0
PTJPL,2011-01-01,6-101,6-101,BULL FLAT,BULL FLAT,18.0,48
PTJPL,2011-01-01,5-048,5-048,BURNEY CREEK VALLEY,BURNEY CREEK VALLEY,31.035902,6852
PTJPL,2011-01-01,5-017,5-017,BURNS VALLEY,BURNS VALLEY,26.670704,1734
PTJPL,2011-01-01,5-051,5-051,BUTTE CREEK VALLEY,BUTTE CREEK VALLEY,,0
PTJPL,2011-01-01,1-003,1-003,BUTTE VALLEY,BUTTE VALLEY,23.165015,149435
PTJPL,2011-01-01,6-081,6-081,BUTTE VALLEY,BUTTE VALLEY,,0
PTJPL,2011-01-01,6-070,6-070,CACTUS FLAT,CACTUS FLAT,,0
PTJPL,2011-01-01,7-007,7-007,CADIZ VALLEY,CADIZ VALLEY,,0
PTJPL,2011-01-01,6-090,6-090,CADY FAULT AREA,CADY FAULT AREA,,0
PTJPL,2011-01-01,9-006,9-006,CAHUILLA VALLEY,CAHUILLA VALLEY,24.12832,6250
PTJPL,2011-01-01,6-079,6-079,CALIFORNIA VALLEY,CALIFORNIA VALLEY,,0
PTJPL,2011-01-01,7-041,7-041,CALZONA VALLEY,CALZONA VALLEY,,0
PTJPL,2011-01-01,6-061,6-061,CAMEO AREA,CAMEO AREA,,0
PTJPL,2011-01-01,9-028,9-028,CAMPO VALLEY,CAMPO VALLEY,35.809524,126
PTJPL,2011-01-01,7-046,7-046,CANEBRAKE VALLEY,CANEBRAKE VALLEY,,0
PTJPL,2011-01-01,3-007,3-007,CARMEL VALLEY,CARMEL VALLEY,40.164587,1282
PTJPL,2011-01-01,3-018,3-018,CARPINTERIA,CARPINTERIA,34.504621,13091
PTJPL,2011-01-01,3-019,3-019,CARRIZO PLAIN,CARRIZO PLAIN,24.622059,22739
PTJPL,2011-01-01,6-006,6-006,CARSON VALLEY,CARSON VALLEY,28.632668,9716
PTJPL,2011-01-01,5-029,5-029,CASTAC LAKE VALLEY,CASTAC LAKE VALLEY,27.018913,846
PTJPL,2011-01-01,2-008,2-008,CASTRO VALLEY,CASTRO VALLEY,,0
PTJPL,2011-01-01,6-038,6-038,CAVES CANYON VALLEY,CAVES CANYON VALLEY,,0
PTJPL,2011-01-01,5-045,5-045,CAYTON VALLEY,CAYTON VALLEY,30.310118,4250
PTJPL,2011-01-01,3-038,3-038,CAYUCOS VALLEY,CAYUCOS VALLEY,,0
PTJPL,2011-01-01,7-043,7-043,CHEMEHUEVI VALLEY,CHEMEHUEVI VALLEY,,0
PTJPL,2011-01-01,7-032,7-032,CHOCOLATE VALLEY,CHOCOLATE VALLEY,17.820896,67
PTJPL,2011-01-01,3-005,3-005,CHOLAME VALLEY,CHOLAME VALLEY,34.30692,17718
PTJPL,2011-01-01,3-042,3-042,CHORRO VALLEY,CHORRO VALLEY,40.230116,1295
PTJPL,2011-01-01,5-061,5-061,CHROME TOWN AREA,CHROME TOWN AREA,28.800391,511
PTJPL,2011-01-01,7-005,7-005,CHUCKWALLA VALLEY,CHUCKWALLA VALLEY,31.822546,4604
PTJPL,2011-01-01,2-005,2-005,CLAYTON VALLEY,CLAYTON VALLEY,23.832822,652
PTJPL,2011-01-01,5-066,5-066,CLEAR LAKE CACHE FORMATION,CLEAR LAKE CACHE FORMATION,28.961702,940
PTJPL,2011-01-01,5-058,5-058,CLOVER VALLEY,CLOVER VALLEY,24.929936,314
PTJPL,2011-01-01,7-021.03,7-021,COACHELLA VALLEY,COACHELLA VALLEY - DESERT HOT SPRINGS,36.844453,2713
PTJPL,2011-01-01,7-021.01,7-021,COACHELLA VALLEY,COACHELLA VALLEY - INDIO,45.711219,293745
PTJPL,2011-01-01,7-021.02,7-021,COACHELLA VALLEY,COACHELLA VALLEY - MISSION CREEK,32.513292,978
PTJPL,2011-01-01,7-021.04,7-021,COACHELLA VALLEY,COACHELLA VALLEY - SAN GORGONIO PASS,33.542135,356
PTJPL,2011-01-01,4-011.04,4-011,COASTAL PLAIN OF LOS ANGELES,COASTAL PLAIN OF LOS ANGELES - CENTRAL,59.030264,7005
PTJPL,2011-01-01,4-011.02,4-011,COASTAL PLAIN OF LOS ANGELES,COASTAL PLAIN OF LOS ANGELES - HOLLYWOOD,47.894737,323
PTJPL,2011-01-01,4-011.01,4-011,COASTAL PLAIN OF LOS ANGELES,COASTAL PLAIN OF LOS ANGELES - SANTA MONICA,50.537506,4186
PTJPL,2011-01-01,4-011.03,4-011,COASTAL PLAIN OF LOS ANGELES,COASTAL PLAIN OF LOS ANGELES - WEST COAST,59.24273,4058
PTJPL,2011-01-01,8-001,8-001,COASTAL PLAIN OF ORANGE COUNTY,COASTAL PLAIN OF ORANGE COUNTY,45.292074,23946
PTJPL,2011-01-01,9-033,9-033,COASTAL PLAIN OF SAN DIEGO,COASTAL PLAIN OF SAN DIEGO,44.86142,3507
PTJPL,2011-01-01,6-072,6-072,COLES FLAT,COLES FLAT,,0
PTJPL,2011-01-01,5-019,5-019,COLLAYOMI VALLEY,COLLAYOMI VALLEY,25.593238,3845
PTJPL,2011-01-01,7-055,7-055,COLLINS VALLEY,COLLINS VALLEY,,0
PTJPL,2011-01-01,4-010,4-010,CONEJO,CONEJO,49.118474,498
PTJPL,2011-01-01,7-011,7-011,COPPER MOUNTAIN VALLEY,COPPER MOUNTAIN VALLEY,,0
PTJPL,2011-01-01,3-002.01,3-002,CORRALITOS,CORRALITOS - PAJARO VALLEY,32.556304,109219
PTJPL,2011-01-01,3-002.02,3-002,CORRALITOS,CORRALITOS - PURISIMA HIGHLANDS,31.765086,464
PTJPL,2011-01-01,6-055,6-055,COSO VALLEY,COSO VALLEY,,0
PTJPL,2011-01-01,1-037,1-037,COTTONEVA CREEK VALLEY,COTTONEVA CREEK VALLEY,,0
PTJPL,2011-01-01,9-027,9-027,COTTONWOOD VALLEY,COTTONWOOD VALLEY,30.885714,70
PTJPL,2011-01-01,1-011,1-011,COVELO ROUND VALLEY,COVELO ROUND VALLEY,51.207371,27786
PTJPL,2011-01-01,6-091,6-091,COW HEAD LAKE VALLEY,COW HEAD LAKE VALLEY,22.020197,11982
PTJPL,2011-01-01,6-037,6-037,COYOTE LAKE VALLEY,COYOTE LAKE VALLEY,35.781893,972
PTJPL,2011-01-01,5-018,5-018,COYOTE VALLEY,COYOTE VALLEY,26.75023,6534
PTJPL,2011-01-01,7-029,7-029,COYOTE WELLS VALLEY,COYOTE WELLS VALLEY,21.675,80
PTJPL,2011-01-01,6-035,6-035,CRONISE VALLEY,CRONISE VALLEY,,0
PTJPL,2011-01-01,6-050,6-050,CUDDEBACK VALLEY,CUDDEBACK VALLEY,,0
PTJPL,2011-01-01,5-082,5-082,CUDDY CANYON VALLEY,CUDDY CANYON VALLEY,,0
PTJPL,2011-01-01,5-083,5-083,CUDDY RANCH AREA,CUDDY RANCH AREA,,0
PTJPL,2011-01-01,5-084,5-084,CUDDY VALLEY,CUDDY VALLEY,27.4375,16
PTJPL,2011-01-01,5-027,5-027,CUMMINGS VALLEY,CUMMINGS VALLEY,35.988396,11462
PTJPL,2011-01-01,3-013,3-013,CUYAMA VALLEY,CUYAMA VALLEY,21.937486,153773
PTJPL,2011-01-01,7-009,7-009,DALE VALLEY,DALE VALLEY,15.592105,152
PTJPL,2011-01-01,6-057,6-057,DARWIN VALLEY,DARWIN VALLEY,,0
PTJPL,2011-01-01,7-061,7-061,DAVIES VALLEY,DAVIES VALLEY,,0
PTJPL,2011-01-01,7-013.01,7-013,DEADMAN VALLEY,DEADMAN VALLEY - DEADMAN LAKE,,0
PTJPL,2011-01-01,7-013.02,7-013,DEADMAN VALLEY,DEADMAN VALLEY - SURPRISE SPRING,,0
PTJPL,2011-01-01,6-018,6-018,DEATH VALLEY,DEATH VALLEY,25.722222,18
PTJPL,2011-01-01,6-015,6-015,DEEP SPRINGS VALLEY,DEEP SPRINGS VALLEY,11.568504,635
PTJPL,2011-01-01,6-078,6-078,DENNING SPRING VALLEY,DENNING SPRING VALLEY,,0
PTJPL,2011-01-01,1-034,1-034,DINSMORES TOWN AREA,DINSMORES TOWN AREA,34.627907,86
PTJPL,2011-01-01,5-053,5-053,DIXIE VALLEY,DIXIE VALLEY,23.919906,11449
PTJPL,2011-01-01,2-040,2-040,DOWNTOWN,DOWNTOWN,,0
PTJPL,2011-01-01,5-049,5-049,DRY BURNEY CREEK VALLEY,DRY BURNEY CREEK VALLEY,,0
PTJPL,2011-01-01,3-029,3-029,DRY LAKE VALLEY,DRY LAKE VALLEY,36.848148,540
PTJPL,2011-01-01,6-095,6-095,DRY VALLEY,DRY VALLEY,,0
PTJPL,2011-01-01,6-096,6-096,EAGLE LAKE AREA,EAGLE LAKE AREA,,0
PTJPL,2011-01-01,7-033,7-033,EAST SALTON SEA,EAST SALTON SEA,44.948438,40262
PTJPL,2011-01-01,1-044,1-044,EDEN VALLEY,EDEN VALLEY,34.461911,1654
PTJPL,2011-01-01,1-010,1-010,EEL RIVER VALLEY,EEL RIVER VALLEY,38.451034,117969
PTJPL,2011-01-01,5-041,5-041,EGG LAKE VALLEY,EGG LAKE VALLEY,,0
PTJPL,2011-01-01,9-016,9-016,EL CAJON VALLEY,EL CAJON VALLEY,42.387097,31
PTJPL,2011-01-01,6-043,6-043,EL MIRAGE VALLEY,EL MIRAGE VALLEY,38.189897,3207
PTJPL,2011-01-01,5-062,5-062,ELK CREEK AREA,ELK CREEK AREA,34.230769,143
PTJPL,2011-01-01,8-004.02,8-004,ELSINORE,ELSINORE - BEDFORD-COLDWATER,41.704663,1158
PTJPL,2011-01-01,8-004.01,8-004,ELSINORE,ELSINORE - ELSINORE VALLEY,38.719626,107
PTJPL,2011-01-01,9-009,9-009,ESCONDIDO VALLEY,ESCONDIDO VALLEY,34.823529,34
PTJPL,2011-01-01,1-009,1-009,EUREKA PLAIN,EUREKA PLAIN,47.392959,20936
PTJPL,2011-01-01,6-016,6-016,EUREKA VALLEY,EUREKA VALLEY,,0
PTJPL,2011-01-01,1-022,1-022,FAIRCHILD SWAMP VALLEY,FAIRCHILD SWAMP VALLEY,,0
PTJPL,2011-01-01,5-005,5-005,FALL RIVER VALLEY,FALL RIVER VALLEY,29.584113,132233
PTJPL,2011-01-01,7-002,7-002,FENNER VALLEY,FENNER VALLEY,,0
PTJPL,2011-01-01,6-014,6-014,FISH LAKE VALLEY,FISH LAKE VALLEY,12.732427,14340
PTJPL,2011-01-01,3-053,3-053,FOOTHILL,FOOTHILL,44.428571,35
PTJPL,2011-01-01,1-021,1-021,FORT BRAGG TERRACE AREA,FORT BRAGG TERRACE AREA,37.055025,9523
PTJPL,2011-01-01,1-061,1-061,FORT ROSS TERRACE DEPOSITS,FORT ROSS TERRACE DEPOSITS,38.061281,1077
PTJPL,2011-01-01,6-046,6-046,FREMONT VALLEY,FREMONT VALLEY,33.007183,1949
PTJPL,2011-01-01,5-090,5-090,FUNKS CREEK,FUNKS CREEK,23.669616,3278
PTJPL,2011-01-01,1-032,1-032,GARBERVILLE TOWN AREA,GARBERVILLE TOWN AREA,30.990909,220
PTJPL,2011-01-01,1-020,1-020,GARCIA RIVER VALLEY,GARCIA RIVER VALLEY,33.143369,2790
PTJPL,2011-01-01,3-003.01,3-003,GILROY-HOLLISTER VALLEY,GILROY-HOLLISTER VALLEY - LLAGAS AREA,32.28876,76690
PTJPL,2011-01-01,3-003.05,3-003,GILROY-HOLLISTER VALLEY,GILROY-HOLLISTER VALLEY - NORTH SAN BENITO,32.384047,195075
PTJPL,2011-01-01,6-085,6-085,GOLD VALLEY,GOLD VALLEY,,0
PTJPL,2011-01-01,6-048,6-048,GOLDSTONE VALLEY,GOLDSTONE VALLEY,,0
PTJPL,2011-01-01,3-016,3-016,GOLETA,GOLETA,41.724292,3355
PTJPL,2011-01-01,5-001.02,5-001,GOOSE LAKE,GOOSE LAKE - FANDANGO VALLEY,21.511126,29032
PTJPL,2011-01-01,5-001.01,5-001,GOOSE LAKE,GOOSE LAKE - GOOSE VALLEY,18.416791,55126
PTJPL,2011-01-01,5-047,5-047,GOOSE VALLEY,GOOSE VALLEY,34.026154,15409
PTJPL,2011-01-01,6-077,6-077,GRASS VALLEY,GRASS VALLEY,,0
PTJPL,2011-01-01,6-094,6-094,GRASSHOPPER VALLEY,GRASSHOPPER VALLEY,16.998388,3101
PTJPL,2011-01-01,1-048,1-048,GRAVELLY VALLEY,GRAVELLY VALLEY,,0
PTJPL,2011-01-01,5-052,5-052,GRAYS VALLEY,GRAYS VALLEY,,0
PTJPL,2011-01-01,6-084,6-084,GREENWATER VALLEY,GREENWATER VALLEY,,0
PTJPL,2011-01-01,5-059,5-059,GRIZZLY VALLEY,GRIZZLY VALLEY,,0
PTJPL,2011-01-01,2-022,2-022,HALF MOON BAY TERRACE,HALF MOON BAY TERRACE,26.347758,9521
PTJPL,2011-01-01,1-015,1-015,HAPPY CAMP TOWN AREA,HAPPY CAMP TOWN AREA,36.037037,27
PTJPL,2011-01-01,6-047,6-047,HARPER VALLEY,HARPER VALLEY,33.934076,5658
PTJPL,2011-01-01,6-074,6-074,HARRISBURG FLATS,HARRISBURG FLATS,,0
PTJPL,2011-01-01,6-093,6-093,HARVEY VALLEY,HARVEY VALLEY,,0
PTJPL,2011-01-01,1-006,1-006,HAYFORK VALLEY,HAYFORK VALLEY,35.229213,3115
PTJPL,2011-01-01,7-048,7-048,HELENDALE FAULT VALLEY,HELENDALE FAULT VALLEY,,0
PTJPL,2011-01-01,8-006,8-006,HEMET LAKE VALLEY,HEMET LAKE VALLEY,,0
PTJPL,2011-01-01,3-031,3-031,HERNANDEZ VALLEY,HERNANDEZ VALLEY,33.429306,389
PTJPL,2011-01-01,1-036,1-036,HETTENSHAW VALLEY,HETTENSHAW VALLEY,34.113533,2202
PTJPL,2011-01-01,7-053,7-053,HEXIE MOUNTAIN AREA,HEXIE MOUNTAIN AREA,,0
PTJPL,2011-01-01,6-063,6-063,HIDDEN VALLEY,HIDDEN VALLEY,,0
PTJPL,2011-01-01,4-016,4-016,HIDDEN VALLEY,HIDDEN VALLEY,49.725246,3767
PTJPL,2011-01-01,5-016,5-016,HIGH VALLEY,HIGH VALLEY,27.762675,2781
PTJPL,2011-01-01,6-004,6-004,HONEY LAKE VALLEY,HONEY LAKE VALLEY,25.567391,187650
PTJPL,2011-01-01,1-029,1-029,HONEYDEW TOWN AREA,HONEYDEW TOWN AREA,54.832629,1183
PTJPL,2011-01-01,1-007,1-007,HOOPA VALLEY,HOOPA VALLEY,35.050209,717
PTJPL,2011-01-01,6-097,6-097,HORSE LAKE VALLEY,HORSE LAKE VALLEY,21.433721,4300
PTJPL,2011-01-01,5-040,5-040,HOT SPRINGS VALLEY,HOT SPRINGS VALLEY,24.112982,3266
PTJPL,2011-01-01,3-045,3-045,HUASNA VALLEY,HUASNA VALLEY,33.610517,3366
PTJPL,2011-01-01,5-060,5-060,HUMBUG VALLEY,HUMBUG VALLEY,27.302983,637
PTJPL,2011-01-01,4-018,4-018,HUNGRY VALLEY,HUNGRY VALLEY,,0
PTJPL,2011-01-01,1-035,1-035,HYAMPOM VALLEY,HYAMPOM VALLEY,42.642857,504
PTJPL,2011-01-01,7-030,7-030,IMPERIAL VALLEY,IMPERIAL VALLEY,55.517347,1787557
PTJPL,2011-01-01,5-009,5-009,INDIAN VALLEY,INDIAN VALLEY,27.756314,44586
PTJPL,2011-01-01,6-054,6-054,INDIAN WELLS VALLEY,INDIAN WELLS VALLEY,32.956076,14616
PTJPL,2011-01-01,7-050,7-050,IRON RIDGE AREA,IRON RIDGE AREA,,0
PTJPL,2011-01-01,2-033,2-033,ISLAIS VALLEY,ISLAIS VALLEY,,0
PTJPL,2011-01-01,6-030,6-030,IVANPAH VALLEY,IVANPAH VALLEY,23.295207,918
PTJPL,2011-01-01,7-047,7-047,JACUMBA VALLEY,JACUMBA VALLEY,,0
PTJPL,2011-01-01,5-003,5-003,JESS VALLEY,JESS VALLEY,22.349604,15652
PTJPL,2011-01-01,7-018.01,7-018,JOHNSON VALLEY,JOHNSON VALLEY - SOGGY LAKE,18.016667,60
PTJPL,2011-01-01,7-018.02,7-018,JOHNSON VALLEY,JOHNSON VALLEY - UPPER JOHNSON VALLEY,,0
PTJPL,2011-01-01,5-086,5-086,JOSEPH CREEK,JOSEPH CREEK,17.269429,4658
PTJPL,2011-01-01,7-062,7-062,JOSHUA TREE,JOSHUA TREE,,0
PTJPL,2011-01-01,6-089,6-089,KANE WASH AREA,KANE WASH AREA,,0
PTJPL,2011-01-01,6-069,6-069,KELSO LANDER VALLEY,KELSO LANDER VALLEY,,0
PTJPL,2011-01-01,6-031,6-031,KELSO VALLEY,KELSO VALLEY,,0
PTJPL,2011-01-01,2-019,2-019,KENWOOD VALLEY,KENWOOD VALLEY,27.794677,5674
PTJPL,2011-01-01,5-025,5-025,KERN RIVER VALLEY,KERN RIVER VALLEY,29.345095,15077
PTJPL,2011-01-01,1-002.02,1-002,KLAMATH RIVER VALLEY,KLAMATH RIVER VALLEY - LOWER KLAMATH,22.186818,93337
PTJPL,2011-01-01,1-002.01,1-002,KLAMATH RIVER VALLEY,KLAMATH RIVER VALLEY - TULELAKE,20.172538,296555
PTJPL,2011-01-01,1-050,1-050,KNIGHTS VALLEY,KNIGHTS VALLEY,29.576755,7322
PTJPL,2011-01-01,5-007,5-007,LAKE ALMANOR VALLEY,LAKE ALMANOR VALLEY,22.0,1
PTJPL,2011-01-01,5-046,5-046,LAKE BRITTON AREA,LAKE BRITTON AREA,28.269841,441
PTJPL,2011-01-01,7-001,7-001,LANFAIR VALLEY,LANFAIR VALLEY,,0
PTJPL,2011-01-01,6-036.02,6-036,LANGFORD VALLEY,LANGFORD VALLEY - IRWIN,,0
PTJPL,2011-01-01,6-036.01,6-036,LANGFORD VALLEY,LANGFORD VALLEY - LANGFORD WELL LAKE,,0
PTJPL,2011-01-01,1-033,1-033,LARABEE VALLEY,LARABEE VALLEY,40.701422,211
PTJPL,2011-01-01,4-008,4-008,LAS POSAS VALLEY,LAS POSAS VALLEY,43.241869,90830
PTJPL,2011-01-01,5-057,5-057,LAST CHANCE CREEK VALLEY,LAST CHANCE CREEK VALLEY,,0
PTJPL,2011-01-01,7-014,7-014,LAVIC VALLEY,LAVIC VALLEY,,0
PTJPL,2011-01-01,1-012,1-012,LAYTONVILLE VALLEY,LAYTONVILLE VALLEY,40.413992,5017
PTJPL,2011-01-01,6-027,6-027,LEACH VALLEY,LEACH VALLEY,,0
PTJPL,2011-01-01,6-066,6-066,LEE FLAT,LEE FLAT,,0
PTJPL,2011-01-01,6-106,6-106,LITTLE ANTELOPE VALLEY,LITTLE ANTELOPE VALLEY,17.561916,1712
PTJPL,2011-01-01,5-065,5-065,LITTLE INDIAN VALLEY,LITTLE INDIAN VALLEY,31.222222,18
PTJPL,2011-01-01,1-013,1-013,LITTLE LAKE VALLEY,LITTLE LAKE VALLEY,29.519496,14926
PTJPL,2011-01-01,1-041,1-041,LITTLE VALLEY,LITTLE VALLEY,48.537604,718
PTJPL,2011-01-01,2-010,2-010,LIVERMORE VALLEY,LIVERMORE VALLEY,30.015519,31316
PTJPL,2011-01-01,2-038,2-038,LOBOS,LOBOS,32.464334,743
PTJPL,2011-01-01,3-006,3-006,LOCKWOOD VALLEY,LOCKWOOD VALLEY,42.386223,22966
PTJPL,2011-01-01,4-017,4-017,LOCKWOOD VALLEY,LOCKWOOD VALLEY,20.35,120
PTJPL,2011-01-01,6-011,6-011,LONG VALLEY,LONG VALLEY,,0
PTJPL,2011-01-01,5-044,5-044,LONG VALLEY,LONG VALLEY,,0
PTJPL,2011-01-01,6-104,6-104,LONG VALLEY,LONG VALLEY,24.638232,6471
PTJPL,2011-01-01,5-031,5-031,LONG VALLEY,LONG VALLEY,27.023538,2719
PTJPL,2011-01-01,5-070,5-070,LOS BANOS CREEK VALLEY,LOS BANOS CREEK VALLEY,,0
PTJPL,2011-01-01,3-008.01,3-008,LOS OSOS VALLEY,LOS OSOS VALLEY - LOS OSOS AREA,41.154655,1901
PTJPL,2011-01-01,3-008.02,3-008,LOS OSOS VALLEY,LOS OSOS VALLEY - WARDEN CREEK,43.543566,4235
PTJPL,2011-01-01,7-051,7-051,LOST HORSE VALLEY,LOST HORSE VALLEY,,0
PTJPL,2011-01-01,6-071,6-071,LOST LAKE VALLEY,LOST LAKE VALLEY,,0
PTJPL,2011-01-01,6-021,6-021,LOWER KINGSTON VALLEY,LOWER KINGSTON VALLEY,,0
PTJPL,2011-01-01,1-014,1-014,LOWER KLAMATH RIVER VALLEY,LOWER KLAMATH RIVER VALLEY,45.742919,1377
PTJPL,2011-01-01,5-030,5-030,LOWER LAKE VALLEY,LOWER LAKE VALLEY,27.458268,635
PTJPL,2011-01-01,1-038,1-038,LOWER LAYTONVILLE VALLEY,LOWER LAYTONVILLE VALLEY,42.458629,423
PTJPL,2011-01-01,6-040,6-040,LOWER MOJAVE RIVER VALLEY,LOWER MOJAVE RIVER VALLEY,43.737842,17375
PTJPL,2011-01-01,1-060,1-060,LOWER RUSSIAN RIVER VALLEY,LOWER RUSSIAN RIVER VALLEY,32.36276,5392
PTJPL,2011-01-01,7-019,7-019,LUCERNE VALLEY,LUCERNE VALLEY,24.667537,9962
PTJPL,2011-01-01,1-008.02,1-008,MAD RIVER VALLEY,MAD RIVER VALLEY - DOWS PRAIRIE SCHOOL AREA,49.831074,5902
PTJPL,2011-01-01,1-008.01,1-008,MAD RIVER VALLEY,MAD RIVER VALLEY - MAD RIVER LOWLAND,47.796696,27781
PTJPL,2011-01-01,6-002,6-002,MADELINE PLAINS,MADELINE PLAINS,22.430086,94730
PTJPL,2011-01-01,3-051,3-051,MAJORS CREEK,MAJORS CREEK,28.842457,749
PTJPL,2011-01-01,4-022,4-022,MALIBU VALLEY,MALIBU VALLEY,59.275,40
PTJPL,2011-01-01,6-064,6-064,MARBLE CANYON AREA,MARBLE CANYON AREA,,0
PTJPL,2011-01-01,2-039,2-039,MARINA,MARINA,,0
PTJPL,2011-01-01,6-067,6-067,MARTIS VALLEY,MARTIS VALLEY,37.0,1
PTJPL,2011-01-01,7-059,7-059,MASON VALLEY,MASON VALLEY,,0
PTJPL,2011-01-01,1-028,1-028,MATTOLE RIVER VALLEY,MATTOLE RIVER VALLEY,54.553808,2797
PTJPL,2011-01-01,5-035,5-035,MCCLOUD AREA,MCCLOUD AREA,25.0,1
PTJPL,2011-01-01,5-095,5-095,MEADOW VALLEY,MEADOW VALLEY,25.803461,809
PTJPL,2011-01-01,7-017,7-017,MEANS VALLEY,MEANS VALLEY,16.357143,42
PTJPL,2011-01-01,6-029,6-029,MESQUITE VALLEY,MESQUITE VALLEY,28.940605,9058
PTJPL,2011-01-01,6-020,6-020,MIDDLE AMARGOSA VALLEY,MIDDLE AMARGOSA VALLEY,43.834862,109
PTJPL,2011-01-01,5-094,5-094,MIDDLE CREEK,MIDDLE CREEK,28.192593,135
PTJPL,2011-01-01,5-087,5-087,MIDDLE FORK FEATHER RIVER,MIDDLE FORK FEATHER RIVER,24.58954,631
PTJPL,2011-01-01,6-041,6-041,MIDDLE MOJAVE RIVER VALLEY,MIDDLE MOJAVE RIVER VALLEY,45.591187,3268
PTJPL,2011-01-01,6-080,6-080,MIDDLE PARK CANYON,MIDDLE PARK CANYON,,0
PTJPL,2011-01-01,5-085,5-085,MIL POTRERO AREA,MIL POTRERO AREA,23.4375,112
PTJPL,2011-01-01,9-014,9-014,MISSION VALLEY,MISSION VALLEY,48.510253,829
PTJPL,2011-01-01,5-011,5-011,MOHAWK VALLEY,MOHAWK VALLEY,24.00195,6154
PTJPL,2011-01-01,6-009,6-009,MONO VALLEY,MONO VALLEY,,0
PTJPL,2011-01-01,3-049,3-049,MONTECITO,MONTECITO,38.425087,1722
PTJPL,2011-01-01,7-020,7-020,MORONGO VALLEY,MORONGO VALLEY,16.904762,21
PTJPL,2011-01-01,3-041,3-041,MORRO VALLEY,MORRO VALLEY,41.901692,1241
PTJPL,2011-01-01,5-008,5-008,MOUNTAIN MEADOWS VALLEY,MOUNTAIN MEADOWS VALLEY,24.497796,8168
PTJPL,2011-01-01,1-056,1-056,McDOWELL VALLEY,McDOWELL VALLEY,32.828459,2804
PTJPL,2011-01-01,2-002.01,2-002,NAPA-SONOMA VALLEY,NAPA-SONOMA VALLEY - NAPA VALLEY,30.300388,93416
PTJPL,2011-01-01,2-002.03,2-002,NAPA-SONOMA VALLEY,NAPA-SONOMA VALLEY - NAPA-SONOMA LOWLANDS,27.22497,23572
PTJPL,2011-01-01,2-002.02,2-002,NAPA-SONOMA VALLEY,NAPA-SONOMA VALLEY - SONOMA VALLEY,28.245055,80586
PTJPL,2011-01-01,1-046,1-046,NAVARRO RIVER VALLEY,NAVARRO RIVER VALLEY,,0
PTJPL,2011-01-01,3-052,3-052,NEEDLE ROCK POINT,NEEDLE ROCK POINT,29.282759,1595
PTJPL,2011-01-01,7-044,7-044,NEEDLES VALLEY,NEEDLES VALLEY,41.12667,16397
PTJPL,2011-01-01,5-050,5-050,NORTH FORK BATTLE CREEK,NORTH FORK BATTLE CREEK,24.148504,2808
PTJPL,2011-01-01,2-030,2-030,NOVATO VALLEY,NOVATO VALLEY,30.730132,14596
PTJPL,2011-01-01,7-025,7-025,OCOTILLO-CLARK VALLEY,OCOTILLO-CLARK VALLEY,55.986297,37509
PTJPL,2011-01-01,7-035,7-035,OGILBY VALLEY,OGILBY VALLEY,35.028597,3357
PTJPL,2011-01-01,4-002,4-002,OJAI VALLEY,OJAI VALLEY,46.220757,9327
PTJPL,2011-01-01,3-039,3-039,OLD VALLEY,OLD VALLEY,39.485294,204
PTJPL,2011-01-01,6-108,6-108,OLYMPIC VALLEY,OLYMPIC VALLEY,35.071429,28
PTJPL,2011-01-01,7-031,7-031,OROCOPIA VALLEY,OROCOPIA VALLEY,20.291925,161
PTJPL,2011-01-01,6-012.02,6-012,OWENS VALLEY,OWENS VALLEY - FISH SLOUGH,,0
PTJPL,2011-01-01,6-012.01,6-012,OWENS VALLEY,OWENS VALLEY - OWENS VALLEY,21.603108,93063
PTJPL,2011-01-01,6-088,6-088,OWL LAKE VALLEY,OWL LAKE VALLEY,,0
PTJPL,2011-01-01,6-028,6-028,PAHRUMP VALLEY,PAHRUMP VALLEY,,0
PTJPL,2011-01-01,6-099,6-099,PAINTERS FLAT,PAINTERS FLAT,14.998452,646
PTJPL,2011-01-01,7-039,7-039,PALO VERDE MESA,PALO VERDE MESA,41.322296,161308
PTJPL,2011-01-01,7-038,7-038,PALO VERDE VALLEY,PALO VERDE VALLEY,41.370156,224173
PTJPL,2011-01-01,9-024,9-024,PAMO VALLEY,PAMO VALLEY,,0
PTJPL,2011-01-01,6-058,6-058,PANAMINT VALLEY,PANAMINT VALLEY,,0
PTJPL,2011-01-01,5-023,5-023,PANOCHE VALLEY,PANOCHE VALLEY,32.19176,1966
PTJPL,2011-01-01,3-032,3-032,PEACH TREE VALLEY,PEACH TREE VALLEY,34.756309,1268
PTJPL,2011-01-01,1-030,1-030,PEPPERWOOD TOWN AREA,PEPPERWOOD TOWN AREA,35.115859,3323
PTJPL,2011-01-01,2-026,2-026,PESCADERO VALLEY,PESCADERO VALLEY,27.672099,2577
PTJPL,2011-01-01,2-001,2-001,PETALUMA VALLEY,PETALUMA VALLEY,28.669501,46221
PTJPL,2011-01-01,6-051,6-051,PILOT KNOB VALLEY,PILOT KNOB VALLEY,,0
PTJPL,2011-01-01,6-092,6-092,PINE CREEK VALLEY,PINE CREEK VALLEY,,0
PTJPL,2011-01-01,7-006,7-006,PINTO VALLEY,PINTO VALLEY,,0
PTJPL,2011-01-01,7-049,7-049,PIPES CANYON FAULT VALLEY,PIPES CANYON FAULT VALLEY,,0
PTJPL,2011-01-01,2-004,2-004,PITTSBURG PLAIN,PITTSBURG PLAIN,,0
PTJPL,2011-01-01,7-045,7-045,PIUTE VALLEY,PIUTE VALLEY,,0
PTJPL,2011-01-01,7-052,7-052,PLEASANT VALLEY,PLEASANT VALLEY,,0
PTJPL,2011-01-01,4-006,4-006,PLEASANT VALLEY,PLEASANT VALLEY,37.184119,33196
PTJPL,2011-01-01,5-038,5-038,PONDOSA TOWN AREA,PONDOSA TOWN AREA,,0
PTJPL,2011-01-01,5-068,5-068,POPE VALLEY,POPE VALLEY,29.700608,12659
PTJPL,2011-01-01,9-029,9-029,POTRERO VALLEY,POTRERO VALLEY,35.374663,371
PTJPL,2011-01-01,1-051,1-051,POTTER VALLEY,POTTER VALLEY,30.231926,20554
PTJPL,2011-01-01,9-013,9-013,POWAY VALLEY,POWAY VALLEY,,0
PTJPL,2011-01-01,3-044,3-044,POZO VALLEY,POZO VALLEY,28.110579,2713
PTJPL,2011-01-01,1-025,1-025,PRAIRIE CREEK AREA,PRAIRIE CREEK AREA,,0
PTJPL,2011-01-01,7-040,7-040,QUIEN SABE POINT VALLEY,QUIEN SABE POINT VALLEY,47.84887,708
PTJPL,2011-01-01,3-024,3-024,QUIEN SABE VALLEY,QUIEN SABE VALLEY,33.234711,11397
PTJPL,2011-01-01,6-062,6-062,RACE TRACK VALLEY,RACE TRACK VALLEY,,0
PTJPL,2011-01-01,3-046,3-046,RAFAEL VALLEY,RAFAEL VALLEY,26.0,1
PTJPL,2011-01-01,9-025,9-025,RANCHITA TOWN AREA,RANCHITA TOWN AREA,24.954545,44
PTJPL,2011-01-01,4-023,4-023,RAYMOND,RAYMOND,39.581246,1717
PTJPL,2011-01-01,6-024,6-024,RED PASS VALLEY,RED PASS VALLEY,,0
PTJPL,2011-01-01,1-018,1-018,RED ROCK VALLEY,RED ROCK VALLEY,24.002778,22680
PTJPL,2011-01-01,5-006.03,5-006,REDDING AREA,REDDING AREA - ANDERSON,31.518894,42951
PTJPL,2011-01-01,5-006.01,5-006,REDDING AREA,REDDING AREA - BOWMAN,30.540535,18219
PTJPL,2011-01-01,5-006.04,5-006,REDDING AREA,REDDING AREA - ENTERPRISE,33.718233,22476
PTJPL,2011-01-01,5-006.05,5-006,REDDING AREA,REDDING AREA - MILLVILLE,35.718454,9082
PTJPL,2011-01-01,5-006.06,5-006,REDDING AREA,REDDING AREA - SOUTH BATTLE CREEK,34.843899,7982
PTJPL,2011-01-01,1-026,1-026,REDWOOD CREEK AREA,REDWOOD CREEK AREA,43.04646,2712
PTJPL,2011-01-01,6-086,6-086,RHODES HILL AREA,RHODES HILL AREA,,0
PTJPL,2011-01-01,7-004,7-004,RICE VALLEY,RICE VALLEY,34.657512,619
PTJPL,2011-01-01,6-023,6-023,RIGGS VALLEY,RIGGS VALLEY,,0
PTJPL,2011-01-01,3-043,3-043,RINCONADA VALLEY,RINCONADA VALLEY,36.669419,2907
PTJPL,2011-01-01,5-043,5-043,ROCK PRAIRIE VALLEY,ROCK PRAIRIE VALLEY,,0
PTJPL,2011-01-01,6-056,6-056,ROSE VALLEY,ROSE VALLEY,,0
PTJPL,2011-01-01,2-028,2-028,ROSS VALLEY,ROSS VALLEY,,0
PTJPL,2011-01-01,5-036,5-036,ROUND VALLEY,ROUND VALLEY,21.153228,14312
PTJPL,2011-01-01,4-020,4-020,RUSSELL VALLEY,RUSSELL VALLEY,54.10687,131
PTJPL,2011-01-01,5-021.54,5-021,SACRAMENTO VALLEY,SACRAMENTO VALLEY - ANTELOPE,34.526201,37689
PTJPL,2011-01-01,5-021.53,5-021,SACRAMENTO VALLEY,SACRAMENTO VALLEY - BEND,34.220908,2621
PTJPL,2011-01-01,5-021.70,5-021,SACRAMENTO VALLEY,SACRAMENTO VALLEY - BUTTE,35.269284,763565
PTJPL,2011-01-01,5-021.52,5-021,SACRAMENTO VALLEY,SACRAMENTO VALLEY - COLUSA,31.900066,2188947
PTJPL,2011-01-01,5-021.51,5-021,SACRAMENTO VALLEY,SACRAMENTO VALLEY - CORNING,31.650315,348885
PTJPL,2011-01-01,5-021.56,5-021,SACRAMENTO VALLEY,SACRAMENTO VALLEY - LOS MOLINOS,34.505084,77700
PTJPL,2011-01-01,5-021.64,5-021,SACRAMENTO VALLEY,SACRAMENTO VALLEY - NORTH AMERICAN,30.383505,550866
PTJPL,2011-01-01,5-021.60,5-021,SACRAMENTO VALLEY,SACRAMENTO VALLEY - NORTH YUBA,34.068193,163580
PTJPL,2011-01-01,5-021.50,5-021,SACRAMENTO VALLEY,SACRAMENTO VALLEY - RED BLUFF,31.511573,175066
PTJPL,2011-01-01,5-021.66,5-021,SACRAMENTO VALLEY,SACRAMENTO VALLEY - SOLANO,28.855341,894791
PTJPL,2011-01-01,5-021.65,5-021,SACRAMENTO VALLEY,SACRAMENTO VALLEY - SOUTH AMERICAN,27.474519,247341
PTJPL,2011-01-01,5-021.61,5-021,SACRAMENTO VALLEY,SACRAMENTO VALLEY - SOUTH YUBA,32.428232,213541
PTJPL,2011-01-01,5-021.62,5-021,SACRAMENTO VALLEY,SACRAMENTO VALLEY - SUTTER,31.501894,860693
PTJPL,2011-01-01,5-021.57,5-021,SACRAMENTO VALLEY,SACRAMENTO VALLEY - VINA,31.544513,352350
PTJPL,2011-01-01,5-021.69,5-021,SACRAMENTO VALLEY,SACRAMENTO VALLEY - WYANDOTTE CREEK,30.926549,72034
PTJPL,2011-01-01,5-021.67,5-021,SACRAMENTO VALLEY,SACRAMENTO VALLEY - YOLO,29.85609,1422942
PTJPL,2011-01-01,3-004.01,3-004,SALINAS VALLEY,SALINAS VALLEY - 180/400 FOOT AQUIFER,35.718395,244978
PTJPL,2011-01-01,3-004.11,3-004,SALINAS VALLEY,SALINAS VALLEY - ATASCADERO AREA,40.18786,25503
PTJPL,2011-01-01,3-004.02,3-004,SALINAS VALLEY,SALINAS VALLEY - EAST SIDE AQUIFER,33.966171,155489
PTJPL,2011-01-01,3-004.04,3-004,SALINAS VALLEY,SALINAS VALLEY - FOREBAY AQUIFER,39.852982,261975
PTJPL,2011-01-01,3-004.09,3-004,SALINAS VALLEY,SALINAS VALLEY - LANGLEY AREA,31.432825,8396
PTJPL,2011-01-01,3-004.10,3-004,SALINAS VALLEY,SALINAS VALLEY - MONTEREY,36.620178,3033
PTJPL,2011-01-01,3-004.06,3-004,SALINAS VALLEY,SALINAS VALLEY - PASO ROBLES AREA,35.676201,338540
PTJPL,2011-01-01,3-004.08,3-004,SALINAS VALLEY,SALINAS VALLEY - SEASIDE,39.357882,1643
PTJPL,2011-01-01,3-004.05,3-004,SALINAS VALLEY,SALINAS VALLEY - UPPER VALLEY AQUIFER,40.033282,279945
PTJPL,2011-01-01,6-017,6-017,SALINE VALLEY,SALINE VALLEY,,0
PTJPL,2011-01-01,6-053,6-053,SALT WELLS VALLEY,SALT WELLS VALLEY,,0
PTJPL,2011-01-01,3-014,3-014,SAN ANTONIO CREEK VALLEY,SAN ANTONIO CREEK VALLEY,37.971437,63229
PTJPL,2011-01-01,3-028,3-028,SAN BENITO RIVER VALLEY,SAN BENITO RIVER VALLEY,32.362656,4172
PTJPL,2011-01-01,3-033,3-033,SAN CARPOFORO VALLEY,SAN CARPOFORO VALLEY,,0
PTJPL,2011-01-01,9-015,9-015,SAN DIEGO RIVER VALLEY,SAN DIEGO RIVER VALLEY,42.955224,1139
PTJPL,2011-01-01,9-012,9-012,SAN DIEGUITO CREEK,SAN DIEGUITO CREEK,43.278882,1610
PTJPL,2011-01-01,9-023,9-023,SAN ELIJO VALLEY,SAN ELIJO VALLEY,43.48,25
PTJPL,2011-01-01,7-027,7-027,SAN FELIPE VALLEY,SAN FELIPE VALLEY,25.689189,74
PTJPL,2011-01-01,4-012,4-012,SAN FERNANDO VALLEY,SAN FERNANDO VALLEY,43.694698,8431
PTJPL,2011-01-01,4-013,4-013,SAN GABRIEL VALLEY,SAN GABRIEL VALLEY,44.685305,9139
PTJPL,2011-01-01,2-024,2-024,SAN GREGORIO VALLEY,SAN GREGORIO VALLEY,27.470796,1130
PTJPL,2011-01-01,8-005,8-005,SAN JACINTO,SAN JACINTO,38.096698,135442
PTJPL,2011-01-01,5-022.05,5-022,SAN JOAQUIN VALLEY,SAN JOAQUIN VALLEY - CHOWCHILLA,21.603245,348263
PTJPL,2011-01-01,5-022.16,5-022,SAN JOAQUIN VALLEY,SAN JOAQUIN VALLEY - COSUMNES,26.959452,250668
PTJPL,2011-01-01,5-022.07,5-022,SAN JOAQUIN VALLEY,SAN JOAQUIN VALLEY - DELTA-MENDOTA,27.581248,2027388
PTJPL,2011-01-01,5-022.19,5-022,SAN JOAQUIN VALLEY,SAN JOAQUIN VALLEY - EAST CONTRA COSTA,28.211399,178511
PTJPL,2011-01-01,5-022.01,5-022,SAN JOAQUIN VALLEY,SAN JOAQUIN VALLEY - EASTERN SAN JOAQUIN,25.310865,1738975
PTJPL,2011-01-01,5-022.11,5-022,SAN JOAQUIN VALLEY,SAN JOAQUIN VALLEY - KAWEAH,24.933664,1383660
PTJPL,2011-01-01,5-022.14,5-022,SAN JOAQUIN VALLEY,SAN JOAQUIN VALLEY - KERN COUNTY,34.989411,3707751
PTJPL,2011-01-01,5-022.17,5-022,SAN JOAQUIN VALLEY,SAN JOAQUIN VALLEY - KETTLEMAN PLAIN,25.842428,135862
PTJPL,2011-01-01,5-022.08,5-022,SAN JOAQUIN VALLEY,SAN JOAQUIN VALLEY - KINGS,21.794029,2970653
PTJPL,2011-01-01,5-022.06,5-022,SAN JOAQUIN VALLEY,SAN JOAQUIN VALLEY - MADERA,19.537974,868500
PTJPL,2011-01-01,5-022.04,5-022,SAN JOAQUIN VALLEY,SAN JOAQUIN VALLEY - MERCED,26.243115,733794
PTJPL,2011-01-01,5-022.02,5-022,SAN JOAQUIN VALLEY,SAN JOAQUIN VALLEY - MODESTO,27.352087,477618
PTJPL,2011-01-01,5-022.10,5-022,SAN JOAQUIN VALLEY,SAN JOAQUIN VALLEY - PLEASANT VALLEY,27.08774,120709
PTJPL,2011-01-01,5-022.15,5-022,SAN JOAQUIN VALLEY,SAN JOAQUIN VALLEY - TRACY,26.378323,616959
PTJPL,2011-01-01,5-022.12,5-022,SAN JOAQUIN VALLEY,SAN JOAQUIN VALLEY - TULARE LAKE,21.875054,1559760
PTJPL,2011-01-01,5-022.13,5-022,SAN JOAQUIN VALLEY,SAN JOAQUIN VALLEY - TULE,28.188456,1575612
PTJPL,2011-01-01,5-022.03,5-022,SAN JOAQUIN VALLEY,SAN JOAQUIN VALLEY - TURLOCK,27.726928,828770
PTJPL,2011-01-01,5-022.09,5-022,SAN JOAQUIN VALLEY,SAN JOAQUIN VALLEY - WESTSIDE,26.410206,2400190
PTJPL,2011-01-01,5-022.18,5-022,SAN JOAQUIN VALLEY,SAN JOAQUIN VALLEY - WHITE WOLF,38.580739,162939
PTJPL,2011-01-01,9-001,9-001,SAN JUAN VALLEY,SAN JUAN VALLEY,46.801496,2272
PTJPL,2011-01-01,3-009,3-009,SAN LUIS OBISPO VALLEY,SAN LUIS OBISPO VALLEY,38.485764,16683
PTJPL,2011-01-01,9-007.02,9-007,SAN LUIS REY VALLEY,SAN LUIS REY VALLEY - LOWER SAN LUIS REY VALLEY,40.692836,2764
PTJPL,2011-01-01,9-007.01,9-007,SAN LUIS REY VALLEY,SAN LUIS REY VALLEY - UPPER SAN LUIS REY VALLEY,42.389147,25597
PTJPL,2011-01-01,9-032,9-032,SAN MARCOS AREA,SAN MARCOS AREA,41.592593,27
PTJPL,2011-01-01,9-002,9-002,SAN MATEO VALLEY,SAN MATEO VALLEY,44.888889,9
PTJPL,2011-01-01,9-003,9-003,SAN ONOFRE VALLEY,SAN ONOFRE VALLEY,,0
PTJPL,2011-01-01,9-010,9-010,SAN PASQUAL VALLEY,SAN PASQUAL VALLEY,36.34829,7689
PTJPL,2011-01-01,2-036,2-036,SAN PEDRO VALLEY,SAN PEDRO VALLEY,32.291667,24
PTJPL,2011-01-01,2-029,2-029,SAN RAFAEL VALLEY,SAN RAFAEL VALLEY,,0
PTJPL,2011-01-01,2-007,2-007,SAN RAMON VALLEY,SAN RAMON VALLEY,25.746032,378
PTJPL,2011-01-01,3-035,3-035,SAN SIMEON VALLEY,SAN SIMEON VALLEY,45.384259,216
PTJPL,2011-01-01,2-027,2-027,SAND POINT AREA,SAND POINT AREA,30.746061,20564
PTJPL,2011-01-01,1-053,1-053,SANEL VALLEY,SANEL VALLEY,33.471848,11811
PTJPL,2011-01-01,3-022,3-022,SANTA ANA VALLEY,SANTA ANA VALLEY,29.797849,7158
PTJPL,2011-01-01,3-017,3-017,SANTA BARBARA,SANTA BARBARA,40.802594,694
PTJPL,2011-01-01,4-004.05,4-004,SANTA CLARA RIVER VALLEY,SANTA CLARA RIVER VALLEY - FILLMORE,42.4462,50121
PTJPL,2011-01-01,4-004.03,4-004,SANTA CLARA RIVER VALLEY,SANTA CLARA RIVER VALLEY - MOUND,38.949258,9499
PTJPL,2011-01-01,4-004.02,4-004,SANTA CLARA RIVER VALLEY,SANTA CLARA RIVER VALLEY - OXNARD,37.391344,106699
PTJPL,2011-01-01,4-004.06,4-004,SANTA CLARA RIVER VALLEY,SANTA CLARA RIVER VALLEY - PIRU,42.932215,23073
PTJPL,2011-01-01,4-004.07,4-004,SANTA CLARA RIVER VALLEY,SANTA CLARA RIVER VALLEY - SANTA CLARA RIVER VALLEY EAST,41.113853,6807
PTJPL,2011-01-01,4-004.04,4-004,SANTA CLARA RIVER VALLEY,SANTA CLARA RIVER VALLEY - SANTA PAULA,40.808712,40609
PTJPL,2011-01-01,2-009.04,2-009,SANTA CLARA VALLEY,SANTA CLARA VALLEY - EAST BAY PLAIN,28.38006,2989
PTJPL,2011-01-01,2-009.01,2-009,SANTA CLARA VALLEY,SANTA CLARA VALLEY - NILES CONE,29.396427,1791
PTJPL,2011-01-01,2-009.03,2-009,SANTA CLARA VALLEY,SANTA CLARA VALLEY - SAN MATEO PLAIN,30.846834,1358
PTJPL,2011-01-01,2-009.02,2-009,SANTA CLARA VALLEY,SANTA CLARA VALLEY - SANTA CLARA,33.898286,25788
PTJPL,2011-01-01,3-001,3-001,SANTA CRUZ MID-COUNTY,SANTA CRUZ MID-COUNTY,31.631724,3978
PTJPL,2011-01-01,3-027,3-027,SANTA MARGARITA,SANTA MARGARITA,31.734899,298
PTJPL,2011-01-01,9-004,9-004,SANTA MARGARITA VALLEY,SANTA MARGARITA VALLEY,,0
PTJPL,2011-01-01,3-012.02,3-012,SANTA MARIA RIVER VALLEY,SANTA MARIA RIVER VALLEY - ARROYO GRANDE,33.332092,6176
PTJPL,2011-01-01,3-012.01,3-012,SANTA MARIA RIVER VALLEY,SANTA MARIA RIVER VALLEY - SANTA MARIA,36.034929,262758
PTJPL,2011-01-01,9-011,9-011,SANTA MARIA VALLEY,SANTA MARIA VALLEY,38.204345,3176
PTJPL,2011-01-01,6-068,6-068,SANTA ROSA FLAT,SANTA ROSA FLAT,,0
PTJPL,2011-01-01,3-036,3-036,SANTA ROSA VALLEY,SANTA ROSA VALLEY,40.210277,2744
PTJPL,2011-01-01,1-055.02,1-055,SANTA ROSA VALLEY,SANTA ROSA VALLEY - HEALDSBURG AREA,33.644534,31401
PTJPL,2011-01-01,1-055.03,1-055,SANTA ROSA VALLEY,SANTA ROSA VALLEY - RINCON VALLEY,27.934596,581
PTJPL,2011-01-01,1-055.01,1-055,SANTA ROSA VALLEY,SANTA ROSA VALLEY - SANTA ROSA PLAIN,30.767403,80990
PTJPL,2011-01-01,3-015,3-015,SANTA YNEZ RIVER VALLEY,SANTA YNEZ RIVER VALLEY,35.230057,118162
PTJPL,2011-01-01,1-005,1-005,SCOTT RIVER VALLEY,SCOTT RIVER VALLEY,26.597912,147060
PTJPL,2011-01-01,5-014,5-014,SCOTTS VALLEY,SCOTTS VALLEY,34.04401,7271
PTJPL,2011-01-01,6-052,6-052,SEARLES VALLEY,SEARLES VALLEY,,0
PTJPL,2011-01-01,6-100,6-100,SECRET VALLEY,SECRET VALLEY,22.162614,12379
PTJPL,2011-01-01,1-016,1-016,SEIAD VALLEY,SEIAD VALLEY,38.143508,439
PTJPL,2011-01-01,8-008,8-008,SEVEN OAKS VALLEY,SEVEN OAKS VALLEY,,0
PTJPL,2011-01-01,1-004,1-004,SHASTA VALLEY,SHASTA VALLEY,23.951775,257522
PTJPL,2011-01-01,1-042,1-042,SHERWOOD VALLEY,SHERWOOD VALLEY,,0
PTJPL,2011-01-01,5-012.02,5-012,SIERRA VALLEY,SIERRA VALLEY - CHILCOOT,19.767831,4725
PTJPL,2011-01-01,5-012.01,5-012,SIERRA VALLEY,SIERRA VALLEY - SIERRA VALLEY,25.325247,206019
PTJPL,2011-01-01,6-034,6-034,SILVER LAKE VALLEY,SILVER LAKE VALLEY,,0
PTJPL,2011-01-01,4-009,4-009,SIMI VALLEY,SIMI VALLEY,46.570547,1297
PTJPL,2011-01-01,6-105,6-105,SLINKARD VALLEY,SLINKARD VALLEY,,0
PTJPL,2011-01-01,1-001,1-001,SMITH RIVER PLAIN,SMITH RIVER PLAIN,49.384918,36322
PTJPL,2011-01-01,6-033,6-033,SODA LAKE VALLEY,SODA LAKE VALLEY,,0
PTJPL,2011-01-01,2-037,2-037,SOUTH SAN FRANCISCO,SOUTH SAN FRANCISCO,,0
PTJPL,2011-01-01,6-082,6-082,SPRING CANYON VALLEY,SPRING CANYON VALLEY,,0
PTJPL,2011-01-01,5-089,5-089,SQUAW FLAT,SQUAW FLAT,,0
PTJPL,2011-01-01,5-088,5-088,STONY GORGE RESERVOIR,STONY GORGE RESERVOIR,31.904564,964
PTJPL,2011-01-01,5-063,5-063,STONYFORD TOWN AREA,STONYFORD TOWN AREA,29.633653,3857
PTJPL,2011-01-01,2-003,2-003,SUISUN-FAIRFIELD VALLEY,SUISUN-FAIRFIELD VALLEY,27.94935,91865
PTJPL,2011-01-01,2-011,2-011,SUNOL VALLEY,SUNOL VALLEY,28.289855,1656
PTJPL,2011-01-01,6-049,6-049,SUPERIOR VALLEY,SUPERIOR VALLEY,,0
PTJPL,2011-01-01,6-001,6-001,SURPRISE VALLEY,SURPRISE VALLEY,24.085102,233648
PTJPL,2011-01-01,6-107,6-107,SWEETWATER FLAT,SWEETWATER FLAT,13.198653,297
PTJPL,2011-01-01,6-005.03,6-005,TAHOE VALLEY,TAHOE VALLEY - TAHOE NORTH,20.5,4
PTJPL,2011-01-01,6-005.01,6-005,TAHOE VALLEY,TAHOE VALLEY - TAHOE SOUTH,28.0,3
PTJPL,2011-01-01,6-005.02,6-005,TAHOE VALLEY,TAHOE VALLEY - TAHOE WEST,,0
PTJPL,2011-01-01,6-045,6-045,TEHACHAPI VALLEY EAST,TEHACHAPI VALLEY EAST,31.821344,3392
PTJPL,2011-01-01,5-028,5-028,TEHACHAPI VALLEY WEST,TEHACHAPI VALLEY WEST,30.131672,4534
PTJPL,2011-01-01,9-005,9-005,TEMECULA VALLEY,TEMECULA VALLEY,41.347078,20517
PTJPL,2011-01-01,1-040,1-040,TEN MILE RIVER VALLEY,TEN MILE RIVER VALLEY,44.401914,209
PTJPL,2011-01-01,7-026,7-026,TERWILLIGER VALLEY,TERWILLIGER VALLEY,25.739645,169
PTJPL,2011-01-01,4-019,4-019,THOUSAND OAKS AREA,THOUSAND OAKS AREA,47.444156,385
PTJPL,2011-01-01,4-015,4-015,TIERRA REJADA,TIERRA REJADA,45.121945,4092
PTJPL,2011-01-01,5-037,5-037,TOAD WELL AREA,TOAD WELL AREA,,0
PTJPL,2011-01-01,3-040,3-040,TORO VALLEY,TORO VALLEY,44.613514,370
PTJPL,2011-01-01,6-098,6-098,TULEDAD CANYON VALLEY,TULEDAD CANYON VALLEY,17.422581,310
PTJPL,2011-01-01,7-010,7-010,TWENTYNINE PALMS VALLEY,TWENTYNINE PALMS VALLEY,21.216867,747
PTJPL,2011-01-01,1-052,1-052,UKIAH VALLEY,UKIAH VALLEY,35.529694,43376
PTJPL,2011-01-01,6-022,6-022,UPPER KINGSTON VALLEY,UPPER KINGSTON VALLEY,,0
PTJPL,2011-01-01,5-013,5-013,UPPER LAKE VALLEY,UPPER LAKE VALLEY,31.010151,12413
PTJPL,2011-01-01,6-042,6-042,UPPER MOJAVE RIVER VALLEY,UPPER MOJAVE RIVER VALLEY,28.331209,6748
PTJPL,2011-01-01,4-001,4-001,UPPER OJAI VALLEY,UPPER OJAI VALLEY,38.269885,3294
PTJPL,2011-01-01,3-023,3-023,UPPER SANTA ANA VALLEY,UPPER SANTA ANA VALLEY,34.571429,7
PTJPL,2011-01-01,8-002.05,8-002,UPPER SANTA ANA VALLEY,UPPER SANTA ANA VALLEY - CAJON,26.017647,170
PTJPL,2011-01-01,8-002.01,8-002,UPPER SANTA ANA VALLEY,UPPER SANTA ANA VALLEY - CHINO,42.954789,29440
PTJPL,2011-01-01,8-002.02,8-002,UPPER SANTA ANA VALLEY,UPPER SANTA ANA VALLEY - CUCAMONGA,38.461194,670
PTJPL,2011-01-01,8-002.04,8-002,UPPER SANTA ANA VALLEY,UPPER SANTA ANA VALLEY - RIALTO-COLTON,36.426975,1253
PTJPL,2011-01-01,8-002.03,8-002,UPPER SANTA ANA VALLEY,UPPER SANTA ANA VALLEY - RIVERSIDE-ARLINGTON,43.604898,13966
PTJPL,2011-01-01,8-002.06,8-002,UPPER SANTA ANA VALLEY,UPPER SANTA ANA VALLEY - SAN BERNARDINO,41.927105,15543
PTJPL,2011-01-01,8-002.08,8-002,UPPER SANTA ANA VALLEY,UPPER SANTA ANA VALLEY - SAN TIMOTEO,34.253268,4667
PTJPL,2011-01-01,8-002.09,8-002,UPPER SANTA ANA VALLEY,UPPER SANTA ANA VALLEY - TEMESCAL,50.018935,845
PTJPL,2011-01-01,8-002.07,8-002,UPPER SANTA ANA VALLEY,UPPER SANTA ANA VALLEY - YUCAIPA,33.90098,2858
PTJPL,2011-01-01,7-028,7-028,VALLECITO-CARRIZO VALLEY,VALLECITO-CARRIZO VALLEY,,0
PTJPL,2011-01-01,5-071,5-071,VALLECITOS CREEK VALLEY,VALLECITOS CREEK VALLEY,,0
PTJPL,2011-01-01,7-063,7-063,VANDEVENTER FLAT,VANDEVENTER FLAT,,0
PTJPL,2011-01-01,4-003.02,4-003,VENTURA RIVER VALLEY,VENTURA RIVER VALLEY - LOWER VENTURA RIVER,39.227555,1771
PTJPL,2011-01-01,4-003.01,4-003,VENTURA RIVER VALLEY,VENTURA RIVER VALLEY - UPPER VENTURA RIVER,38.28913,2300
PTJPL,2011-01-01,7-042,7-042,VIDAL VALLEY,VIDAL VALLEY,,0
PTJPL,2011-01-01,3-037,3-037,VILLA VALLEY,VILLA VALLEY,39.42874,849
PTJPL,2011-01-01,2-032,2-032,VISITACION VALLEY,VISITACION VALLEY,29.814607,178
PTJPL,2011-01-01,5-026,5-026,WALKER BASIN CREEK VALLEY,WALKER BASIN CREEK VALLEY,24.409269,6387
PTJPL,2011-01-01,7-003,7-003,WARD VALLEY,WARD VALLEY,,0
PTJPL,2011-01-01,9-008,9-008,WARNER VALLEY,WARNER VALLEY,27.845481,343
PTJPL,2011-01-01,7-012,7-012,WARREN VALLEY,WARREN VALLEY,20.623188,345
PTJPL,2011-01-01,1-031,1-031,WEOTT TOWN AREA,WEOTT TOWN AREA,27.89899,495
PTJPL,2011-01-01,7-022,7-022,WEST SALTON SEA,WEST SALTON SEA,,0
PTJPL,2011-01-01,3-026,3-026,WEST SANTA CRUZ TERRACE,WEST SANTA CRUZ TERRACE,31.340838,1599
PTJPL,2011-01-01,2-035,2-035,WESTSIDE,WESTSIDE,31.288078,3808
PTJPL,2011-01-01,6-073,6-073,WILD HORSE MESA AREA,WILD HORSE MESA AREA,,0
PTJPL,2011-01-01,6-075,6-075,WILDROSE CANYON,WILDROSE CANYON,,0
PTJPL,2011-01-01,1-043,1-043,WILLIAMS VALLEY,WILLIAMS VALLEY,36.562887,485
PTJPL,2011-01-01,6-003,6-003,WILLOW CREEK VALLEY,WILLOW CREEK VALLEY,20.789969,26058
PTJPL,2011-01-01,1-059,1-059,WILSON GROVE FORMATION HIGHLANDS,WILSON GROVE FORMATION HIGHLANDS,30.80617,70598
PTJPL,2011-01-01,1-062,1-062,WILSON POINT AREA,WILSON POINT AREA,22.888889,9
PTJPL,2011-01-01,6-019,6-019,WINGATE VALLEY,WINGATE VALLEY,,0
PTJPL,2011-01-01,7-056,7-056,YAQUI WELL AREA,YAQUI WELL AREA,,0
PTJPL,2011-01-01,5-056,5-056,YELLOW CREEK VALLEY,YELLOW CREEK VALLEY,25.787879,33
PTJPL,2011-01-01,2-006,2-006,YGNACIO VALLEY,YGNACIO VALLEY,25.209877,405
PTJPL,2011-01-01,5-069,5-069,YOSEMITE VALLEY,YOSEMITE VALLEY,,0
PTJPL,2011-01-01,7-036,7-036,YUMA VALLEY,YUMA VALLEY,45.148086,66610
