Model,Date,Basin_Subb,Basin_Numb,Basin_Name,Basin_Su_1,ET,Pixel_Count
PTJPL,2010-11-01,4-005,4-005,ACTON VALLEY,ACTON VALLEY,16.812874,668
PTJPL,2010-11-01,6-010,6-010,ADOBE LAKE VALLEY,ADOBE LAKE VALLEY,,0
PTJPL,2010-11-01,1-054.01,1-054,ALEXANDER VALLEY,ALEXANDER VALLEY - ALEXANDER AREA,50.453212,39743
PTJPL,2010-11-01,1-054.02,1-054,ALEXANDER VALLEY,ALEXANDER VALLEY - CLOVERDALE AREA,48.67235,9501
PTJPL,2010-11-01,5-002.01,5-002,ALTURAS AREA,ALTURAS AREA - SOUTH FORK PITT RIVER,29.610742,137202
PTJPL,2010-11-01,5-002.02,5-002,ALTURAS AREA,ALTURAS AREA - WARM SPRINGS VALLEY,25.37667,62134
PTJPL,2010-11-01,5-010,5-010,AMERICAN VALLEY,AMERICAN VALLEY,27.783616,9668
PTJPL,2010-11-01,7-016,7-016,AMES VALLEY,AMES VALLEY,,0
PTJPL,2010-11-01,7-034,7-034,AMOS VALLEY,AMOS VALLEY,,0
PTJPL,2010-11-01,1-019,1-019,ANDERSON VALLEY,ANDERSON VALLEY,43.335507,5982
PTJPL,2010-11-01,1-049,1-049,ANNAPOLIS OHLSON RANCH FORMATION HIGHLANDS,ANNAPOLIS OHLSON RANCH FORMATION HIGHLANDS,41.476838,2353
PTJPL,2010-11-01,5-091,5-091,ANTELOPE CREEK,ANTELOPE CREEK,40.327103,1605
PTJPL,2010-11-01,6-044,6-044,ANTELOPE VALLEY,ANTELOPE VALLEY,31.832918,137884
PTJPL,2010-11-01,6-007,6-007,ANTELOPE VALLEY,ANTELOPE VALLEY,27.777888,48489
PTJPL,2010-11-01,3-034,3-034,ARROYO DE LA CRUZ VALLEY,ARROYO DE LA CRUZ VALLEY,42.745353,538
PTJPL,2010-11-01,2-031,2-031,ARROYO DEL HAMBRE VALLEY,ARROYO DEL HAMBRE VALLEY,,0
PTJPL,2010-11-01,4-007,4-007,ARROYO SANTA ROSA VALLEY,ARROYO SANTA ROSA VALLEY,36.600762,7870
PTJPL,2010-11-01,7-037,7-037,ARROYO SECO VALLEY,ARROYO SECO VALLEY,,0
PTJPL,2010-11-01,5-054,5-054,ASH VALLEY,ASH VALLEY,23.527887,10381
PTJPL,2010-11-01,6-026,6-026,AVAWATZ VALLEY,AVAWATZ VALLEY,,0
PTJPL,2010-11-01,3-020,3-020,A�O NUEVO AREA,A�O NUEVO AREA,51.651987,1862
PTJPL,2010-11-01,9-022,9-022,BATIQUITOS LAGOON VALLEY,BATIQUITOS LAGOON VALLEY,62.554839,620
PTJPL,2010-11-01,8-009,8-009,BEAR VALLEY,BEAR VALLEY,29.616438,219
PTJPL,2010-11-01,5-064,5-064,BEAR VALLEY,BEAR VALLEY,40.894118,510
PTJPL,2010-11-01,5-020,5-020,BERRYESSA VALLEY,BERRYESSA VALLEY,,0
PTJPL,2010-11-01,7-015,7-015,BESSEMER VALLEY,BESSEMER VALLEY,,0
PTJPL,2010-11-01,6-025,6-025,BICYCLE VALLEY,BICYCLE VALLEY,,0
PTJPL,2010-11-01,1-027,1-027,BIG LAGOON AREA,BIG LAGOON AREA,33.487179,39
PTJPL,2010-11-01,8-007,8-007,BIG MEADOWS VALLEY,BIG MEADOWS VALLEY,,0
PTJPL,2010-11-01,1-045,1-045,BIG RIVER VALLEY,BIG RIVER VALLEY,,0
PTJPL,2010-11-01,3-047,3-047,BIG SPRING AREA,BIG SPRING AREA,28.180828,918
PTJPL,2010-11-01,5-015,5-015,BIG VALLEY,BIG VALLEY,46.620775,40981
PTJPL,2010-11-01,5-004,5-004,BIG VALLEY,BIG VALLEY,30.607473,147888
PTJPL,2010-11-01,3-030,3-030,BITTER WATER VALLEY,BITTER WATER VALLEY,28.025479,7575
PTJPL,2010-11-01,6-013,6-013,BLACK SPRINGS VALLEY,BLACK SPRINGS VALLEY,,0
PTJPL,2010-11-01,5-092,5-092,BLANCHARD VALLEY,BLANCHARD VALLEY,38.546018,1130
PTJPL,2010-11-01,1-057,1-057,BODEGA BAY AREA,BODEGA BAY AREA,38.175325,154
PTJPL,2010-11-01,7-024.01,7-024,BORREGO VALLEY,BORREGO VALLEY - BORREGO SPRINGS,51.015462,17397
PTJPL,2010-11-01,7-024.02,7-024,BORREGO VALLEY,BORREGO VALLEY - OCOTILLO WELLS,30.166667,12
PTJPL,2010-11-01,1-039,1-039,BRANSCOMB TOWN AREA,BRANSCOMB TOWN AREA,,0
PTJPL,2010-11-01,1-017,1-017,BRAY TOWN AREA,BRAY TOWN AREA,27.309921,3659
PTJPL,2010-11-01,6-008,6-008,BRIDGEPORT VALLEY,BRIDGEPORT VALLEY,18.345652,74902
PTJPL,2010-11-01,7-008,7-008,BRISTOL VALLEY,BRISTOL VALLEY,22.102976,7963
PTJPL,2010-11-01,5-080,5-080,BRITE VALLEY,BRITE VALLEY,30.356495,1324
PTJPL,2010-11-01,6-032,6-032,BROADWELL VALLEY,BROADWELL VALLEY,,0
PTJPL,2010-11-01,6-076,6-076,BROWN MOUNTAIN VALLEY,BROWN MOUNTAIN VALLEY,,0
PTJPL,2010-11-01,7-054,7-054,BUCK RIDGE FAULT VALLEY,BUCK RIDGE FAULT VALLEY,,0
PTJPL,2010-11-01,6-101,6-101,BULL FLAT,BULL FLAT,19.208333,48
PTJPL,2010-11-01,5-048,5-048,BURNEY CREEK VALLEY,BURNEY CREEK VALLEY,22.121296,6851
PTJPL,2010-11-01,5-017,5-017,BURNS VALLEY,BURNS VALLEY,46.612457,1734
PTJPL,2010-11-01,5-051,5-051,BUTTE CREEK VALLEY,BUTTE CREEK VALLEY,,0
PTJPL,2010-11-01,1-003,1-003,BUTTE VALLEY,BUTTE VALLEY,26.674321,132118
PTJPL,2010-11-01,6-081,6-081,BUTTE VALLEY,BUTTE VALLEY,,0
PTJPL,2010-11-01,6-070,6-070,CACTUS FLAT,CACTUS FLAT,,0
PTJPL,2010-11-01,7-007,7-007,CADIZ VALLEY,CADIZ VALLEY,,0
PTJPL,2010-11-01,6-090,6-090,CADY FAULT AREA,CADY FAULT AREA,,0
PTJPL,2010-11-01,9-006,9-006,CAHUILLA VALLEY,CAHUILLA VALLEY,30.49648,6250
PTJPL,2010-11-01,6-079,6-079,CALIFORNIA VALLEY,CALIFORNIA VALLEY,,0
PTJPL,2010-11-01,7-041,7-041,CALZONA VALLEY,CALZONA VALLEY,,0
PTJPL,2010-11-01,6-061,6-061,CAMEO AREA,CAMEO AREA,,0
PTJPL,2010-11-01,9-028,9-028,CAMPO VALLEY,CAMPO VALLEY,46.349206,126
PTJPL,2010-11-01,7-046,7-046,CANEBRAKE VALLEY,CANEBRAKE VALLEY,,0
PTJPL,2010-11-01,3-007,3-007,CARMEL VALLEY,CARMEL VALLEY,48.50234,1282
PTJPL,2010-11-01,3-018,3-018,CARPINTERIA,CARPINTERIA,44.708212,13102
PTJPL,2010-11-01,3-019,3-019,CARRIZO PLAIN,CARRIZO PLAIN,27.55794,22739
PTJPL,2010-11-01,6-006,6-006,CARSON VALLEY,CARSON VALLEY,32.278762,9309
PTJPL,2010-11-01,5-029,5-029,CASTAC LAKE VALLEY,CASTAC LAKE VALLEY,29.397163,846
PTJPL,2010-11-01,2-008,2-008,CASTRO VALLEY,CASTRO VALLEY,,0
PTJPL,2010-11-01,6-038,6-038,CAVES CANYON VALLEY,CAVES CANYON VALLEY,,0
PTJPL,2010-11-01,5-045,5-045,CAYTON VALLEY,CAYTON VALLEY,41.700389,514
PTJPL,2010-11-01,3-038,3-038,CAYUCOS VALLEY,CAYUCOS VALLEY,,0
PTJPL,2010-11-01,7-043,7-043,CHEMEHUEVI VALLEY,CHEMEHUEVI VALLEY,,0
PTJPL,2010-11-01,7-032,7-032,CHOCOLATE VALLEY,CHOCOLATE VALLEY,7.955224,67
PTJPL,2010-11-01,3-005,3-005,CHOLAME VALLEY,CHOLAME VALLEY,33.047692,17718
PTJPL,2010-11-01,3-042,3-042,CHORRO VALLEY,CHORRO VALLEY,39.621622,1295
PTJPL,2010-11-01,5-061,5-061,CHROME TOWN AREA,CHROME TOWN AREA,38.688845,511
PTJPL,2010-11-01,7-005,7-005,CHUCKWALLA VALLEY,CHUCKWALLA VALLEY,34.06603,4604
PTJPL,2010-11-01,2-005,2-005,CLAYTON VALLEY,CLAYTON VALLEY,51.616719,634
PTJPL,2010-11-01,5-066,5-066,CLEAR LAKE CACHE FORMATION,CLEAR LAKE CACHE FORMATION,46.391489,940
PTJPL,2010-11-01,5-058,5-058,CLOVER VALLEY,CLOVER VALLEY,16.362391,1606
PTJPL,2010-11-01,7-021.03,7-021,COACHELLA VALLEY,COACHELLA VALLEY - DESERT HOT SPRINGS,45.311463,2713
PTJPL,2010-11-01,7-021.01,7-021,COACHELLA VALLEY,COACHELLA VALLEY - INDIO,53.320175,293627
PTJPL,2010-11-01,7-021.02,7-021,COACHELLA VALLEY,COACHELLA VALLEY - MISSION CREEK,39.652352,978
PTJPL,2010-11-01,7-021.04,7-021,COACHELLA VALLEY,COACHELLA VALLEY - SAN GORGONIO PASS,40.609551,356
PTJPL,2010-11-01,4-011.04,4-011,COASTAL PLAIN OF LOS ANGELES,COASTAL PLAIN OF LOS ANGELES - CENTRAL,45.909208,7005
PTJPL,2010-11-01,4-011.02,4-011,COASTAL PLAIN OF LOS ANGELES,COASTAL PLAIN OF LOS ANGELES - HOLLYWOOD,41.73065,323
PTJPL,2010-11-01,4-011.01,4-011,COASTAL PLAIN OF LOS ANGELES,COASTAL PLAIN OF LOS ANGELES - SANTA MONICA,43.363832,4186
PTJPL,2010-11-01,4-011.03,4-011,COASTAL PLAIN OF LOS ANGELES,COASTAL PLAIN OF LOS ANGELES - WEST COAST,45.751848,4058
PTJPL,2010-11-01,8-001,8-001,COASTAL PLAIN OF ORANGE COUNTY,COASTAL PLAIN OF ORANGE COUNTY,49.528147,23946
PTJPL,2010-11-01,9-033,9-033,COASTAL PLAIN OF SAN DIEGO,COASTAL PLAIN OF SAN DIEGO,51.179926,3507
PTJPL,2010-11-01,6-072,6-072,COLES FLAT,COLES FLAT,,0
PTJPL,2010-11-01,5-019,5-019,COLLAYOMI VALLEY,COLLAYOMI VALLEY,42.657217,3845
PTJPL,2010-11-01,7-055,7-055,COLLINS VALLEY,COLLINS VALLEY,,0
PTJPL,2010-11-01,4-010,4-010,CONEJO,CONEJO,40.771084,498
PTJPL,2010-11-01,7-011,7-011,COPPER MOUNTAIN VALLEY,COPPER MOUNTAIN VALLEY,,0
PTJPL,2010-11-01,3-002.01,3-002,CORRALITOS,CORRALITOS - PAJARO VALLEY,39.265798,109173
PTJPL,2010-11-01,3-002.02,3-002,CORRALITOS,CORRALITOS - PURISIMA HIGHLANDS,46.192982,456
PTJPL,2010-11-01,6-055,6-055,COSO VALLEY,COSO VALLEY,,0
PTJPL,2010-11-01,1-037,1-037,COTTONEVA CREEK VALLEY,COTTONEVA CREEK VALLEY,,0
PTJPL,2010-11-01,9-027,9-027,COTTONWOOD VALLEY,COTTONWOOD VALLEY,33.885714,70
PTJPL,2010-11-01,1-011,1-011,COVELO ROUND VALLEY,COVELO ROUND VALLEY,42.33984,36576
PTJPL,2010-11-01,6-091,6-091,COW HEAD LAKE VALLEY,COW HEAD LAKE VALLEY,17.175799,11479
PTJPL,2010-11-01,6-037,6-037,COYOTE LAKE VALLEY,COYOTE LAKE VALLEY,35.661523,972
PTJPL,2010-11-01,5-018,5-018,COYOTE VALLEY,COYOTE VALLEY,44.459596,6534
PTJPL,2010-11-01,7-029,7-029,COYOTE WELLS VALLEY,COYOTE WELLS VALLEY,13.9125,80
PTJPL,2010-11-01,6-035,6-035,CRONISE VALLEY,CRONISE VALLEY,,0
PTJPL,2010-11-01,6-050,6-050,CUDDEBACK VALLEY,CUDDEBACK VALLEY,,0
PTJPL,2010-11-01,5-082,5-082,CUDDY CANYON VALLEY,CUDDY CANYON VALLEY,,0
PTJPL,2010-11-01,5-083,5-083,CUDDY RANCH AREA,CUDDY RANCH AREA,,0
PTJPL,2010-11-01,5-084,5-084,CUDDY VALLEY,CUDDY VALLEY,26.6875,16
PTJPL,2010-11-01,5-027,5-027,CUMMINGS VALLEY,CUMMINGS VALLEY,26.740291,11459
PTJPL,2010-11-01,3-013,3-013,CUYAMA VALLEY,CUYAMA VALLEY,25.936042,153773
PTJPL,2010-11-01,7-009,7-009,DALE VALLEY,DALE VALLEY,14.552632,152
PTJPL,2010-11-01,6-057,6-057,DARWIN VALLEY,DARWIN VALLEY,,0
PTJPL,2010-11-01,7-061,7-061,DAVIES VALLEY,DAVIES VALLEY,,0
PTJPL,2010-11-01,7-013.01,7-013,DEADMAN VALLEY,DEADMAN VALLEY - DEADMAN LAKE,,0
PTJPL,2010-11-01,7-013.02,7-013,DEADMAN VALLEY,DEADMAN VALLEY - SURPRISE SPRING,,0
PTJPL,2010-11-01,6-018,6-018,DEATH VALLEY,DEATH VALLEY,16.277778,18
PTJPL,2010-11-01,6-015,6-015,DEEP SPRINGS VALLEY,DEEP SPRINGS VALLEY,17.658268,635
PTJPL,2010-11-01,6-078,6-078,DENNING SPRING VALLEY,DENNING SPRING VALLEY,,0
PTJPL,2010-11-01,1-034,1-034,DINSMORES TOWN AREA,DINSMORES TOWN AREA,29.569767,86
PTJPL,2010-11-01,5-053,5-053,DIXIE VALLEY,DIXIE VALLEY,31.355945,10968
PTJPL,2010-11-01,2-040,2-040,DOWNTOWN,DOWNTOWN,,0
PTJPL,2010-11-01,5-049,5-049,DRY BURNEY CREEK VALLEY,DRY BURNEY CREEK VALLEY,,0
PTJPL,2010-11-01,3-029,3-029,DRY LAKE VALLEY,DRY LAKE VALLEY,22.818519,540
PTJPL,2010-11-01,6-095,6-095,DRY VALLEY,DRY VALLEY,,0
PTJPL,2010-11-01,6-096,6-096,EAGLE LAKE AREA,EAGLE LAKE AREA,,0
PTJPL,2010-11-01,7-033,7-033,EAST SALTON SEA,EAST SALTON SEA,40.633501,40262
PTJPL,2010-11-01,1-044,1-044,EDEN VALLEY,EDEN VALLEY,34.060459,1654
PTJPL,2010-11-01,1-010,1-010,EEL RIVER VALLEY,EEL RIVER VALLEY,30.353731,117708
PTJPL,2010-11-01,5-041,5-041,EGG LAKE VALLEY,EGG LAKE VALLEY,,0
PTJPL,2010-11-01,9-016,9-016,EL CAJON VALLEY,EL CAJON VALLEY,42.096774,31
PTJPL,2010-11-01,6-043,6-043,EL MIRAGE VALLEY,EL MIRAGE VALLEY,31.518553,3207
PTJPL,2010-11-01,5-062,5-062,ELK CREEK AREA,ELK CREEK AREA,46.944056,143
PTJPL,2010-11-01,8-004.02,8-004,ELSINORE,ELSINORE - BEDFORD-COLDWATER,47.907599,1158
PTJPL,2010-11-01,8-004.01,8-004,ELSINORE,ELSINORE - ELSINORE VALLEY,47.915888,107
PTJPL,2010-11-01,9-009,9-009,ESCONDIDO VALLEY,ESCONDIDO VALLEY,38.0,34
PTJPL,2010-11-01,1-009,1-009,EUREKA PLAIN,EUREKA PLAIN,29.763661,20936
PTJPL,2010-11-01,6-016,6-016,EUREKA VALLEY,EUREKA VALLEY,,0
PTJPL,2010-11-01,1-022,1-022,FAIRCHILD SWAMP VALLEY,FAIRCHILD SWAMP VALLEY,,0
PTJPL,2010-11-01,5-005,5-005,FALL RIVER VALLEY,FALL RIVER VALLEY,25.172086,120184
PTJPL,2010-11-01,7-002,7-002,FENNER VALLEY,FENNER VALLEY,,0
PTJPL,2010-11-01,6-014,6-014,FISH LAKE VALLEY,FISH LAKE VALLEY,21.109902,14340
PTJPL,2010-11-01,3-053,3-053,FOOTHILL,FOOTHILL,43.971429,35
PTJPL,2010-11-01,1-021,1-021,FORT BRAGG TERRACE AREA,FORT BRAGG TERRACE AREA,34.755929,9530
PTJPL,2010-11-01,1-061,1-061,FORT ROSS TERRACE DEPOSITS,FORT ROSS TERRACE DEPOSITS,37.817084,1077
PTJPL,2010-11-01,6-046,6-046,FREMONT VALLEY,FREMONT VALLEY,26.854797,1949
PTJPL,2010-11-01,5-090,5-090,FUNKS CREEK,FUNKS CREEK,43.229408,3278
PTJPL,2010-11-01,1-032,1-032,GARBERVILLE TOWN AREA,GARBERVILLE TOWN AREA,38.625,536
PTJPL,2010-11-01,1-020,1-020,GARCIA RIVER VALLEY,GARCIA RIVER VALLEY,33.295341,2790
PTJPL,2010-11-01,3-003.01,3-003,GILROY-HOLLISTER VALLEY,GILROY-HOLLISTER VALLEY - LLAGAS AREA,37.437499,76695
PTJPL,2010-11-01,3-003.05,3-003,GILROY-HOLLISTER VALLEY,GILROY-HOLLISTER VALLEY - NORTH SAN BENITO,34.972734,195075
PTJPL,2010-11-01,6-085,6-085,GOLD VALLEY,GOLD VALLEY,,0
PTJPL,2010-11-01,6-048,6-048,GOLDSTONE VALLEY,GOLDSTONE VALLEY,,0
PTJPL,2010-11-01,3-016,3-016,GOLETA,GOLETA,46.418182,3355
PTJPL,2010-11-01,5-001.02,5-001,GOOSE LAKE,GOOSE LAKE - FANDANGO VALLEY,22.443825,23854
PTJPL,2010-11-01,5-001.01,5-001,GOOSE LAKE,GOOSE LAKE - GOOSE VALLEY,23.725403,46763
PTJPL,2010-11-01,5-047,5-047,GOOSE VALLEY,GOOSE VALLEY,39.137648,10861
PTJPL,2010-11-01,6-077,6-077,GRASS VALLEY,GRASS VALLEY,,0
PTJPL,2010-11-01,6-094,6-094,GRASSHOPPER VALLEY,GRASSHOPPER VALLEY,11.842403,1415
PTJPL,2010-11-01,1-048,1-048,GRAVELLY VALLEY,GRAVELLY VALLEY,,0
PTJPL,2010-11-01,5-052,5-052,GRAYS VALLEY,GRAYS VALLEY,,0
PTJPL,2010-11-01,6-084,6-084,GREENWATER VALLEY,GREENWATER VALLEY,,0
PTJPL,2010-11-01,5-059,5-059,GRIZZLY VALLEY,GRIZZLY VALLEY,,0
PTJPL,2010-11-01,2-022,2-022,HALF MOON BAY TERRACE,HALF MOON BAY TERRACE,46.628837,8600
PTJPL,2010-11-01,1-015,1-015,HAPPY CAMP TOWN AREA,HAPPY CAMP TOWN AREA,35.666667,99
PTJPL,2010-11-01,6-047,6-047,HARPER VALLEY,HARPER VALLEY,33.406858,5658
PTJPL,2010-11-01,6-074,6-074,HARRISBURG FLATS,HARRISBURG FLATS,,0
PTJPL,2010-11-01,6-093,6-093,HARVEY VALLEY,HARVEY VALLEY,,0
PTJPL,2010-11-01,1-006,1-006,HAYFORK VALLEY,HAYFORK VALLEY,27.561477,3115
PTJPL,2010-11-01,7-048,7-048,HELENDALE FAULT VALLEY,HELENDALE FAULT VALLEY,,0
PTJPL,2010-11-01,8-006,8-006,HEMET LAKE VALLEY,HEMET LAKE VALLEY,,0
PTJPL,2010-11-01,3-031,3-031,HERNANDEZ VALLEY,HERNANDEZ VALLEY,29.375321,389
PTJPL,2010-11-01,1-036,1-036,HETTENSHAW VALLEY,HETTENSHAW VALLEY,28.422187,1902
PTJPL,2010-11-01,7-053,7-053,HEXIE MOUNTAIN AREA,HEXIE MOUNTAIN AREA,,0
PTJPL,2010-11-01,6-063,6-063,HIDDEN VALLEY,HIDDEN VALLEY,,0
PTJPL,2010-11-01,4-016,4-016,HIDDEN VALLEY,HIDDEN VALLEY,34.918768,3767
PTJPL,2010-11-01,5-016,5-016,HIGH VALLEY,HIGH VALLEY,45.207479,2781
PTJPL,2010-11-01,6-004,6-004,HONEY LAKE VALLEY,HONEY LAKE VALLEY,26.889578,176070
PTJPL,2010-11-01,1-029,1-029,HONEYDEW TOWN AREA,HONEYDEW TOWN AREA,37.698225,1183
PTJPL,2010-11-01,1-007,1-007,HOOPA VALLEY,HOOPA VALLEY,36.410761,762
PTJPL,2010-11-01,6-097,6-097,HORSE LAKE VALLEY,HORSE LAKE VALLEY,13.792618,4335
PTJPL,2010-11-01,5-040,5-040,HOT SPRINGS VALLEY,HOT SPRINGS VALLEY,30.613109,2670
PTJPL,2010-11-01,3-045,3-045,HUASNA VALLEY,HUASNA VALLEY,39.465241,3366
PTJPL,2010-11-01,5-060,5-060,HUMBUG VALLEY,HUMBUG VALLEY,23.434635,1178
PTJPL,2010-11-01,4-018,4-018,HUNGRY VALLEY,HUNGRY VALLEY,,0
PTJPL,2010-11-01,1-035,1-035,HYAMPOM VALLEY,HYAMPOM VALLEY,32.565476,504
PTJPL,2010-11-01,7-030,7-030,IMPERIAL VALLEY,IMPERIAL VALLEY,47.886738,1787557
PTJPL,2010-11-01,5-009,5-009,INDIAN VALLEY,INDIAN VALLEY,26.372547,44585
PTJPL,2010-11-01,6-054,6-054,INDIAN WELLS VALLEY,INDIAN WELLS VALLEY,21.968117,14616
PTJPL,2010-11-01,7-050,7-050,IRON RIDGE AREA,IRON RIDGE AREA,,0
PTJPL,2010-11-01,2-033,2-033,ISLAIS VALLEY,ISLAIS VALLEY,,0
PTJPL,2010-11-01,6-030,6-030,IVANPAH VALLEY,IVANPAH VALLEY,36.784314,918
PTJPL,2010-11-01,7-047,7-047,JACUMBA VALLEY,JACUMBA VALLEY,,0
PTJPL,2010-11-01,5-003,5-003,JESS VALLEY,JESS VALLEY,26.642404,14508
PTJPL,2010-11-01,7-018.01,7-018,JOHNSON VALLEY,JOHNSON VALLEY - SOGGY LAKE,15.0,60
PTJPL,2010-11-01,7-018.02,7-018,JOHNSON VALLEY,JOHNSON VALLEY - UPPER JOHNSON VALLEY,,0
PTJPL,2010-11-01,5-086,5-086,JOSEPH CREEK,JOSEPH CREEK,22.82706,3799
PTJPL,2010-11-01,7-062,7-062,JOSHUA TREE,JOSHUA TREE,,0
PTJPL,2010-11-01,6-089,6-089,KANE WASH AREA,KANE WASH AREA,,0
PTJPL,2010-11-01,6-069,6-069,KELSO LANDER VALLEY,KELSO LANDER VALLEY,,0
PTJPL,2010-11-01,6-031,6-031,KELSO VALLEY,KELSO VALLEY,,0
PTJPL,2010-11-01,2-019,2-019,KENWOOD VALLEY,KENWOOD VALLEY,43.002115,5674
PTJPL,2010-11-01,5-025,5-025,KERN RIVER VALLEY,KERN RIVER VALLEY,23.030775,15077
PTJPL,2010-11-01,1-002.02,1-002,KLAMATH RIVER VALLEY,KLAMATH RIVER VALLEY - LOWER KLAMATH,26.648904,75760
PTJPL,2010-11-01,1-002.01,1-002,KLAMATH RIVER VALLEY,KLAMATH RIVER VALLEY - TULELAKE,24.785343,222914
PTJPL,2010-11-01,1-050,1-050,KNIGHTS VALLEY,KNIGHTS VALLEY,44.954657,7322
PTJPL,2010-11-01,5-007,5-007,LAKE ALMANOR VALLEY,LAKE ALMANOR VALLEY,19.505952,336
PTJPL,2010-11-01,5-046,5-046,LAKE BRITTON AREA,LAKE BRITTON AREA,20.900485,412
PTJPL,2010-11-01,7-001,7-001,LANFAIR VALLEY,LANFAIR VALLEY,,0
PTJPL,2010-11-01,6-036.02,6-036,LANGFORD VALLEY,LANGFORD VALLEY - IRWIN,,0
PTJPL,2010-11-01,6-036.01,6-036,LANGFORD VALLEY,LANGFORD VALLEY - LANGFORD WELL LAKE,,0
PTJPL,2010-11-01,1-033,1-033,LARABEE VALLEY,LARABEE VALLEY,29.592417,211
PTJPL,2010-11-01,4-008,4-008,LAS POSAS VALLEY,LAS POSAS VALLEY,39.025685,90830
PTJPL,2010-11-01,5-057,5-057,LAST CHANCE CREEK VALLEY,LAST CHANCE CREEK VALLEY,,0
PTJPL,2010-11-01,7-014,7-014,LAVIC VALLEY,LAVIC VALLEY,,0
PTJPL,2010-11-01,1-012,1-012,LAYTONVILLE VALLEY,LAYTONVILLE VALLEY,32.458441,5017
PTJPL,2010-11-01,6-027,6-027,LEACH VALLEY,LEACH VALLEY,,0
PTJPL,2010-11-01,6-066,6-066,LEE FLAT,LEE FLAT,,0
PTJPL,2010-11-01,6-106,6-106,LITTLE ANTELOPE VALLEY,LITTLE ANTELOPE VALLEY,19.673592,1829
PTJPL,2010-11-01,5-065,5-065,LITTLE INDIAN VALLEY,LITTLE INDIAN VALLEY,44.5,18
PTJPL,2010-11-01,1-013,1-013,LITTLE LAKE VALLEY,LITTLE LAKE VALLEY,30.246701,16218
PTJPL,2010-11-01,1-041,1-041,LITTLE VALLEY,LITTLE VALLEY,40.577994,718
PTJPL,2010-11-01,2-010,2-010,LIVERMORE VALLEY,LIVERMORE VALLEY,48.073942,30037
PTJPL,2010-11-01,2-038,2-038,LOBOS,LOBOS,47.316285,743
PTJPL,2010-11-01,3-006,3-006,LOCKWOOD VALLEY,LOCKWOOD VALLEY,34.913568,22966
PTJPL,2010-11-01,4-017,4-017,LOCKWOOD VALLEY,LOCKWOOD VALLEY,13.091667,120
PTJPL,2010-11-01,6-011,6-011,LONG VALLEY,LONG VALLEY,20.345446,28621
PTJPL,2010-11-01,5-044,5-044,LONG VALLEY,LONG VALLEY,,0
PTJPL,2010-11-01,6-104,6-104,LONG VALLEY,LONG VALLEY,28.248535,6486
PTJPL,2010-11-01,5-031,5-031,LONG VALLEY,LONG VALLEY,42.956969,2719
PTJPL,2010-11-01,5-070,5-070,LOS BANOS CREEK VALLEY,LOS BANOS CREEK VALLEY,,0
PTJPL,2010-11-01,3-008.01,3-008,LOS OSOS VALLEY,LOS OSOS VALLEY - LOS OSOS AREA,46.178327,1901
PTJPL,2010-11-01,3-008.02,3-008,LOS OSOS VALLEY,LOS OSOS VALLEY - WARDEN CREEK,49.817001,4235
PTJPL,2010-11-01,7-051,7-051,LOST HORSE VALLEY,LOST HORSE VALLEY,,0
PTJPL,2010-11-01,6-071,6-071,LOST LAKE VALLEY,LOST LAKE VALLEY,,0
PTJPL,2010-11-01,6-021,6-021,LOWER KINGSTON VALLEY,LOWER KINGSTON VALLEY,,0
PTJPL,2010-11-01,1-014,1-014,LOWER KLAMATH RIVER VALLEY,LOWER KLAMATH RIVER VALLEY,29.035585,1377
PTJPL,2010-11-01,5-030,5-030,LOWER LAKE VALLEY,LOWER LAKE VALLEY,45.524409,635
PTJPL,2010-11-01,1-038,1-038,LOWER LAYTONVILLE VALLEY,LOWER LAYTONVILLE VALLEY,33.044917,423
PTJPL,2010-11-01,6-040,6-040,LOWER MOJAVE RIVER VALLEY,LOWER MOJAVE RIVER VALLEY,51.112518,17375
PTJPL,2010-11-01,1-060,1-060,LOWER RUSSIAN RIVER VALLEY,LOWER RUSSIAN RIVER VALLEY,46.146449,5449
PTJPL,2010-11-01,7-019,7-019,LUCERNE VALLEY,LUCERNE VALLEY,27.19725,9962
PTJPL,2010-11-01,1-008.02,1-008,MAD RIVER VALLEY,MAD RIVER VALLEY - DOWS PRAIRIE SCHOOL AREA,27.196713,5902
PTJPL,2010-11-01,1-008.01,1-008,MAD RIVER VALLEY,MAD RIVER VALLEY - MAD RIVER LOWLAND,27.367608,27766
PTJPL,2010-11-01,6-002,6-002,MADELINE PLAINS,MADELINE PLAINS,15.146472,62128
PTJPL,2010-11-01,3-051,3-051,MAJORS CREEK,MAJORS CREEK,53.578104,749
PTJPL,2010-11-01,4-022,4-022,MALIBU VALLEY,MALIBU VALLEY,35.975,40
PTJPL,2010-11-01,6-064,6-064,MARBLE CANYON AREA,MARBLE CANYON AREA,,0
PTJPL,2010-11-01,2-039,2-039,MARINA,MARINA,,0
PTJPL,2010-11-01,6-067,6-067,MARTIS VALLEY,MARTIS VALLEY,26.563969,383
PTJPL,2010-11-01,7-059,7-059,MASON VALLEY,MASON VALLEY,,0
PTJPL,2010-11-01,1-028,1-028,MATTOLE RIVER VALLEY,MATTOLE RIVER VALLEY,36.066091,2663
PTJPL,2010-11-01,5-035,5-035,MCCLOUD AREA,MCCLOUD AREA,27.95302,149
PTJPL,2010-11-01,5-095,5-095,MEADOW VALLEY,MEADOW VALLEY,23.037838,925
PTJPL,2010-11-01,7-017,7-017,MEANS VALLEY,MEANS VALLEY,12.285714,42
PTJPL,2010-11-01,6-029,6-029,MESQUITE VALLEY,MESQUITE VALLEY,44.304593,9058
PTJPL,2010-11-01,6-020,6-020,MIDDLE AMARGOSA VALLEY,MIDDLE AMARGOSA VALLEY,59.311927,109
PTJPL,2010-11-01,5-094,5-094,MIDDLE CREEK,MIDDLE CREEK,40.325926,135
PTJPL,2010-11-01,5-087,5-087,MIDDLE FORK FEATHER RIVER,MIDDLE FORK FEATHER RIVER,24.472136,646
PTJPL,2010-11-01,6-041,6-041,MIDDLE MOJAVE RIVER VALLEY,MIDDLE MOJAVE RIVER VALLEY,46.514688,3268
PTJPL,2010-11-01,6-080,6-080,MIDDLE PARK CANYON,MIDDLE PARK CANYON,,0
PTJPL,2010-11-01,5-085,5-085,MIL POTRERO AREA,MIL POTRERO AREA,28.1875,112
PTJPL,2010-11-01,9-014,9-014,MISSION VALLEY,MISSION VALLEY,56.893848,829
PTJPL,2010-11-01,5-011,5-011,MOHAWK VALLEY,MOHAWK VALLEY,26.868627,6531
PTJPL,2010-11-01,6-009,6-009,MONO VALLEY,MONO VALLEY,15.443515,239
PTJPL,2010-11-01,3-049,3-049,MONTECITO,MONTECITO,47.837398,1722
PTJPL,2010-11-01,7-020,7-020,MORONGO VALLEY,MORONGO VALLEY,19.047619,21
PTJPL,2010-11-01,3-041,3-041,MORRO VALLEY,MORRO VALLEY,43.538276,1241
PTJPL,2010-11-01,5-008,5-008,MOUNTAIN MEADOWS VALLEY,MOUNTAIN MEADOWS VALLEY,18.95146,17470
PTJPL,2010-11-01,1-056,1-056,McDOWELL VALLEY,McDOWELL VALLEY,48.067047,2804
PTJPL,2010-11-01,2-002.01,2-002,NAPA-SONOMA VALLEY,NAPA-SONOMA VALLEY - NAPA VALLEY,50.219095,93416
PTJPL,2010-11-01,2-002.03,2-002,NAPA-SONOMA VALLEY,NAPA-SONOMA VALLEY - NAPA-SONOMA LOWLANDS,49.123155,23572
PTJPL,2010-11-01,2-002.02,2-002,NAPA-SONOMA VALLEY,NAPA-SONOMA VALLEY - SONOMA VALLEY,46.246433,80598
PTJPL,2010-11-01,1-046,1-046,NAVARRO RIVER VALLEY,NAVARRO RIVER VALLEY,,0
PTJPL,2010-11-01,3-052,3-052,NEEDLE ROCK POINT,NEEDLE ROCK POINT,52.510345,1595
PTJPL,2010-11-01,7-044,7-044,NEEDLES VALLEY,NEEDLES VALLEY,51.850582,16397
PTJPL,2010-11-01,5-050,5-050,NORTH FORK BATTLE CREEK,NORTH FORK BATTLE CREEK,31.552622,2803
PTJPL,2010-11-01,2-030,2-030,NOVATO VALLEY,NOVATO VALLEY,46.765895,14596
PTJPL,2010-11-01,7-025,7-025,OCOTILLO-CLARK VALLEY,OCOTILLO-CLARK VALLEY,45.370951,37509
PTJPL,2010-11-01,7-035,7-035,OGILBY VALLEY,OGILBY VALLEY,24.781352,3357
PTJPL,2010-11-01,4-002,4-002,OJAI VALLEY,OJAI VALLEY,40.85097,9327
PTJPL,2010-11-01,3-039,3-039,OLD VALLEY,OLD VALLEY,45.653659,205
PTJPL,2010-11-01,6-108,6-108,OLYMPIC VALLEY,OLYMPIC VALLEY,36.384615,13
PTJPL,2010-11-01,7-031,7-031,OROCOPIA VALLEY,OROCOPIA VALLEY,8.670807,161
PTJPL,2010-11-01,6-012.02,6-012,OWENS VALLEY,OWENS VALLEY - FISH SLOUGH,,0
PTJPL,2010-11-01,6-012.01,6-012,OWENS VALLEY,OWENS VALLEY - OWENS VALLEY,23.967057,93070
PTJPL,2010-11-01,6-088,6-088,OWL LAKE VALLEY,OWL LAKE VALLEY,,0
PTJPL,2010-11-01,6-028,6-028,PAHRUMP VALLEY,PAHRUMP VALLEY,,0
PTJPL,2010-11-01,6-099,6-099,PAINTERS FLAT,PAINTERS FLAT,9.789056,1133
PTJPL,2010-11-01,7-039,7-039,PALO VERDE MESA,PALO VERDE MESA,47.753236,161308
PTJPL,2010-11-01,7-038,7-038,PALO VERDE VALLEY,PALO VERDE VALLEY,49.564312,224174
PTJPL,2010-11-01,9-024,9-024,PAMO VALLEY,PAMO VALLEY,,0
PTJPL,2010-11-01,6-058,6-058,PANAMINT VALLEY,PANAMINT VALLEY,,0
PTJPL,2010-11-01,5-023,5-023,PANOCHE VALLEY,PANOCHE VALLEY,29.649542,1966
PTJPL,2010-11-01,3-032,3-032,PEACH TREE VALLEY,PEACH TREE VALLEY,26.841483,1268
PTJPL,2010-11-01,1-030,1-030,PEPPERWOOD TOWN AREA,PEPPERWOOD TOWN AREA,30.983232,3459
PTJPL,2010-11-01,2-026,2-026,PESCADERO VALLEY,PESCADERO VALLEY,45.474971,2577
PTJPL,2010-11-01,2-001,2-001,PETALUMA VALLEY,PETALUMA VALLEY,45.206811,46221
PTJPL,2010-11-01,6-051,6-051,PILOT KNOB VALLEY,PILOT KNOB VALLEY,,0
PTJPL,2010-11-01,6-092,6-092,PINE CREEK VALLEY,PINE CREEK VALLEY,12.4375,64
PTJPL,2010-11-01,7-006,7-006,PINTO VALLEY,PINTO VALLEY,,0
PTJPL,2010-11-01,7-049,7-049,PIPES CANYON FAULT VALLEY,PIPES CANYON FAULT VALLEY,,0
PTJPL,2010-11-01,2-004,2-004,PITTSBURG PLAIN,PITTSBURG PLAIN,,0
PTJPL,2010-11-01,7-045,7-045,PIUTE VALLEY,PIUTE VALLEY,,0
PTJPL,2010-11-01,7-052,7-052,PLEASANT VALLEY,PLEASANT VALLEY,,0
PTJPL,2010-11-01,4-006,4-006,PLEASANT VALLEY,PLEASANT VALLEY,31.352301,33196
PTJPL,2010-11-01,5-038,5-038,PONDOSA TOWN AREA,PONDOSA TOWN AREA,,0
PTJPL,2010-11-01,5-068,5-068,POPE VALLEY,POPE VALLEY,50.856782,12659
PTJPL,2010-11-01,9-029,9-029,POTRERO VALLEY,POTRERO VALLEY,38.962264,371
PTJPL,2010-11-01,1-051,1-051,POTTER VALLEY,POTTER VALLEY,43.875742,20554
PTJPL,2010-11-01,9-013,9-013,POWAY VALLEY,POWAY VALLEY,,0
PTJPL,2010-11-01,3-044,3-044,POZO VALLEY,POZO VALLEY,29.377073,2713
PTJPL,2010-11-01,1-025,1-025,PRAIRIE CREEK AREA,PRAIRIE CREEK AREA,,0
PTJPL,2010-11-01,7-040,7-040,QUIEN SABE POINT VALLEY,QUIEN SABE POINT VALLEY,55.855932,708
PTJPL,2010-11-01,3-024,3-024,QUIEN SABE VALLEY,QUIEN SABE VALLEY,29.783829,11403
PTJPL,2010-11-01,6-062,6-062,RACE TRACK VALLEY,RACE TRACK VALLEY,,0
PTJPL,2010-11-01,3-046,3-046,RAFAEL VALLEY,RAFAEL VALLEY,28.0,1
PTJPL,2010-11-01,9-025,9-025,RANCHITA TOWN AREA,RANCHITA TOWN AREA,32.363636,44
PTJPL,2010-11-01,4-023,4-023,RAYMOND,RAYMOND,32.695399,1717
PTJPL,2010-11-01,6-024,6-024,RED PASS VALLEY,RED PASS VALLEY,,0
PTJPL,2010-11-01,1-018,1-018,RED ROCK VALLEY,RED ROCK VALLEY,28.983102,18523
PTJPL,2010-11-01,5-006.03,5-006,REDDING AREA,REDDING AREA - ANDERSON,44.645412,42940
PTJPL,2010-11-01,5-006.01,5-006,REDDING AREA,REDDING AREA - BOWMAN,44.122015,18219
PTJPL,2010-11-01,5-006.04,5-006,REDDING AREA,REDDING AREA - ENTERPRISE,40.340052,22476
PTJPL,2010-11-01,5-006.05,5-006,REDDING AREA,REDDING AREA - MILLVILLE,42.837811,9082
PTJPL,2010-11-01,5-006.06,5-006,REDDING AREA,REDDING AREA - SOUTH BATTLE CREEK,46.984089,7982
PTJPL,2010-11-01,1-026,1-026,REDWOOD CREEK AREA,REDWOOD CREEK AREA,29.688053,2712
PTJPL,2010-11-01,6-086,6-086,RHODES HILL AREA,RHODES HILL AREA,,0
PTJPL,2010-11-01,7-004,7-004,RICE VALLEY,RICE VALLEY,49.44588,619
PTJPL,2010-11-01,6-023,6-023,RIGGS VALLEY,RIGGS VALLEY,,0
PTJPL,2010-11-01,3-043,3-043,RINCONADA VALLEY,RINCONADA VALLEY,42.292054,2907
PTJPL,2010-11-01,5-043,5-043,ROCK PRAIRIE VALLEY,ROCK PRAIRIE VALLEY,,0
PTJPL,2010-11-01,6-056,6-056,ROSE VALLEY,ROSE VALLEY,,0
PTJPL,2010-11-01,2-028,2-028,ROSS VALLEY,ROSS VALLEY,,0
PTJPL,2010-11-01,5-036,5-036,ROUND VALLEY,ROUND VALLEY,26.718098,13902
PTJPL,2010-11-01,4-020,4-020,RUSSELL VALLEY,RUSSELL VALLEY,39.625954,131
PTJPL,2010-11-01,5-021.54,5-021,SACRAMENTO VALLEY,SACRAMENTO VALLEY - ANTELOPE,50.88368,37689
PTJPL,2010-11-01,5-021.53,5-021,SACRAMENTO VALLEY,SACRAMENTO VALLEY - BEND,46.834796,2621
PTJPL,2010-11-01,5-021.70,5-021,SACRAMENTO VALLEY,SACRAMENTO VALLEY - BUTTE,52.210035,403314
PTJPL,2010-11-01,5-021.52,5-021,SACRAMENTO VALLEY,SACRAMENTO VALLEY - COLUSA,51.104727,2094554
PTJPL,2010-11-01,5-021.51,5-021,SACRAMENTO VALLEY,SACRAMENTO VALLEY - CORNING,50.954119,348880
PTJPL,2010-11-01,5-021.56,5-021,SACRAMENTO VALLEY,SACRAMENTO VALLEY - LOS MOLINOS,51.977555,77700
PTJPL,2010-11-01,5-021.64,5-021,SACRAMENTO VALLEY,SACRAMENTO VALLEY - NORTH AMERICAN,50.341458,531539
PTJPL,2010-11-01,5-021.60,5-021,SACRAMENTO VALLEY,SACRAMENTO VALLEY - NORTH YUBA,63.579691,111694
PTJPL,2010-11-01,5-021.50,5-021,SACRAMENTO VALLEY,SACRAMENTO VALLEY - RED BLUFF,47.66297,175094
PTJPL,2010-11-01,5-021.66,5-021,SACRAMENTO VALLEY,SACRAMENTO VALLEY - SOLANO,57.264151,931512
PTJPL,2010-11-01,5-021.65,5-021,SACRAMENTO VALLEY,SACRAMENTO VALLEY - SOUTH AMERICAN,48.369254,248983
PTJPL,2010-11-01,5-021.61,5-021,SACRAMENTO VALLEY,SACRAMENTO VALLEY - SOUTH YUBA,59.129969,197809
PTJPL,2010-11-01,5-021.62,5-021,SACRAMENTO VALLEY,SACRAMENTO VALLEY - SUTTER,56.655468,515038
PTJPL,2010-11-01,5-021.57,5-021,SACRAMENTO VALLEY,SACRAMENTO VALLEY - VINA,50.853453,347520
PTJPL,2010-11-01,5-021.69,5-021,SACRAMENTO VALLEY,SACRAMENTO VALLEY - WYANDOTTE CREEK,60.53705,23495
PTJPL,2010-11-01,5-021.67,5-021,SACRAMENTO VALLEY,SACRAMENTO VALLEY - YOLO,54.111357,1388814
PTJPL,2010-11-01,3-004.01,3-004,SALINAS VALLEY,SALINAS VALLEY - 180/400 FOOT AQUIFER,44.583852,244978
PTJPL,2010-11-01,3-004.11,3-004,SALINAS VALLEY,SALINAS VALLEY - ATASCADERO AREA,38.011295,25586
PTJPL,2010-11-01,3-004.02,3-004,SALINAS VALLEY,SALINAS VALLEY - EAST SIDE AQUIFER,40.435561,155489
PTJPL,2010-11-01,3-004.04,3-004,SALINAS VALLEY,SALINAS VALLEY - FOREBAY AQUIFER,42.359947,261975
PTJPL,2010-11-01,3-004.09,3-004,SALINAS VALLEY,SALINAS VALLEY - LANGLEY AREA,37.928657,8396
PTJPL,2010-11-01,3-004.10,3-004,SALINAS VALLEY,SALINAS VALLEY - MONTEREY,46.205077,3033
PTJPL,2010-11-01,3-004.06,3-004,SALINAS VALLEY,SALINAS VALLEY - PASO ROBLES AREA,37.925906,339893
PTJPL,2010-11-01,3-004.08,3-004,SALINAS VALLEY,SALINAS VALLEY - SEASIDE,51.366403,1643
PTJPL,2010-11-01,3-004.05,3-004,SALINAS VALLEY,SALINAS VALLEY - UPPER VALLEY AQUIFER,39.549837,280181
PTJPL,2010-11-01,6-017,6-017,SALINE VALLEY,SALINE VALLEY,,0
PTJPL,2010-11-01,6-053,6-053,SALT WELLS VALLEY,SALT WELLS VALLEY,,0
PTJPL,2010-11-01,3-014,3-014,SAN ANTONIO CREEK VALLEY,SAN ANTONIO CREEK VALLEY,41.912176,63229
PTJPL,2010-11-01,3-028,3-028,SAN BENITO RIVER VALLEY,SAN BENITO RIVER VALLEY,33.016241,4187
PTJPL,2010-11-01,3-033,3-033,SAN CARPOFORO VALLEY,SAN CARPOFORO VALLEY,,0
PTJPL,2010-11-01,9-015,9-015,SAN DIEGO RIVER VALLEY,SAN DIEGO RIVER VALLEY,50.430202,1139
PTJPL,2010-11-01,9-012,9-012,SAN DIEGUITO CREEK,SAN DIEGUITO CREEK,57.213665,1610
PTJPL,2010-11-01,9-023,9-023,SAN ELIJO VALLEY,SAN ELIJO VALLEY,61.08,25
PTJPL,2010-11-01,7-027,7-027,SAN FELIPE VALLEY,SAN FELIPE VALLEY,34.391892,74
PTJPL,2010-11-01,4-012,4-012,SAN FERNANDO VALLEY,SAN FERNANDO VALLEY,36.623651,8431
PTJPL,2010-11-01,4-013,4-013,SAN GABRIEL VALLEY,SAN GABRIEL VALLEY,38.958201,9139
PTJPL,2010-11-01,2-024,2-024,SAN GREGORIO VALLEY,SAN GREGORIO VALLEY,43.666372,1130
PTJPL,2010-11-01,8-005,8-005,SAN JACINTO,SAN JACINTO,37.717172,135450
PTJPL,2010-11-01,5-022.05,5-022,SAN JOAQUIN VALLEY,SAN JOAQUIN VALLEY - CHOWCHILLA,41.005948,545708
PTJPL,2010-11-01,5-022.16,5-022,SAN JOAQUIN VALLEY,SAN JOAQUIN VALLEY - COSUMNES,42.058,250879
PTJPL,2010-11-01,5-022.07,5-022,SAN JOAQUIN VALLEY,SAN JOAQUIN VALLEY - DELTA-MENDOTA,42.299437,2031900
PTJPL,2010-11-01,5-022.19,5-022,SAN JOAQUIN VALLEY,SAN JOAQUIN VALLEY - EAST CONTRA COSTA,52.752739,179790
PTJPL,2010-11-01,5-022.01,5-022,SAN JOAQUIN VALLEY,SAN JOAQUIN VALLEY - EASTERN SAN JOAQUIN,43.645046,1845999
PTJPL,2010-11-01,5-022.11,5-022,SAN JOAQUIN VALLEY,SAN JOAQUIN VALLEY - KAWEAH,49.544741,1384332
PTJPL,2010-11-01,5-022.14,5-022,SAN JOAQUIN VALLEY,SAN JOAQUIN VALLEY - KERN COUNTY,46.110995,3709451
PTJPL,2010-11-01,5-022.17,5-022,SAN JOAQUIN VALLEY,SAN JOAQUIN VALLEY - KETTLEMAN PLAIN,31.003053,135911
PTJPL,2010-11-01,5-022.08,5-022,SAN JOAQUIN VALLEY,SAN JOAQUIN VALLEY - KINGS,53.008337,2976383
PTJPL,2010-11-01,5-022.06,5-022,SAN JOAQUIN VALLEY,SAN JOAQUIN VALLEY - MADERA,49.272522,953242
PTJPL,2010-11-01,5-022.04,5-022,SAN JOAQUIN VALLEY,SAN JOAQUIN VALLEY - MERCED,38.680893,1184126
PTJPL,2010-11-01,5-022.02,5-022,SAN JOAQUIN VALLEY,SAN JOAQUIN VALLEY - MODESTO,38.767064,583074
PTJPL,2010-11-01,5-022.10,5-022,SAN JOAQUIN VALLEY,SAN JOAQUIN VALLEY - PLEASANT VALLEY,33.677174,120709
PTJPL,2010-11-01,5-022.15,5-022,SAN JOAQUIN VALLEY,SAN JOAQUIN VALLEY - TRACY,45.227216,626546
PTJPL,2010-11-01,5-022.12,5-022,SAN JOAQUIN VALLEY,SAN JOAQUIN VALLEY - TULARE LAKE,45.139299,1573298
PTJPL,2010-11-01,5-022.13,5-022,SAN JOAQUIN VALLEY,SAN JOAQUIN VALLEY - TULE,47.834139,1579994
PTJPL,2010-11-01,5-022.03,5-022,SAN JOAQUIN VALLEY,SAN JOAQUIN VALLEY - TURLOCK,39.091397,1021990
PTJPL,2010-11-01,5-022.09,5-022,SAN JOAQUIN VALLEY,SAN JOAQUIN VALLEY - WESTSIDE,44.057294,2400602
PTJPL,2010-11-01,5-022.18,5-022,SAN JOAQUIN VALLEY,SAN JOAQUIN VALLEY - WHITE WOLF,42.476774,162939
PTJPL,2010-11-01,9-001,9-001,SAN JUAN VALLEY,SAN JUAN VALLEY,55.00132,2272
PTJPL,2010-11-01,3-009,3-009,SAN LUIS OBISPO VALLEY,SAN LUIS OBISPO VALLEY,47.573578,16683
PTJPL,2010-11-01,9-007.02,9-007,SAN LUIS REY VALLEY,SAN LUIS REY VALLEY - LOWER SAN LUIS REY VALLEY,59.018452,2764
PTJPL,2010-11-01,9-007.01,9-007,SAN LUIS REY VALLEY,SAN LUIS REY VALLEY - UPPER SAN LUIS REY VALLEY,56.763527,25597
PTJPL,2010-11-01,9-032,9-032,SAN MARCOS AREA,SAN MARCOS AREA,62.037037,27
PTJPL,2010-11-01,9-002,9-002,SAN MATEO VALLEY,SAN MATEO VALLEY,65.111111,9
PTJPL,2010-11-01,9-003,9-003,SAN ONOFRE VALLEY,SAN ONOFRE VALLEY,,0
PTJPL,2010-11-01,9-010,9-010,SAN PASQUAL VALLEY,SAN PASQUAL VALLEY,46.247106,7689
PTJPL,2010-11-01,2-036,2-036,SAN PEDRO VALLEY,SAN PEDRO VALLEY,49.75,24
PTJPL,2010-11-01,2-029,2-029,SAN RAFAEL VALLEY,SAN RAFAEL VALLEY,,0
PTJPL,2010-11-01,2-007,2-007,SAN RAMON VALLEY,SAN RAMON VALLEY,46.214286,364
PTJPL,2010-11-01,3-035,3-035,SAN SIMEON VALLEY,SAN SIMEON VALLEY,54.810185,216
PTJPL,2010-11-01,2-027,2-027,SAND POINT AREA,SAND POINT AREA,42.568712,20564
PTJPL,2010-11-01,1-053,1-053,SANEL VALLEY,SANEL VALLEY,49.885794,11812
PTJPL,2010-11-01,3-022,3-022,SANTA ANA VALLEY,SANTA ANA VALLEY,28.341576,7158
PTJPL,2010-11-01,3-017,3-017,SANTA BARBARA,SANTA BARBARA,45.491354,694
PTJPL,2010-11-01,4-004.05,4-004,SANTA CLARA RIVER VALLEY,SANTA CLARA RIVER VALLEY - FILLMORE,41.396201,50121
PTJPL,2010-11-01,4-004.03,4-004,SANTA CLARA RIVER VALLEY,SANTA CLARA RIVER VALLEY - MOUND,31.609433,9499
PTJPL,2010-11-01,4-004.02,4-004,SANTA CLARA RIVER VALLEY,SANTA CLARA RIVER VALLEY - OXNARD,29.349863,106699
PTJPL,2010-11-01,4-004.06,4-004,SANTA CLARA RIVER VALLEY,SANTA CLARA RIVER VALLEY - PIRU,36.6069,23073
PTJPL,2010-11-01,4-004.07,4-004,SANTA CLARA RIVER VALLEY,SANTA CLARA RIVER VALLEY - SANTA CLARA RIVER VALLEY EAST,30.78243,6807
PTJPL,2010-11-01,4-004.04,4-004,SANTA CLARA RIVER VALLEY,SANTA CLARA RIVER VALLEY - SANTA PAULA,36.788027,40609
PTJPL,2010-11-01,2-009.04,2-009,SANTA CLARA VALLEY,SANTA CLARA VALLEY - EAST BAY PLAIN,51.056558,2882
PTJPL,2010-11-01,2-009.01,2-009,SANTA CLARA VALLEY,SANTA CLARA VALLEY - NILES CONE,47.624297,1778
PTJPL,2010-11-01,2-009.03,2-009,SANTA CLARA VALLEY,SANTA CLARA VALLEY - SAN MATEO PLAIN,50.502714,921
PTJPL,2010-11-01,2-009.02,2-009,SANTA CLARA VALLEY,SANTA CLARA VALLEY - SANTA CLARA,44.479851,25237
PTJPL,2010-11-01,3-001,3-001,SANTA CRUZ MID-COUNTY,SANTA CRUZ MID-COUNTY,55.24039,3694
PTJPL,2010-11-01,3-027,3-027,SANTA MARGARITA,SANTA MARGARITA,53.161074,298
PTJPL,2010-11-01,9-004,9-004,SANTA MARGARITA VALLEY,SANTA MARGARITA VALLEY,,0
PTJPL,2010-11-01,3-012.02,3-012,SANTA MARIA RIVER VALLEY,SANTA MARIA RIVER VALLEY - ARROYO GRANDE,43.927461,6176
PTJPL,2010-11-01,3-012.01,3-012,SANTA MARIA RIVER VALLEY,SANTA MARIA RIVER VALLEY - SANTA MARIA,41.186948,262758
PTJPL,2010-11-01,9-011,9-011,SANTA MARIA VALLEY,SANTA MARIA VALLEY,43.790932,3176
PTJPL,2010-11-01,6-068,6-068,SANTA ROSA FLAT,SANTA ROSA FLAT,,0
PTJPL,2010-11-01,3-036,3-036,SANTA ROSA VALLEY,SANTA ROSA VALLEY,46.027697,2744
PTJPL,2010-11-01,1-055.02,1-055,SANTA ROSA VALLEY,SANTA ROSA VALLEY - HEALDSBURG AREA,50.215917,31401
PTJPL,2010-11-01,1-055.03,1-055,SANTA ROSA VALLEY,SANTA ROSA VALLEY - RINCON VALLEY,42.728055,581
PTJPL,2010-11-01,1-055.01,1-055,SANTA ROSA VALLEY,SANTA ROSA VALLEY - SANTA ROSA PLAIN,47.486669,81016
PTJPL,2010-11-01,3-015,3-015,SANTA YNEZ RIVER VALLEY,SANTA YNEZ RIVER VALLEY,39.53133,118162
PTJPL,2010-11-01,1-005,1-005,SCOTT RIVER VALLEY,SCOTT RIVER VALLEY,25.941565,146899
PTJPL,2010-11-01,5-014,5-014,SCOTTS VALLEY,SCOTTS VALLEY,48.018242,7236
PTJPL,2010-11-01,6-052,6-052,SEARLES VALLEY,SEARLES VALLEY,,0
PTJPL,2010-11-01,6-100,6-100,SECRET VALLEY,SECRET VALLEY,20.122409,11241
PTJPL,2010-11-01,1-016,1-016,SEIAD VALLEY,SEIAD VALLEY,35.530752,439
PTJPL,2010-11-01,8-008,8-008,SEVEN OAKS VALLEY,SEVEN OAKS VALLEY,,0
PTJPL,2010-11-01,1-004,1-004,SHASTA VALLEY,SHASTA VALLEY,19.941613,257678
PTJPL,2010-11-01,1-042,1-042,SHERWOOD VALLEY,SHERWOOD VALLEY,,0
PTJPL,2010-11-01,5-012.02,5-012,SIERRA VALLEY,SIERRA VALLEY - CHILCOOT,29.941871,5505
PTJPL,2010-11-01,5-012.01,5-012,SIERRA VALLEY,SIERRA VALLEY - SIERRA VALLEY,24.31397,213084
PTJPL,2010-11-01,6-034,6-034,SILVER LAKE VALLEY,SILVER LAKE VALLEY,,0
PTJPL,2010-11-01,4-009,4-009,SIMI VALLEY,SIMI VALLEY,38.934464,1297
PTJPL,2010-11-01,6-105,6-105,SLINKARD VALLEY,SLINKARD VALLEY,,0
PTJPL,2010-11-01,1-001,1-001,SMITH RIVER PLAIN,SMITH RIVER PLAIN,33.627901,36364
PTJPL,2010-11-01,6-033,6-033,SODA LAKE VALLEY,SODA LAKE VALLEY,,0
PTJPL,2010-11-01,2-037,2-037,SOUTH SAN FRANCISCO,SOUTH SAN FRANCISCO,,0
PTJPL,2010-11-01,6-082,6-082,SPRING CANYON VALLEY,SPRING CANYON VALLEY,,0
PTJPL,2010-11-01,5-089,5-089,SQUAW FLAT,SQUAW FLAT,,0
PTJPL,2010-11-01,5-088,5-088,STONY GORGE RESERVOIR,STONY GORGE RESERVOIR,47.187759,964
PTJPL,2010-11-01,5-063,5-063,STONYFORD TOWN AREA,STONYFORD TOWN AREA,43.086337,3857
PTJPL,2010-11-01,2-003,2-003,SUISUN-FAIRFIELD VALLEY,SUISUN-FAIRFIELD VALLEY,53.193236,91489
PTJPL,2010-11-01,2-011,2-011,SUNOL VALLEY,SUNOL VALLEY,45.171137,1566
PTJPL,2010-11-01,6-049,6-049,SUPERIOR VALLEY,SUPERIOR VALLEY,,0
PTJPL,2010-11-01,6-001,6-001,SURPRISE VALLEY,SURPRISE VALLEY,21.928154,172787
PTJPL,2010-11-01,6-107,6-107,SWEETWATER FLAT,SWEETWATER FLAT,18.805556,324
PTJPL,2010-11-01,6-005.03,6-005,TAHOE VALLEY,TAHOE VALLEY - TAHOE NORTH,25.0,67
PTJPL,2010-11-01,6-005.01,6-005,TAHOE VALLEY,TAHOE VALLEY - TAHOE SOUTH,20.5,4
PTJPL,2010-11-01,6-005.02,6-005,TAHOE VALLEY,TAHOE VALLEY - TAHOE WEST,,0
PTJPL,2010-11-01,6-045,6-045,TEHACHAPI VALLEY EAST,TEHACHAPI VALLEY EAST,25.189579,3397
PTJPL,2010-11-01,5-028,5-028,TEHACHAPI VALLEY WEST,TEHACHAPI VALLEY WEST,27.585371,4539
PTJPL,2010-11-01,9-005,9-005,TEMECULA VALLEY,TEMECULA VALLEY,48.922942,20517
PTJPL,2010-11-01,1-040,1-040,TEN MILE RIVER VALLEY,TEN MILE RIVER VALLEY,37.746411,209
PTJPL,2010-11-01,7-026,7-026,TERWILLIGER VALLEY,TERWILLIGER VALLEY,40.248521,169
PTJPL,2010-11-01,4-019,4-019,THOUSAND OAKS AREA,THOUSAND OAKS AREA,39.303896,385
PTJPL,2010-11-01,4-015,4-015,TIERRA REJADA,TIERRA REJADA,34.532014,4092
PTJPL,2010-11-01,5-037,5-037,TOAD WELL AREA,TOAD WELL AREA,,0
PTJPL,2010-11-01,3-040,3-040,TORO VALLEY,TORO VALLEY,48.321622,370
PTJPL,2010-11-01,6-098,6-098,TULEDAD CANYON VALLEY,TULEDAD CANYON VALLEY,18.013423,149
PTJPL,2010-11-01,7-010,7-010,TWENTYNINE PALMS VALLEY,TWENTYNINE PALMS VALLEY,33.21419,747
PTJPL,2010-11-01,1-052,1-052,UKIAH VALLEY,UKIAH VALLEY,50.065484,43476
PTJPL,2010-11-01,6-022,6-022,UPPER KINGSTON VALLEY,UPPER KINGSTON VALLEY,,0
PTJPL,2010-11-01,5-013,5-013,UPPER LAKE VALLEY,UPPER LAKE VALLEY,42.732458,12413
PTJPL,2010-11-01,6-042,6-042,UPPER MOJAVE RIVER VALLEY,UPPER MOJAVE RIVER VALLEY,30.586692,6748
PTJPL,2010-11-01,4-001,4-001,UPPER OJAI VALLEY,UPPER OJAI VALLEY,29.169702,3294
PTJPL,2010-11-01,3-023,3-023,UPPER SANTA ANA VALLEY,UPPER SANTA ANA VALLEY,26.714286,7
PTJPL,2010-11-01,8-002.05,8-002,UPPER SANTA ANA VALLEY,UPPER SANTA ANA VALLEY - CAJON,24.082353,170
PTJPL,2010-11-01,8-002.01,8-002,UPPER SANTA ANA VALLEY,UPPER SANTA ANA VALLEY - CHINO,33.846569,29440
PTJPL,2010-11-01,8-002.02,8-002,UPPER SANTA ANA VALLEY,UPPER SANTA ANA VALLEY - CUCAMONGA,39.777612,670
PTJPL,2010-11-01,8-002.04,8-002,UPPER SANTA ANA VALLEY,UPPER SANTA ANA VALLEY - RIALTO-COLTON,34.456504,1253
PTJPL,2010-11-01,8-002.03,8-002,UPPER SANTA ANA VALLEY,UPPER SANTA ANA VALLEY - RIVERSIDE-ARLINGTON,51.611557,13966
PTJPL,2010-11-01,8-002.06,8-002,UPPER SANTA ANA VALLEY,UPPER SANTA ANA VALLEY - SAN BERNARDINO,46.945538,15552
PTJPL,2010-11-01,8-002.08,8-002,UPPER SANTA ANA VALLEY,UPPER SANTA ANA VALLEY - SAN TIMOTEO,40.414399,4667
PTJPL,2010-11-01,8-002.09,8-002,UPPER SANTA ANA VALLEY,UPPER SANTA ANA VALLEY - TEMESCAL,49.556213,845
PTJPL,2010-11-01,8-002.07,8-002,UPPER SANTA ANA VALLEY,UPPER SANTA ANA VALLEY - YUCAIPA,35.540238,2858
PTJPL,2010-11-01,7-028,7-028,VALLECITO-CARRIZO VALLEY,VALLECITO-CARRIZO VALLEY,,0
PTJPL,2010-11-01,5-071,5-071,VALLECITOS CREEK VALLEY,VALLECITOS CREEK VALLEY,,0
PTJPL,2010-11-01,7-063,7-063,VANDEVENTER FLAT,VANDEVENTER FLAT,,0
PTJPL,2010-11-01,4-003.02,4-003,VENTURA RIVER VALLEY,VENTURA RIVER VALLEY - LOWER VENTURA RIVER,31.630717,1771
PTJPL,2010-11-01,4-003.01,4-003,VENTURA RIVER VALLEY,VENTURA RIVER VALLEY - UPPER VENTURA RIVER,29.476522,2300
PTJPL,2010-11-01,7-042,7-042,VIDAL VALLEY,VIDAL VALLEY,,0
PTJPL,2010-11-01,3-037,3-037,VILLA VALLEY,VILLA VALLEY,45.495316,854
PTJPL,2010-11-01,2-032,2-032,VISITACION VALLEY,VISITACION VALLEY,50.252809,178
PTJPL,2010-11-01,5-026,5-026,WALKER BASIN CREEK VALLEY,WALKER BASIN CREEK VALLEY,20.258494,6387
PTJPL,2010-11-01,7-003,7-003,WARD VALLEY,WARD VALLEY,,0
PTJPL,2010-11-01,9-008,9-008,WARNER VALLEY,WARNER VALLEY,38.177843,343
PTJPL,2010-11-01,7-012,7-012,WARREN VALLEY,WARREN VALLEY,22.646377,345
PTJPL,2010-11-01,1-031,1-031,WEOTT TOWN AREA,WEOTT TOWN AREA,33.078394,523
PTJPL,2010-11-01,7-022,7-022,WEST SALTON SEA,WEST SALTON SEA,,0
PTJPL,2010-11-01,3-026,3-026,WEST SANTA CRUZ TERRACE,WEST SANTA CRUZ TERRACE,52.987952,1577
PTJPL,2010-11-01,2-035,2-035,WESTSIDE,WESTSIDE,47.888977,3792
PTJPL,2010-11-01,6-073,6-073,WILD HORSE MESA AREA,WILD HORSE MESA AREA,,0
PTJPL,2010-11-01,6-075,6-075,WILDROSE CANYON,WILDROSE CANYON,,0
PTJPL,2010-11-01,1-043,1-043,WILLIAMS VALLEY,WILLIAMS VALLEY,40.37732,485
PTJPL,2010-11-01,6-003,6-003,WILLOW CREEK VALLEY,WILLOW CREEK VALLEY,15.431168,26463
PTJPL,2010-11-01,1-059,1-059,WILSON GROVE FORMATION HIGHLANDS,WILSON GROVE FORMATION HIGHLANDS,44.762852,70610
PTJPL,2010-11-01,1-062,1-062,WILSON POINT AREA,WILSON POINT AREA,34.0,9
PTJPL,2010-11-01,6-019,6-019,WINGATE VALLEY,WINGATE VALLEY,,0
PTJPL,2010-11-01,7-056,7-056,YAQUI WELL AREA,YAQUI WELL AREA,,0
PTJPL,2010-11-01,5-056,5-056,YELLOW CREEK VALLEY,YELLOW CREEK VALLEY,18.41324,5861
PTJPL,2010-11-01,2-006,2-006,YGNACIO VALLEY,YGNACIO VALLEY,50.810256,390
PTJPL,2010-11-01,5-069,5-069,YOSEMITE VALLEY,YOSEMITE VALLEY,,0
PTJPL,2010-11-01,7-036,7-036,YUMA VALLEY,YUMA VALLEY,46.424546,66610
