Model,Date,Basin_Subb,Basin_Numb,Basin_Name,Basin_Su_1,ET,Pixel_Count
PTJPL,2010-02-01,4-005,4-005,ACTON VALLEY,ACTON VALLEY,35.151198,668
PTJPL,2010-02-01,6-010,6-010,ADOBE LAKE VALLEY,ADOBE LAKE VALLEY,,0
PTJPL,2010-02-01,1-054.01,1-054,ALEXANDER VALLEY,ALEXANDER VALLEY - ALEXANDER AREA,53.44793,28404
PTJPL,2010-02-01,1-054.02,1-054,ALEXANDER VALLEY,ALEXANDER VALLEY - CLOVERDALE AREA,48.937939,7976
PTJPL,2010-02-01,5-002.01,5-002,ALTURAS AREA,ALTURAS AREA - SOUTH FORK PITT RIVER,35.179049,159761
PTJPL,2010-02-01,5-002.02,5-002,ALTURAS AREA,ALTURAS AREA - WARM SPRINGS VALLEY,33.322351,74425
PTJPL,2010-02-01,5-010,5-010,AMERICAN VALLEY,AMERICAN VALLEY,44.546363,8304
PTJPL,2010-02-01,7-016,7-016,AMES VALLEY,AMES VALLEY,,0
PTJPL,2010-02-01,7-034,7-034,AMOS VALLEY,AMOS VALLEY,,0
PTJPL,2010-02-01,1-019,1-019,ANDERSON VALLEY,ANDERSON VALLEY,40.158225,5252
PTJPL,2010-02-01,1-049,1-049,ANNAPOLIS OHLSON RANCH FORMATION HIGHLANDS,ANNAPOLIS OHLSON RANCH FORMATION HIGHLANDS,38.825893,1120
PTJPL,2010-02-01,5-091,5-091,ANTELOPE CREEK,ANTELOPE CREEK,,0
PTJPL,2010-02-01,6-044,6-044,ANTELOPE VALLEY,ANTELOPE VALLEY,43.336798,137884
PTJPL,2010-02-01,6-007,6-007,ANTELOPE VALLEY,ANTELOPE VALLEY,19.447448,48390
PTJPL,2010-02-01,3-034,3-034,ARROYO DE LA CRUZ VALLEY,ARROYO DE LA CRUZ VALLEY,44.418216,538
PTJPL,2010-02-01,2-031,2-031,ARROYO DEL HAMBRE VALLEY,ARROYO DEL HAMBRE VALLEY,,0
PTJPL,2010-02-01,4-007,4-007,ARROYO SANTA ROSA VALLEY,ARROYO SANTA ROSA VALLEY,40.373571,7870
PTJPL,2010-02-01,7-037,7-037,ARROYO SECO VALLEY,ARROYO SECO VALLEY,,0
PTJPL,2010-02-01,5-054,5-054,ASH VALLEY,ASH VALLEY,35.332562,12106
PTJPL,2010-02-01,6-026,6-026,AVAWATZ VALLEY,AVAWATZ VALLEY,,0
PTJPL,2010-02-01,3-020,3-020,A�O NUEVO AREA,A�O NUEVO AREA,48.265317,1877
PTJPL,2010-02-01,9-022,9-022,BATIQUITOS LAGOON VALLEY,BATIQUITOS LAGOON VALLEY,44.15,620
PTJPL,2010-02-01,8-009,8-009,BEAR VALLEY,BEAR VALLEY,,0
PTJPL,2010-02-01,5-064,5-064,BEAR VALLEY,BEAR VALLEY,,0
PTJPL,2010-02-01,5-020,5-020,BERRYESSA VALLEY,BERRYESSA VALLEY,,0
PTJPL,2010-02-01,7-015,7-015,BESSEMER VALLEY,BESSEMER VALLEY,,0
PTJPL,2010-02-01,6-025,6-025,BICYCLE VALLEY,BICYCLE VALLEY,,0
PTJPL,2010-02-01,1-027,1-027,BIG LAGOON AREA,BIG LAGOON AREA,48.205128,39
PTJPL,2010-02-01,8-007,8-007,BIG MEADOWS VALLEY,BIG MEADOWS VALLEY,,0
PTJPL,2010-02-01,1-045,1-045,BIG RIVER VALLEY,BIG RIVER VALLEY,,0
PTJPL,2010-02-01,3-047,3-047,BIG SPRING AREA,BIG SPRING AREA,41.352941,918
PTJPL,2010-02-01,5-015,5-015,BIG VALLEY,BIG VALLEY,,0
PTJPL,2010-02-01,5-004,5-004,BIG VALLEY,BIG VALLEY,41.126454,162613
PTJPL,2010-02-01,3-030,3-030,BITTER WATER VALLEY,BITTER WATER VALLEY,55.694785,7575
PTJPL,2010-02-01,6-013,6-013,BLACK SPRINGS VALLEY,BLACK SPRINGS VALLEY,,0
PTJPL,2010-02-01,5-092,5-092,BLANCHARD VALLEY,BLANCHARD VALLEY,54.216931,189
PTJPL,2010-02-01,1-057,1-057,BODEGA BAY AREA,BODEGA BAY AREA,,0
PTJPL,2010-02-01,7-024.01,7-024,BORREGO VALLEY,BORREGO VALLEY - BORREGO SPRINGS,51.957291,17397
PTJPL,2010-02-01,7-024.02,7-024,BORREGO VALLEY,BORREGO VALLEY - OCOTILLO WELLS,39.083333,12
PTJPL,2010-02-01,1-039,1-039,BRANSCOMB TOWN AREA,BRANSCOMB TOWN AREA,,0
PTJPL,2010-02-01,1-017,1-017,BRAY TOWN AREA,BRAY TOWN AREA,36.348195,2826
PTJPL,2010-02-01,6-008,6-008,BRIDGEPORT VALLEY,BRIDGEPORT VALLEY,13.944911,1071
PTJPL,2010-02-01,7-008,7-008,BRISTOL VALLEY,BRISTOL VALLEY,39.99887,7963
PTJPL,2010-02-01,5-080,5-080,BRITE VALLEY,BRITE VALLEY,31.904762,1323
PTJPL,2010-02-01,6-032,6-032,BROADWELL VALLEY,BROADWELL VALLEY,,0
PTJPL,2010-02-01,6-076,6-076,BROWN MOUNTAIN VALLEY,BROWN MOUNTAIN VALLEY,,0
PTJPL,2010-02-01,7-054,7-054,BUCK RIDGE FAULT VALLEY,BUCK RIDGE FAULT VALLEY,,0
PTJPL,2010-02-01,6-101,6-101,BULL FLAT,BULL FLAT,21.020833,48
PTJPL,2010-02-01,5-048,5-048,BURNEY CREEK VALLEY,BURNEY CREEK VALLEY,46.669294,6852
PTJPL,2010-02-01,5-017,5-017,BURNS VALLEY,BURNS VALLEY,50.65,40
PTJPL,2010-02-01,5-051,5-051,BUTTE CREEK VALLEY,BUTTE CREEK VALLEY,,0
PTJPL,2010-02-01,1-003,1-003,BUTTE VALLEY,BUTTE VALLEY,36.095041,53482
PTJPL,2010-02-01,6-081,6-081,BUTTE VALLEY,BUTTE VALLEY,,0
PTJPL,2010-02-01,6-070,6-070,CACTUS FLAT,CACTUS FLAT,,0
PTJPL,2010-02-01,7-007,7-007,CADIZ VALLEY,CADIZ VALLEY,,0
PTJPL,2010-02-01,6-090,6-090,CADY FAULT AREA,CADY FAULT AREA,,0
PTJPL,2010-02-01,9-006,9-006,CAHUILLA VALLEY,CAHUILLA VALLEY,37.52704,6250
PTJPL,2010-02-01,6-079,6-079,CALIFORNIA VALLEY,CALIFORNIA VALLEY,,0
PTJPL,2010-02-01,7-041,7-041,CALZONA VALLEY,CALZONA VALLEY,,0
PTJPL,2010-02-01,6-061,6-061,CAMEO AREA,CAMEO AREA,,0
PTJPL,2010-02-01,9-028,9-028,CAMPO VALLEY,CAMPO VALLEY,41.833333,126
PTJPL,2010-02-01,7-046,7-046,CANEBRAKE VALLEY,CANEBRAKE VALLEY,,0
PTJPL,2010-02-01,3-007,3-007,CARMEL VALLEY,CARMEL VALLEY,56.549142,1282
PTJPL,2010-02-01,3-018,3-018,CARPINTERIA,CARPINTERIA,42.707518,13088
PTJPL,2010-02-01,3-019,3-019,CARRIZO PLAIN,CARRIZO PLAIN,43.728176,22739
PTJPL,2010-02-01,6-006,6-006,CARSON VALLEY,CARSON VALLEY,20.787044,9725
PTJPL,2010-02-01,5-029,5-029,CASTAC LAKE VALLEY,CASTAC LAKE VALLEY,36.231678,846
PTJPL,2010-02-01,2-008,2-008,CASTRO VALLEY,CASTRO VALLEY,,0
PTJPL,2010-02-01,6-038,6-038,CAVES CANYON VALLEY,CAVES CANYON VALLEY,,0
PTJPL,2010-02-01,5-045,5-045,CAYTON VALLEY,CAYTON VALLEY,49.429412,4250
PTJPL,2010-02-01,3-038,3-038,CAYUCOS VALLEY,CAYUCOS VALLEY,,0
PTJPL,2010-02-01,7-043,7-043,CHEMEHUEVI VALLEY,CHEMEHUEVI VALLEY,,0
PTJPL,2010-02-01,7-032,7-032,CHOCOLATE VALLEY,CHOCOLATE VALLEY,23.253731,67
PTJPL,2010-02-01,3-005,3-005,CHOLAME VALLEY,CHOLAME VALLEY,50.594988,17718
PTJPL,2010-02-01,3-042,3-042,CHORRO VALLEY,CHORRO VALLEY,46.993822,1295
PTJPL,2010-02-01,5-061,5-061,CHROME TOWN AREA,CHROME TOWN AREA,42.835616,511
PTJPL,2010-02-01,7-005,7-005,CHUCKWALLA VALLEY,CHUCKWALLA VALLEY,41.720678,4604
PTJPL,2010-02-01,2-005,2-005,CLAYTON VALLEY,CLAYTON VALLEY,47.830389,566
PTJPL,2010-02-01,5-066,5-066,CLEAR LAKE CACHE FORMATION,CLEAR LAKE CACHE FORMATION,51.265625,256
PTJPL,2010-02-01,5-058,5-058,CLOVER VALLEY,CLOVER VALLEY,,0
PTJPL,2010-02-01,7-021.03,7-021,COACHELLA VALLEY,COACHELLA VALLEY - DESERT HOT SPRINGS,48.557317,2713
PTJPL,2010-02-01,7-021.01,7-021,COACHELLA VALLEY,COACHELLA VALLEY - INDIO,56.233124,293745
PTJPL,2010-02-01,7-021.02,7-021,COACHELLA VALLEY,COACHELLA VALLEY - MISSION CREEK,43.844581,978
PTJPL,2010-02-01,7-021.04,7-021,COACHELLA VALLEY,COACHELLA VALLEY - SAN GORGONIO PASS,41.014045,356
PTJPL,2010-02-01,4-011.04,4-011,COASTAL PLAIN OF LOS ANGELES,COASTAL PLAIN OF LOS ANGELES - CENTRAL,49.62641,7005
PTJPL,2010-02-01,4-011.02,4-011,COASTAL PLAIN OF LOS ANGELES,COASTAL PLAIN OF LOS ANGELES - HOLLYWOOD,42.331269,323
PTJPL,2010-02-01,4-011.01,4-011,COASTAL PLAIN OF LOS ANGELES,COASTAL PLAIN OF LOS ANGELES - SANTA MONICA,47.559962,4186
PTJPL,2010-02-01,4-011.03,4-011,COASTAL PLAIN OF LOS ANGELES,COASTAL PLAIN OF LOS ANGELES - WEST COAST,51.588467,4058
PTJPL,2010-02-01,8-001,8-001,COASTAL PLAIN OF ORANGE COUNTY,COASTAL PLAIN OF ORANGE COUNTY,44.475403,23946
PTJPL,2010-02-01,9-033,9-033,COASTAL PLAIN OF SAN DIEGO,COASTAL PLAIN OF SAN DIEGO,46.868834,3507
PTJPL,2010-02-01,6-072,6-072,COLES FLAT,COLES FLAT,,0
PTJPL,2010-02-01,5-019,5-019,COLLAYOMI VALLEY,COLLAYOMI VALLEY,,0
PTJPL,2010-02-01,7-055,7-055,COLLINS VALLEY,COLLINS VALLEY,,0
PTJPL,2010-02-01,4-010,4-010,CONEJO,CONEJO,41.98996,498
PTJPL,2010-02-01,7-011,7-011,COPPER MOUNTAIN VALLEY,COPPER MOUNTAIN VALLEY,,0
PTJPL,2010-02-01,3-002.01,3-002,CORRALITOS,CORRALITOS - PAJARO VALLEY,50.183592,108213
PTJPL,2010-02-01,3-002.02,3-002,CORRALITOS,CORRALITOS - PURISIMA HIGHLANDS,50.808458,402
PTJPL,2010-02-01,6-055,6-055,COSO VALLEY,COSO VALLEY,,0
PTJPL,2010-02-01,1-037,1-037,COTTONEVA CREEK VALLEY,COTTONEVA CREEK VALLEY,,0
PTJPL,2010-02-01,9-027,9-027,COTTONWOOD VALLEY,COTTONWOOD VALLEY,33.557143,70
PTJPL,2010-02-01,1-011,1-011,COVELO ROUND VALLEY,COVELO ROUND VALLEY,45.401671,6824
PTJPL,2010-02-01,6-091,6-091,COW HEAD LAKE VALLEY,COW HEAD LAKE VALLEY,39.188858,14037
PTJPL,2010-02-01,6-037,6-037,COYOTE LAKE VALLEY,COYOTE LAKE VALLEY,49.726337,972
PTJPL,2010-02-01,5-018,5-018,COYOTE VALLEY,COYOTE VALLEY,52.915966,1071
PTJPL,2010-02-01,7-029,7-029,COYOTE WELLS VALLEY,COYOTE WELLS VALLEY,27.975,80
PTJPL,2010-02-01,6-035,6-035,CRONISE VALLEY,CRONISE VALLEY,,0
PTJPL,2010-02-01,6-050,6-050,CUDDEBACK VALLEY,CUDDEBACK VALLEY,,0
PTJPL,2010-02-01,5-082,5-082,CUDDY CANYON VALLEY,CUDDY CANYON VALLEY,,0
PTJPL,2010-02-01,5-083,5-083,CUDDY RANCH AREA,CUDDY RANCH AREA,,0
PTJPL,2010-02-01,5-084,5-084,CUDDY VALLEY,CUDDY VALLEY,43.375,16
PTJPL,2010-02-01,5-027,5-027,CUMMINGS VALLEY,CUMMINGS VALLEY,36.058443,11447
PTJPL,2010-02-01,3-013,3-013,CUYAMA VALLEY,CUYAMA VALLEY,38.201935,153683
PTJPL,2010-02-01,7-009,7-009,DALE VALLEY,DALE VALLEY,24.348684,152
PTJPL,2010-02-01,6-057,6-057,DARWIN VALLEY,DARWIN VALLEY,,0
PTJPL,2010-02-01,7-061,7-061,DAVIES VALLEY,DAVIES VALLEY,,0
PTJPL,2010-02-01,7-013.01,7-013,DEADMAN VALLEY,DEADMAN VALLEY - DEADMAN LAKE,,0
PTJPL,2010-02-01,7-013.02,7-013,DEADMAN VALLEY,DEADMAN VALLEY - SURPRISE SPRING,,0
PTJPL,2010-02-01,6-018,6-018,DEATH VALLEY,DEATH VALLEY,33.833333,18
PTJPL,2010-02-01,6-015,6-015,DEEP SPRINGS VALLEY,DEEP SPRINGS VALLEY,13.295026,583
PTJPL,2010-02-01,6-078,6-078,DENNING SPRING VALLEY,DENNING SPRING VALLEY,,0
PTJPL,2010-02-01,1-034,1-034,DINSMORES TOWN AREA,DINSMORES TOWN AREA,37.744186,86
PTJPL,2010-02-01,5-053,5-053,DIXIE VALLEY,DIXIE VALLEY,34.21277,11449
PTJPL,2010-02-01,2-040,2-040,DOWNTOWN,DOWNTOWN,,0
PTJPL,2010-02-01,5-049,5-049,DRY BURNEY CREEK VALLEY,DRY BURNEY CREEK VALLEY,,0
PTJPL,2010-02-01,3-029,3-029,DRY LAKE VALLEY,DRY LAKE VALLEY,51.774074,540
PTJPL,2010-02-01,6-095,6-095,DRY VALLEY,DRY VALLEY,,0
PTJPL,2010-02-01,6-096,6-096,EAGLE LAKE AREA,EAGLE LAKE AREA,,0
PTJPL,2010-02-01,7-033,7-033,EAST SALTON SEA,EAST SALTON SEA,55.608589,40262
PTJPL,2010-02-01,1-044,1-044,EDEN VALLEY,EDEN VALLEY,,0
PTJPL,2010-02-01,1-010,1-010,EEL RIVER VALLEY,EEL RIVER VALLEY,37.960651,116649
PTJPL,2010-02-01,5-041,5-041,EGG LAKE VALLEY,EGG LAKE VALLEY,,0
PTJPL,2010-02-01,9-016,9-016,EL CAJON VALLEY,EL CAJON VALLEY,45.290323,31
PTJPL,2010-02-01,6-043,6-043,EL MIRAGE VALLEY,EL MIRAGE VALLEY,44.910508,3207
PTJPL,2010-02-01,5-062,5-062,ELK CREEK AREA,ELK CREEK AREA,,0
PTJPL,2010-02-01,8-004.02,8-004,ELSINORE,ELSINORE - BEDFORD-COLDWATER,41.536269,1158
PTJPL,2010-02-01,8-004.01,8-004,ELSINORE,ELSINORE - ELSINORE VALLEY,48.728972,107
PTJPL,2010-02-01,9-009,9-009,ESCONDIDO VALLEY,ESCONDIDO VALLEY,39.029412,34
PTJPL,2010-02-01,1-009,1-009,EUREKA PLAIN,EUREKA PLAIN,41.448783,20667
PTJPL,2010-02-01,6-016,6-016,EUREKA VALLEY,EUREKA VALLEY,,0
PTJPL,2010-02-01,1-022,1-022,FAIRCHILD SWAMP VALLEY,FAIRCHILD SWAMP VALLEY,,0
PTJPL,2010-02-01,5-005,5-005,FALL RIVER VALLEY,FALL RIVER VALLEY,47.232495,131259
PTJPL,2010-02-01,7-002,7-002,FENNER VALLEY,FENNER VALLEY,,0
PTJPL,2010-02-01,6-014,6-014,FISH LAKE VALLEY,FISH LAKE VALLEY,16.18343,13820
PTJPL,2010-02-01,3-053,3-053,FOOTHILL,FOOTHILL,56.914286,35
PTJPL,2010-02-01,1-021,1-021,FORT BRAGG TERRACE AREA,FORT BRAGG TERRACE AREA,34.890564,1791
PTJPL,2010-02-01,1-061,1-061,FORT ROSS TERRACE DEPOSITS,FORT ROSS TERRACE DEPOSITS,,0
PTJPL,2010-02-01,6-046,6-046,FREMONT VALLEY,FREMONT VALLEY,39.389944,1949
PTJPL,2010-02-01,5-090,5-090,FUNKS CREEK,FUNKS CREEK,55.441377,2499
PTJPL,2010-02-01,1-032,1-032,GARBERVILLE TOWN AREA,GARBERVILLE TOWN AREA,42.384615,351
PTJPL,2010-02-01,1-020,1-020,GARCIA RIVER VALLEY,GARCIA RIVER VALLEY,,0
PTJPL,2010-02-01,3-003.01,3-003,GILROY-HOLLISTER VALLEY,GILROY-HOLLISTER VALLEY - LLAGAS AREA,57.62656,76695
PTJPL,2010-02-01,3-003.05,3-003,GILROY-HOLLISTER VALLEY,GILROY-HOLLISTER VALLEY - NORTH SAN BENITO,55.163363,195075
PTJPL,2010-02-01,6-085,6-085,GOLD VALLEY,GOLD VALLEY,,0
PTJPL,2010-02-01,6-048,6-048,GOLDSTONE VALLEY,GOLDSTONE VALLEY,,0
PTJPL,2010-02-01,3-016,3-016,GOLETA,GOLETA,56.966319,3355
PTJPL,2010-02-01,5-001.02,5-001,GOOSE LAKE,GOOSE LAKE - FANDANGO VALLEY,37.842959,29088
PTJPL,2010-02-01,5-001.01,5-001,GOOSE LAKE,GOOSE LAKE - GOOSE VALLEY,33.27821,55929
PTJPL,2010-02-01,5-047,5-047,GOOSE VALLEY,GOOSE VALLEY,49.01421,14145
PTJPL,2010-02-01,6-077,6-077,GRASS VALLEY,GRASS VALLEY,,0
PTJPL,2010-02-01,6-094,6-094,GRASSHOPPER VALLEY,GRASSHOPPER VALLEY,36.177406,3709
PTJPL,2010-02-01,1-048,1-048,GRAVELLY VALLEY,GRAVELLY VALLEY,,0
PTJPL,2010-02-01,5-052,5-052,GRAYS VALLEY,GRAYS VALLEY,,0
PTJPL,2010-02-01,6-084,6-084,GREENWATER VALLEY,GREENWATER VALLEY,,0
PTJPL,2010-02-01,5-059,5-059,GRIZZLY VALLEY,GRIZZLY VALLEY,,0
PTJPL,2010-02-01,2-022,2-022,HALF MOON BAY TERRACE,HALF MOON BAY TERRACE,42.648364,4280
PTJPL,2010-02-01,1-015,1-015,HAPPY CAMP TOWN AREA,HAPPY CAMP TOWN AREA,51.484848,99
PTJPL,2010-02-01,6-047,6-047,HARPER VALLEY,HARPER VALLEY,43.411453,5658
PTJPL,2010-02-01,6-074,6-074,HARRISBURG FLATS,HARRISBURG FLATS,,0
PTJPL,2010-02-01,6-093,6-093,HARVEY VALLEY,HARVEY VALLEY,,0
PTJPL,2010-02-01,1-006,1-006,HAYFORK VALLEY,HAYFORK VALLEY,36.180692,2341
PTJPL,2010-02-01,7-048,7-048,HELENDALE FAULT VALLEY,HELENDALE FAULT VALLEY,,0
PTJPL,2010-02-01,8-006,8-006,HEMET LAKE VALLEY,HEMET LAKE VALLEY,,0
PTJPL,2010-02-01,3-031,3-031,HERNANDEZ VALLEY,HERNANDEZ VALLEY,50.784062,389
PTJPL,2010-02-01,1-036,1-036,HETTENSHAW VALLEY,HETTENSHAW VALLEY,34.247956,2202
PTJPL,2010-02-01,7-053,7-053,HEXIE MOUNTAIN AREA,HEXIE MOUNTAIN AREA,,0
PTJPL,2010-02-01,6-063,6-063,HIDDEN VALLEY,HIDDEN VALLEY,,0
PTJPL,2010-02-01,4-016,4-016,HIDDEN VALLEY,HIDDEN VALLEY,44.444916,3767
PTJPL,2010-02-01,5-016,5-016,HIGH VALLEY,HIGH VALLEY,,0
PTJPL,2010-02-01,6-004,6-004,HONEY LAKE VALLEY,HONEY LAKE VALLEY,35.151636,188774
PTJPL,2010-02-01,1-029,1-029,HONEYDEW TOWN AREA,HONEYDEW TOWN AREA,38.632291,1183
PTJPL,2010-02-01,1-007,1-007,HOOPA VALLEY,HOOPA VALLEY,49.385006,787
PTJPL,2010-02-01,6-097,6-097,HORSE LAKE VALLEY,HORSE LAKE VALLEY,34.276566,4310
PTJPL,2010-02-01,5-040,5-040,HOT SPRINGS VALLEY,HOT SPRINGS VALLEY,45.676975,3266
PTJPL,2010-02-01,3-045,3-045,HUASNA VALLEY,HUASNA VALLEY,53.316102,3366
PTJPL,2010-02-01,5-060,5-060,HUMBUG VALLEY,HUMBUG VALLEY,39.487603,121
PTJPL,2010-02-01,4-018,4-018,HUNGRY VALLEY,HUNGRY VALLEY,,0
PTJPL,2010-02-01,1-035,1-035,HYAMPOM VALLEY,HYAMPOM VALLEY,43.09127,504
PTJPL,2010-02-01,7-030,7-030,IMPERIAL VALLEY,IMPERIAL VALLEY,73.408949,1787557
PTJPL,2010-02-01,5-009,5-009,INDIAN VALLEY,INDIAN VALLEY,44.047133,44385
PTJPL,2010-02-01,6-054,6-054,INDIAN WELLS VALLEY,INDIAN WELLS VALLEY,36.526957,14616
PTJPL,2010-02-01,7-050,7-050,IRON RIDGE AREA,IRON RIDGE AREA,,0
PTJPL,2010-02-01,2-033,2-033,ISLAIS VALLEY,ISLAIS VALLEY,,0
PTJPL,2010-02-01,6-030,6-030,IVANPAH VALLEY,IVANPAH VALLEY,43.190632,918
PTJPL,2010-02-01,7-047,7-047,JACUMBA VALLEY,JACUMBA VALLEY,,0
PTJPL,2010-02-01,5-003,5-003,JESS VALLEY,JESS VALLEY,26.183995,15658
PTJPL,2010-02-01,7-018.01,7-018,JOHNSON VALLEY,JOHNSON VALLEY - SOGGY LAKE,13.983333,60
PTJPL,2010-02-01,7-018.02,7-018,JOHNSON VALLEY,JOHNSON VALLEY - UPPER JOHNSON VALLEY,,0
PTJPL,2010-02-01,5-086,5-086,JOSEPH CREEK,JOSEPH CREEK,29.022265,4671
PTJPL,2010-02-01,7-062,7-062,JOSHUA TREE,JOSHUA TREE,,0
PTJPL,2010-02-01,6-089,6-089,KANE WASH AREA,KANE WASH AREA,,0
PTJPL,2010-02-01,6-069,6-069,KELSO LANDER VALLEY,KELSO LANDER VALLEY,,0
PTJPL,2010-02-01,6-031,6-031,KELSO VALLEY,KELSO VALLEY,,0
PTJPL,2010-02-01,2-019,2-019,KENWOOD VALLEY,KENWOOD VALLEY,53.14208,1471
PTJPL,2010-02-01,5-025,5-025,KERN RIVER VALLEY,KERN RIVER VALLEY,35.930159,15077
PTJPL,2010-02-01,1-002.02,1-002,KLAMATH RIVER VALLEY,KLAMATH RIVER VALLEY - LOWER KLAMATH,36.758159,93334
PTJPL,2010-02-01,1-002.01,1-002,KLAMATH RIVER VALLEY,KLAMATH RIVER VALLEY - TULELAKE,33.549154,296549
PTJPL,2010-02-01,1-050,1-050,KNIGHTS VALLEY,KNIGHTS VALLEY,52.54405,4336
PTJPL,2010-02-01,5-007,5-007,LAKE ALMANOR VALLEY,LAKE ALMANOR VALLEY,,0
PTJPL,2010-02-01,5-046,5-046,LAKE BRITTON AREA,LAKE BRITTON AREA,44.995465,441
PTJPL,2010-02-01,7-001,7-001,LANFAIR VALLEY,LANFAIR VALLEY,,0
PTJPL,2010-02-01,6-036.02,6-036,LANGFORD VALLEY,LANGFORD VALLEY - IRWIN,,0
PTJPL,2010-02-01,6-036.01,6-036,LANGFORD VALLEY,LANGFORD VALLEY - LANGFORD WELL LAKE,,0
PTJPL,2010-02-01,1-033,1-033,LARABEE VALLEY,LARABEE VALLEY,37.838863,211
PTJPL,2010-02-01,4-008,4-008,LAS POSAS VALLEY,LAS POSAS VALLEY,43.773907,90830
PTJPL,2010-02-01,5-057,5-057,LAST CHANCE CREEK VALLEY,LAST CHANCE CREEK VALLEY,,0
PTJPL,2010-02-01,7-014,7-014,LAVIC VALLEY,LAVIC VALLEY,,0
PTJPL,2010-02-01,1-012,1-012,LAYTONVILLE VALLEY,LAYTONVILLE VALLEY,34.693243,5017
PTJPL,2010-02-01,6-027,6-027,LEACH VALLEY,LEACH VALLEY,,0
PTJPL,2010-02-01,6-066,6-066,LEE FLAT,LEE FLAT,,0
PTJPL,2010-02-01,6-106,6-106,LITTLE ANTELOPE VALLEY,LITTLE ANTELOPE VALLEY,19.5168,625
PTJPL,2010-02-01,5-065,5-065,LITTLE INDIAN VALLEY,LITTLE INDIAN VALLEY,,0
PTJPL,2010-02-01,1-013,1-013,LITTLE LAKE VALLEY,LITTLE LAKE VALLEY,,0
PTJPL,2010-02-01,1-041,1-041,LITTLE VALLEY,LITTLE VALLEY,41.883008,718
PTJPL,2010-02-01,2-010,2-010,LIVERMORE VALLEY,LIVERMORE VALLEY,50.721393,31356
PTJPL,2010-02-01,2-038,2-038,LOBOS,LOBOS,,0
PTJPL,2010-02-01,3-006,3-006,LOCKWOOD VALLEY,LOCKWOOD VALLEY,59.57411,22966
PTJPL,2010-02-01,4-017,4-017,LOCKWOOD VALLEY,LOCKWOOD VALLEY,24.183333,120
PTJPL,2010-02-01,6-011,6-011,LONG VALLEY,LONG VALLEY,,0
PTJPL,2010-02-01,5-044,5-044,LONG VALLEY,LONG VALLEY,,0
PTJPL,2010-02-01,6-104,6-104,LONG VALLEY,LONG VALLEY,24.00478,6486
PTJPL,2010-02-01,5-031,5-031,LONG VALLEY,LONG VALLEY,,0
PTJPL,2010-02-01,5-070,5-070,LOS BANOS CREEK VALLEY,LOS BANOS CREEK VALLEY,,0
PTJPL,2010-02-01,3-008.01,3-008,LOS OSOS VALLEY,LOS OSOS VALLEY - LOS OSOS AREA,47.094687,1901
PTJPL,2010-02-01,3-008.02,3-008,LOS OSOS VALLEY,LOS OSOS VALLEY - WARDEN CREEK,51.38843,4235
PTJPL,2010-02-01,7-051,7-051,LOST HORSE VALLEY,LOST HORSE VALLEY,,0
PTJPL,2010-02-01,6-071,6-071,LOST LAKE VALLEY,LOST LAKE VALLEY,,0
PTJPL,2010-02-01,6-021,6-021,LOWER KINGSTON VALLEY,LOWER KINGSTON VALLEY,,0
PTJPL,2010-02-01,1-014,1-014,LOWER KLAMATH RIVER VALLEY,LOWER KLAMATH RIVER VALLEY,37.785766,1377
PTJPL,2010-02-01,5-030,5-030,LOWER LAKE VALLEY,LOWER LAKE VALLEY,51.785467,289
PTJPL,2010-02-01,1-038,1-038,LOWER LAYTONVILLE VALLEY,LOWER LAYTONVILLE VALLEY,39.160757,423
PTJPL,2010-02-01,6-040,6-040,LOWER MOJAVE RIVER VALLEY,LOWER MOJAVE RIVER VALLEY,65.706187,17375
PTJPL,2010-02-01,1-060,1-060,LOWER RUSSIAN RIVER VALLEY,LOWER RUSSIAN RIVER VALLEY,43.990123,405
PTJPL,2010-02-01,7-019,7-019,LUCERNE VALLEY,LUCERNE VALLEY,27.866894,9962
PTJPL,2010-02-01,1-008.02,1-008,MAD RIVER VALLEY,MAD RIVER VALLEY - DOWS PRAIRIE SCHOOL AREA,39.254321,5902
PTJPL,2010-02-01,1-008.01,1-008,MAD RIVER VALLEY,MAD RIVER VALLEY - MAD RIVER LOWLAND,40.553944,27510
PTJPL,2010-02-01,6-002,6-002,MADELINE PLAINS,MADELINE PLAINS,31.469413,97475
PTJPL,2010-02-01,3-051,3-051,MAJORS CREEK,MAJORS CREEK,47.285714,749
PTJPL,2010-02-01,4-022,4-022,MALIBU VALLEY,MALIBU VALLEY,43.05,40
PTJPL,2010-02-01,6-064,6-064,MARBLE CANYON AREA,MARBLE CANYON AREA,,0
PTJPL,2010-02-01,2-039,2-039,MARINA,MARINA,,0
PTJPL,2010-02-01,6-067,6-067,MARTIS VALLEY,MARTIS VALLEY,,0
PTJPL,2010-02-01,7-059,7-059,MASON VALLEY,MASON VALLEY,,0
PTJPL,2010-02-01,1-028,1-028,MATTOLE RIVER VALLEY,MATTOLE RIVER VALLEY,37.162317,2797
PTJPL,2010-02-01,5-035,5-035,MCCLOUD AREA,MCCLOUD AREA,,0
PTJPL,2010-02-01,5-095,5-095,MEADOW VALLEY,MEADOW VALLEY,,0
PTJPL,2010-02-01,7-017,7-017,MEANS VALLEY,MEANS VALLEY,18.904762,42
PTJPL,2010-02-01,6-029,6-029,MESQUITE VALLEY,MESQUITE VALLEY,56.192427,9058
PTJPL,2010-02-01,6-020,6-020,MIDDLE AMARGOSA VALLEY,MIDDLE AMARGOSA VALLEY,66.944954,109
PTJPL,2010-02-01,5-094,5-094,MIDDLE CREEK,MIDDLE CREEK,38.0,1
PTJPL,2010-02-01,5-087,5-087,MIDDLE FORK FEATHER RIVER,MIDDLE FORK FEATHER RIVER,40.570312,640
PTJPL,2010-02-01,6-041,6-041,MIDDLE MOJAVE RIVER VALLEY,MIDDLE MOJAVE RIVER VALLEY,57.179927,3268
PTJPL,2010-02-01,6-080,6-080,MIDDLE PARK CANYON,MIDDLE PARK CANYON,,0
PTJPL,2010-02-01,5-085,5-085,MIL POTRERO AREA,MIL POTRERO AREA,33.169643,112
PTJPL,2010-02-01,9-014,9-014,MISSION VALLEY,MISSION VALLEY,52.954162,829
PTJPL,2010-02-01,5-011,5-011,MOHAWK VALLEY,MOHAWK VALLEY,36.373537,4784
PTJPL,2010-02-01,6-009,6-009,MONO VALLEY,MONO VALLEY,,0
PTJPL,2010-02-01,3-049,3-049,MONTECITO,MONTECITO,47.044715,1722
PTJPL,2010-02-01,7-020,7-020,MORONGO VALLEY,MORONGO VALLEY,30.0,21
PTJPL,2010-02-01,3-041,3-041,MORRO VALLEY,MORRO VALLEY,49.385173,1241
PTJPL,2010-02-01,5-008,5-008,MOUNTAIN MEADOWS VALLEY,MOUNTAIN MEADOWS VALLEY,45.395614,1140
PTJPL,2010-02-01,1-056,1-056,McDOWELL VALLEY,McDOWELL VALLEY,,0
PTJPL,2010-02-01,2-002.01,2-002,NAPA-SONOMA VALLEY,NAPA-SONOMA VALLEY - NAPA VALLEY,53.461176,1700
PTJPL,2010-02-01,2-002.03,2-002,NAPA-SONOMA VALLEY,NAPA-SONOMA VALLEY - NAPA-SONOMA LOWLANDS,,0
PTJPL,2010-02-01,2-002.02,2-002,NAPA-SONOMA VALLEY,NAPA-SONOMA VALLEY - SONOMA VALLEY,53.337553,948
PTJPL,2010-02-01,1-046,1-046,NAVARRO RIVER VALLEY,NAVARRO RIVER VALLEY,,0
PTJPL,2010-02-01,3-052,3-052,NEEDLE ROCK POINT,NEEDLE ROCK POINT,47.728527,1595
PTJPL,2010-02-01,7-044,7-044,NEEDLES VALLEY,NEEDLES VALLEY,64.944014,16397
PTJPL,2010-02-01,5-050,5-050,NORTH FORK BATTLE CREEK,NORTH FORK BATTLE CREEK,35.713633,2406
PTJPL,2010-02-01,2-030,2-030,NOVATO VALLEY,NOVATO VALLEY,,0
PTJPL,2010-02-01,7-025,7-025,OCOTILLO-CLARK VALLEY,OCOTILLO-CLARK VALLEY,73.210963,37509
PTJPL,2010-02-01,7-035,7-035,OGILBY VALLEY,OGILBY VALLEY,34.374441,3357
PTJPL,2010-02-01,4-002,4-002,OJAI VALLEY,OJAI VALLEY,48.80862,9327
PTJPL,2010-02-01,3-039,3-039,OLD VALLEY,OLD VALLEY,51.912195,205
PTJPL,2010-02-01,6-108,6-108,OLYMPIC VALLEY,OLYMPIC VALLEY,,0
PTJPL,2010-02-01,7-031,7-031,OROCOPIA VALLEY,OROCOPIA VALLEY,25.956522,161
PTJPL,2010-02-01,6-012.02,6-012,OWENS VALLEY,OWENS VALLEY - FISH SLOUGH,,0
PTJPL,2010-02-01,6-012.01,6-012,OWENS VALLEY,OWENS VALLEY - OWENS VALLEY,24.79574,93053
PTJPL,2010-02-01,6-088,6-088,OWL LAKE VALLEY,OWL LAKE VALLEY,,0
PTJPL,2010-02-01,6-028,6-028,PAHRUMP VALLEY,PAHRUMP VALLEY,,0
PTJPL,2010-02-01,6-099,6-099,PAINTERS FLAT,PAINTERS FLAT,29.004405,454
PTJPL,2010-02-01,7-039,7-039,PALO VERDE MESA,PALO VERDE MESA,52.677555,161308
PTJPL,2010-02-01,7-038,7-038,PALO VERDE VALLEY,PALO VERDE VALLEY,54.582088,224174
PTJPL,2010-02-01,9-024,9-024,PAMO VALLEY,PAMO VALLEY,,0
PTJPL,2010-02-01,6-058,6-058,PANAMINT VALLEY,PANAMINT VALLEY,,0
PTJPL,2010-02-01,5-023,5-023,PANOCHE VALLEY,PANOCHE VALLEY,49.667345,1966
PTJPL,2010-02-01,3-032,3-032,PEACH TREE VALLEY,PEACH TREE VALLEY,54.677445,1268
PTJPL,2010-02-01,1-030,1-030,PEPPERWOOD TOWN AREA,PEPPERWOOD TOWN AREA,40.296465,3508
PTJPL,2010-02-01,2-026,2-026,PESCADERO VALLEY,PESCADERO VALLEY,41.703164,2402
PTJPL,2010-02-01,2-001,2-001,PETALUMA VALLEY,PETALUMA VALLEY,,0
PTJPL,2010-02-01,6-051,6-051,PILOT KNOB VALLEY,PILOT KNOB VALLEY,,0
PTJPL,2010-02-01,6-092,6-092,PINE CREEK VALLEY,PINE CREEK VALLEY,,0
PTJPL,2010-02-01,7-006,7-006,PINTO VALLEY,PINTO VALLEY,,0
PTJPL,2010-02-01,7-049,7-049,PIPES CANYON FAULT VALLEY,PIPES CANYON FAULT VALLEY,,0
PTJPL,2010-02-01,2-004,2-004,PITTSBURG PLAIN,PITTSBURG PLAIN,,0
PTJPL,2010-02-01,7-045,7-045,PIUTE VALLEY,PIUTE VALLEY,,0
PTJPL,2010-02-01,7-052,7-052,PLEASANT VALLEY,PLEASANT VALLEY,,0
PTJPL,2010-02-01,4-006,4-006,PLEASANT VALLEY,PLEASANT VALLEY,38.361429,33196
PTJPL,2010-02-01,5-038,5-038,PONDOSA TOWN AREA,PONDOSA TOWN AREA,,0
PTJPL,2010-02-01,5-068,5-068,POPE VALLEY,POPE VALLEY,53.68984,187
PTJPL,2010-02-01,9-029,9-029,POTRERO VALLEY,POTRERO VALLEY,43.652291,371
PTJPL,2010-02-01,1-051,1-051,POTTER VALLEY,POTTER VALLEY,39.6,5
PTJPL,2010-02-01,9-013,9-013,POWAY VALLEY,POWAY VALLEY,,0
PTJPL,2010-02-01,3-044,3-044,POZO VALLEY,POZO VALLEY,50.426834,2713
PTJPL,2010-02-01,1-025,1-025,PRAIRIE CREEK AREA,PRAIRIE CREEK AREA,,0
PTJPL,2010-02-01,7-040,7-040,QUIEN SABE POINT VALLEY,QUIEN SABE POINT VALLEY,71.456215,708
PTJPL,2010-02-01,3-024,3-024,QUIEN SABE VALLEY,QUIEN SABE VALLEY,45.367009,11403
PTJPL,2010-02-01,6-062,6-062,RACE TRACK VALLEY,RACE TRACK VALLEY,,0
PTJPL,2010-02-01,3-046,3-046,RAFAEL VALLEY,RAFAEL VALLEY,38.0,1
PTJPL,2010-02-01,9-025,9-025,RANCHITA TOWN AREA,RANCHITA TOWN AREA,32.454545,44
PTJPL,2010-02-01,4-023,4-023,RAYMOND,RAYMOND,36.273733,1717
PTJPL,2010-02-01,6-024,6-024,RED PASS VALLEY,RED PASS VALLEY,,0
PTJPL,2010-02-01,1-018,1-018,RED ROCK VALLEY,RED ROCK VALLEY,39.485494,22680
PTJPL,2010-02-01,5-006.03,5-006,REDDING AREA,REDDING AREA - ANDERSON,50.835091,42951
PTJPL,2010-02-01,5-006.01,5-006,REDDING AREA,REDDING AREA - BOWMAN,50.957949,18216
PTJPL,2010-02-01,5-006.04,5-006,REDDING AREA,REDDING AREA - ENTERPRISE,49.209601,22476
PTJPL,2010-02-01,5-006.05,5-006,REDDING AREA,REDDING AREA - MILLVILLE,51.668685,9082
PTJPL,2010-02-01,5-006.06,5-006,REDDING AREA,REDDING AREA - SOUTH BATTLE CREEK,55.625908,7982
PTJPL,2010-02-01,1-026,1-026,REDWOOD CREEK AREA,REDWOOD CREEK AREA,39.679572,2712
PTJPL,2010-02-01,6-086,6-086,RHODES HILL AREA,RHODES HILL AREA,,0
PTJPL,2010-02-01,7-004,7-004,RICE VALLEY,RICE VALLEY,74.121163,619
PTJPL,2010-02-01,6-023,6-023,RIGGS VALLEY,RIGGS VALLEY,,0
PTJPL,2010-02-01,3-043,3-043,RINCONADA VALLEY,RINCONADA VALLEY,49.063639,2907
PTJPL,2010-02-01,5-043,5-043,ROCK PRAIRIE VALLEY,ROCK PRAIRIE VALLEY,,0
PTJPL,2010-02-01,6-056,6-056,ROSE VALLEY,ROSE VALLEY,,0
PTJPL,2010-02-01,2-028,2-028,ROSS VALLEY,ROSS VALLEY,,0
PTJPL,2010-02-01,5-036,5-036,ROUND VALLEY,ROUND VALLEY,34.879883,14311
PTJPL,2010-02-01,4-020,4-020,RUSSELL VALLEY,RUSSELL VALLEY,40.068702,131
PTJPL,2010-02-01,5-021.54,5-021,SACRAMENTO VALLEY,SACRAMENTO VALLEY - ANTELOPE,57.804815,37093
PTJPL,2010-02-01,5-021.53,5-021,SACRAMENTO VALLEY,SACRAMENTO VALLEY - BEND,56.130103,2621
PTJPL,2010-02-01,5-021.70,5-021,SACRAMENTO VALLEY,SACRAMENTO VALLEY - BUTTE,47.478428,285234
PTJPL,2010-02-01,5-021.52,5-021,SACRAMENTO VALLEY,SACRAMENTO VALLEY - COLUSA,56.823399,681803
PTJPL,2010-02-01,5-021.51,5-021,SACRAMENTO VALLEY,SACRAMENTO VALLEY - CORNING,56.486495,261902
PTJPL,2010-02-01,5-021.56,5-021,SACRAMENTO VALLEY,SACRAMENTO VALLEY - LOS MOLINOS,57.596968,59174
PTJPL,2010-02-01,5-021.64,5-021,SACRAMENTO VALLEY,SACRAMENTO VALLEY - NORTH AMERICAN,52.649533,225459
PTJPL,2010-02-01,5-021.60,5-021,SACRAMENTO VALLEY,SACRAMENTO VALLEY - NORTH YUBA,51.695409,15552
PTJPL,2010-02-01,5-021.50,5-021,SACRAMENTO VALLEY,SACRAMENTO VALLEY - RED BLUFF,55.345497,162638
PTJPL,2010-02-01,5-021.66,5-021,SACRAMENTO VALLEY,SACRAMENTO VALLEY - SOLANO,55.662445,883592
PTJPL,2010-02-01,5-021.65,5-021,SACRAMENTO VALLEY,SACRAMENTO VALLEY - SOUTH AMERICAN,54.928932,247510
PTJPL,2010-02-01,5-021.61,5-021,SACRAMENTO VALLEY,SACRAMENTO VALLEY - SOUTH YUBA,51.914579,86290
PTJPL,2010-02-01,5-021.62,5-021,SACRAMENTO VALLEY,SACRAMENTO VALLEY - SUTTER,48.40576,125281
PTJPL,2010-02-01,5-021.57,5-021,SACRAMENTO VALLEY,SACRAMENTO VALLEY - VINA,53.225979,125202
PTJPL,2010-02-01,5-021.69,5-021,SACRAMENTO VALLEY,SACRAMENTO VALLEY - WYANDOTTE CREEK,42.208518,30266
PTJPL,2010-02-01,5-021.67,5-021,SACRAMENTO VALLEY,SACRAMENTO VALLEY - YOLO,54.570794,703275
PTJPL,2010-02-01,3-004.01,3-004,SALINAS VALLEY,SALINAS VALLEY - 180/400 FOOT AQUIFER,55.539738,244978
PTJPL,2010-02-01,3-004.11,3-004,SALINAS VALLEY,SALINAS VALLEY - ATASCADERO AREA,50.593365,25561
PTJPL,2010-02-01,3-004.02,3-004,SALINAS VALLEY,SALINAS VALLEY - EAST SIDE AQUIFER,56.821592,155475
PTJPL,2010-02-01,3-004.04,3-004,SALINAS VALLEY,SALINAS VALLEY - FOREBAY AQUIFER,61.306293,261975
PTJPL,2010-02-01,3-004.09,3-004,SALINAS VALLEY,SALINAS VALLEY - LANGLEY AREA,49.18354,8396
PTJPL,2010-02-01,3-004.10,3-004,SALINAS VALLEY,SALINAS VALLEY - MONTEREY,53.980218,3033
PTJPL,2010-02-01,3-004.06,3-004,SALINAS VALLEY,SALINAS VALLEY - PASO ROBLES AREA,51.060926,339447
PTJPL,2010-02-01,3-004.08,3-004,SALINAS VALLEY,SALINAS VALLEY - SEASIDE,56.323674,1622
PTJPL,2010-02-01,3-004.05,3-004,SALINAS VALLEY,SALINAS VALLEY - UPPER VALLEY AQUIFER,58.246156,258637
PTJPL,2010-02-01,6-017,6-017,SALINE VALLEY,SALINE VALLEY,,0
PTJPL,2010-02-01,6-053,6-053,SALT WELLS VALLEY,SALT WELLS VALLEY,,0
PTJPL,2010-02-01,3-014,3-014,SAN ANTONIO CREEK VALLEY,SAN ANTONIO CREEK VALLEY,61.54074,63193
PTJPL,2010-02-01,3-028,3-028,SAN BENITO RIVER VALLEY,SAN BENITO RIVER VALLEY,55.131837,4187
PTJPL,2010-02-01,3-033,3-033,SAN CARPOFORO VALLEY,SAN CARPOFORO VALLEY,,0
PTJPL,2010-02-01,9-015,9-015,SAN DIEGO RIVER VALLEY,SAN DIEGO RIVER VALLEY,51.945566,1139
PTJPL,2010-02-01,9-012,9-012,SAN DIEGUITO CREEK,SAN DIEGUITO CREEK,51.44472,1610
PTJPL,2010-02-01,9-023,9-023,SAN ELIJO VALLEY,SAN ELIJO VALLEY,48.2,25
PTJPL,2010-02-01,7-027,7-027,SAN FELIPE VALLEY,SAN FELIPE VALLEY,34.054054,74
PTJPL,2010-02-01,4-012,4-012,SAN FERNANDO VALLEY,SAN FERNANDO VALLEY,39.099632,8431
PTJPL,2010-02-01,4-013,4-013,SAN GABRIEL VALLEY,SAN GABRIEL VALLEY,40.416457,9139
PTJPL,2010-02-01,2-024,2-024,SAN GREGORIO VALLEY,SAN GREGORIO VALLEY,41.264602,1130
PTJPL,2010-02-01,8-005,8-005,SAN JACINTO,SAN JACINTO,50.027102,135450
PTJPL,2010-02-01,5-022.05,5-022,SAN JOAQUIN VALLEY,SAN JOAQUIN VALLEY - CHOWCHILLA,53.609628,545856
PTJPL,2010-02-01,5-022.16,5-022,SAN JOAQUIN VALLEY,SAN JOAQUIN VALLEY - COSUMNES,54.061623,250879
PTJPL,2010-02-01,5-022.07,5-022,SAN JOAQUIN VALLEY,SAN JOAQUIN VALLEY - DELTA-MENDOTA,56.601732,2031833
PTJPL,2010-02-01,5-022.19,5-022,SAN JOAQUIN VALLEY,SAN JOAQUIN VALLEY - EAST CONTRA COSTA,56.158509,176551
PTJPL,2010-02-01,5-022.01,5-022,SAN JOAQUIN VALLEY,SAN JOAQUIN VALLEY - EASTERN SAN JOAQUIN,57.392313,1838789
PTJPL,2010-02-01,5-022.11,5-022,SAN JOAQUIN VALLEY,SAN JOAQUIN VALLEY - KAWEAH,54.091279,1380436
PTJPL,2010-02-01,5-022.14,5-022,SAN JOAQUIN VALLEY,SAN JOAQUIN VALLEY - KERN COUNTY,55.525503,3630807
PTJPL,2010-02-01,5-022.17,5-022,SAN JOAQUIN VALLEY,SAN JOAQUIN VALLEY - KETTLEMAN PLAIN,51.666797,135908
PTJPL,2010-02-01,5-022.08,5-022,SAN JOAQUIN VALLEY,SAN JOAQUIN VALLEY - KINGS,55.018324,2630231
PTJPL,2010-02-01,5-022.06,5-022,SAN JOAQUIN VALLEY,SAN JOAQUIN VALLEY - MADERA,54.184077,953161
PTJPL,2010-02-01,5-022.04,5-022,SAN JOAQUIN VALLEY,SAN JOAQUIN VALLEY - MERCED,54.594484,1184630
PTJPL,2010-02-01,5-022.02,5-022,SAN JOAQUIN VALLEY,SAN JOAQUIN VALLEY - MODESTO,56.731234,583114
PTJPL,2010-02-01,5-022.10,5-022,SAN JOAQUIN VALLEY,SAN JOAQUIN VALLEY - PLEASANT VALLEY,54.338045,120611
PTJPL,2010-02-01,5-022.15,5-022,SAN JOAQUIN VALLEY,SAN JOAQUIN VALLEY - TRACY,58.273521,625889
PTJPL,2010-02-01,5-022.12,5-022,SAN JOAQUIN VALLEY,SAN JOAQUIN VALLEY - TULARE LAKE,54.608999,1512721
PTJPL,2010-02-01,5-022.13,5-022,SAN JOAQUIN VALLEY,SAN JOAQUIN VALLEY - TULE,54.908623,1564265
PTJPL,2010-02-01,5-022.03,5-022,SAN JOAQUIN VALLEY,SAN JOAQUIN VALLEY - TURLOCK,57.102494,1021974
PTJPL,2010-02-01,5-022.09,5-022,SAN JOAQUIN VALLEY,SAN JOAQUIN VALLEY - WESTSIDE,55.443314,2400588
PTJPL,2010-02-01,5-022.18,5-022,SAN JOAQUIN VALLEY,SAN JOAQUIN VALLEY - WHITE WOLF,50.748826,162939
PTJPL,2010-02-01,9-001,9-001,SAN JUAN VALLEY,SAN JUAN VALLEY,46.1875,2272
PTJPL,2010-02-01,3-009,3-009,SAN LUIS OBISPO VALLEY,SAN LUIS OBISPO VALLEY,53.59156,16683
PTJPL,2010-02-01,9-007.02,9-007,SAN LUIS REY VALLEY,SAN LUIS REY VALLEY - LOWER SAN LUIS REY VALLEY,50.216353,2764
PTJPL,2010-02-01,9-007.01,9-007,SAN LUIS REY VALLEY,SAN LUIS REY VALLEY - UPPER SAN LUIS REY VALLEY,52.220651,25597
PTJPL,2010-02-01,9-032,9-032,SAN MARCOS AREA,SAN MARCOS AREA,47.777778,27
PTJPL,2010-02-01,9-002,9-002,SAN MATEO VALLEY,SAN MATEO VALLEY,46.333333,9
PTJPL,2010-02-01,9-003,9-003,SAN ONOFRE VALLEY,SAN ONOFRE VALLEY,,0
PTJPL,2010-02-01,9-010,9-010,SAN PASQUAL VALLEY,SAN PASQUAL VALLEY,41.880609,7689
PTJPL,2010-02-01,2-036,2-036,SAN PEDRO VALLEY,SAN PEDRO VALLEY,,0
PTJPL,2010-02-01,2-029,2-029,SAN RAFAEL VALLEY,SAN RAFAEL VALLEY,,0
PTJPL,2010-02-01,2-007,2-007,SAN RAMON VALLEY,SAN RAMON VALLEY,48.283069,378
PTJPL,2010-02-01,3-035,3-035,SAN SIMEON VALLEY,SAN SIMEON VALLEY,58.921296,216
PTJPL,2010-02-01,2-027,2-027,SAND POINT AREA,SAND POINT AREA,47.858407,1017
PTJPL,2010-02-01,1-053,1-053,SANEL VALLEY,SANEL VALLEY,46.592336,3027
PTJPL,2010-02-01,3-022,3-022,SANTA ANA VALLEY,SANTA ANA VALLEY,52.492735,7158
PTJPL,2010-02-01,3-017,3-017,SANTA BARBARA,SANTA BARBARA,51.654179,694
PTJPL,2010-02-01,4-004.05,4-004,SANTA CLARA RIVER VALLEY,SANTA CLARA RIVER VALLEY - FILLMORE,47.843918,50121
PTJPL,2010-02-01,4-004.03,4-004,SANTA CLARA RIVER VALLEY,SANTA CLARA RIVER VALLEY - MOUND,39.237183,9499
PTJPL,2010-02-01,4-004.02,4-004,SANTA CLARA RIVER VALLEY,SANTA CLARA RIVER VALLEY - OXNARD,37.901358,106699
PTJPL,2010-02-01,4-004.06,4-004,SANTA CLARA RIVER VALLEY,SANTA CLARA RIVER VALLEY - PIRU,43.293937,23073
PTJPL,2010-02-01,4-004.07,4-004,SANTA CLARA RIVER VALLEY,SANTA CLARA RIVER VALLEY - SANTA CLARA RIVER VALLEY EAST,38.078155,6807
PTJPL,2010-02-01,4-004.04,4-004,SANTA CLARA RIVER VALLEY,SANTA CLARA RIVER VALLEY - SANTA PAULA,46.396907,40609
PTJPL,2010-02-01,2-009.04,2-009,SANTA CLARA VALLEY,SANTA CLARA VALLEY - EAST BAY PLAIN,47.586135,2885
PTJPL,2010-02-01,2-009.01,2-009,SANTA CLARA VALLEY,SANTA CLARA VALLEY - NILES CONE,49.155221,1791
PTJPL,2010-02-01,2-009.03,2-009,SANTA CLARA VALLEY,SANTA CLARA VALLEY - SAN MATEO PLAIN,49.497727,1320
PTJPL,2010-02-01,2-009.02,2-009,SANTA CLARA VALLEY,SANTA CLARA VALLEY - SANTA CLARA,54.290694,25790
PTJPL,2010-02-01,3-001,3-001,SANTA CRUZ MID-COUNTY,SANTA CRUZ MID-COUNTY,50.840183,2847
PTJPL,2010-02-01,3-027,3-027,SANTA MARGARITA,SANTA MARGARITA,50.577181,298
PTJPL,2010-02-01,9-004,9-004,SANTA MARGARITA VALLEY,SANTA MARGARITA VALLEY,,0
PTJPL,2010-02-01,3-012.02,3-012,SANTA MARIA RIVER VALLEY,SANTA MARIA RIVER VALLEY - ARROYO GRANDE,52.885039,6176
PTJPL,2010-02-01,3-012.01,3-012,SANTA MARIA RIVER VALLEY,SANTA MARIA RIVER VALLEY - SANTA MARIA,57.268886,262758
PTJPL,2010-02-01,9-011,9-011,SANTA MARIA VALLEY,SANTA MARIA VALLEY,44.733942,3176
PTJPL,2010-02-01,6-068,6-068,SANTA ROSA FLAT,SANTA ROSA FLAT,,0
PTJPL,2010-02-01,3-036,3-036,SANTA ROSA VALLEY,SANTA ROSA VALLEY,53.690598,2744
PTJPL,2010-02-01,1-055.02,1-055,SANTA ROSA VALLEY,SANTA ROSA VALLEY - HEALDSBURG AREA,52.598629,17505
PTJPL,2010-02-01,1-055.03,1-055,SANTA ROSA VALLEY,SANTA ROSA VALLEY - RINCON VALLEY,53.233871,248
PTJPL,2010-02-01,1-055.01,1-055,SANTA ROSA VALLEY,SANTA ROSA VALLEY - SANTA ROSA PLAIN,52.489619,14883
PTJPL,2010-02-01,3-015,3-015,SANTA YNEZ RIVER VALLEY,SANTA YNEZ RIVER VALLEY,55.713692,118086
PTJPL,2010-02-01,1-005,1-005,SCOTT RIVER VALLEY,SCOTT RIVER VALLEY,40.00105,103817
PTJPL,2010-02-01,5-014,5-014,SCOTTS VALLEY,SCOTTS VALLEY,,0
PTJPL,2010-02-01,6-052,6-052,SEARLES VALLEY,SEARLES VALLEY,,0
PTJPL,2010-02-01,6-100,6-100,SECRET VALLEY,SECRET VALLEY,32.816383,12379
PTJPL,2010-02-01,1-016,1-016,SEIAD VALLEY,SEIAD VALLEY,45.166287,439
PTJPL,2010-02-01,8-008,8-008,SEVEN OAKS VALLEY,SEVEN OAKS VALLEY,,0
PTJPL,2010-02-01,1-004,1-004,SHASTA VALLEY,SHASTA VALLEY,35.806896,254490
PTJPL,2010-02-01,1-042,1-042,SHERWOOD VALLEY,SHERWOOD VALLEY,,0
PTJPL,2010-02-01,5-012.02,5-012,SIERRA VALLEY,SIERRA VALLEY - CHILCOOT,32.720618,5505
PTJPL,2010-02-01,5-012.01,5-012,SIERRA VALLEY,SIERRA VALLEY - SIERRA VALLEY,40.119216,145585
PTJPL,2010-02-01,6-034,6-034,SILVER LAKE VALLEY,SILVER LAKE VALLEY,,0
PTJPL,2010-02-01,4-009,4-009,SIMI VALLEY,SIMI VALLEY,39.543562,1297
PTJPL,2010-02-01,6-105,6-105,SLINKARD VALLEY,SLINKARD VALLEY,,0
PTJPL,2010-02-01,1-001,1-001,SMITH RIVER PLAIN,SMITH RIVER PLAIN,39.883986,35151
PTJPL,2010-02-01,6-033,6-033,SODA LAKE VALLEY,SODA LAKE VALLEY,,0
PTJPL,2010-02-01,2-037,2-037,SOUTH SAN FRANCISCO,SOUTH SAN FRANCISCO,,0
PTJPL,2010-02-01,6-082,6-082,SPRING CANYON VALLEY,SPRING CANYON VALLEY,,0
PTJPL,2010-02-01,5-089,5-089,SQUAW FLAT,SQUAW FLAT,,0
PTJPL,2010-02-01,5-088,5-088,STONY GORGE RESERVOIR,STONY GORGE RESERVOIR,53.670236,467
PTJPL,2010-02-01,5-063,5-063,STONYFORD TOWN AREA,STONYFORD TOWN AREA,54.5,2
PTJPL,2010-02-01,2-003,2-003,SUISUN-FAIRFIELD VALLEY,SUISUN-FAIRFIELD VALLEY,52.594952,56255
PTJPL,2010-02-01,2-011,2-011,SUNOL VALLEY,SUNOL VALLEY,49.830918,1656
PTJPL,2010-02-01,6-049,6-049,SUPERIOR VALLEY,SUPERIOR VALLEY,,0
PTJPL,2010-02-01,6-001,6-001,SURPRISE VALLEY,SURPRISE VALLEY,34.108783,234035
PTJPL,2010-02-01,6-107,6-107,SWEETWATER FLAT,SWEETWATER FLAT,14.241026,195
PTJPL,2010-02-01,6-005.03,6-005,TAHOE VALLEY,TAHOE VALLEY - TAHOE NORTH,,0
PTJPL,2010-02-01,6-005.01,6-005,TAHOE VALLEY,TAHOE VALLEY - TAHOE SOUTH,,0
PTJPL,2010-02-01,6-005.02,6-005,TAHOE VALLEY,TAHOE VALLEY - TAHOE WEST,,0
PTJPL,2010-02-01,6-045,6-045,TEHACHAPI VALLEY EAST,TEHACHAPI VALLEY EAST,29.066348,3346
PTJPL,2010-02-01,5-028,5-028,TEHACHAPI VALLEY WEST,TEHACHAPI VALLEY WEST,30.166041,4529
PTJPL,2010-02-01,9-005,9-005,TEMECULA VALLEY,TEMECULA VALLEY,53.589414,20517
PTJPL,2010-02-01,1-040,1-040,TEN MILE RIVER VALLEY,TEN MILE RIVER VALLEY,39.543353,173
PTJPL,2010-02-01,7-026,7-026,TERWILLIGER VALLEY,TERWILLIGER VALLEY,34.443787,169
PTJPL,2010-02-01,4-019,4-019,THOUSAND OAKS AREA,THOUSAND OAKS AREA,42.353247,385
PTJPL,2010-02-01,4-015,4-015,TIERRA REJADA,TIERRA REJADA,41.719208,4092
PTJPL,2010-02-01,5-037,5-037,TOAD WELL AREA,TOAD WELL AREA,,0
PTJPL,2010-02-01,3-040,3-040,TORO VALLEY,TORO VALLEY,57.443243,370
PTJPL,2010-02-01,6-098,6-098,TULEDAD CANYON VALLEY,TULEDAD CANYON VALLEY,21.43871,310
PTJPL,2010-02-01,7-010,7-010,TWENTYNINE PALMS VALLEY,TWENTYNINE PALMS VALLEY,35.105756,747
PTJPL,2010-02-01,1-052,1-052,UKIAH VALLEY,UKIAH VALLEY,,0
PTJPL,2010-02-01,6-022,6-022,UPPER KINGSTON VALLEY,UPPER KINGSTON VALLEY,,0
PTJPL,2010-02-01,5-013,5-013,UPPER LAKE VALLEY,UPPER LAKE VALLEY,47.866743,2634
PTJPL,2010-02-01,6-042,6-042,UPPER MOJAVE RIVER VALLEY,UPPER MOJAVE RIVER VALLEY,35.430202,6748
PTJPL,2010-02-01,4-001,4-001,UPPER OJAI VALLEY,UPPER OJAI VALLEY,46.043412,3294
PTJPL,2010-02-01,3-023,3-023,UPPER SANTA ANA VALLEY,UPPER SANTA ANA VALLEY,51.285714,7
PTJPL,2010-02-01,8-002.05,8-002,UPPER SANTA ANA VALLEY,UPPER SANTA ANA VALLEY - CAJON,30.070588,170
PTJPL,2010-02-01,8-002.01,8-002,UPPER SANTA ANA VALLEY,UPPER SANTA ANA VALLEY - CHINO,42.796501,29440
PTJPL,2010-02-01,8-002.02,8-002,UPPER SANTA ANA VALLEY,UPPER SANTA ANA VALLEY - CUCAMONGA,35.101493,670
PTJPL,2010-02-01,8-002.04,8-002,UPPER SANTA ANA VALLEY,UPPER SANTA ANA VALLEY - RIALTO-COLTON,36.821229,1253
PTJPL,2010-02-01,8-002.03,8-002,UPPER SANTA ANA VALLEY,UPPER SANTA ANA VALLEY - RIVERSIDE-ARLINGTON,47.282687,13966
PTJPL,2010-02-01,8-002.06,8-002,UPPER SANTA ANA VALLEY,UPPER SANTA ANA VALLEY - SAN BERNARDINO,51.133578,15549
PTJPL,2010-02-01,8-002.08,8-002,UPPER SANTA ANA VALLEY,UPPER SANTA ANA VALLEY - SAN TIMOTEO,41.533962,4667
PTJPL,2010-02-01,8-002.09,8-002,UPPER SANTA ANA VALLEY,UPPER SANTA ANA VALLEY - TEMESCAL,48.539645,845
PTJPL,2010-02-01,8-002.07,8-002,UPPER SANTA ANA VALLEY,UPPER SANTA ANA VALLEY - YUCAIPA,43.13401,2858
PTJPL,2010-02-01,7-028,7-028,VALLECITO-CARRIZO VALLEY,VALLECITO-CARRIZO VALLEY,,0
PTJPL,2010-02-01,5-071,5-071,VALLECITOS CREEK VALLEY,VALLECITOS CREEK VALLEY,,0
PTJPL,2010-02-01,7-063,7-063,VANDEVENTER FLAT,VANDEVENTER FLAT,,0
PTJPL,2010-02-01,4-003.02,4-003,VENTURA RIVER VALLEY,VENTURA RIVER VALLEY - LOWER VENTURA RIVER,39.5048,1771
PTJPL,2010-02-01,4-003.01,4-003,VENTURA RIVER VALLEY,VENTURA RIVER VALLEY - UPPER VENTURA RIVER,45.630435,2300
PTJPL,2010-02-01,7-042,7-042,VIDAL VALLEY,VIDAL VALLEY,,0
PTJPL,2010-02-01,3-037,3-037,VILLA VALLEY,VILLA VALLEY,51.723653,854
PTJPL,2010-02-01,2-032,2-032,VISITACION VALLEY,VISITACION VALLEY,,0
PTJPL,2010-02-01,5-026,5-026,WALKER BASIN CREEK VALLEY,WALKER BASIN CREEK VALLEY,29.5721,6387
PTJPL,2010-02-01,7-003,7-003,WARD VALLEY,WARD VALLEY,,0
PTJPL,2010-02-01,9-008,9-008,WARNER VALLEY,WARNER VALLEY,35.932945,343
PTJPL,2010-02-01,7-012,7-012,WARREN VALLEY,WARREN VALLEY,36.643478,345
PTJPL,2010-02-01,1-031,1-031,WEOTT TOWN AREA,WEOTT TOWN AREA,38.703633,523
PTJPL,2010-02-01,7-022,7-022,WEST SALTON SEA,WEST SALTON SEA,,0
PTJPL,2010-02-01,3-026,3-026,WEST SANTA CRUZ TERRACE,WEST SANTA CRUZ TERRACE,50.15283,1590
PTJPL,2010-02-01,2-035,2-035,WESTSIDE,WESTSIDE,51.65,20
PTJPL,2010-02-01,6-073,6-073,WILD HORSE MESA AREA,WILD HORSE MESA AREA,,0
PTJPL,2010-02-01,6-075,6-075,WILDROSE CANYON,WILDROSE CANYON,,0
PTJPL,2010-02-01,1-043,1-043,WILLIAMS VALLEY,WILLIAMS VALLEY,,0
PTJPL,2010-02-01,6-003,6-003,WILLOW CREEK VALLEY,WILLOW CREEK VALLEY,31.469963,26451
PTJPL,2010-02-01,1-059,1-059,WILSON GROVE FORMATION HIGHLANDS,WILSON GROVE FORMATION HIGHLANDS,49.634608,16002
PTJPL,2010-02-01,1-062,1-062,WILSON POINT AREA,WILSON POINT AREA,34.2,5
PTJPL,2010-02-01,6-019,6-019,WINGATE VALLEY,WINGATE VALLEY,,0
PTJPL,2010-02-01,7-056,7-056,YAQUI WELL AREA,YAQUI WELL AREA,,0
PTJPL,2010-02-01,5-056,5-056,YELLOW CREEK VALLEY,YELLOW CREEK VALLEY,,0
PTJPL,2010-02-01,2-006,2-006,YGNACIO VALLEY,YGNACIO VALLEY,49.0,220
PTJPL,2010-02-01,5-069,5-069,YOSEMITE VALLEY,YOSEMITE VALLEY,,0
PTJPL,2010-02-01,7-036,7-036,YUMA VALLEY,YUMA VALLEY,60.260336,66610
