Model,Date,Basin_Subb,Basin_Numb,Basin_Name,Basin_Su_1,ET,Pixel_Count
PTJPL,2004-09-01,4-005,4-005,ACTON VALLEY,ACTON VALLEY,22.847305,668
PTJPL,2004-09-01,6-010,6-010,ADOBE LAKE VALLEY,ADOBE LAKE VALLEY,,0
PTJPL,2004-09-01,1-054.01,1-054,ALEXANDER VALLEY,ALEXANDER VALLEY - ALEXANDER AREA,48.715422,39743
PTJPL,2004-09-01,1-054.02,1-054,ALEXANDER VALLEY,ALEXANDER VALLEY - CLOVERDALE AREA,56.847611,9502
PTJPL,2004-09-01,5-002.01,5-002,ALTURAS AREA,ALTURAS AREA - SOUTH FORK PITT RIVER,69.849056,159794
PTJPL,2004-09-01,5-002.02,5-002,ALTURAS AREA,ALTURAS AREA - WARM SPRINGS VALLEY,59.503742,74425
PTJPL,2004-09-01,5-010,5-010,AMERICAN VALLEY,AMERICAN VALLEY,60.71968,9746
PTJPL,2004-09-01,7-016,7-016,AMES VALLEY,AMES VALLEY,,0
PTJPL,2004-09-01,7-034,7-034,AMOS VALLEY,AMOS VALLEY,,0
PTJPL,2004-09-01,1-019,1-019,ANDERSON VALLEY,ANDERSON VALLEY,44.723002,5982
PTJPL,2004-09-01,1-049,1-049,ANNAPOLIS OHLSON RANCH FORMATION HIGHLANDS,ANNAPOLIS OHLSON RANCH FORMATION HIGHLANDS,68.028049,2353
PTJPL,2004-09-01,5-091,5-091,ANTELOPE CREEK,ANTELOPE CREEK,18.406854,1605
PTJPL,2004-09-01,6-044,6-044,ANTELOPE VALLEY,ANTELOPE VALLEY,40.978446,137884
PTJPL,2004-09-01,6-007,6-007,ANTELOPE VALLEY,ANTELOPE VALLEY,65.63798,48489
PTJPL,2004-09-01,3-034,3-034,ARROYO DE LA CRUZ VALLEY,ARROYO DE LA CRUZ VALLEY,58.046468,538
PTJPL,2004-09-01,2-031,2-031,ARROYO DEL HAMBRE VALLEY,ARROYO DEL HAMBRE VALLEY,,0
PTJPL,2004-09-01,4-007,4-007,ARROYO SANTA ROSA VALLEY,ARROYO SANTA ROSA VALLEY,81.803939,7870
PTJPL,2004-09-01,7-037,7-037,ARROYO SECO VALLEY,ARROYO SECO VALLEY,,0
PTJPL,2004-09-01,5-054,5-054,ASH VALLEY,ASH VALLEY,65.04411,12106
PTJPL,2004-09-01,6-026,6-026,AVAWATZ VALLEY,AVAWATZ VALLEY,,0
PTJPL,2004-09-01,3-020,3-020,A�O NUEVO AREA,A�O NUEVO AREA,34.19403,1876
PTJPL,2004-09-01,9-022,9-022,BATIQUITOS LAGOON VALLEY,BATIQUITOS LAGOON VALLEY,98.945161,620
PTJPL,2004-09-01,8-009,8-009,BEAR VALLEY,BEAR VALLEY,60.926941,219
PTJPL,2004-09-01,5-064,5-064,BEAR VALLEY,BEAR VALLEY,51.372549,510
PTJPL,2004-09-01,5-020,5-020,BERRYESSA VALLEY,BERRYESSA VALLEY,,0
PTJPL,2004-09-01,7-015,7-015,BESSEMER VALLEY,BESSEMER VALLEY,,0
PTJPL,2004-09-01,6-025,6-025,BICYCLE VALLEY,BICYCLE VALLEY,,0
PTJPL,2004-09-01,1-027,1-027,BIG LAGOON AREA,BIG LAGOON AREA,113.692308,39
PTJPL,2004-09-01,8-007,8-007,BIG MEADOWS VALLEY,BIG MEADOWS VALLEY,,0
PTJPL,2004-09-01,1-045,1-045,BIG RIVER VALLEY,BIG RIVER VALLEY,,0
PTJPL,2004-09-01,3-047,3-047,BIG SPRING AREA,BIG SPRING AREA,8.937908,918
PTJPL,2004-09-01,5-015,5-015,BIG VALLEY,BIG VALLEY,73.512865,41040
PTJPL,2004-09-01,5-004,5-004,BIG VALLEY,BIG VALLEY,54.245731,163109
PTJPL,2004-09-01,3-030,3-030,BITTER WATER VALLEY,BITTER WATER VALLEY,19.750495,7575
PTJPL,2004-09-01,6-013,6-013,BLACK SPRINGS VALLEY,BLACK SPRINGS VALLEY,,0
PTJPL,2004-09-01,5-092,5-092,BLANCHARD VALLEY,BLANCHARD VALLEY,20.756637,1130
PTJPL,2004-09-01,1-057,1-057,BODEGA BAY AREA,BODEGA BAY AREA,90.207792,154
PTJPL,2004-09-01,7-024.01,7-024,BORREGO VALLEY,BORREGO VALLEY - BORREGO SPRINGS,53.413635,17397
PTJPL,2004-09-01,7-024.02,7-024,BORREGO VALLEY,BORREGO VALLEY - OCOTILLO WELLS,41.25,12
PTJPL,2004-09-01,1-039,1-039,BRANSCOMB TOWN AREA,BRANSCOMB TOWN AREA,,0
PTJPL,2004-09-01,1-017,1-017,BRAY TOWN AREA,BRAY TOWN AREA,68.388941,4250
PTJPL,2004-09-01,6-008,6-008,BRIDGEPORT VALLEY,BRIDGEPORT VALLEY,51.289618,74902
PTJPL,2004-09-01,7-008,7-008,BRISTOL VALLEY,BRISTOL VALLEY,17.620746,7963
PTJPL,2004-09-01,5-080,5-080,BRITE VALLEY,BRITE VALLEY,27.978097,1324
PTJPL,2004-09-01,6-032,6-032,BROADWELL VALLEY,BROADWELL VALLEY,,0
PTJPL,2004-09-01,6-076,6-076,BROWN MOUNTAIN VALLEY,BROWN MOUNTAIN VALLEY,,0
PTJPL,2004-09-01,7-054,7-054,BUCK RIDGE FAULT VALLEY,BUCK RIDGE FAULT VALLEY,,0
PTJPL,2004-09-01,6-101,6-101,BULL FLAT,BULL FLAT,26.770833,48
PTJPL,2004-09-01,5-048,5-048,BURNEY CREEK VALLEY,BURNEY CREEK VALLEY,40.863398,6852
PTJPL,2004-09-01,5-017,5-017,BURNS VALLEY,BURNS VALLEY,52.713956,1734
PTJPL,2004-09-01,5-051,5-051,BUTTE CREEK VALLEY,BUTTE CREEK VALLEY,,0
PTJPL,2004-09-01,1-003,1-003,BUTTE VALLEY,BUTTE VALLEY,54.802326,149448
PTJPL,2004-09-01,6-081,6-081,BUTTE VALLEY,BUTTE VALLEY,,0
PTJPL,2004-09-01,6-070,6-070,CACTUS FLAT,CACTUS FLAT,,0
PTJPL,2004-09-01,7-007,7-007,CADIZ VALLEY,CADIZ VALLEY,,0
PTJPL,2004-09-01,6-090,6-090,CADY FAULT AREA,CADY FAULT AREA,,0
PTJPL,2004-09-01,9-006,9-006,CAHUILLA VALLEY,CAHUILLA VALLEY,16.50528,6250
PTJPL,2004-09-01,6-079,6-079,CALIFORNIA VALLEY,CALIFORNIA VALLEY,,0
PTJPL,2004-09-01,7-041,7-041,CALZONA VALLEY,CALZONA VALLEY,,0
PTJPL,2004-09-01,6-061,6-061,CAMEO AREA,CAMEO AREA,,0
PTJPL,2004-09-01,9-028,9-028,CAMPO VALLEY,CAMPO VALLEY,21.095238,126
PTJPL,2004-09-01,7-046,7-046,CANEBRAKE VALLEY,CANEBRAKE VALLEY,,0
PTJPL,2004-09-01,3-007,3-007,CARMEL VALLEY,CARMEL VALLEY,65.885335,1282
PTJPL,2004-09-01,3-018,3-018,CARPINTERIA,CARPINTERIA,67.92297,12982
PTJPL,2004-09-01,3-019,3-019,CARRIZO PLAIN,CARRIZO PLAIN,13.868156,22739
PTJPL,2004-09-01,6-006,6-006,CARSON VALLEY,CARSON VALLEY,66.121909,10516
PTJPL,2004-09-01,5-029,5-029,CASTAC LAKE VALLEY,CASTAC LAKE VALLEY,19.705674,846
PTJPL,2004-09-01,2-008,2-008,CASTRO VALLEY,CASTRO VALLEY,,0
PTJPL,2004-09-01,6-038,6-038,CAVES CANYON VALLEY,CAVES CANYON VALLEY,,0
PTJPL,2004-09-01,5-045,5-045,CAYTON VALLEY,CAYTON VALLEY,85.596941,4250
PTJPL,2004-09-01,3-038,3-038,CAYUCOS VALLEY,CAYUCOS VALLEY,,0
PTJPL,2004-09-01,7-043,7-043,CHEMEHUEVI VALLEY,CHEMEHUEVI VALLEY,,0
PTJPL,2004-09-01,7-032,7-032,CHOCOLATE VALLEY,CHOCOLATE VALLEY,3.298507,67
PTJPL,2004-09-01,3-005,3-005,CHOLAME VALLEY,CHOLAME VALLEY,23.000734,17718
PTJPL,2004-09-01,3-042,3-042,CHORRO VALLEY,CHORRO VALLEY,75.471042,1295
PTJPL,2004-09-01,5-061,5-061,CHROME TOWN AREA,CHROME TOWN AREA,16.790607,511
PTJPL,2004-09-01,7-005,7-005,CHUCKWALLA VALLEY,CHUCKWALLA VALLEY,18.486316,4604
PTJPL,2004-09-01,2-005,2-005,CLAYTON VALLEY,CLAYTON VALLEY,86.139571,652
PTJPL,2004-09-01,5-066,5-066,CLEAR LAKE CACHE FORMATION,CLEAR LAKE CACHE FORMATION,52.561702,940
PTJPL,2004-09-01,5-058,5-058,CLOVER VALLEY,CLOVER VALLEY,29.25467,1606
PTJPL,2004-09-01,7-021.03,7-021,COACHELLA VALLEY,COACHELLA VALLEY - DESERT HOT SPRINGS,56.271286,2713
PTJPL,2004-09-01,7-021.01,7-021,COACHELLA VALLEY,COACHELLA VALLEY - INDIO,55.053053,293745
PTJPL,2004-09-01,7-021.02,7-021,COACHELLA VALLEY,COACHELLA VALLEY - MISSION CREEK,39.838446,978
PTJPL,2004-09-01,7-021.04,7-021,COACHELLA VALLEY,COACHELLA VALLEY - SAN GORGONIO PASS,66.837079,356
PTJPL,2004-09-01,4-011.04,4-011,COASTAL PLAIN OF LOS ANGELES,COASTAL PLAIN OF LOS ANGELES - CENTRAL,107.653105,7005
PTJPL,2004-09-01,4-011.02,4-011,COASTAL PLAIN OF LOS ANGELES,COASTAL PLAIN OF LOS ANGELES - HOLLYWOOD,91.913313,323
PTJPL,2004-09-01,4-011.01,4-011,COASTAL PLAIN OF LOS ANGELES,COASTAL PLAIN OF LOS ANGELES - SANTA MONICA,100.136168,4186
PTJPL,2004-09-01,4-011.03,4-011,COASTAL PLAIN OF LOS ANGELES,COASTAL PLAIN OF LOS ANGELES - WEST COAST,108.64761,4058
PTJPL,2004-09-01,8-001,8-001,COASTAL PLAIN OF ORANGE COUNTY,COASTAL PLAIN OF ORANGE COUNTY,95.570617,23946
PTJPL,2004-09-01,9-033,9-033,COASTAL PLAIN OF SAN DIEGO,COASTAL PLAIN OF SAN DIEGO,83.526091,3507
PTJPL,2004-09-01,6-072,6-072,COLES FLAT,COLES FLAT,,0
PTJPL,2004-09-01,5-019,5-019,COLLAYOMI VALLEY,COLLAYOMI VALLEY,34.253316,3845
PTJPL,2004-09-01,7-055,7-055,COLLINS VALLEY,COLLINS VALLEY,,0
PTJPL,2004-09-01,4-010,4-010,CONEJO,CONEJO,103.339357,498
PTJPL,2004-09-01,7-011,7-011,COPPER MOUNTAIN VALLEY,COPPER MOUNTAIN VALLEY,,0
PTJPL,2004-09-01,3-002.01,3-002,CORRALITOS,CORRALITOS - PAJARO VALLEY,43.212051,109219
PTJPL,2004-09-01,3-002.02,3-002,CORRALITOS,CORRALITOS - PURISIMA HIGHLANDS,45.213362,464
PTJPL,2004-09-01,6-055,6-055,COSO VALLEY,COSO VALLEY,,0
PTJPL,2004-09-01,1-037,1-037,COTTONEVA CREEK VALLEY,COTTONEVA CREEK VALLEY,,0
PTJPL,2004-09-01,9-027,9-027,COTTONWOOD VALLEY,COTTONWOOD VALLEY,24.128571,70
PTJPL,2004-09-01,1-011,1-011,COVELO ROUND VALLEY,COVELO ROUND VALLEY,42.462325,36576
PTJPL,2004-09-01,6-091,6-091,COW HEAD LAKE VALLEY,COW HEAD LAKE VALLEY,49.364537,15639
PTJPL,2004-09-01,6-037,6-037,COYOTE LAKE VALLEY,COYOTE LAKE VALLEY,9.627572,972
PTJPL,2004-09-01,5-018,5-018,COYOTE VALLEY,COYOTE VALLEY,60.404346,6534
PTJPL,2004-09-01,7-029,7-029,COYOTE WELLS VALLEY,COYOTE WELLS VALLEY,3.075,80
PTJPL,2004-09-01,6-035,6-035,CRONISE VALLEY,CRONISE VALLEY,,0
PTJPL,2004-09-01,6-050,6-050,CUDDEBACK VALLEY,CUDDEBACK VALLEY,,0
PTJPL,2004-09-01,5-082,5-082,CUDDY CANYON VALLEY,CUDDY CANYON VALLEY,,0
PTJPL,2004-09-01,5-083,5-083,CUDDY RANCH AREA,CUDDY RANCH AREA,,0
PTJPL,2004-09-01,5-084,5-084,CUDDY VALLEY,CUDDY VALLEY,31.75,16
PTJPL,2004-09-01,5-027,5-027,CUMMINGS VALLEY,CUMMINGS VALLEY,51.585485,11464
PTJPL,2004-09-01,3-013,3-013,CUYAMA VALLEY,CUYAMA VALLEY,39.115651,153773
PTJPL,2004-09-01,7-009,7-009,DALE VALLEY,DALE VALLEY,8.282895,152
PTJPL,2004-09-01,6-057,6-057,DARWIN VALLEY,DARWIN VALLEY,,0
PTJPL,2004-09-01,7-061,7-061,DAVIES VALLEY,DAVIES VALLEY,,0
PTJPL,2004-09-01,7-013.01,7-013,DEADMAN VALLEY,DEADMAN VALLEY - DEADMAN LAKE,,0
PTJPL,2004-09-01,7-013.02,7-013,DEADMAN VALLEY,DEADMAN VALLEY - SURPRISE SPRING,,0
PTJPL,2004-09-01,6-018,6-018,DEATH VALLEY,DEATH VALLEY,2.5,18
PTJPL,2004-09-01,6-015,6-015,DEEP SPRINGS VALLEY,DEEP SPRINGS VALLEY,67.201575,635
PTJPL,2004-09-01,6-078,6-078,DENNING SPRING VALLEY,DENNING SPRING VALLEY,,0
PTJPL,2004-09-01,1-034,1-034,DINSMORES TOWN AREA,DINSMORES TOWN AREA,36.906977,86
PTJPL,2004-09-01,5-053,5-053,DIXIE VALLEY,DIXIE VALLEY,70.347454,11449
PTJPL,2004-09-01,2-040,2-040,DOWNTOWN,DOWNTOWN,,0
PTJPL,2004-09-01,5-049,5-049,DRY BURNEY CREEK VALLEY,DRY BURNEY CREEK VALLEY,,0
PTJPL,2004-09-01,3-029,3-029,DRY LAKE VALLEY,DRY LAKE VALLEY,16.757407,540
PTJPL,2004-09-01,6-095,6-095,DRY VALLEY,DRY VALLEY,,0
PTJPL,2004-09-01,6-096,6-096,EAGLE LAKE AREA,EAGLE LAKE AREA,,0
PTJPL,2004-09-01,7-033,7-033,EAST SALTON SEA,EAST SALTON SEA,42.001391,40262
PTJPL,2004-09-01,1-044,1-044,EDEN VALLEY,EDEN VALLEY,39.423821,1654
PTJPL,2004-09-01,1-010,1-010,EEL RIVER VALLEY,EEL RIVER VALLEY,86.44886,118088
PTJPL,2004-09-01,5-041,5-041,EGG LAKE VALLEY,EGG LAKE VALLEY,,0
PTJPL,2004-09-01,9-016,9-016,EL CAJON VALLEY,EL CAJON VALLEY,54.064516,31
PTJPL,2004-09-01,6-043,6-043,EL MIRAGE VALLEY,EL MIRAGE VALLEY,42.420642,3207
PTJPL,2004-09-01,5-062,5-062,ELK CREEK AREA,ELK CREEK AREA,42.692308,143
PTJPL,2004-09-01,8-004.02,8-004,ELSINORE,ELSINORE - BEDFORD-COLDWATER,62.881693,1158
PTJPL,2004-09-01,8-004.01,8-004,ELSINORE,ELSINORE - ELSINORE VALLEY,47.869159,107
PTJPL,2004-09-01,9-009,9-009,ESCONDIDO VALLEY,ESCONDIDO VALLEY,52.117647,34
PTJPL,2004-09-01,1-009,1-009,EUREKA PLAIN,EUREKA PLAIN,88.89936,20936
PTJPL,2004-09-01,6-016,6-016,EUREKA VALLEY,EUREKA VALLEY,,0
PTJPL,2004-09-01,1-022,1-022,FAIRCHILD SWAMP VALLEY,FAIRCHILD SWAMP VALLEY,,0
PTJPL,2004-09-01,5-005,5-005,FALL RIVER VALLEY,FALL RIVER VALLEY,68.187572,134098
PTJPL,2004-09-01,7-002,7-002,FENNER VALLEY,FENNER VALLEY,,0
PTJPL,2004-09-01,6-014,6-014,FISH LAKE VALLEY,FISH LAKE VALLEY,74.492399,14340
PTJPL,2004-09-01,3-053,3-053,FOOTHILL,FOOTHILL,76.742857,35
PTJPL,2004-09-01,1-021,1-021,FORT BRAGG TERRACE AREA,FORT BRAGG TERRACE AREA,55.31574,9530
PTJPL,2004-09-01,1-061,1-061,FORT ROSS TERRACE DEPOSITS,FORT ROSS TERRACE DEPOSITS,72.625812,1077
PTJPL,2004-09-01,6-046,6-046,FREMONT VALLEY,FREMONT VALLEY,21.009749,1949
PTJPL,2004-09-01,5-090,5-090,FUNKS CREEK,FUNKS CREEK,28.537218,3278
PTJPL,2004-09-01,1-032,1-032,GARBERVILLE TOWN AREA,GARBERVILLE TOWN AREA,83.697761,536
PTJPL,2004-09-01,1-020,1-020,GARCIA RIVER VALLEY,GARCIA RIVER VALLEY,67.758781,2790
PTJPL,2004-09-01,3-003.01,3-003,GILROY-HOLLISTER VALLEY,GILROY-HOLLISTER VALLEY - LLAGAS AREA,49.473994,76695
PTJPL,2004-09-01,3-003.05,3-003,GILROY-HOLLISTER VALLEY,GILROY-HOLLISTER VALLEY - NORTH SAN BENITO,43.15735,195075
PTJPL,2004-09-01,6-085,6-085,GOLD VALLEY,GOLD VALLEY,,0
PTJPL,2004-09-01,6-048,6-048,GOLDSTONE VALLEY,GOLDSTONE VALLEY,,0
PTJPL,2004-09-01,3-016,3-016,GOLETA,GOLETA,66.306202,3354
PTJPL,2004-09-01,5-001.02,5-001,GOOSE LAKE,GOOSE LAKE - FANDANGO VALLEY,52.591224,29126
PTJPL,2004-09-01,5-001.01,5-001,GOOSE LAKE,GOOSE LAKE - GOOSE VALLEY,55.119905,55936
PTJPL,2004-09-01,5-047,5-047,GOOSE VALLEY,GOOSE VALLEY,57.948652,15463
PTJPL,2004-09-01,6-077,6-077,GRASS VALLEY,GRASS VALLEY,,0
PTJPL,2004-09-01,6-094,6-094,GRASSHOPPER VALLEY,GRASSHOPPER VALLEY,50.862346,3734
PTJPL,2004-09-01,1-048,1-048,GRAVELLY VALLEY,GRAVELLY VALLEY,,0
PTJPL,2004-09-01,5-052,5-052,GRAYS VALLEY,GRAYS VALLEY,,0
PTJPL,2004-09-01,6-084,6-084,GREENWATER VALLEY,GREENWATER VALLEY,,0
PTJPL,2004-09-01,5-059,5-059,GRIZZLY VALLEY,GRIZZLY VALLEY,,0
PTJPL,2004-09-01,2-022,2-022,HALF MOON BAY TERRACE,HALF MOON BAY TERRACE,47.58158,9457
PTJPL,2004-09-01,1-015,1-015,HAPPY CAMP TOWN AREA,HAPPY CAMP TOWN AREA,56.888889,99
PTJPL,2004-09-01,6-047,6-047,HARPER VALLEY,HARPER VALLEY,30.294981,5658
PTJPL,2004-09-01,6-074,6-074,HARRISBURG FLATS,HARRISBURG FLATS,,0
PTJPL,2004-09-01,6-093,6-093,HARVEY VALLEY,HARVEY VALLEY,,0
PTJPL,2004-09-01,1-006,1-006,HAYFORK VALLEY,HAYFORK VALLEY,39.359551,3115
PTJPL,2004-09-01,7-048,7-048,HELENDALE FAULT VALLEY,HELENDALE FAULT VALLEY,,0
PTJPL,2004-09-01,8-006,8-006,HEMET LAKE VALLEY,HEMET LAKE VALLEY,,0
PTJPL,2004-09-01,3-031,3-031,HERNANDEZ VALLEY,HERNANDEZ VALLEY,13.676093,389
PTJPL,2004-09-01,1-036,1-036,HETTENSHAW VALLEY,HETTENSHAW VALLEY,34.200727,2202
PTJPL,2004-09-01,7-053,7-053,HEXIE MOUNTAIN AREA,HEXIE MOUNTAIN AREA,,0
PTJPL,2004-09-01,6-063,6-063,HIDDEN VALLEY,HIDDEN VALLEY,,0
PTJPL,2004-09-01,4-016,4-016,HIDDEN VALLEY,HIDDEN VALLEY,50.145739,3767
PTJPL,2004-09-01,5-016,5-016,HIGH VALLEY,HIGH VALLEY,29.788565,2781
PTJPL,2004-09-01,6-004,6-004,HONEY LAKE VALLEY,HONEY LAKE VALLEY,47.914834,188784
PTJPL,2004-09-01,1-029,1-029,HONEYDEW TOWN AREA,HONEYDEW TOWN AREA,78.96027,1183
PTJPL,2004-09-01,1-007,1-007,HOOPA VALLEY,HOOPA VALLEY,71.762389,787
PTJPL,2004-09-01,6-097,6-097,HORSE LAKE VALLEY,HORSE LAKE VALLEY,63.47474,4335
PTJPL,2004-09-01,5-040,5-040,HOT SPRINGS VALLEY,HOT SPRINGS VALLEY,47.910288,3266
PTJPL,2004-09-01,3-045,3-045,HUASNA VALLEY,HUASNA VALLEY,33.562092,3366
PTJPL,2004-09-01,5-060,5-060,HUMBUG VALLEY,HUMBUG VALLEY,39.264856,1178
PTJPL,2004-09-01,4-018,4-018,HUNGRY VALLEY,HUNGRY VALLEY,,0
PTJPL,2004-09-01,1-035,1-035,HYAMPOM VALLEY,HYAMPOM VALLEY,44.331349,504
PTJPL,2004-09-01,7-030,7-030,IMPERIAL VALLEY,IMPERIAL VALLEY,62.438206,1787557
PTJPL,2004-09-01,5-009,5-009,INDIAN VALLEY,INDIAN VALLEY,61.894317,44586
PTJPL,2004-09-01,6-054,6-054,INDIAN WELLS VALLEY,INDIAN WELLS VALLEY,29.912219,14616
PTJPL,2004-09-01,7-050,7-050,IRON RIDGE AREA,IRON RIDGE AREA,,0
PTJPL,2004-09-01,2-033,2-033,ISLAIS VALLEY,ISLAIS VALLEY,,0
PTJPL,2004-09-01,6-030,6-030,IVANPAH VALLEY,IVANPAH VALLEY,79.595861,918
PTJPL,2004-09-01,7-047,7-047,JACUMBA VALLEY,JACUMBA VALLEY,,0
PTJPL,2004-09-01,5-003,5-003,JESS VALLEY,JESS VALLEY,74.7994,15658
PTJPL,2004-09-01,7-018.01,7-018,JOHNSON VALLEY,JOHNSON VALLEY - SOGGY LAKE,0.0,60
PTJPL,2004-09-01,7-018.02,7-018,JOHNSON VALLEY,JOHNSON VALLEY - UPPER JOHNSON VALLEY,,0
PTJPL,2004-09-01,5-086,5-086,JOSEPH CREEK,JOSEPH CREEK,60.180184,4673
PTJPL,2004-09-01,7-062,7-062,JOSHUA TREE,JOSHUA TREE,,0
PTJPL,2004-09-01,6-089,6-089,KANE WASH AREA,KANE WASH AREA,,0
PTJPL,2004-09-01,6-069,6-069,KELSO LANDER VALLEY,KELSO LANDER VALLEY,,0
PTJPL,2004-09-01,6-031,6-031,KELSO VALLEY,KELSO VALLEY,,0
PTJPL,2004-09-01,2-019,2-019,KENWOOD VALLEY,KENWOOD VALLEY,46.014099,5674
PTJPL,2004-09-01,5-025,5-025,KERN RIVER VALLEY,KERN RIVER VALLEY,47.77343,15077
PTJPL,2004-09-01,1-002.02,1-002,KLAMATH RIVER VALLEY,KLAMATH RIVER VALLEY - LOWER KLAMATH,60.142196,93343
PTJPL,2004-09-01,1-002.01,1-002,KLAMATH RIVER VALLEY,KLAMATH RIVER VALLEY - TULELAKE,56.659117,296556
PTJPL,2004-09-01,1-050,1-050,KNIGHTS VALLEY,KNIGHTS VALLEY,48.161704,7322
PTJPL,2004-09-01,5-007,5-007,LAKE ALMANOR VALLEY,LAKE ALMANOR VALLEY,75.802516,2623
PTJPL,2004-09-01,5-046,5-046,LAKE BRITTON AREA,LAKE BRITTON AREA,79.857143,441
PTJPL,2004-09-01,7-001,7-001,LANFAIR VALLEY,LANFAIR VALLEY,,0
PTJPL,2004-09-01,6-036.02,6-036,LANGFORD VALLEY,LANGFORD VALLEY - IRWIN,,0
PTJPL,2004-09-01,6-036.01,6-036,LANGFORD VALLEY,LANGFORD VALLEY - LANGFORD WELL LAKE,,0
PTJPL,2004-09-01,1-033,1-033,LARABEE VALLEY,LARABEE VALLEY,33.118483,211
PTJPL,2004-09-01,4-008,4-008,LAS POSAS VALLEY,LAS POSAS VALLEY,72.860861,90830
PTJPL,2004-09-01,5-057,5-057,LAST CHANCE CREEK VALLEY,LAST CHANCE CREEK VALLEY,,0
PTJPL,2004-09-01,7-014,7-014,LAVIC VALLEY,LAVIC VALLEY,,0
PTJPL,2004-09-01,1-012,1-012,LAYTONVILLE VALLEY,LAYTONVILLE VALLEY,45.260116,5017
PTJPL,2004-09-01,6-027,6-027,LEACH VALLEY,LEACH VALLEY,,0
PTJPL,2004-09-01,6-066,6-066,LEE FLAT,LEE FLAT,,0
PTJPL,2004-09-01,6-106,6-106,LITTLE ANTELOPE VALLEY,LITTLE ANTELOPE VALLEY,56.605249,1829
PTJPL,2004-09-01,5-065,5-065,LITTLE INDIAN VALLEY,LITTLE INDIAN VALLEY,12.722222,18
PTJPL,2004-09-01,1-013,1-013,LITTLE LAKE VALLEY,LITTLE LAKE VALLEY,38.916882,16230
PTJPL,2004-09-01,1-041,1-041,LITTLE VALLEY,LITTLE VALLEY,65.111421,718
PTJPL,2004-09-01,2-010,2-010,LIVERMORE VALLEY,LIVERMORE VALLEY,42.66384,31366
PTJPL,2004-09-01,2-038,2-038,LOBOS,LOBOS,85.604307,743
PTJPL,2004-09-01,3-006,3-006,LOCKWOOD VALLEY,LOCKWOOD VALLEY,33.968867,22966
PTJPL,2004-09-01,4-017,4-017,LOCKWOOD VALLEY,LOCKWOOD VALLEY,11.691667,120
PTJPL,2004-09-01,6-011,6-011,LONG VALLEY,LONG VALLEY,56.23039,28621
PTJPL,2004-09-01,5-044,5-044,LONG VALLEY,LONG VALLEY,,0
PTJPL,2004-09-01,6-104,6-104,LONG VALLEY,LONG VALLEY,33.106537,6486
PTJPL,2004-09-01,5-031,5-031,LONG VALLEY,LONG VALLEY,27.877529,2719
PTJPL,2004-09-01,5-070,5-070,LOS BANOS CREEK VALLEY,LOS BANOS CREEK VALLEY,,0
PTJPL,2004-09-01,3-008.01,3-008,LOS OSOS VALLEY,LOS OSOS VALLEY - LOS OSOS AREA,87.056286,1901
PTJPL,2004-09-01,3-008.02,3-008,LOS OSOS VALLEY,LOS OSOS VALLEY - WARDEN CREEK,86.190791,4235
PTJPL,2004-09-01,7-051,7-051,LOST HORSE VALLEY,LOST HORSE VALLEY,,0
PTJPL,2004-09-01,6-071,6-071,LOST LAKE VALLEY,LOST LAKE VALLEY,,0
PTJPL,2004-09-01,6-021,6-021,LOWER KINGSTON VALLEY,LOWER KINGSTON VALLEY,,0
PTJPL,2004-09-01,1-014,1-014,LOWER KLAMATH RIVER VALLEY,LOWER KLAMATH RIVER VALLEY,97.119826,1377
PTJPL,2004-09-01,5-030,5-030,LOWER LAKE VALLEY,LOWER LAKE VALLEY,44.269291,635
PTJPL,2004-09-01,1-038,1-038,LOWER LAYTONVILLE VALLEY,LOWER LAYTONVILLE VALLEY,38.13948,423
PTJPL,2004-09-01,6-040,6-040,LOWER MOJAVE RIVER VALLEY,LOWER MOJAVE RIVER VALLEY,77.202705,17375
PTJPL,2004-09-01,1-060,1-060,LOWER RUSSIAN RIVER VALLEY,LOWER RUSSIAN RIVER VALLEY,65.035027,5453
PTJPL,2004-09-01,7-019,7-019,LUCERNE VALLEY,LUCERNE VALLEY,38.489761,9962
PTJPL,2004-09-01,1-008.02,1-008,MAD RIVER VALLEY,MAD RIVER VALLEY - DOWS PRAIRIE SCHOOL AREA,93.654863,5902
PTJPL,2004-09-01,1-008.01,1-008,MAD RIVER VALLEY,MAD RIVER VALLEY - MAD RIVER LOWLAND,98.604343,27582
PTJPL,2004-09-01,6-002,6-002,MADELINE PLAINS,MADELINE PLAINS,52.819255,97657
PTJPL,2004-09-01,3-051,3-051,MAJORS CREEK,MAJORS CREEK,60.99733,749
PTJPL,2004-09-01,4-022,4-022,MALIBU VALLEY,MALIBU VALLEY,89.075,40
PTJPL,2004-09-01,6-064,6-064,MARBLE CANYON AREA,MARBLE CANYON AREA,,0
PTJPL,2004-09-01,2-039,2-039,MARINA,MARINA,,0
PTJPL,2004-09-01,6-067,6-067,MARTIS VALLEY,MARTIS VALLEY,70.909698,3444
PTJPL,2004-09-01,7-059,7-059,MASON VALLEY,MASON VALLEY,,0
PTJPL,2004-09-01,1-028,1-028,MATTOLE RIVER VALLEY,MATTOLE RIVER VALLEY,94.494101,2797
PTJPL,2004-09-01,5-035,5-035,MCCLOUD AREA,MCCLOUD AREA,97.609626,187
PTJPL,2004-09-01,5-095,5-095,MEADOW VALLEY,MEADOW VALLEY,60.452973,925
PTJPL,2004-09-01,7-017,7-017,MEANS VALLEY,MEANS VALLEY,4.404762,42
PTJPL,2004-09-01,6-029,6-029,MESQUITE VALLEY,MESQUITE VALLEY,47.83142,9058
PTJPL,2004-09-01,6-020,6-020,MIDDLE AMARGOSA VALLEY,MIDDLE AMARGOSA VALLEY,55.59633,109
PTJPL,2004-09-01,5-094,5-094,MIDDLE CREEK,MIDDLE CREEK,78.637037,135
PTJPL,2004-09-01,5-087,5-087,MIDDLE FORK FEATHER RIVER,MIDDLE FORK FEATHER RIVER,40.710526,646
PTJPL,2004-09-01,6-041,6-041,MIDDLE MOJAVE RIVER VALLEY,MIDDLE MOJAVE RIVER VALLEY,55.652081,3268
PTJPL,2004-09-01,6-080,6-080,MIDDLE PARK CANYON,MIDDLE PARK CANYON,,0
PTJPL,2004-09-01,5-085,5-085,MIL POTRERO AREA,MIL POTRERO AREA,73.026786,112
PTJPL,2004-09-01,9-014,9-014,MISSION VALLEY,MISSION VALLEY,96.047045,829
PTJPL,2004-09-01,5-011,5-011,MOHAWK VALLEY,MOHAWK VALLEY,66.708927,6531
PTJPL,2004-09-01,6-009,6-009,MONO VALLEY,MONO VALLEY,42.309623,239
PTJPL,2004-09-01,3-049,3-049,MONTECITO,MONTECITO,75.266551,1722
PTJPL,2004-09-01,7-020,7-020,MORONGO VALLEY,MORONGO VALLEY,10.761905,21
PTJPL,2004-09-01,3-041,3-041,MORRO VALLEY,MORRO VALLEY,68.008864,1241
PTJPL,2004-09-01,5-008,5-008,MOUNTAIN MEADOWS VALLEY,MOUNTAIN MEADOWS VALLEY,62.139904,23845
PTJPL,2004-09-01,1-056,1-056,McDOWELL VALLEY,McDOWELL VALLEY,52.67368,2804
PTJPL,2004-09-01,2-002.01,2-002,NAPA-SONOMA VALLEY,NAPA-SONOMA VALLEY - NAPA VALLEY,58.095872,93416
PTJPL,2004-09-01,2-002.03,2-002,NAPA-SONOMA VALLEY,NAPA-SONOMA VALLEY - NAPA-SONOMA LOWLANDS,46.435135,23572
PTJPL,2004-09-01,2-002.02,2-002,NAPA-SONOMA VALLEY,NAPA-SONOMA VALLEY - SONOMA VALLEY,38.183243,80598
PTJPL,2004-09-01,1-046,1-046,NAVARRO RIVER VALLEY,NAVARRO RIVER VALLEY,,0
PTJPL,2004-09-01,3-052,3-052,NEEDLE ROCK POINT,NEEDLE ROCK POINT,62.24953,1595
PTJPL,2004-09-01,7-044,7-044,NEEDLES VALLEY,NEEDLES VALLEY,100.671159,16397
PTJPL,2004-09-01,5-050,5-050,NORTH FORK BATTLE CREEK,NORTH FORK BATTLE CREEK,56.261396,2808
PTJPL,2004-09-01,2-030,2-030,NOVATO VALLEY,NOVATO VALLEY,57.397917,14596
PTJPL,2004-09-01,7-025,7-025,OCOTILLO-CLARK VALLEY,OCOTILLO-CLARK VALLEY,28.825962,37509
PTJPL,2004-09-01,7-035,7-035,OGILBY VALLEY,OGILBY VALLEY,7.890676,3357
PTJPL,2004-09-01,4-002,4-002,OJAI VALLEY,OJAI VALLEY,84.28455,9327
PTJPL,2004-09-01,3-039,3-039,OLD VALLEY,OLD VALLEY,52.2,205
PTJPL,2004-09-01,6-108,6-108,OLYMPIC VALLEY,OLYMPIC VALLEY,73.617162,303
PTJPL,2004-09-01,7-031,7-031,OROCOPIA VALLEY,OROCOPIA VALLEY,0.931677,161
PTJPL,2004-09-01,6-012.02,6-012,OWENS VALLEY,OWENS VALLEY - FISH SLOUGH,,0
PTJPL,2004-09-01,6-012.01,6-012,OWENS VALLEY,OWENS VALLEY - OWENS VALLEY,70.546331,93070
PTJPL,2004-09-01,6-088,6-088,OWL LAKE VALLEY,OWL LAKE VALLEY,,0
PTJPL,2004-09-01,6-028,6-028,PAHRUMP VALLEY,PAHRUMP VALLEY,,0
PTJPL,2004-09-01,6-099,6-099,PAINTERS FLAT,PAINTERS FLAT,29.851721,1133
PTJPL,2004-09-01,7-039,7-039,PALO VERDE MESA,PALO VERDE MESA,108.620924,161308
PTJPL,2004-09-01,7-038,7-038,PALO VERDE VALLEY,PALO VERDE VALLEY,111.116432,224174
PTJPL,2004-09-01,9-024,9-024,PAMO VALLEY,PAMO VALLEY,,0
PTJPL,2004-09-01,6-058,6-058,PANAMINT VALLEY,PANAMINT VALLEY,,0
PTJPL,2004-09-01,5-023,5-023,PANOCHE VALLEY,PANOCHE VALLEY,18.663276,1966
PTJPL,2004-09-01,3-032,3-032,PEACH TREE VALLEY,PEACH TREE VALLEY,14.05205,1268
PTJPL,2004-09-01,1-030,1-030,PEPPERWOOD TOWN AREA,PEPPERWOOD TOWN AREA,69.579903,3523
PTJPL,2004-09-01,2-026,2-026,PESCADERO VALLEY,PESCADERO VALLEY,36.312281,2565
PTJPL,2004-09-01,2-001,2-001,PETALUMA VALLEY,PETALUMA VALLEY,39.150105,46221
PTJPL,2004-09-01,6-051,6-051,PILOT KNOB VALLEY,PILOT KNOB VALLEY,,0
PTJPL,2004-09-01,6-092,6-092,PINE CREEK VALLEY,PINE CREEK VALLEY,43.34375,64
PTJPL,2004-09-01,7-006,7-006,PINTO VALLEY,PINTO VALLEY,,0
PTJPL,2004-09-01,7-049,7-049,PIPES CANYON FAULT VALLEY,PIPES CANYON FAULT VALLEY,,0
PTJPL,2004-09-01,2-004,2-004,PITTSBURG PLAIN,PITTSBURG PLAIN,,0
PTJPL,2004-09-01,7-045,7-045,PIUTE VALLEY,PIUTE VALLEY,,0
PTJPL,2004-09-01,7-052,7-052,PLEASANT VALLEY,PLEASANT VALLEY,,0
PTJPL,2004-09-01,4-006,4-006,PLEASANT VALLEY,PLEASANT VALLEY,56.019159,33196
PTJPL,2004-09-01,5-038,5-038,PONDOSA TOWN AREA,PONDOSA TOWN AREA,,0
PTJPL,2004-09-01,5-068,5-068,POPE VALLEY,POPE VALLEY,47.892409,12659
PTJPL,2004-09-01,9-029,9-029,POTRERO VALLEY,POTRERO VALLEY,21.291105,371
PTJPL,2004-09-01,1-051,1-051,POTTER VALLEY,POTTER VALLEY,84.893062,20554
PTJPL,2004-09-01,9-013,9-013,POWAY VALLEY,POWAY VALLEY,,0
PTJPL,2004-09-01,3-044,3-044,POZO VALLEY,POZO VALLEY,27.665315,2713
PTJPL,2004-09-01,1-025,1-025,PRAIRIE CREEK AREA,PRAIRIE CREEK AREA,,0
PTJPL,2004-09-01,7-040,7-040,QUIEN SABE POINT VALLEY,QUIEN SABE POINT VALLEY,127.978814,708
PTJPL,2004-09-01,3-024,3-024,QUIEN SABE VALLEY,QUIEN SABE VALLEY,21.080593,11403
PTJPL,2004-09-01,6-062,6-062,RACE TRACK VALLEY,RACE TRACK VALLEY,,0
PTJPL,2004-09-01,3-046,3-046,RAFAEL VALLEY,RAFAEL VALLEY,16.0,1
PTJPL,2004-09-01,9-025,9-025,RANCHITA TOWN AREA,RANCHITA TOWN AREA,25.204545,44
PTJPL,2004-09-01,4-023,4-023,RAYMOND,RAYMOND,85.550379,1717
PTJPL,2004-09-01,6-024,6-024,RED PASS VALLEY,RED PASS VALLEY,,0
PTJPL,2004-09-01,1-018,1-018,RED ROCK VALLEY,RED ROCK VALLEY,59.009568,22680
PTJPL,2004-09-01,5-006.03,5-006,REDDING AREA,REDDING AREA - ANDERSON,77.861796,42951
PTJPL,2004-09-01,5-006.01,5-006,REDDING AREA,REDDING AREA - BOWMAN,88.844448,18219
PTJPL,2004-09-01,5-006.04,5-006,REDDING AREA,REDDING AREA - ENTERPRISE,60.214985,22476
PTJPL,2004-09-01,5-006.05,5-006,REDDING AREA,REDDING AREA - MILLVILLE,62.37789,9082
PTJPL,2004-09-01,5-006.06,5-006,REDDING AREA,REDDING AREA - SOUTH BATTLE CREEK,89.306314,7982
PTJPL,2004-09-01,1-026,1-026,REDWOOD CREEK AREA,REDWOOD CREEK AREA,78.304204,2712
PTJPL,2004-09-01,6-086,6-086,RHODES HILL AREA,RHODES HILL AREA,,0
PTJPL,2004-09-01,7-004,7-004,RICE VALLEY,RICE VALLEY,123.951535,619
PTJPL,2004-09-01,6-023,6-023,RIGGS VALLEY,RIGGS VALLEY,,0
PTJPL,2004-09-01,3-043,3-043,RINCONADA VALLEY,RINCONADA VALLEY,34.744754,2907
PTJPL,2004-09-01,5-043,5-043,ROCK PRAIRIE VALLEY,ROCK PRAIRIE VALLEY,,0
PTJPL,2004-09-01,6-056,6-056,ROSE VALLEY,ROSE VALLEY,,0
PTJPL,2004-09-01,2-028,2-028,ROSS VALLEY,ROSS VALLEY,,0
PTJPL,2004-09-01,5-036,5-036,ROUND VALLEY,ROUND VALLEY,50.176635,14312
PTJPL,2004-09-01,4-020,4-020,RUSSELL VALLEY,RUSSELL VALLEY,89.435115,131
PTJPL,2004-09-01,5-021.54,5-021,SACRAMENTO VALLEY,SACRAMENTO VALLEY - ANTELOPE,106.546207,37689
PTJPL,2004-09-01,5-021.53,5-021,SACRAMENTO VALLEY,SACRAMENTO VALLEY - BEND,72.270507,2621
PTJPL,2004-09-01,5-021.70,5-021,SACRAMENTO VALLEY,SACRAMENTO VALLEY - BUTTE,87.386432,817606
PTJPL,2004-09-01,5-021.52,5-021,SACRAMENTO VALLEY,SACRAMENTO VALLEY - COLUSA,74.316629,2198924
PTJPL,2004-09-01,5-021.51,5-021,SACRAMENTO VALLEY,SACRAMENTO VALLEY - CORNING,68.684157,348885
PTJPL,2004-09-01,5-021.56,5-021,SACRAMENTO VALLEY,SACRAMENTO VALLEY - LOS MOLINOS,99.598404,77700
PTJPL,2004-09-01,5-021.64,5-021,SACRAMENTO VALLEY,SACRAMENTO VALLEY - NORTH AMERICAN,83.892434,553454
PTJPL,2004-09-01,5-021.60,5-021,SACRAMENTO VALLEY,SACRAMENTO VALLEY - NORTH YUBA,86.224826,171444
PTJPL,2004-09-01,5-021.50,5-021,SACRAMENTO VALLEY,SACRAMENTO VALLEY - RED BLUFF,61.585392,175098
PTJPL,2004-09-01,5-021.66,5-021,SACRAMENTO VALLEY,SACRAMENTO VALLEY - SOLANO,74.591693,931583
PTJPL,2004-09-01,5-021.65,5-021,SACRAMENTO VALLEY,SACRAMENTO VALLEY - SOUTH AMERICAN,77.173936,248983
PTJPL,2004-09-01,5-021.61,5-021,SACRAMENTO VALLEY,SACRAMENTO VALLEY - SOUTH YUBA,84.825446,215148
PTJPL,2004-09-01,5-021.62,5-021,SACRAMENTO VALLEY,SACRAMENTO VALLEY - SUTTER,76.752272,862677
PTJPL,2004-09-01,5-021.57,5-021,SACRAMENTO VALLEY,SACRAMENTO VALLEY - VINA,77.165412,355464
PTJPL,2004-09-01,5-021.69,5-021,SACRAMENTO VALLEY,SACRAMENTO VALLEY - WYANDOTTE CREEK,70.598369,72218
PTJPL,2004-09-01,5-021.67,5-021,SACRAMENTO VALLEY,SACRAMENTO VALLEY - YOLO,63.318932,1423435
PTJPL,2004-09-01,3-004.01,3-004,SALINAS VALLEY,SALINAS VALLEY - 180/400 FOOT AQUIFER,52.751978,244978
PTJPL,2004-09-01,3-004.11,3-004,SALINAS VALLEY,SALINAS VALLEY - ATASCADERO AREA,29.382709,25586
PTJPL,2004-09-01,3-004.02,3-004,SALINAS VALLEY,SALINAS VALLEY - EAST SIDE AQUIFER,49.833937,155489
PTJPL,2004-09-01,3-004.04,3-004,SALINAS VALLEY,SALINAS VALLEY - FOREBAY AQUIFER,59.374666,261975
PTJPL,2004-09-01,3-004.09,3-004,SALINAS VALLEY,SALINAS VALLEY - LANGLEY AREA,42.508695,8396
PTJPL,2004-09-01,3-004.10,3-004,SALINAS VALLEY,SALINAS VALLEY - MONTEREY,56.195846,3033
PTJPL,2004-09-01,3-004.06,3-004,SALINAS VALLEY,SALINAS VALLEY - PASO ROBLES AREA,38.401131,339924
PTJPL,2004-09-01,3-004.08,3-004,SALINAS VALLEY,SALINAS VALLEY - SEASIDE,69.797322,1643
PTJPL,2004-09-01,3-004.05,3-004,SALINAS VALLEY,SALINAS VALLEY - UPPER VALLEY AQUIFER,56.296983,280181
PTJPL,2004-09-01,6-017,6-017,SALINE VALLEY,SALINE VALLEY,,0
PTJPL,2004-09-01,6-053,6-053,SALT WELLS VALLEY,SALT WELLS VALLEY,,0
PTJPL,2004-09-01,3-014,3-014,SAN ANTONIO CREEK VALLEY,SAN ANTONIO CREEK VALLEY,64.152003,63229
PTJPL,2004-09-01,3-028,3-028,SAN BENITO RIVER VALLEY,SAN BENITO RIVER VALLEY,33.948651,4187
PTJPL,2004-09-01,3-033,3-033,SAN CARPOFORO VALLEY,SAN CARPOFORO VALLEY,,0
PTJPL,2004-09-01,9-015,9-015,SAN DIEGO RIVER VALLEY,SAN DIEGO RIVER VALLEY,71.166813,1139
PTJPL,2004-09-01,9-012,9-012,SAN DIEGUITO CREEK,SAN DIEGUITO CREEK,97.337888,1610
PTJPL,2004-09-01,9-023,9-023,SAN ELIJO VALLEY,SAN ELIJO VALLEY,76.08,25
PTJPL,2004-09-01,7-027,7-027,SAN FELIPE VALLEY,SAN FELIPE VALLEY,19.594595,74
PTJPL,2004-09-01,4-012,4-012,SAN FERNANDO VALLEY,SAN FERNANDO VALLEY,83.503143,8431
PTJPL,2004-09-01,4-013,4-013,SAN GABRIEL VALLEY,SAN GABRIEL VALLEY,80.741328,9139
PTJPL,2004-09-01,2-024,2-024,SAN GREGORIO VALLEY,SAN GREGORIO VALLEY,51.484956,1130
PTJPL,2004-09-01,8-005,8-005,SAN JACINTO,SAN JACINTO,35.349502,135450
PTJPL,2004-09-01,5-022.05,5-022,SAN JOAQUIN VALLEY,SAN JOAQUIN VALLEY - CHOWCHILLA,71.796266,545902
PTJPL,2004-09-01,5-022.16,5-022,SAN JOAQUIN VALLEY,SAN JOAQUIN VALLEY - COSUMNES,65.363948,250879
PTJPL,2004-09-01,5-022.07,5-022,SAN JOAQUIN VALLEY,SAN JOAQUIN VALLEY - DELTA-MENDOTA,89.565039,2031921
PTJPL,2004-09-01,5-022.19,5-022,SAN JOAQUIN VALLEY,SAN JOAQUIN VALLEY - EAST CONTRA COSTA,70.870939,180148
PTJPL,2004-09-01,5-022.01,5-022,SAN JOAQUIN VALLEY,SAN JOAQUIN VALLEY - EASTERN SAN JOAQUIN,74.351224,1846604
PTJPL,2004-09-01,5-022.11,5-022,SAN JOAQUIN VALLEY,SAN JOAQUIN VALLEY - KAWEAH,77.610884,1384373
PTJPL,2004-09-01,5-022.14,5-022,SAN JOAQUIN VALLEY,SAN JOAQUIN VALLEY - KERN COUNTY,69.613857,3709451
PTJPL,2004-09-01,5-022.17,5-022,SAN JOAQUIN VALLEY,SAN JOAQUIN VALLEY - KETTLEMAN PLAIN,14.550684,135911
PTJPL,2004-09-01,5-022.08,5-022,SAN JOAQUIN VALLEY,SAN JOAQUIN VALLEY - KINGS,77.909002,2980360
PTJPL,2004-09-01,5-022.06,5-022,SAN JOAQUIN VALLEY,SAN JOAQUIN VALLEY - MADERA,67.027063,953242
PTJPL,2004-09-01,5-022.04,5-022,SAN JOAQUIN VALLEY,SAN JOAQUIN VALLEY - MERCED,72.304665,1185008
PTJPL,2004-09-01,5-022.02,5-022,SAN JOAQUIN VALLEY,SAN JOAQUIN VALLEY - MODESTO,77.007236,583344
PTJPL,2004-09-01,5-022.10,5-022,SAN JOAQUIN VALLEY,SAN JOAQUIN VALLEY - PLEASANT VALLEY,20.130877,120709
PTJPL,2004-09-01,5-022.15,5-022,SAN JOAQUIN VALLEY,SAN JOAQUIN VALLEY - TRACY,91.61315,626628
PTJPL,2004-09-01,5-022.12,5-022,SAN JOAQUIN VALLEY,SAN JOAQUIN VALLEY - TULARE LAKE,75.834471,1573381
PTJPL,2004-09-01,5-022.13,5-022,SAN JOAQUIN VALLEY,SAN JOAQUIN VALLEY - TULE,67.540269,1579994
PTJPL,2004-09-01,5-022.03,5-022,SAN JOAQUIN VALLEY,SAN JOAQUIN VALLEY - TURLOCK,76.065309,1022516
PTJPL,2004-09-01,5-022.09,5-022,SAN JOAQUIN VALLEY,SAN JOAQUIN VALLEY - WESTSIDE,66.371213,2400602
PTJPL,2004-09-01,5-022.18,5-022,SAN JOAQUIN VALLEY,SAN JOAQUIN VALLEY - WHITE WOLF,57.498278,162939
PTJPL,2004-09-01,9-001,9-001,SAN JUAN VALLEY,SAN JUAN VALLEY,88.817342,2272
PTJPL,2004-09-01,3-009,3-009,SAN LUIS OBISPO VALLEY,SAN LUIS OBISPO VALLEY,57.873344,16683
PTJPL,2004-09-01,9-007.02,9-007,SAN LUIS REY VALLEY,SAN LUIS REY VALLEY - LOWER SAN LUIS REY VALLEY,82.278582,2764
PTJPL,2004-09-01,9-007.01,9-007,SAN LUIS REY VALLEY,SAN LUIS REY VALLEY - UPPER SAN LUIS REY VALLEY,65.599758,25597
PTJPL,2004-09-01,9-032,9-032,SAN MARCOS AREA,SAN MARCOS AREA,94.666667,27
PTJPL,2004-09-01,9-002,9-002,SAN MATEO VALLEY,SAN MATEO VALLEY,63.555556,9
PTJPL,2004-09-01,9-003,9-003,SAN ONOFRE VALLEY,SAN ONOFRE VALLEY,,0
PTJPL,2004-09-01,9-010,9-010,SAN PASQUAL VALLEY,SAN PASQUAL VALLEY,58.901418,7689
PTJPL,2004-09-01,2-036,2-036,SAN PEDRO VALLEY,SAN PEDRO VALLEY,65.083333,24
PTJPL,2004-09-01,2-029,2-029,SAN RAFAEL VALLEY,SAN RAFAEL VALLEY,,0
PTJPL,2004-09-01,2-007,2-007,SAN RAMON VALLEY,SAN RAMON VALLEY,79.542328,378
PTJPL,2004-09-01,3-035,3-035,SAN SIMEON VALLEY,SAN SIMEON VALLEY,54.398148,216
PTJPL,2004-09-01,2-027,2-027,SAND POINT AREA,SAND POINT AREA,48.935129,20564
PTJPL,2004-09-01,1-053,1-053,SANEL VALLEY,SANEL VALLEY,78.57721,11812
PTJPL,2004-09-01,3-022,3-022,SANTA ANA VALLEY,SANTA ANA VALLEY,26.66527,7158
PTJPL,2004-09-01,3-017,3-017,SANTA BARBARA,SANTA BARBARA,82.198847,694
PTJPL,2004-09-01,4-004.05,4-004,SANTA CLARA RIVER VALLEY,SANTA CLARA RIVER VALLEY - FILLMORE,75.756968,50121
PTJPL,2004-09-01,4-004.03,4-004,SANTA CLARA RIVER VALLEY,SANTA CLARA RIVER VALLEY - MOUND,58.964838,9499
PTJPL,2004-09-01,4-004.02,4-004,SANTA CLARA RIVER VALLEY,SANTA CLARA RIVER VALLEY - OXNARD,44.365828,106509
PTJPL,2004-09-01,4-004.06,4-004,SANTA CLARA RIVER VALLEY,SANTA CLARA RIVER VALLEY - PIRU,58.613098,23073
PTJPL,2004-09-01,4-004.07,4-004,SANTA CLARA RIVER VALLEY,SANTA CLARA RIVER VALLEY - SANTA CLARA RIVER VALLEY EAST,56.503746,6807
PTJPL,2004-09-01,4-004.04,4-004,SANTA CLARA RIVER VALLEY,SANTA CLARA RIVER VALLEY - SANTA PAULA,70.233273,40609
PTJPL,2004-09-01,2-009.04,2-009,SANTA CLARA VALLEY,SANTA CLARA VALLEY - EAST BAY PLAIN,80.184677,2989
PTJPL,2004-09-01,2-009.01,2-009,SANTA CLARA VALLEY,SANTA CLARA VALLEY - NILES CONE,39.400893,1791
PTJPL,2004-09-01,2-009.03,2-009,SANTA CLARA VALLEY,SANTA CLARA VALLEY - SAN MATEO PLAIN,71.079529,1358
PTJPL,2004-09-01,2-009.02,2-009,SANTA CLARA VALLEY,SANTA CLARA VALLEY - SANTA CLARA,57.062389,25790
PTJPL,2004-09-01,3-001,3-001,SANTA CRUZ MID-COUNTY,SANTA CRUZ MID-COUNTY,51.1727,3978
PTJPL,2004-09-01,3-027,3-027,SANTA MARGARITA,SANTA MARGARITA,36.080537,298
PTJPL,2004-09-01,9-004,9-004,SANTA MARGARITA VALLEY,SANTA MARGARITA VALLEY,,0
PTJPL,2004-09-01,3-012.02,3-012,SANTA MARIA RIVER VALLEY,SANTA MARIA RIVER VALLEY - ARROYO GRANDE,60.098608,6176
PTJPL,2004-09-01,3-012.01,3-012,SANTA MARIA RIVER VALLEY,SANTA MARIA RIVER VALLEY - SANTA MARIA,59.703598,262758
PTJPL,2004-09-01,9-011,9-011,SANTA MARIA VALLEY,SANTA MARIA VALLEY,32.825567,3176
PTJPL,2004-09-01,6-068,6-068,SANTA ROSA FLAT,SANTA ROSA FLAT,,0
PTJPL,2004-09-01,3-036,3-036,SANTA ROSA VALLEY,SANTA ROSA VALLEY,48.37172,2744
PTJPL,2004-09-01,1-055.02,1-055,SANTA ROSA VALLEY,SANTA ROSA VALLEY - HEALDSBURG AREA,54.446737,31401
PTJPL,2004-09-01,1-055.03,1-055,SANTA ROSA VALLEY,SANTA ROSA VALLEY - RINCON VALLEY,40.0,581
PTJPL,2004-09-01,1-055.01,1-055,SANTA ROSA VALLEY,SANTA ROSA VALLEY - SANTA ROSA PLAIN,50.728856,81016
PTJPL,2004-09-01,3-015,3-015,SANTA YNEZ RIVER VALLEY,SANTA YNEZ RIVER VALLEY,56.418383,118162
PTJPL,2004-09-01,1-005,1-005,SCOTT RIVER VALLEY,SCOTT RIVER VALLEY,69.114194,147258
PTJPL,2004-09-01,5-014,5-014,SCOTTS VALLEY,SCOTTS VALLEY,81.724522,7271
PTJPL,2004-09-01,6-052,6-052,SEARLES VALLEY,SEARLES VALLEY,,0
PTJPL,2004-09-01,6-100,6-100,SECRET VALLEY,SECRET VALLEY,45.931578,12379
PTJPL,2004-09-01,1-016,1-016,SEIAD VALLEY,SEIAD VALLEY,49.029613,439
PTJPL,2004-09-01,8-008,8-008,SEVEN OAKS VALLEY,SEVEN OAKS VALLEY,,0
PTJPL,2004-09-01,1-004,1-004,SHASTA VALLEY,SHASTA VALLEY,66.589449,257678
PTJPL,2004-09-01,1-042,1-042,SHERWOOD VALLEY,SHERWOOD VALLEY,,0
PTJPL,2004-09-01,5-012.02,5-012,SIERRA VALLEY,SIERRA VALLEY - CHILCOOT,49.662307,5505
PTJPL,2004-09-01,5-012.01,5-012,SIERRA VALLEY,SIERRA VALLEY - SIERRA VALLEY,37.929031,213275
PTJPL,2004-09-01,6-034,6-034,SILVER LAKE VALLEY,SILVER LAKE VALLEY,,0
PTJPL,2004-09-01,4-009,4-009,SIMI VALLEY,SIMI VALLEY,82.037008,1297
PTJPL,2004-09-01,6-105,6-105,SLINKARD VALLEY,SLINKARD VALLEY,,0
PTJPL,2004-09-01,1-001,1-001,SMITH RIVER PLAIN,SMITH RIVER PLAIN,93.555604,36364
PTJPL,2004-09-01,6-033,6-033,SODA LAKE VALLEY,SODA LAKE VALLEY,,0
PTJPL,2004-09-01,2-037,2-037,SOUTH SAN FRANCISCO,SOUTH SAN FRANCISCO,,0
PTJPL,2004-09-01,6-082,6-082,SPRING CANYON VALLEY,SPRING CANYON VALLEY,,0
PTJPL,2004-09-01,5-089,5-089,SQUAW FLAT,SQUAW FLAT,,0
PTJPL,2004-09-01,5-088,5-088,STONY GORGE RESERVOIR,STONY GORGE RESERVOIR,43.909751,964
PTJPL,2004-09-01,5-063,5-063,STONYFORD TOWN AREA,STONYFORD TOWN AREA,63.327457,3857
PTJPL,2004-09-01,2-003,2-003,SUISUN-FAIRFIELD VALLEY,SUISUN-FAIRFIELD VALLEY,40.492489,91868
PTJPL,2004-09-01,2-011,2-011,SUNOL VALLEY,SUNOL VALLEY,50.001208,1656
PTJPL,2004-09-01,6-049,6-049,SUPERIOR VALLEY,SUPERIOR VALLEY,,0
PTJPL,2004-09-01,6-001,6-001,SURPRISE VALLEY,SURPRISE VALLEY,59.745401,234180
PTJPL,2004-09-01,6-107,6-107,SWEETWATER FLAT,SWEETWATER FLAT,45.716049,324
PTJPL,2004-09-01,6-005.03,6-005,TAHOE VALLEY,TAHOE VALLEY - TAHOE NORTH,83.895238,210
PTJPL,2004-09-01,6-005.01,6-005,TAHOE VALLEY,TAHOE VALLEY - TAHOE SOUTH,70.671523,755
PTJPL,2004-09-01,6-005.02,6-005,TAHOE VALLEY,TAHOE VALLEY - TAHOE WEST,72.461988,171
PTJPL,2004-09-01,6-045,6-045,TEHACHAPI VALLEY EAST,TEHACHAPI VALLEY EAST,26.836326,3397
PTJPL,2004-09-01,5-028,5-028,TEHACHAPI VALLEY WEST,TEHACHAPI VALLEY WEST,23.668722,4540
PTJPL,2004-09-01,9-005,9-005,TEMECULA VALLEY,TEMECULA VALLEY,47.29824,20517
PTJPL,2004-09-01,1-040,1-040,TEN MILE RIVER VALLEY,TEN MILE RIVER VALLEY,60.449761,209
PTJPL,2004-09-01,7-026,7-026,TERWILLIGER VALLEY,TERWILLIGER VALLEY,35.106509,169
PTJPL,2004-09-01,4-019,4-019,THOUSAND OAKS AREA,THOUSAND OAKS AREA,102.418182,385
PTJPL,2004-09-01,4-015,4-015,TIERRA REJADA,TIERRA REJADA,60.596774,4092
PTJPL,2004-09-01,5-037,5-037,TOAD WELL AREA,TOAD WELL AREA,,0
PTJPL,2004-09-01,3-040,3-040,TORO VALLEY,TORO VALLEY,51.12973,370
PTJPL,2004-09-01,6-098,6-098,TULEDAD CANYON VALLEY,TULEDAD CANYON VALLEY,42.348387,310
PTJPL,2004-09-01,7-010,7-010,TWENTYNINE PALMS VALLEY,TWENTYNINE PALMS VALLEY,42.550201,747
PTJPL,2004-09-01,1-052,1-052,UKIAH VALLEY,UKIAH VALLEY,80.291379,43476
PTJPL,2004-09-01,6-022,6-022,UPPER KINGSTON VALLEY,UPPER KINGSTON VALLEY,,0
PTJPL,2004-09-01,5-013,5-013,UPPER LAKE VALLEY,UPPER LAKE VALLEY,70.474825,12413
PTJPL,2004-09-01,6-042,6-042,UPPER MOJAVE RIVER VALLEY,UPPER MOJAVE RIVER VALLEY,54.637374,6748
PTJPL,2004-09-01,4-001,4-001,UPPER OJAI VALLEY,UPPER OJAI VALLEY,41.619308,3294
PTJPL,2004-09-01,3-023,3-023,UPPER SANTA ANA VALLEY,UPPER SANTA ANA VALLEY,21.571429,7
PTJPL,2004-09-01,8-002.05,8-002,UPPER SANTA ANA VALLEY,UPPER SANTA ANA VALLEY - CAJON,22.658824,170
PTJPL,2004-09-01,8-002.01,8-002,UPPER SANTA ANA VALLEY,UPPER SANTA ANA VALLEY - CHINO,47.667323,29440
PTJPL,2004-09-01,8-002.02,8-002,UPPER SANTA ANA VALLEY,UPPER SANTA ANA VALLEY - CUCAMONGA,75.576119,670
PTJPL,2004-09-01,8-002.04,8-002,UPPER SANTA ANA VALLEY,UPPER SANTA ANA VALLEY - RIALTO-COLTON,48.886672,1253
PTJPL,2004-09-01,8-002.03,8-002,UPPER SANTA ANA VALLEY,UPPER SANTA ANA VALLEY - RIVERSIDE-ARLINGTON,67.26049,13966
PTJPL,2004-09-01,8-002.06,8-002,UPPER SANTA ANA VALLEY,UPPER SANTA ANA VALLEY - SAN BERNARDINO,59.750354,15554
PTJPL,2004-09-01,8-002.08,8-002,UPPER SANTA ANA VALLEY,UPPER SANTA ANA VALLEY - SAN TIMOTEO,58.639383,4667
PTJPL,2004-09-01,8-002.09,8-002,UPPER SANTA ANA VALLEY,UPPER SANTA ANA VALLEY - TEMESCAL,74.315976,845
PTJPL,2004-09-01,8-002.07,8-002,UPPER SANTA ANA VALLEY,UPPER SANTA ANA VALLEY - YUCAIPA,46.46536,2858
PTJPL,2004-09-01,7-028,7-028,VALLECITO-CARRIZO VALLEY,VALLECITO-CARRIZO VALLEY,,0
PTJPL,2004-09-01,5-071,5-071,VALLECITOS CREEK VALLEY,VALLECITOS CREEK VALLEY,,0
PTJPL,2004-09-01,7-063,7-063,VANDEVENTER FLAT,VANDEVENTER FLAT,,0
PTJPL,2004-09-01,4-003.02,4-003,VENTURA RIVER VALLEY,VENTURA RIVER VALLEY - LOWER VENTURA RIVER,48.241107,1771
PTJPL,2004-09-01,4-003.01,4-003,VENTURA RIVER VALLEY,VENTURA RIVER VALLEY - UPPER VENTURA RIVER,59.312174,2300
PTJPL,2004-09-01,7-042,7-042,VIDAL VALLEY,VIDAL VALLEY,,0
PTJPL,2004-09-01,3-037,3-037,VILLA VALLEY,VILLA VALLEY,57.577283,854
PTJPL,2004-09-01,2-032,2-032,VISITACION VALLEY,VISITACION VALLEY,81.196629,178
PTJPL,2004-09-01,5-026,5-026,WALKER BASIN CREEK VALLEY,WALKER BASIN CREEK VALLEY,30.212619,6387
PTJPL,2004-09-01,7-003,7-003,WARD VALLEY,WARD VALLEY,,0
PTJPL,2004-09-01,9-008,9-008,WARNER VALLEY,WARNER VALLEY,59.947522,343
PTJPL,2004-09-01,7-012,7-012,WARREN VALLEY,WARREN VALLEY,37.597101,345
PTJPL,2004-09-01,1-031,1-031,WEOTT TOWN AREA,WEOTT TOWN AREA,70.057361,523
PTJPL,2004-09-01,7-022,7-022,WEST SALTON SEA,WEST SALTON SEA,,0
PTJPL,2004-09-01,3-026,3-026,WEST SANTA CRUZ TERRACE,WEST SANTA CRUZ TERRACE,56.771732,1599
PTJPL,2004-09-01,2-035,2-035,WESTSIDE,WESTSIDE,82.904412,3808
PTJPL,2004-09-01,6-073,6-073,WILD HORSE MESA AREA,WILD HORSE MESA AREA,,0
PTJPL,2004-09-01,6-075,6-075,WILDROSE CANYON,WILDROSE CANYON,,0
PTJPL,2004-09-01,1-043,1-043,WILLIAMS VALLEY,WILLIAMS VALLEY,31.57732,485
PTJPL,2004-09-01,6-003,6-003,WILLOW CREEK VALLEY,WILLOW CREEK VALLEY,74.59245,26463
PTJPL,2004-09-01,1-059,1-059,WILSON GROVE FORMATION HIGHLANDS,WILSON GROVE FORMATION HIGHLANDS,50.091857,70610
PTJPL,2004-09-01,1-062,1-062,WILSON POINT AREA,WILSON POINT AREA,53.333333,9
PTJPL,2004-09-01,6-019,6-019,WINGATE VALLEY,WINGATE VALLEY,,0
PTJPL,2004-09-01,7-056,7-056,YAQUI WELL AREA,YAQUI WELL AREA,,0
PTJPL,2004-09-01,5-056,5-056,YELLOW CREEK VALLEY,YELLOW CREEK VALLEY,51.164818,5861
PTJPL,2004-09-01,2-006,2-006,YGNACIO VALLEY,YGNACIO VALLEY,82.22963,405
PTJPL,2004-09-01,5-069,5-069,YOSEMITE VALLEY,YOSEMITE VALLEY,,0
PTJPL,2004-09-01,7-036,7-036,YUMA VALLEY,YUMA VALLEY,25.707146,66610
