Model,Date,Basin_Subb,Basin_Numb,Basin_Name,Basin_Su_1,ET,Pixel_Count
PTJPL,2012-09-01,4-005,4-005,ACTON VALLEY,ACTON VALLEY,31.504491,668
PTJPL,2012-09-01,6-010,6-010,ADOBE LAKE VALLEY,ADOBE LAKE VALLEY,,0
PTJPL,2012-09-01,1-054.01,1-054,ALEXANDER VALLEY,ALEXANDER VALLEY - ALEXANDER AREA,59.912941,39743
PTJPL,2012-09-01,1-054.02,1-054,ALEXANDER VALLEY,ALEXANDER VALLEY - CLOVERDALE AREA,59.612608,9502
PTJPL,2012-09-01,5-002.01,5-002,ALTURAS AREA,ALTURAS AREA - SOUTH FORK PITT RIVER,56.223938,159794
PTJPL,2012-09-01,5-002.02,5-002,ALTURAS AREA,ALTURAS AREA - WARM SPRINGS VALLEY,48.418488,74425
PTJPL,2012-09-01,5-010,5-010,AMERICAN VALLEY,AMERICAN VALLEY,53.703058,9746
PTJPL,2012-09-01,7-016,7-016,AMES VALLEY,AMES VALLEY,,0
PTJPL,2012-09-01,7-034,7-034,AMOS VALLEY,AMOS VALLEY,,0
PTJPL,2012-09-01,1-019,1-019,ANDERSON VALLEY,ANDERSON VALLEY,43.560121,5963
PTJPL,2012-09-01,1-049,1-049,ANNAPOLIS OHLSON RANCH FORMATION HIGHLANDS,ANNAPOLIS OHLSON RANCH FORMATION HIGHLANDS,63.442414,2353
PTJPL,2012-09-01,5-091,5-091,ANTELOPE CREEK,ANTELOPE CREEK,17.181931,1605
PTJPL,2012-09-01,6-044,6-044,ANTELOPE VALLEY,ANTELOPE VALLEY,45.279032,137884
PTJPL,2012-09-01,6-007,6-007,ANTELOPE VALLEY,ANTELOPE VALLEY,57.237025,48362
PTJPL,2012-09-01,3-034,3-034,ARROYO DE LA CRUZ VALLEY,ARROYO DE LA CRUZ VALLEY,74.875445,281
PTJPL,2012-09-01,2-031,2-031,ARROYO DEL HAMBRE VALLEY,ARROYO DEL HAMBRE VALLEY,,0
PTJPL,2012-09-01,4-007,4-007,ARROYO SANTA ROSA VALLEY,ARROYO SANTA ROSA VALLEY,67.542948,7870
PTJPL,2012-09-01,7-037,7-037,ARROYO SECO VALLEY,ARROYO SECO VALLEY,,0
PTJPL,2012-09-01,5-054,5-054,ASH VALLEY,ASH VALLEY,44.560301,12106
PTJPL,2012-09-01,6-026,6-026,AVAWATZ VALLEY,AVAWATZ VALLEY,,0
PTJPL,2012-09-01,3-020,3-020,A�O NUEVO AREA,A�O NUEVO AREA,60.132126,1877
PTJPL,2012-09-01,9-022,9-022,BATIQUITOS LAGOON VALLEY,BATIQUITOS LAGOON VALLEY,112.083871,620
PTJPL,2012-09-01,8-009,8-009,BEAR VALLEY,BEAR VALLEY,79.342466,219
PTJPL,2012-09-01,5-064,5-064,BEAR VALLEY,BEAR VALLEY,30.919608,510
PTJPL,2012-09-01,5-020,5-020,BERRYESSA VALLEY,BERRYESSA VALLEY,,0
PTJPL,2012-09-01,7-015,7-015,BESSEMER VALLEY,BESSEMER VALLEY,,0
PTJPL,2012-09-01,6-025,6-025,BICYCLE VALLEY,BICYCLE VALLEY,,0
PTJPL,2012-09-01,1-027,1-027,BIG LAGOON AREA,BIG LAGOON AREA,108.74359,39
PTJPL,2012-09-01,8-007,8-007,BIG MEADOWS VALLEY,BIG MEADOWS VALLEY,,0
PTJPL,2012-09-01,1-045,1-045,BIG RIVER VALLEY,BIG RIVER VALLEY,,0
PTJPL,2012-09-01,3-047,3-047,BIG SPRING AREA,BIG SPRING AREA,11.242092,822
PTJPL,2012-09-01,5-015,5-015,BIG VALLEY,BIG VALLEY,66.138596,41040
PTJPL,2012-09-01,5-004,5-004,BIG VALLEY,BIG VALLEY,43.582114,163109
PTJPL,2012-09-01,3-030,3-030,BITTER WATER VALLEY,BITTER WATER VALLEY,26.846016,6689
PTJPL,2012-09-01,6-013,6-013,BLACK SPRINGS VALLEY,BLACK SPRINGS VALLEY,,0
PTJPL,2012-09-01,5-092,5-092,BLANCHARD VALLEY,BLANCHARD VALLEY,15.217699,1130
PTJPL,2012-09-01,1-057,1-057,BODEGA BAY AREA,BODEGA BAY AREA,87.62069,145
PTJPL,2012-09-01,7-024.01,7-024,BORREGO VALLEY,BORREGO VALLEY - BORREGO SPRINGS,79.250848,17397
PTJPL,2012-09-01,7-024.02,7-024,BORREGO VALLEY,BORREGO VALLEY - OCOTILLO WELLS,46.916667,12
PTJPL,2012-09-01,1-039,1-039,BRANSCOMB TOWN AREA,BRANSCOMB TOWN AREA,,0
PTJPL,2012-09-01,1-017,1-017,BRAY TOWN AREA,BRAY TOWN AREA,56.338353,4250
PTJPL,2012-09-01,6-008,6-008,BRIDGEPORT VALLEY,BRIDGEPORT VALLEY,44.608809,74902
PTJPL,2012-09-01,7-008,7-008,BRISTOL VALLEY,BRISTOL VALLEY,33.788773,7963
PTJPL,2012-09-01,5-080,5-080,BRITE VALLEY,BRITE VALLEY,30.727341,1324
PTJPL,2012-09-01,6-032,6-032,BROADWELL VALLEY,BROADWELL VALLEY,,0
PTJPL,2012-09-01,6-076,6-076,BROWN MOUNTAIN VALLEY,BROWN MOUNTAIN VALLEY,,0
PTJPL,2012-09-01,7-054,7-054,BUCK RIDGE FAULT VALLEY,BUCK RIDGE FAULT VALLEY,,0
PTJPL,2012-09-01,6-101,6-101,BULL FLAT,BULL FLAT,17.208333,48
PTJPL,2012-09-01,5-048,5-048,BURNEY CREEK VALLEY,BURNEY CREEK VALLEY,33.469644,6852
PTJPL,2012-09-01,5-017,5-017,BURNS VALLEY,BURNS VALLEY,53.766436,1734
PTJPL,2012-09-01,5-051,5-051,BUTTE CREEK VALLEY,BUTTE CREEK VALLEY,,0
PTJPL,2012-09-01,1-003,1-003,BUTTE VALLEY,BUTTE VALLEY,48.206901,149448
PTJPL,2012-09-01,6-081,6-081,BUTTE VALLEY,BUTTE VALLEY,,0
PTJPL,2012-09-01,6-070,6-070,CACTUS FLAT,CACTUS FLAT,,0
PTJPL,2012-09-01,7-007,7-007,CADIZ VALLEY,CADIZ VALLEY,,0
PTJPL,2012-09-01,6-090,6-090,CADY FAULT AREA,CADY FAULT AREA,,0
PTJPL,2012-09-01,9-006,9-006,CAHUILLA VALLEY,CAHUILLA VALLEY,26.53408,6250
PTJPL,2012-09-01,6-079,6-079,CALIFORNIA VALLEY,CALIFORNIA VALLEY,,0
PTJPL,2012-09-01,7-041,7-041,CALZONA VALLEY,CALZONA VALLEY,,0
PTJPL,2012-09-01,6-061,6-061,CAMEO AREA,CAMEO AREA,,0
PTJPL,2012-09-01,9-028,9-028,CAMPO VALLEY,CAMPO VALLEY,24.015873,126
PTJPL,2012-09-01,7-046,7-046,CANEBRAKE VALLEY,CANEBRAKE VALLEY,,0
PTJPL,2012-09-01,3-007,3-007,CARMEL VALLEY,CARMEL VALLEY,81.191108,1282
PTJPL,2012-09-01,3-018,3-018,CARPINTERIA,CARPINTERIA,66.126839,10738
PTJPL,2012-09-01,3-019,3-019,CARRIZO PLAIN,CARRIZO PLAIN,9.660436,22738
PTJPL,2012-09-01,6-006,6-006,CARSON VALLEY,CARSON VALLEY,75.413001,9138
PTJPL,2012-09-01,5-029,5-029,CASTAC LAKE VALLEY,CASTAC LAKE VALLEY,43.931442,846
PTJPL,2012-09-01,2-008,2-008,CASTRO VALLEY,CASTRO VALLEY,,0
PTJPL,2012-09-01,6-038,6-038,CAVES CANYON VALLEY,CAVES CANYON VALLEY,,0
PTJPL,2012-09-01,5-045,5-045,CAYTON VALLEY,CAYTON VALLEY,87.053882,4250
PTJPL,2012-09-01,3-038,3-038,CAYUCOS VALLEY,CAYUCOS VALLEY,,0
PTJPL,2012-09-01,7-043,7-043,CHEMEHUEVI VALLEY,CHEMEHUEVI VALLEY,,0
PTJPL,2012-09-01,7-032,7-032,CHOCOLATE VALLEY,CHOCOLATE VALLEY,6.268657,67
PTJPL,2012-09-01,3-005,3-005,CHOLAME VALLEY,CHOLAME VALLEY,31.610083,17237
PTJPL,2012-09-01,3-042,3-042,CHORRO VALLEY,CHORRO VALLEY,74.335208,889
PTJPL,2012-09-01,5-061,5-061,CHROME TOWN AREA,CHROME TOWN AREA,10.890411,511
PTJPL,2012-09-01,7-005,7-005,CHUCKWALLA VALLEY,CHUCKWALLA VALLEY,46.521435,4432
PTJPL,2012-09-01,2-005,2-005,CLAYTON VALLEY,CLAYTON VALLEY,101.130368,652
PTJPL,2012-09-01,5-066,5-066,CLEAR LAKE CACHE FORMATION,CLEAR LAKE CACHE FORMATION,57.590426,940
PTJPL,2012-09-01,5-058,5-058,CLOVER VALLEY,CLOVER VALLEY,25.411582,1606
PTJPL,2012-09-01,7-021.03,7-021,COACHELLA VALLEY,COACHELLA VALLEY - DESERT HOT SPRINGS,78.888684,2713
PTJPL,2012-09-01,7-021.01,7-021,COACHELLA VALLEY,COACHELLA VALLEY - INDIO,74.948227,293745
PTJPL,2012-09-01,7-021.02,7-021,COACHELLA VALLEY,COACHELLA VALLEY - MISSION CREEK,50.628834,978
PTJPL,2012-09-01,7-021.04,7-021,COACHELLA VALLEY,COACHELLA VALLEY - SAN GORGONIO PASS,71.91573,356
PTJPL,2012-09-01,4-011.04,4-011,COASTAL PLAIN OF LOS ANGELES,COASTAL PLAIN OF LOS ANGELES - CENTRAL,108.680371,7005
PTJPL,2012-09-01,4-011.02,4-011,COASTAL PLAIN OF LOS ANGELES,COASTAL PLAIN OF LOS ANGELES - HOLLYWOOD,95.804954,323
PTJPL,2012-09-01,4-011.01,4-011,COASTAL PLAIN OF LOS ANGELES,COASTAL PLAIN OF LOS ANGELES - SANTA MONICA,99.033684,4186
PTJPL,2012-09-01,4-011.03,4-011,COASTAL PLAIN OF LOS ANGELES,COASTAL PLAIN OF LOS ANGELES - WEST COAST,106.432479,4058
PTJPL,2012-09-01,8-001,8-001,COASTAL PLAIN OF ORANGE COUNTY,COASTAL PLAIN OF ORANGE COUNTY,93.933965,23942
PTJPL,2012-09-01,9-033,9-033,COASTAL PLAIN OF SAN DIEGO,COASTAL PLAIN OF SAN DIEGO,95.298831,3507
PTJPL,2012-09-01,6-072,6-072,COLES FLAT,COLES FLAT,,0
PTJPL,2012-09-01,5-019,5-019,COLLAYOMI VALLEY,COLLAYOMI VALLEY,30.312094,3845
PTJPL,2012-09-01,7-055,7-055,COLLINS VALLEY,COLLINS VALLEY,,0
PTJPL,2012-09-01,4-010,4-010,CONEJO,CONEJO,90.126506,498
PTJPL,2012-09-01,7-011,7-011,COPPER MOUNTAIN VALLEY,COPPER MOUNTAIN VALLEY,,0
PTJPL,2012-09-01,3-002.01,3-002,CORRALITOS,CORRALITOS - PAJARO VALLEY,60.372882,108262
PTJPL,2012-09-01,3-002.02,3-002,CORRALITOS,CORRALITOS - PURISIMA HIGHLANDS,59.280172,464
PTJPL,2012-09-01,6-055,6-055,COSO VALLEY,COSO VALLEY,,0
PTJPL,2012-09-01,1-037,1-037,COTTONEVA CREEK VALLEY,COTTONEVA CREEK VALLEY,,0
PTJPL,2012-09-01,9-027,9-027,COTTONWOOD VALLEY,COTTONWOOD VALLEY,69.514286,70
PTJPL,2012-09-01,1-011,1-011,COVELO ROUND VALLEY,COVELO ROUND VALLEY,39.294127,36576
PTJPL,2012-09-01,6-091,6-091,COW HEAD LAKE VALLEY,COW HEAD LAKE VALLEY,29.329816,15639
PTJPL,2012-09-01,6-037,6-037,COYOTE LAKE VALLEY,COYOTE LAKE VALLEY,26.34465,972
PTJPL,2012-09-01,5-018,5-018,COYOTE VALLEY,COYOTE VALLEY,61.501224,6534
PTJPL,2012-09-01,7-029,7-029,COYOTE WELLS VALLEY,COYOTE WELLS VALLEY,6.3125,80
PTJPL,2012-09-01,6-035,6-035,CRONISE VALLEY,CRONISE VALLEY,,0
PTJPL,2012-09-01,6-050,6-050,CUDDEBACK VALLEY,CUDDEBACK VALLEY,,0
PTJPL,2012-09-01,5-082,5-082,CUDDY CANYON VALLEY,CUDDY CANYON VALLEY,,0
PTJPL,2012-09-01,5-083,5-083,CUDDY RANCH AREA,CUDDY RANCH AREA,,0
PTJPL,2012-09-01,5-084,5-084,CUDDY VALLEY,CUDDY VALLEY,37.5,16
PTJPL,2012-09-01,5-027,5-027,CUMMINGS VALLEY,CUMMINGS VALLEY,42.566429,11373
PTJPL,2012-09-01,3-013,3-013,CUYAMA VALLEY,CUYAMA VALLEY,34.256683,148650
PTJPL,2012-09-01,7-009,7-009,DALE VALLEY,DALE VALLEY,5.348684,152
PTJPL,2012-09-01,6-057,6-057,DARWIN VALLEY,DARWIN VALLEY,,0
PTJPL,2012-09-01,7-061,7-061,DAVIES VALLEY,DAVIES VALLEY,,0
PTJPL,2012-09-01,7-013.01,7-013,DEADMAN VALLEY,DEADMAN VALLEY - DEADMAN LAKE,,0
PTJPL,2012-09-01,7-013.02,7-013,DEADMAN VALLEY,DEADMAN VALLEY - SURPRISE SPRING,,0
PTJPL,2012-09-01,6-018,6-018,DEATH VALLEY,DEATH VALLEY,2.055556,18
PTJPL,2012-09-01,6-015,6-015,DEEP SPRINGS VALLEY,DEEP SPRINGS VALLEY,81.56378,635
PTJPL,2012-09-01,6-078,6-078,DENNING SPRING VALLEY,DENNING SPRING VALLEY,,0
PTJPL,2012-09-01,1-034,1-034,DINSMORES TOWN AREA,DINSMORES TOWN AREA,37.848837,86
PTJPL,2012-09-01,5-053,5-053,DIXIE VALLEY,DIXIE VALLEY,58.182199,11449
PTJPL,2012-09-01,2-040,2-040,DOWNTOWN,DOWNTOWN,,0
PTJPL,2012-09-01,5-049,5-049,DRY BURNEY CREEK VALLEY,DRY BURNEY CREEK VALLEY,,0
PTJPL,2012-09-01,3-029,3-029,DRY LAKE VALLEY,DRY LAKE VALLEY,16.471014,414
PTJPL,2012-09-01,6-095,6-095,DRY VALLEY,DRY VALLEY,,0
PTJPL,2012-09-01,6-096,6-096,EAGLE LAKE AREA,EAGLE LAKE AREA,,0
PTJPL,2012-09-01,7-033,7-033,EAST SALTON SEA,EAST SALTON SEA,59.546644,40262
PTJPL,2012-09-01,1-044,1-044,EDEN VALLEY,EDEN VALLEY,31.131197,1654
PTJPL,2012-09-01,1-010,1-010,EEL RIVER VALLEY,EEL RIVER VALLEY,79.079431,92483
PTJPL,2012-09-01,5-041,5-041,EGG LAKE VALLEY,EGG LAKE VALLEY,,0
PTJPL,2012-09-01,9-016,9-016,EL CAJON VALLEY,EL CAJON VALLEY,60.548387,31
PTJPL,2012-09-01,6-043,6-043,EL MIRAGE VALLEY,EL MIRAGE VALLEY,57.997505,3207
PTJPL,2012-09-01,5-062,5-062,ELK CREEK AREA,ELK CREEK AREA,25.664336,143
PTJPL,2012-09-01,8-004.02,8-004,ELSINORE,ELSINORE - BEDFORD-COLDWATER,89.653713,1158
PTJPL,2012-09-01,8-004.01,8-004,ELSINORE,ELSINORE - ELSINORE VALLEY,40.186916,107
PTJPL,2012-09-01,9-009,9-009,ESCONDIDO VALLEY,ESCONDIDO VALLEY,47.794118,34
PTJPL,2012-09-01,1-009,1-009,EUREKA PLAIN,EUREKA PLAIN,83.167417,19317
PTJPL,2012-09-01,6-016,6-016,EUREKA VALLEY,EUREKA VALLEY,,0
PTJPL,2012-09-01,1-022,1-022,FAIRCHILD SWAMP VALLEY,FAIRCHILD SWAMP VALLEY,,0
PTJPL,2012-09-01,5-005,5-005,FALL RIVER VALLEY,FALL RIVER VALLEY,59.986532,134098
PTJPL,2012-09-01,7-002,7-002,FENNER VALLEY,FENNER VALLEY,,0
PTJPL,2012-09-01,6-014,6-014,FISH LAKE VALLEY,FISH LAKE VALLEY,84.605579,14340
PTJPL,2012-09-01,3-053,3-053,FOOTHILL,FOOTHILL,70.228571,35
PTJPL,2012-09-01,1-021,1-021,FORT BRAGG TERRACE AREA,FORT BRAGG TERRACE AREA,66.242436,7800
PTJPL,2012-09-01,1-061,1-061,FORT ROSS TERRACE DEPOSITS,FORT ROSS TERRACE DEPOSITS,70.88563,1023
PTJPL,2012-09-01,6-046,6-046,FREMONT VALLEY,FREMONT VALLEY,34.243202,1949
PTJPL,2012-09-01,5-090,5-090,FUNKS CREEK,FUNKS CREEK,12.637584,3278
PTJPL,2012-09-01,1-032,1-032,GARBERVILLE TOWN AREA,GARBERVILLE TOWN AREA,66.544776,536
PTJPL,2012-09-01,1-020,1-020,GARCIA RIVER VALLEY,GARCIA RIVER VALLEY,78.385924,1705
PTJPL,2012-09-01,3-003.01,3-003,GILROY-HOLLISTER VALLEY,GILROY-HOLLISTER VALLEY - LLAGAS AREA,68.434839,76695
PTJPL,2012-09-01,3-003.05,3-003,GILROY-HOLLISTER VALLEY,GILROY-HOLLISTER VALLEY - NORTH SAN BENITO,56.142239,194693
PTJPL,2012-09-01,6-085,6-085,GOLD VALLEY,GOLD VALLEY,,0
PTJPL,2012-09-01,6-048,6-048,GOLDSTONE VALLEY,GOLDSTONE VALLEY,,0
PTJPL,2012-09-01,3-016,3-016,GOLETA,GOLETA,59.611393,3353
PTJPL,2012-09-01,5-001.02,5-001,GOOSE LAKE,GOOSE LAKE - FANDANGO VALLEY,40.125489,29126
PTJPL,2012-09-01,5-001.01,5-001,GOOSE LAKE,GOOSE LAKE - GOOSE VALLEY,45.659915,55936
PTJPL,2012-09-01,5-047,5-047,GOOSE VALLEY,GOOSE VALLEY,57.316691,15463
PTJPL,2012-09-01,6-077,6-077,GRASS VALLEY,GRASS VALLEY,,0
PTJPL,2012-09-01,6-094,6-094,GRASSHOPPER VALLEY,GRASSHOPPER VALLEY,22.405463,3734
PTJPL,2012-09-01,1-048,1-048,GRAVELLY VALLEY,GRAVELLY VALLEY,,0
PTJPL,2012-09-01,5-052,5-052,GRAYS VALLEY,GRAYS VALLEY,,0
PTJPL,2012-09-01,6-084,6-084,GREENWATER VALLEY,GREENWATER VALLEY,,0
PTJPL,2012-09-01,5-059,5-059,GRIZZLY VALLEY,GRIZZLY VALLEY,,0
PTJPL,2012-09-01,2-022,2-022,HALF MOON BAY TERRACE,HALF MOON BAY TERRACE,51.632982,6640
PTJPL,2012-09-01,1-015,1-015,HAPPY CAMP TOWN AREA,HAPPY CAMP TOWN AREA,59.060606,99
PTJPL,2012-09-01,6-047,6-047,HARPER VALLEY,HARPER VALLEY,50.558855,5658
PTJPL,2012-09-01,6-074,6-074,HARRISBURG FLATS,HARRISBURG FLATS,,0
PTJPL,2012-09-01,6-093,6-093,HARVEY VALLEY,HARVEY VALLEY,,0
PTJPL,2012-09-01,1-006,1-006,HAYFORK VALLEY,HAYFORK VALLEY,38.176886,3115
PTJPL,2012-09-01,7-048,7-048,HELENDALE FAULT VALLEY,HELENDALE FAULT VALLEY,,0
PTJPL,2012-09-01,8-006,8-006,HEMET LAKE VALLEY,HEMET LAKE VALLEY,,0
PTJPL,2012-09-01,3-031,3-031,HERNANDEZ VALLEY,HERNANDEZ VALLEY,25.580977,389
PTJPL,2012-09-01,1-036,1-036,HETTENSHAW VALLEY,HETTENSHAW VALLEY,23.279292,2202
PTJPL,2012-09-01,7-053,7-053,HEXIE MOUNTAIN AREA,HEXIE MOUNTAIN AREA,,0
PTJPL,2012-09-01,6-063,6-063,HIDDEN VALLEY,HIDDEN VALLEY,,0
PTJPL,2012-09-01,4-016,4-016,HIDDEN VALLEY,HIDDEN VALLEY,28.883462,3767
PTJPL,2012-09-01,5-016,5-016,HIGH VALLEY,HIGH VALLEY,30.545847,2781
PTJPL,2012-09-01,6-004,6-004,HONEY LAKE VALLEY,HONEY LAKE VALLEY,40.648674,187743
PTJPL,2012-09-01,1-029,1-029,HONEYDEW TOWN AREA,HONEYDEW TOWN AREA,72.988166,1183
PTJPL,2012-09-01,1-007,1-007,HOOPA VALLEY,HOOPA VALLEY,61.60864,787
PTJPL,2012-09-01,6-097,6-097,HORSE LAKE VALLEY,HORSE LAKE VALLEY,53.728258,4335
PTJPL,2012-09-01,5-040,5-040,HOT SPRINGS VALLEY,HOT SPRINGS VALLEY,30.781078,3266
PTJPL,2012-09-01,3-045,3-045,HUASNA VALLEY,HUASNA VALLEY,26.215092,3366
PTJPL,2012-09-01,5-060,5-060,HUMBUG VALLEY,HUMBUG VALLEY,35.882852,1178
PTJPL,2012-09-01,4-018,4-018,HUNGRY VALLEY,HUNGRY VALLEY,,0
PTJPL,2012-09-01,1-035,1-035,HYAMPOM VALLEY,HYAMPOM VALLEY,43.849206,504
PTJPL,2012-09-01,7-030,7-030,IMPERIAL VALLEY,IMPERIAL VALLEY,52.250265,1787557
PTJPL,2012-09-01,5-009,5-009,INDIAN VALLEY,INDIAN VALLEY,59.521554,44586
PTJPL,2012-09-01,6-054,6-054,INDIAN WELLS VALLEY,INDIAN WELLS VALLEY,45.513312,14611
PTJPL,2012-09-01,7-050,7-050,IRON RIDGE AREA,IRON RIDGE AREA,,0
PTJPL,2012-09-01,2-033,2-033,ISLAIS VALLEY,ISLAIS VALLEY,,0
PTJPL,2012-09-01,6-030,6-030,IVANPAH VALLEY,IVANPAH VALLEY,67.922658,918
PTJPL,2012-09-01,7-047,7-047,JACUMBA VALLEY,JACUMBA VALLEY,,0
PTJPL,2012-09-01,5-003,5-003,JESS VALLEY,JESS VALLEY,55.901903,15658
PTJPL,2012-09-01,7-018.01,7-018,JOHNSON VALLEY,JOHNSON VALLEY - SOGGY LAKE,4.95,60
PTJPL,2012-09-01,7-018.02,7-018,JOHNSON VALLEY,JOHNSON VALLEY - UPPER JOHNSON VALLEY,,0
PTJPL,2012-09-01,5-086,5-086,JOSEPH CREEK,JOSEPH CREEK,37.512733,4673
PTJPL,2012-09-01,7-062,7-062,JOSHUA TREE,JOSHUA TREE,,0
PTJPL,2012-09-01,6-089,6-089,KANE WASH AREA,KANE WASH AREA,,0
PTJPL,2012-09-01,6-069,6-069,KELSO LANDER VALLEY,KELSO LANDER VALLEY,,0
PTJPL,2012-09-01,6-031,6-031,KELSO VALLEY,KELSO VALLEY,,0
PTJPL,2012-09-01,2-019,2-019,KENWOOD VALLEY,KENWOOD VALLEY,62.338562,5674
PTJPL,2012-09-01,5-025,5-025,KERN RIVER VALLEY,KERN RIVER VALLEY,62.614576,14846
PTJPL,2012-09-01,1-002.02,1-002,KLAMATH RIVER VALLEY,KLAMATH RIVER VALLEY - LOWER KLAMATH,52.034754,93343
PTJPL,2012-09-01,1-002.01,1-002,KLAMATH RIVER VALLEY,KLAMATH RIVER VALLEY - TULELAKE,53.056573,296556
PTJPL,2012-09-01,1-050,1-050,KNIGHTS VALLEY,KNIGHTS VALLEY,55.754029,7322
PTJPL,2012-09-01,5-007,5-007,LAKE ALMANOR VALLEY,LAKE ALMANOR VALLEY,83.876477,2623
PTJPL,2012-09-01,5-046,5-046,LAKE BRITTON AREA,LAKE BRITTON AREA,83.099773,441
PTJPL,2012-09-01,7-001,7-001,LANFAIR VALLEY,LANFAIR VALLEY,,0
PTJPL,2012-09-01,6-036.02,6-036,LANGFORD VALLEY,LANGFORD VALLEY - IRWIN,,0
PTJPL,2012-09-01,6-036.01,6-036,LANGFORD VALLEY,LANGFORD VALLEY - LANGFORD WELL LAKE,,0
PTJPL,2012-09-01,1-033,1-033,LARABEE VALLEY,LARABEE VALLEY,30.227488,211
PTJPL,2012-09-01,4-008,4-008,LAS POSAS VALLEY,LAS POSAS VALLEY,68.879335,90830
PTJPL,2012-09-01,5-057,5-057,LAST CHANCE CREEK VALLEY,LAST CHANCE CREEK VALLEY,,0
PTJPL,2012-09-01,7-014,7-014,LAVIC VALLEY,LAVIC VALLEY,,0
PTJPL,2012-09-01,1-012,1-012,LAYTONVILLE VALLEY,LAYTONVILLE VALLEY,30.306956,5017
PTJPL,2012-09-01,6-027,6-027,LEACH VALLEY,LEACH VALLEY,,0
PTJPL,2012-09-01,6-066,6-066,LEE FLAT,LEE FLAT,,0
PTJPL,2012-09-01,6-106,6-106,LITTLE ANTELOPE VALLEY,LITTLE ANTELOPE VALLEY,47.681619,1828
PTJPL,2012-09-01,5-065,5-065,LITTLE INDIAN VALLEY,LITTLE INDIAN VALLEY,12.833333,18
PTJPL,2012-09-01,1-013,1-013,LITTLE LAKE VALLEY,LITTLE LAKE VALLEY,30.961553,16230
PTJPL,2012-09-01,1-041,1-041,LITTLE VALLEY,LITTLE VALLEY,77.178273,718
PTJPL,2012-09-01,2-010,2-010,LIVERMORE VALLEY,LIVERMORE VALLEY,53.455174,31366
PTJPL,2012-09-01,2-038,2-038,LOBOS,LOBOS,71.309446,307
PTJPL,2012-09-01,3-006,3-006,LOCKWOOD VALLEY,LOCKWOOD VALLEY,25.845971,22288
PTJPL,2012-09-01,4-017,4-017,LOCKWOOD VALLEY,LOCKWOOD VALLEY,15.900901,111
PTJPL,2012-09-01,6-011,6-011,LONG VALLEY,LONG VALLEY,48.261941,28621
PTJPL,2012-09-01,5-044,5-044,LONG VALLEY,LONG VALLEY,,0
PTJPL,2012-09-01,6-104,6-104,LONG VALLEY,LONG VALLEY,31.924393,6256
PTJPL,2012-09-01,5-031,5-031,LONG VALLEY,LONG VALLEY,25.034204,2719
PTJPL,2012-09-01,5-070,5-070,LOS BANOS CREEK VALLEY,LOS BANOS CREEK VALLEY,,0
PTJPL,2012-09-01,3-008.01,3-008,LOS OSOS VALLEY,LOS OSOS VALLEY - LOS OSOS AREA,63.561905,1575
PTJPL,2012-09-01,3-008.02,3-008,LOS OSOS VALLEY,LOS OSOS VALLEY - WARDEN CREEK,63.968538,3973
PTJPL,2012-09-01,7-051,7-051,LOST HORSE VALLEY,LOST HORSE VALLEY,,0
PTJPL,2012-09-01,6-071,6-071,LOST LAKE VALLEY,LOST LAKE VALLEY,,0
PTJPL,2012-09-01,6-021,6-021,LOWER KINGSTON VALLEY,LOWER KINGSTON VALLEY,,0
PTJPL,2012-09-01,1-014,1-014,LOWER KLAMATH RIVER VALLEY,LOWER KLAMATH RIVER VALLEY,92.282673,1362
PTJPL,2012-09-01,5-030,5-030,LOWER LAKE VALLEY,LOWER LAKE VALLEY,43.807874,635
PTJPL,2012-09-01,1-038,1-038,LOWER LAYTONVILLE VALLEY,LOWER LAYTONVILLE VALLEY,28.503546,423
PTJPL,2012-09-01,6-040,6-040,LOWER MOJAVE RIVER VALLEY,LOWER MOJAVE RIVER VALLEY,91.84846,17375
PTJPL,2012-09-01,1-060,1-060,LOWER RUSSIAN RIVER VALLEY,LOWER RUSSIAN RIVER VALLEY,76.199889,5428
PTJPL,2012-09-01,7-019,7-019,LUCERNE VALLEY,LUCERNE VALLEY,41.944389,9962
PTJPL,2012-09-01,1-008.02,1-008,MAD RIVER VALLEY,MAD RIVER VALLEY - DOWS PRAIRIE SCHOOL AREA,87.63758,5902
PTJPL,2012-09-01,1-008.01,1-008,MAD RIVER VALLEY,MAD RIVER VALLEY - MAD RIVER LOWLAND,85.885196,26776
PTJPL,2012-09-01,6-002,6-002,MADELINE PLAINS,MADELINE PLAINS,48.871305,97657
PTJPL,2012-09-01,3-051,3-051,MAJORS CREEK,MAJORS CREEK,62.706275,749
PTJPL,2012-09-01,4-022,4-022,MALIBU VALLEY,MALIBU VALLEY,95.7,40
PTJPL,2012-09-01,6-064,6-064,MARBLE CANYON AREA,MARBLE CANYON AREA,,0
PTJPL,2012-09-01,2-039,2-039,MARINA,MARINA,,0
PTJPL,2012-09-01,6-067,6-067,MARTIS VALLEY,MARTIS VALLEY,93.888925,3079
PTJPL,2012-09-01,7-059,7-059,MASON VALLEY,MASON VALLEY,,0
PTJPL,2012-09-01,1-028,1-028,MATTOLE RIVER VALLEY,MATTOLE RIVER VALLEY,79.922417,2797
PTJPL,2012-09-01,5-035,5-035,MCCLOUD AREA,MCCLOUD AREA,93.197861,187
PTJPL,2012-09-01,5-095,5-095,MEADOW VALLEY,MEADOW VALLEY,61.23027,925
PTJPL,2012-09-01,7-017,7-017,MEANS VALLEY,MEANS VALLEY,5.833333,42
PTJPL,2012-09-01,6-029,6-029,MESQUITE VALLEY,MESQUITE VALLEY,99.685803,9058
PTJPL,2012-09-01,6-020,6-020,MIDDLE AMARGOSA VALLEY,MIDDLE AMARGOSA VALLEY,76.770642,109
PTJPL,2012-09-01,5-094,5-094,MIDDLE CREEK,MIDDLE CREEK,61.888889,135
PTJPL,2012-09-01,5-087,5-087,MIDDLE FORK FEATHER RIVER,MIDDLE FORK FEATHER RIVER,42.552632,646
PTJPL,2012-09-01,6-041,6-041,MIDDLE MOJAVE RIVER VALLEY,MIDDLE MOJAVE RIVER VALLEY,109.328335,3268
PTJPL,2012-09-01,6-080,6-080,MIDDLE PARK CANYON,MIDDLE PARK CANYON,,0
PTJPL,2012-09-01,5-085,5-085,MIL POTRERO AREA,MIL POTRERO AREA,81.581818,110
PTJPL,2012-09-01,9-014,9-014,MISSION VALLEY,MISSION VALLEY,117.393245,829
PTJPL,2012-09-01,5-011,5-011,MOHAWK VALLEY,MOHAWK VALLEY,74.721942,6531
PTJPL,2012-09-01,6-009,6-009,MONO VALLEY,MONO VALLEY,46.062762,239
PTJPL,2012-09-01,3-049,3-049,MONTECITO,MONTECITO,70.267946,1616
PTJPL,2012-09-01,7-020,7-020,MORONGO VALLEY,MORONGO VALLEY,21.52381,21
PTJPL,2012-09-01,3-041,3-041,MORRO VALLEY,MORRO VALLEY,85.161885,488
PTJPL,2012-09-01,5-008,5-008,MOUNTAIN MEADOWS VALLEY,MOUNTAIN MEADOWS VALLEY,46.752233,23845
PTJPL,2012-09-01,1-056,1-056,McDOWELL VALLEY,McDOWELL VALLEY,60.228959,2804
PTJPL,2012-09-01,2-002.01,2-002,NAPA-SONOMA VALLEY,NAPA-SONOMA VALLEY - NAPA VALLEY,72.572782,93416
PTJPL,2012-09-01,2-002.03,2-002,NAPA-SONOMA VALLEY,NAPA-SONOMA VALLEY - NAPA-SONOMA LOWLANDS,72.243467,23572
PTJPL,2012-09-01,2-002.02,2-002,NAPA-SONOMA VALLEY,NAPA-SONOMA VALLEY - SONOMA VALLEY,60.102571,80598
PTJPL,2012-09-01,1-046,1-046,NAVARRO RIVER VALLEY,NAVARRO RIVER VALLEY,,0
PTJPL,2012-09-01,3-052,3-052,NEEDLE ROCK POINT,NEEDLE ROCK POINT,55.488038,1463
PTJPL,2012-09-01,7-044,7-044,NEEDLES VALLEY,NEEDLES VALLEY,89.859084,16187
PTJPL,2012-09-01,5-050,5-050,NORTH FORK BATTLE CREEK,NORTH FORK BATTLE CREEK,50.87963,2808
PTJPL,2012-09-01,2-030,2-030,NOVATO VALLEY,NOVATO VALLEY,78.842491,14596
PTJPL,2012-09-01,7-025,7-025,OCOTILLO-CLARK VALLEY,OCOTILLO-CLARK VALLEY,46.556293,37509
PTJPL,2012-09-01,7-035,7-035,OGILBY VALLEY,OGILBY VALLEY,17.989276,3357
PTJPL,2012-09-01,4-002,4-002,OJAI VALLEY,OJAI VALLEY,75.75626,9305
PTJPL,2012-09-01,3-039,3-039,OLD VALLEY,OLD VALLEY,78.904192,167
PTJPL,2012-09-01,6-108,6-108,OLYMPIC VALLEY,OLYMPIC VALLEY,88.657588,257
PTJPL,2012-09-01,7-031,7-031,OROCOPIA VALLEY,OROCOPIA VALLEY,4.403727,161
PTJPL,2012-09-01,6-012.02,6-012,OWENS VALLEY,OWENS VALLEY - FISH SLOUGH,,0
PTJPL,2012-09-01,6-012.01,6-012,OWENS VALLEY,OWENS VALLEY - OWENS VALLEY,76.912459,92768
PTJPL,2012-09-01,6-088,6-088,OWL LAKE VALLEY,OWL LAKE VALLEY,,0
PTJPL,2012-09-01,6-028,6-028,PAHRUMP VALLEY,PAHRUMP VALLEY,,0
PTJPL,2012-09-01,6-099,6-099,PAINTERS FLAT,PAINTERS FLAT,16.33098,1133
PTJPL,2012-09-01,7-039,7-039,PALO VERDE MESA,PALO VERDE MESA,90.697378,161267
PTJPL,2012-09-01,7-038,7-038,PALO VERDE VALLEY,PALO VERDE VALLEY,93.507297,223792
PTJPL,2012-09-01,9-024,9-024,PAMO VALLEY,PAMO VALLEY,,0
PTJPL,2012-09-01,6-058,6-058,PANAMINT VALLEY,PANAMINT VALLEY,,0
PTJPL,2012-09-01,5-023,5-023,PANOCHE VALLEY,PANOCHE VALLEY,21.159207,1966
PTJPL,2012-09-01,3-032,3-032,PEACH TREE VALLEY,PEACH TREE VALLEY,14.967666,1268
PTJPL,2012-09-01,1-030,1-030,PEPPERWOOD TOWN AREA,PEPPERWOOD TOWN AREA,66.758445,3523
PTJPL,2012-09-01,2-026,2-026,PESCADERO VALLEY,PESCADERO VALLEY,54.233739,2383
PTJPL,2012-09-01,2-001,2-001,PETALUMA VALLEY,PETALUMA VALLEY,65.277601,46221
PTJPL,2012-09-01,6-051,6-051,PILOT KNOB VALLEY,PILOT KNOB VALLEY,,0
PTJPL,2012-09-01,6-092,6-092,PINE CREEK VALLEY,PINE CREEK VALLEY,22.515625,64
PTJPL,2012-09-01,7-006,7-006,PINTO VALLEY,PINTO VALLEY,,0
PTJPL,2012-09-01,7-049,7-049,PIPES CANYON FAULT VALLEY,PIPES CANYON FAULT VALLEY,,0
PTJPL,2012-09-01,2-004,2-004,PITTSBURG PLAIN,PITTSBURG PLAIN,,0
PTJPL,2012-09-01,7-045,7-045,PIUTE VALLEY,PIUTE VALLEY,,0
PTJPL,2012-09-01,7-052,7-052,PLEASANT VALLEY,PLEASANT VALLEY,,0
PTJPL,2012-09-01,4-006,4-006,PLEASANT VALLEY,PLEASANT VALLEY,43.321572,33187
PTJPL,2012-09-01,5-038,5-038,PONDOSA TOWN AREA,PONDOSA TOWN AREA,,0
PTJPL,2012-09-01,5-068,5-068,POPE VALLEY,POPE VALLEY,55.214235,12659
PTJPL,2012-09-01,9-029,9-029,POTRERO VALLEY,POTRERO VALLEY,32.981132,371
PTJPL,2012-09-01,1-051,1-051,POTTER VALLEY,POTTER VALLEY,85.398852,20554
PTJPL,2012-09-01,9-013,9-013,POWAY VALLEY,POWAY VALLEY,,0
PTJPL,2012-09-01,3-044,3-044,POZO VALLEY,POZO VALLEY,22.129032,2604
PTJPL,2012-09-01,1-025,1-025,PRAIRIE CREEK AREA,PRAIRIE CREEK AREA,,0
PTJPL,2012-09-01,7-040,7-040,QUIEN SABE POINT VALLEY,QUIEN SABE POINT VALLEY,108.30791,708
PTJPL,2012-09-01,3-024,3-024,QUIEN SABE VALLEY,QUIEN SABE VALLEY,16.734298,10922
PTJPL,2012-09-01,6-062,6-062,RACE TRACK VALLEY,RACE TRACK VALLEY,,0
PTJPL,2012-09-01,3-046,3-046,RAFAEL VALLEY,RAFAEL VALLEY,19.0,1
PTJPL,2012-09-01,9-025,9-025,RANCHITA TOWN AREA,RANCHITA TOWN AREA,30.0,44
PTJPL,2012-09-01,4-023,4-023,RAYMOND,RAYMOND,83.609202,1717
PTJPL,2012-09-01,6-024,6-024,RED PASS VALLEY,RED PASS VALLEY,,0
PTJPL,2012-09-01,1-018,1-018,RED ROCK VALLEY,RED ROCK VALLEY,66.814594,22680
PTJPL,2012-09-01,5-006.03,5-006,REDDING AREA,REDDING AREA - ANDERSON,83.490093,42951
PTJPL,2012-09-01,5-006.01,5-006,REDDING AREA,REDDING AREA - BOWMAN,93.439816,18219
PTJPL,2012-09-01,5-006.04,5-006,REDDING AREA,REDDING AREA - ENTERPRISE,60.129839,22474
PTJPL,2012-09-01,5-006.05,5-006,REDDING AREA,REDDING AREA - MILLVILLE,66.276041,9082
PTJPL,2012-09-01,5-006.06,5-006,REDDING AREA,REDDING AREA - SOUTH BATTLE CREEK,89.614633,7982
PTJPL,2012-09-01,1-026,1-026,REDWOOD CREEK AREA,REDWOOD CREEK AREA,91.912611,2712
PTJPL,2012-09-01,6-086,6-086,RHODES HILL AREA,RHODES HILL AREA,,0
PTJPL,2012-09-01,7-004,7-004,RICE VALLEY,RICE VALLEY,142.289176,619
PTJPL,2012-09-01,6-023,6-023,RIGGS VALLEY,RIGGS VALLEY,,0
PTJPL,2012-09-01,3-043,3-043,RINCONADA VALLEY,RINCONADA VALLEY,31.72721,2907
PTJPL,2012-09-01,5-043,5-043,ROCK PRAIRIE VALLEY,ROCK PRAIRIE VALLEY,,0
PTJPL,2012-09-01,6-056,6-056,ROSE VALLEY,ROSE VALLEY,,0
PTJPL,2012-09-01,2-028,2-028,ROSS VALLEY,ROSS VALLEY,,0
PTJPL,2012-09-01,5-036,5-036,ROUND VALLEY,ROUND VALLEY,51.351733,14312
PTJPL,2012-09-01,4-020,4-020,RUSSELL VALLEY,RUSSELL VALLEY,80.557252,131
PTJPL,2012-09-01,5-021.54,5-021,SACRAMENTO VALLEY,SACRAMENTO VALLEY - ANTELOPE,117.023959,37689
PTJPL,2012-09-01,5-021.53,5-021,SACRAMENTO VALLEY,SACRAMENTO VALLEY - BEND,64.921786,2621
PTJPL,2012-09-01,5-021.70,5-021,SACRAMENTO VALLEY,SACRAMENTO VALLEY - BUTTE,97.805209,817606
PTJPL,2012-09-01,5-021.52,5-021,SACRAMENTO VALLEY,SACRAMENTO VALLEY - COLUSA,90.9124,2198740
PTJPL,2012-09-01,5-021.51,5-021,SACRAMENTO VALLEY,SACRAMENTO VALLEY - CORNING,74.694427,348885
PTJPL,2012-09-01,5-021.56,5-021,SACRAMENTO VALLEY,SACRAMENTO VALLEY - LOS MOLINOS,102.310129,77700
PTJPL,2012-09-01,5-021.64,5-021,SACRAMENTO VALLEY,SACRAMENTO VALLEY - NORTH AMERICAN,84.733023,553449
PTJPL,2012-09-01,5-021.60,5-021,SACRAMENTO VALLEY,SACRAMENTO VALLEY - NORTH YUBA,102.029117,171444
PTJPL,2012-09-01,5-021.50,5-021,SACRAMENTO VALLEY,SACRAMENTO VALLEY - RED BLUFF,71.061126,175098
PTJPL,2012-09-01,5-021.66,5-021,SACRAMENTO VALLEY,SACRAMENTO VALLEY - SOLANO,81.5847,931583
PTJPL,2012-09-01,5-021.65,5-021,SACRAMENTO VALLEY,SACRAMENTO VALLEY - SOUTH AMERICAN,80.52361,248983
PTJPL,2012-09-01,5-021.61,5-021,SACRAMENTO VALLEY,SACRAMENTO VALLEY - SOUTH YUBA,93.211073,215148
PTJPL,2012-09-01,5-021.62,5-021,SACRAMENTO VALLEY,SACRAMENTO VALLEY - SUTTER,82.741563,862675
PTJPL,2012-09-01,5-021.57,5-021,SACRAMENTO VALLEY,SACRAMENTO VALLEY - VINA,96.406126,355464
PTJPL,2012-09-01,5-021.69,5-021,SACRAMENTO VALLEY,SACRAMENTO VALLEY - WYANDOTTE CREEK,72.404373,72218
PTJPL,2012-09-01,5-021.67,5-021,SACRAMENTO VALLEY,SACRAMENTO VALLEY - YOLO,66.848369,1423435
PTJPL,2012-09-01,3-004.01,3-004,SALINAS VALLEY,SALINAS VALLEY - 180/400 FOOT AQUIFER,72.377378,242778
PTJPL,2012-09-01,3-004.11,3-004,SALINAS VALLEY,SALINAS VALLEY - ATASCADERO AREA,38.318581,17173
PTJPL,2012-09-01,3-004.02,3-004,SALINAS VALLEY,SALINAS VALLEY - EAST SIDE AQUIFER,65.693064,155182
PTJPL,2012-09-01,3-004.04,3-004,SALINAS VALLEY,SALINAS VALLEY - FOREBAY AQUIFER,68.312915,237662
PTJPL,2012-09-01,3-004.09,3-004,SALINAS VALLEY,SALINAS VALLEY - LANGLEY AREA,51.844688,8396
PTJPL,2012-09-01,3-004.10,3-004,SALINAS VALLEY,SALINAS VALLEY - MONTEREY,72.922519,3033
PTJPL,2012-09-01,3-004.06,3-004,SALINAS VALLEY,SALINAS VALLEY - PASO ROBLES AREA,39.027813,307225
PTJPL,2012-09-01,3-004.08,3-004,SALINAS VALLEY,SALINAS VALLEY - SEASIDE,80.255021,1643
PTJPL,2012-09-01,3-004.05,3-004,SALINAS VALLEY,SALINAS VALLEY - UPPER VALLEY AQUIFER,66.875452,249919
PTJPL,2012-09-01,6-017,6-017,SALINE VALLEY,SALINE VALLEY,,0
PTJPL,2012-09-01,6-053,6-053,SALT WELLS VALLEY,SALT WELLS VALLEY,,0
PTJPL,2012-09-01,3-014,3-014,SAN ANTONIO CREEK VALLEY,SAN ANTONIO CREEK VALLEY,60.41665,61344
PTJPL,2012-09-01,3-028,3-028,SAN BENITO RIVER VALLEY,SAN BENITO RIVER VALLEY,42.483293,3681
PTJPL,2012-09-01,3-033,3-033,SAN CARPOFORO VALLEY,SAN CARPOFORO VALLEY,,0
PTJPL,2012-09-01,9-015,9-015,SAN DIEGO RIVER VALLEY,SAN DIEGO RIVER VALLEY,83.230904,1139
PTJPL,2012-09-01,9-012,9-012,SAN DIEGUITO CREEK,SAN DIEGUITO CREEK,109.196273,1610
PTJPL,2012-09-01,9-023,9-023,SAN ELIJO VALLEY,SAN ELIJO VALLEY,88.72,25
PTJPL,2012-09-01,7-027,7-027,SAN FELIPE VALLEY,SAN FELIPE VALLEY,29.675676,74
PTJPL,2012-09-01,4-012,4-012,SAN FERNANDO VALLEY,SAN FERNANDO VALLEY,86.616534,8431
PTJPL,2012-09-01,4-013,4-013,SAN GABRIEL VALLEY,SAN GABRIEL VALLEY,83.267863,9139
PTJPL,2012-09-01,2-024,2-024,SAN GREGORIO VALLEY,SAN GREGORIO VALLEY,66.759292,1130
PTJPL,2012-09-01,8-005,8-005,SAN JACINTO,SAN JACINTO,39.813215,135450
PTJPL,2012-09-01,5-022.05,5-022,SAN JOAQUIN VALLEY,SAN JOAQUIN VALLEY - CHOWCHILLA,75.172411,545894
PTJPL,2012-09-01,5-022.16,5-022,SAN JOAQUIN VALLEY,SAN JOAQUIN VALLEY - COSUMNES,69.351883,250879
PTJPL,2012-09-01,5-022.07,5-022,SAN JOAQUIN VALLEY,SAN JOAQUIN VALLEY - DELTA-MENDOTA,89.15809,2008038
PTJPL,2012-09-01,5-022.19,5-022,SAN JOAQUIN VALLEY,SAN JOAQUIN VALLEY - EAST CONTRA COSTA,82.028005,180148
PTJPL,2012-09-01,5-022.01,5-022,SAN JOAQUIN VALLEY,SAN JOAQUIN VALLEY - EASTERN SAN JOAQUIN,84.869712,1820975
PTJPL,2012-09-01,5-022.11,5-022,SAN JOAQUIN VALLEY,SAN JOAQUIN VALLEY - KAWEAH,89.259027,1380175
PTJPL,2012-09-01,5-022.14,5-022,SAN JOAQUIN VALLEY,SAN JOAQUIN VALLEY - KERN COUNTY,80.58367,3604693
PTJPL,2012-09-01,5-022.17,5-022,SAN JOAQUIN VALLEY,SAN JOAQUIN VALLEY - KETTLEMAN PLAIN,14.02997,134203
PTJPL,2012-09-01,5-022.08,5-022,SAN JOAQUIN VALLEY,SAN JOAQUIN VALLEY - KINGS,82.685232,2951625
PTJPL,2012-09-01,5-022.06,5-022,SAN JOAQUIN VALLEY,SAN JOAQUIN VALLEY - MADERA,74.830719,952826
PTJPL,2012-09-01,5-022.04,5-022,SAN JOAQUIN VALLEY,SAN JOAQUIN VALLEY - MERCED,80.068857,1183378
PTJPL,2012-09-01,5-022.02,5-022,SAN JOAQUIN VALLEY,SAN JOAQUIN VALLEY - MODESTO,87.17835,526745
PTJPL,2012-09-01,5-022.10,5-022,SAN JOAQUIN VALLEY,SAN JOAQUIN VALLEY - PLEASANT VALLEY,27.554479,119808
PTJPL,2012-09-01,5-022.15,5-022,SAN JOAQUIN VALLEY,SAN JOAQUIN VALLEY - TRACY,88.455201,626628
PTJPL,2012-09-01,5-022.12,5-022,SAN JOAQUIN VALLEY,SAN JOAQUIN VALLEY - TULARE LAKE,79.785796,1550786
PTJPL,2012-09-01,5-022.13,5-022,SAN JOAQUIN VALLEY,SAN JOAQUIN VALLEY - TULE,76.711683,1554510
PTJPL,2012-09-01,5-022.03,5-022,SAN JOAQUIN VALLEY,SAN JOAQUIN VALLEY - TURLOCK,91.728346,999143
PTJPL,2012-09-01,5-022.09,5-022,SAN JOAQUIN VALLEY,SAN JOAQUIN VALLEY - WESTSIDE,57.111373,2378099
PTJPL,2012-09-01,5-022.18,5-022,SAN JOAQUIN VALLEY,SAN JOAQUIN VALLEY - WHITE WOLF,77.269478,162937
PTJPL,2012-09-01,9-001,9-001,SAN JUAN VALLEY,SAN JUAN VALLEY,92.139965,2272
PTJPL,2012-09-01,3-009,3-009,SAN LUIS OBISPO VALLEY,SAN LUIS OBISPO VALLEY,50.055253,16542
PTJPL,2012-09-01,9-007.02,9-007,SAN LUIS REY VALLEY,SAN LUIS REY VALLEY - LOWER SAN LUIS REY VALLEY,95.142909,2764
PTJPL,2012-09-01,9-007.01,9-007,SAN LUIS REY VALLEY,SAN LUIS REY VALLEY - UPPER SAN LUIS REY VALLEY,94.479197,25597
PTJPL,2012-09-01,9-032,9-032,SAN MARCOS AREA,SAN MARCOS AREA,110.444444,27
PTJPL,2012-09-01,9-002,9-002,SAN MATEO VALLEY,SAN MATEO VALLEY,103.0,9
PTJPL,2012-09-01,9-003,9-003,SAN ONOFRE VALLEY,SAN ONOFRE VALLEY,,0
PTJPL,2012-09-01,9-010,9-010,SAN PASQUAL VALLEY,SAN PASQUAL VALLEY,70.23293,7689
PTJPL,2012-09-01,2-036,2-036,SAN PEDRO VALLEY,SAN PEDRO VALLEY,87.541667,24
PTJPL,2012-09-01,2-029,2-029,SAN RAFAEL VALLEY,SAN RAFAEL VALLEY,,0
PTJPL,2012-09-01,2-007,2-007,SAN RAMON VALLEY,SAN RAMON VALLEY,92.240741,378
PTJPL,2012-09-01,3-035,3-035,SAN SIMEON VALLEY,SAN SIMEON VALLEY,63.518519,216
PTJPL,2012-09-01,2-027,2-027,SAND POINT AREA,SAND POINT AREA,69.449086,20564
PTJPL,2012-09-01,1-053,1-053,SANEL VALLEY,SANEL VALLEY,63.625889,11812
PTJPL,2012-09-01,3-022,3-022,SANTA ANA VALLEY,SANTA ANA VALLEY,25.51411,7158
PTJPL,2012-09-01,3-017,3-017,SANTA BARBARA,SANTA BARBARA,73.896254,694
PTJPL,2012-09-01,4-004.05,4-004,SANTA CLARA RIVER VALLEY,SANTA CLARA RIVER VALLEY - FILLMORE,81.596417,50121
PTJPL,2012-09-01,4-004.03,4-004,SANTA CLARA RIVER VALLEY,SANTA CLARA RIVER VALLEY - MOUND,52.085631,8957
PTJPL,2012-09-01,4-004.02,4-004,SANTA CLARA RIVER VALLEY,SANTA CLARA RIVER VALLEY - OXNARD,37.209032,104453
PTJPL,2012-09-01,4-004.06,4-004,SANTA CLARA RIVER VALLEY,SANTA CLARA RIVER VALLEY - PIRU,72.760283,23073
PTJPL,2012-09-01,4-004.07,4-004,SANTA CLARA RIVER VALLEY,SANTA CLARA RIVER VALLEY - SANTA CLARA RIVER VALLEY EAST,67.288086,6807
PTJPL,2012-09-01,4-004.04,4-004,SANTA CLARA RIVER VALLEY,SANTA CLARA RIVER VALLEY - SANTA PAULA,66.864685,40609
PTJPL,2012-09-01,2-009.04,2-009,SANTA CLARA VALLEY,SANTA CLARA VALLEY - EAST BAY PLAIN,91.254876,2974
PTJPL,2012-09-01,2-009.01,2-009,SANTA CLARA VALLEY,SANTA CLARA VALLEY - NILES CONE,58.843663,1791
PTJPL,2012-09-01,2-009.03,2-009,SANTA CLARA VALLEY,SANTA CLARA VALLEY - SAN MATEO PLAIN,90.857879,1358
PTJPL,2012-09-01,2-009.02,2-009,SANTA CLARA VALLEY,SANTA CLARA VALLEY - SANTA CLARA,64.059566,25753
PTJPL,2012-09-01,3-001,3-001,SANTA CRUZ MID-COUNTY,SANTA CRUZ MID-COUNTY,63.116139,3978
PTJPL,2012-09-01,3-027,3-027,SANTA MARGARITA,SANTA MARGARITA,47.855705,298
PTJPL,2012-09-01,9-004,9-004,SANTA MARGARITA VALLEY,SANTA MARGARITA VALLEY,,0
PTJPL,2012-09-01,3-012.02,3-012,SANTA MARIA RIVER VALLEY,SANTA MARIA RIVER VALLEY - ARROYO GRANDE,57.64939,5653
PTJPL,2012-09-01,3-012.01,3-012,SANTA MARIA RIVER VALLEY,SANTA MARIA RIVER VALLEY - SANTA MARIA,50.67526,260039
PTJPL,2012-09-01,9-011,9-011,SANTA MARIA VALLEY,SANTA MARIA VALLEY,42.323678,3176
PTJPL,2012-09-01,6-068,6-068,SANTA ROSA FLAT,SANTA ROSA FLAT,,0
PTJPL,2012-09-01,3-036,3-036,SANTA ROSA VALLEY,SANTA ROSA VALLEY,63.116618,2744
PTJPL,2012-09-01,1-055.02,1-055,SANTA ROSA VALLEY,SANTA ROSA VALLEY - HEALDSBURG AREA,62.34225,31401
PTJPL,2012-09-01,1-055.03,1-055,SANTA ROSA VALLEY,SANTA ROSA VALLEY - RINCON VALLEY,46.535284,581
PTJPL,2012-09-01,1-055.01,1-055,SANTA ROSA VALLEY,SANTA ROSA VALLEY - SANTA ROSA PLAIN,67.471339,81016
PTJPL,2012-09-01,3-015,3-015,SANTA YNEZ RIVER VALLEY,SANTA YNEZ RIVER VALLEY,49.532764,107588
PTJPL,2012-09-01,1-005,1-005,SCOTT RIVER VALLEY,SCOTT RIVER VALLEY,60.719682,147258
PTJPL,2012-09-01,5-014,5-014,SCOTTS VALLEY,SCOTTS VALLEY,73.053638,7271
PTJPL,2012-09-01,6-052,6-052,SEARLES VALLEY,SEARLES VALLEY,,0
PTJPL,2012-09-01,6-100,6-100,SECRET VALLEY,SECRET VALLEY,37.555861,12379
PTJPL,2012-09-01,1-016,1-016,SEIAD VALLEY,SEIAD VALLEY,60.494305,439
PTJPL,2012-09-01,8-008,8-008,SEVEN OAKS VALLEY,SEVEN OAKS VALLEY,,0
PTJPL,2012-09-01,1-004,1-004,SHASTA VALLEY,SHASTA VALLEY,63.34077,257678
PTJPL,2012-09-01,1-042,1-042,SHERWOOD VALLEY,SHERWOOD VALLEY,,0
PTJPL,2012-09-01,5-012.02,5-012,SIERRA VALLEY,SIERRA VALLEY - CHILCOOT,67.073312,4324
PTJPL,2012-09-01,5-012.01,5-012,SIERRA VALLEY,SIERRA VALLEY - SIERRA VALLEY,38.917434,210086
PTJPL,2012-09-01,6-034,6-034,SILVER LAKE VALLEY,SILVER LAKE VALLEY,,0
PTJPL,2012-09-01,4-009,4-009,SIMI VALLEY,SIMI VALLEY,86.176561,1297
PTJPL,2012-09-01,6-105,6-105,SLINKARD VALLEY,SLINKARD VALLEY,,0
PTJPL,2012-09-01,1-001,1-001,SMITH RIVER PLAIN,SMITH RIVER PLAIN,89.908866,35936
PTJPL,2012-09-01,6-033,6-033,SODA LAKE VALLEY,SODA LAKE VALLEY,,0
PTJPL,2012-09-01,2-037,2-037,SOUTH SAN FRANCISCO,SOUTH SAN FRANCISCO,,0
PTJPL,2012-09-01,6-082,6-082,SPRING CANYON VALLEY,SPRING CANYON VALLEY,,0
PTJPL,2012-09-01,5-089,5-089,SQUAW FLAT,SQUAW FLAT,,0
PTJPL,2012-09-01,5-088,5-088,STONY GORGE RESERVOIR,STONY GORGE RESERVOIR,77.565353,964
PTJPL,2012-09-01,5-063,5-063,STONYFORD TOWN AREA,STONYFORD TOWN AREA,54.255121,3857
PTJPL,2012-09-01,2-003,2-003,SUISUN-FAIRFIELD VALLEY,SUISUN-FAIRFIELD VALLEY,51.038827,91868
PTJPL,2012-09-01,2-011,2-011,SUNOL VALLEY,SUNOL VALLEY,52.679348,1656
PTJPL,2012-09-01,6-049,6-049,SUPERIOR VALLEY,SUPERIOR VALLEY,,0
PTJPL,2012-09-01,6-001,6-001,SURPRISE VALLEY,SURPRISE VALLEY,45.742813,234180
PTJPL,2012-09-01,6-107,6-107,SWEETWATER FLAT,SWEETWATER FLAT,42.675926,324
PTJPL,2012-09-01,6-005.03,6-005,TAHOE VALLEY,TAHOE VALLEY - TAHOE NORTH,97.438095,210
PTJPL,2012-09-01,6-005.01,6-005,TAHOE VALLEY,TAHOE VALLEY - TAHOE SOUTH,85.880759,738
PTJPL,2012-09-01,6-005.02,6-005,TAHOE VALLEY,TAHOE VALLEY - TAHOE WEST,84.210526,171
PTJPL,2012-09-01,6-045,6-045,TEHACHAPI VALLEY EAST,TEHACHAPI VALLEY EAST,39.307036,3397
PTJPL,2012-09-01,5-028,5-028,TEHACHAPI VALLEY WEST,TEHACHAPI VALLEY WEST,32.494934,4540
PTJPL,2012-09-01,9-005,9-005,TEMECULA VALLEY,TEMECULA VALLEY,61.653848,20517
PTJPL,2012-09-01,1-040,1-040,TEN MILE RIVER VALLEY,TEN MILE RIVER VALLEY,63.980861,209
PTJPL,2012-09-01,7-026,7-026,TERWILLIGER VALLEY,TERWILLIGER VALLEY,13.852071,169
PTJPL,2012-09-01,4-019,4-019,THOUSAND OAKS AREA,THOUSAND OAKS AREA,90.348052,385
PTJPL,2012-09-01,4-015,4-015,TIERRA REJADA,TIERRA REJADA,62.501466,4092
PTJPL,2012-09-01,5-037,5-037,TOAD WELL AREA,TOAD WELL AREA,,0
PTJPL,2012-09-01,3-040,3-040,TORO VALLEY,TORO VALLEY,48.572603,365
PTJPL,2012-09-01,6-098,6-098,TULEDAD CANYON VALLEY,TULEDAD CANYON VALLEY,20.564516,310
PTJPL,2012-09-01,7-010,7-010,TWENTYNINE PALMS VALLEY,TWENTYNINE PALMS VALLEY,50.552878,747
PTJPL,2012-09-01,1-052,1-052,UKIAH VALLEY,UKIAH VALLEY,72.85546,43476
PTJPL,2012-09-01,6-022,6-022,UPPER KINGSTON VALLEY,UPPER KINGSTON VALLEY,,0
PTJPL,2012-09-01,5-013,5-013,UPPER LAKE VALLEY,UPPER LAKE VALLEY,66.629743,12413
PTJPL,2012-09-01,6-042,6-042,UPPER MOJAVE RIVER VALLEY,UPPER MOJAVE RIVER VALLEY,54.856846,6748
PTJPL,2012-09-01,4-001,4-001,UPPER OJAI VALLEY,UPPER OJAI VALLEY,29.925319,3294
PTJPL,2012-09-01,3-023,3-023,UPPER SANTA ANA VALLEY,UPPER SANTA ANA VALLEY,18.142857,7
PTJPL,2012-09-01,8-002.05,8-002,UPPER SANTA ANA VALLEY,UPPER SANTA ANA VALLEY - CAJON,43.360947,169
PTJPL,2012-09-01,8-002.01,8-002,UPPER SANTA ANA VALLEY,UPPER SANTA ANA VALLEY - CHINO,53.283243,29187
PTJPL,2012-09-01,8-002.02,8-002,UPPER SANTA ANA VALLEY,UPPER SANTA ANA VALLEY - CUCAMONGA,82.278891,649
PTJPL,2012-09-01,8-002.04,8-002,UPPER SANTA ANA VALLEY,UPPER SANTA ANA VALLEY - RIALTO-COLTON,55.226656,1253
PTJPL,2012-09-01,8-002.03,8-002,UPPER SANTA ANA VALLEY,UPPER SANTA ANA VALLEY - RIVERSIDE-ARLINGTON,71.277961,13966
PTJPL,2012-09-01,8-002.06,8-002,UPPER SANTA ANA VALLEY,UPPER SANTA ANA VALLEY - SAN BERNARDINO,72.175003,15554
PTJPL,2012-09-01,8-002.08,8-002,UPPER SANTA ANA VALLEY,UPPER SANTA ANA VALLEY - SAN TIMOTEO,73.06021,4667
PTJPL,2012-09-01,8-002.09,8-002,UPPER SANTA ANA VALLEY,UPPER SANTA ANA VALLEY - TEMESCAL,80.215385,845
PTJPL,2012-09-01,8-002.07,8-002,UPPER SANTA ANA VALLEY,UPPER SANTA ANA VALLEY - YUCAIPA,59.768369,2858
PTJPL,2012-09-01,7-028,7-028,VALLECITO-CARRIZO VALLEY,VALLECITO-CARRIZO VALLEY,,0
PTJPL,2012-09-01,5-071,5-071,VALLECITOS CREEK VALLEY,VALLECITOS CREEK VALLEY,,0
PTJPL,2012-09-01,7-063,7-063,VANDEVENTER FLAT,VANDEVENTER FLAT,,0
PTJPL,2012-09-01,4-003.02,4-003,VENTURA RIVER VALLEY,VENTURA RIVER VALLEY - LOWER VENTURA RIVER,53.877078,1684
PTJPL,2012-09-01,4-003.01,4-003,VENTURA RIVER VALLEY,VENTURA RIVER VALLEY - UPPER VENTURA RIVER,51.375391,2235
PTJPL,2012-09-01,7-042,7-042,VIDAL VALLEY,VIDAL VALLEY,,0
PTJPL,2012-09-01,3-037,3-037,VILLA VALLEY,VILLA VALLEY,65.473251,729
PTJPL,2012-09-01,2-032,2-032,VISITACION VALLEY,VISITACION VALLEY,98.544944,178
PTJPL,2012-09-01,5-026,5-026,WALKER BASIN CREEK VALLEY,WALKER BASIN CREEK VALLEY,33.652889,6387
PTJPL,2012-09-01,7-003,7-003,WARD VALLEY,WARD VALLEY,,0
PTJPL,2012-09-01,9-008,9-008,WARNER VALLEY,WARNER VALLEY,82.323615,343
PTJPL,2012-09-01,7-012,7-012,WARREN VALLEY,WARREN VALLEY,18.017391,345
PTJPL,2012-09-01,1-031,1-031,WEOTT TOWN AREA,WEOTT TOWN AREA,67.50478,523
PTJPL,2012-09-01,7-022,7-022,WEST SALTON SEA,WEST SALTON SEA,,0
PTJPL,2012-09-01,3-026,3-026,WEST SANTA CRUZ TERRACE,WEST SANTA CRUZ TERRACE,64.741335,1558
PTJPL,2012-09-01,2-035,2-035,WESTSIDE,WESTSIDE,96.144362,949
PTJPL,2012-09-01,6-073,6-073,WILD HORSE MESA AREA,WILD HORSE MESA AREA,,0
PTJPL,2012-09-01,6-075,6-075,WILDROSE CANYON,WILDROSE CANYON,,0
PTJPL,2012-09-01,1-043,1-043,WILLIAMS VALLEY,WILLIAMS VALLEY,28.993814,485
PTJPL,2012-09-01,6-003,6-003,WILLOW CREEK VALLEY,WILLOW CREEK VALLEY,64.160715,26463
PTJPL,2012-09-01,1-059,1-059,WILSON GROVE FORMATION HIGHLANDS,WILSON GROVE FORMATION HIGHLANDS,69.676718,70607
PTJPL,2012-09-01,1-062,1-062,WILSON POINT AREA,WILSON POINT AREA,63.777778,9
PTJPL,2012-09-01,6-019,6-019,WINGATE VALLEY,WINGATE VALLEY,,0
PTJPL,2012-09-01,7-056,7-056,YAQUI WELL AREA,YAQUI WELL AREA,,0
PTJPL,2012-09-01,5-056,5-056,YELLOW CREEK VALLEY,YELLOW CREEK VALLEY,43.529261,5861
PTJPL,2012-09-01,2-006,2-006,YGNACIO VALLEY,YGNACIO VALLEY,95.177778,405
PTJPL,2012-09-01,5-069,5-069,YOSEMITE VALLEY,YOSEMITE VALLEY,,0
PTJPL,2012-09-01,7-036,7-036,YUMA VALLEY,YUMA VALLEY,30.504137,66601
