Model,Date,Basin_Subb,Basin_Numb,Basin_Name,Basin_Su_1,ET,Pixel_Count
PTJPL,2011-03-01,4-005,4-005,ACTON VALLEY,ACTON VALLEY,55.47006,668
PTJPL,2011-03-01,6-010,6-010,ADOBE LAKE VALLEY,ADOBE LAKE VALLEY,,0
PTJPL,2011-03-01,1-054.01,1-054,ALEXANDER VALLEY,ALEXANDER VALLEY - ALEXANDER AREA,70.3814,39743
PTJPL,2011-03-01,1-054.02,1-054,ALEXANDER VALLEY,ALEXANDER VALLEY - CLOVERDALE AREA,72.670385,9502
PTJPL,2011-03-01,5-002.01,5-002,ALTURAS AREA,ALTURAS AREA - SOUTH FORK PITT RIVER,37.092174,151528
PTJPL,2011-03-01,5-002.02,5-002,ALTURAS AREA,ALTURAS AREA - WARM SPRINGS VALLEY,37.879928,71840
PTJPL,2011-03-01,5-010,5-010,AMERICAN VALLEY,AMERICAN VALLEY,51.534542,9322
PTJPL,2011-03-01,7-016,7-016,AMES VALLEY,AMES VALLEY,,0
PTJPL,2011-03-01,7-034,7-034,AMOS VALLEY,AMOS VALLEY,,0
PTJPL,2011-03-01,1-019,1-019,ANDERSON VALLEY,ANDERSON VALLEY,65.253594,5982
PTJPL,2011-03-01,1-049,1-049,ANNAPOLIS OHLSON RANCH FORMATION HIGHLANDS,ANNAPOLIS OHLSON RANCH FORMATION HIGHLANDS,61.341266,2353
PTJPL,2011-03-01,5-091,5-091,ANTELOPE CREEK,ANTELOPE CREEK,53.104673,1605
PTJPL,2011-03-01,6-044,6-044,ANTELOPE VALLEY,ANTELOPE VALLEY,72.978533,137884
PTJPL,2011-03-01,6-007,6-007,ANTELOPE VALLEY,ANTELOPE VALLEY,34.355256,48489
PTJPL,2011-03-01,3-034,3-034,ARROYO DE LA CRUZ VALLEY,ARROYO DE LA CRUZ VALLEY,70.182156,538
PTJPL,2011-03-01,2-031,2-031,ARROYO DEL HAMBRE VALLEY,ARROYO DEL HAMBRE VALLEY,,0
PTJPL,2011-03-01,4-007,4-007,ARROYO SANTA ROSA VALLEY,ARROYO SANTA ROSA VALLEY,78.943329,7870
PTJPL,2011-03-01,7-037,7-037,ARROYO SECO VALLEY,ARROYO SECO VALLEY,,0
PTJPL,2011-03-01,5-054,5-054,ASH VALLEY,ASH VALLEY,38.977675,10347
PTJPL,2011-03-01,6-026,6-026,AVAWATZ VALLEY,AVAWATZ VALLEY,,0
PTJPL,2011-03-01,3-020,3-020,A�O NUEVO AREA,A�O NUEVO AREA,57.29538,1818
PTJPL,2011-03-01,9-022,9-022,BATIQUITOS LAGOON VALLEY,BATIQUITOS LAGOON VALLEY,94.377419,620
PTJPL,2011-03-01,8-009,8-009,BEAR VALLEY,BEAR VALLEY,46.738462,65
PTJPL,2011-03-01,5-064,5-064,BEAR VALLEY,BEAR VALLEY,49.65098,510
PTJPL,2011-03-01,5-020,5-020,BERRYESSA VALLEY,BERRYESSA VALLEY,,0
PTJPL,2011-03-01,7-015,7-015,BESSEMER VALLEY,BESSEMER VALLEY,,0
PTJPL,2011-03-01,6-025,6-025,BICYCLE VALLEY,BICYCLE VALLEY,,0
PTJPL,2011-03-01,1-027,1-027,BIG LAGOON AREA,BIG LAGOON AREA,58.589744,39
PTJPL,2011-03-01,8-007,8-007,BIG MEADOWS VALLEY,BIG MEADOWS VALLEY,,0
PTJPL,2011-03-01,1-045,1-045,BIG RIVER VALLEY,BIG RIVER VALLEY,,0
PTJPL,2011-03-01,3-047,3-047,BIG SPRING AREA,BIG SPRING AREA,79.418301,918
PTJPL,2011-03-01,5-015,5-015,BIG VALLEY,BIG VALLEY,72.919099,40321
PTJPL,2011-03-01,5-004,5-004,BIG VALLEY,BIG VALLEY,40.891632,156291
PTJPL,2011-03-01,3-030,3-030,BITTER WATER VALLEY,BITTER WATER VALLEY,81.263234,7575
PTJPL,2011-03-01,6-013,6-013,BLACK SPRINGS VALLEY,BLACK SPRINGS VALLEY,,0
PTJPL,2011-03-01,5-092,5-092,BLANCHARD VALLEY,BLANCHARD VALLEY,54.822124,1130
PTJPL,2011-03-01,1-057,1-057,BODEGA BAY AREA,BODEGA BAY AREA,70.019481,154
PTJPL,2011-03-01,7-024.01,7-024,BORREGO VALLEY,BORREGO VALLEY - BORREGO SPRINGS,76.998735,17397
PTJPL,2011-03-01,7-024.02,7-024,BORREGO VALLEY,BORREGO VALLEY - OCOTILLO WELLS,43.25,12
PTJPL,2011-03-01,1-039,1-039,BRANSCOMB TOWN AREA,BRANSCOMB TOWN AREA,,0
PTJPL,2011-03-01,1-017,1-017,BRAY TOWN AREA,BRAY TOWN AREA,43.915981,3523
PTJPL,2011-03-01,6-008,6-008,BRIDGEPORT VALLEY,BRIDGEPORT VALLEY,35.72395,11574
PTJPL,2011-03-01,7-008,7-008,BRISTOL VALLEY,BRISTOL VALLEY,35.771192,7963
PTJPL,2011-03-01,5-080,5-080,BRITE VALLEY,BRITE VALLEY,57.913142,1324
PTJPL,2011-03-01,6-032,6-032,BROADWELL VALLEY,BROADWELL VALLEY,,0
PTJPL,2011-03-01,6-076,6-076,BROWN MOUNTAIN VALLEY,BROWN MOUNTAIN VALLEY,,0
PTJPL,2011-03-01,7-054,7-054,BUCK RIDGE FAULT VALLEY,BUCK RIDGE FAULT VALLEY,,0
PTJPL,2011-03-01,6-101,6-101,BULL FLAT,BULL FLAT,35.5625,48
PTJPL,2011-03-01,5-048,5-048,BURNEY CREEK VALLEY,BURNEY CREEK VALLEY,47.042032,6852
PTJPL,2011-03-01,5-017,5-017,BURNS VALLEY,BURNS VALLEY,65.852364,1734
PTJPL,2011-03-01,5-051,5-051,BUTTE CREEK VALLEY,BUTTE CREEK VALLEY,,0
PTJPL,2011-03-01,1-003,1-003,BUTTE VALLEY,BUTTE VALLEY,39.738039,145598
PTJPL,2011-03-01,6-081,6-081,BUTTE VALLEY,BUTTE VALLEY,,0
PTJPL,2011-03-01,6-070,6-070,CACTUS FLAT,CACTUS FLAT,,0
PTJPL,2011-03-01,7-007,7-007,CADIZ VALLEY,CADIZ VALLEY,,0
PTJPL,2011-03-01,6-090,6-090,CADY FAULT AREA,CADY FAULT AREA,,0
PTJPL,2011-03-01,9-006,9-006,CAHUILLA VALLEY,CAHUILLA VALLEY,54.10512,6250
PTJPL,2011-03-01,6-079,6-079,CALIFORNIA VALLEY,CALIFORNIA VALLEY,,0
PTJPL,2011-03-01,7-041,7-041,CALZONA VALLEY,CALZONA VALLEY,,0
PTJPL,2011-03-01,6-061,6-061,CAMEO AREA,CAMEO AREA,,0
PTJPL,2011-03-01,9-028,9-028,CAMPO VALLEY,CAMPO VALLEY,71.706349,126
PTJPL,2011-03-01,7-046,7-046,CANEBRAKE VALLEY,CANEBRAKE VALLEY,,0
PTJPL,2011-03-01,3-007,3-007,CARMEL VALLEY,CARMEL VALLEY,66.550702,1282
PTJPL,2011-03-01,3-018,3-018,CARPINTERIA,CARPINTERIA,77.157457,13102
PTJPL,2011-03-01,3-019,3-019,CARRIZO PLAIN,CARRIZO PLAIN,76.334535,22739
PTJPL,2011-03-01,6-006,6-006,CARSON VALLEY,CARSON VALLEY,38.652344,10496
PTJPL,2011-03-01,5-029,5-029,CASTAC LAKE VALLEY,CASTAC LAKE VALLEY,66.667849,846
PTJPL,2011-03-01,2-008,2-008,CASTRO VALLEY,CASTRO VALLEY,,0
PTJPL,2011-03-01,6-038,6-038,CAVES CANYON VALLEY,CAVES CANYON VALLEY,,0
PTJPL,2011-03-01,5-045,5-045,CAYTON VALLEY,CAYTON VALLEY,54.286824,4250
PTJPL,2011-03-01,3-038,3-038,CAYUCOS VALLEY,CAYUCOS VALLEY,,0
PTJPL,2011-03-01,7-043,7-043,CHEMEHUEVI VALLEY,CHEMEHUEVI VALLEY,,0
PTJPL,2011-03-01,7-032,7-032,CHOCOLATE VALLEY,CHOCOLATE VALLEY,26.61194,67
PTJPL,2011-03-01,3-005,3-005,CHOLAME VALLEY,CHOLAME VALLEY,78.330737,17718
PTJPL,2011-03-01,3-042,3-042,CHORRO VALLEY,CHORRO VALLEY,78.074903,1295
PTJPL,2011-03-01,5-061,5-061,CHROME TOWN AREA,CHROME TOWN AREA,50.414873,511
PTJPL,2011-03-01,7-005,7-005,CHUCKWALLA VALLEY,CHUCKWALLA VALLEY,48.238705,4604
PTJPL,2011-03-01,2-005,2-005,CLAYTON VALLEY,CLAYTON VALLEY,48.131902,652
PTJPL,2011-03-01,5-066,5-066,CLEAR LAKE CACHE FORMATION,CLEAR LAKE CACHE FORMATION,66.580749,935
PTJPL,2011-03-01,5-058,5-058,CLOVER VALLEY,CLOVER VALLEY,49.647191,445
PTJPL,2011-03-01,7-021.03,7-021,COACHELLA VALLEY,COACHELLA VALLEY - DESERT HOT SPRINGS,76.776631,2713
PTJPL,2011-03-01,7-021.01,7-021,COACHELLA VALLEY,COACHELLA VALLEY - INDIO,80.500744,293745
PTJPL,2011-03-01,7-021.02,7-021,COACHELLA VALLEY,COACHELLA VALLEY - MISSION CREEK,75.234151,978
PTJPL,2011-03-01,7-021.04,7-021,COACHELLA VALLEY,COACHELLA VALLEY - SAN GORGONIO PASS,71.963483,356
PTJPL,2011-03-01,4-011.04,4-011,COASTAL PLAIN OF LOS ANGELES,COASTAL PLAIN OF LOS ANGELES - CENTRAL,87.95803,7005
PTJPL,2011-03-01,4-011.02,4-011,COASTAL PLAIN OF LOS ANGELES,COASTAL PLAIN OF LOS ANGELES - HOLLYWOOD,78.334365,323
PTJPL,2011-03-01,4-011.01,4-011,COASTAL PLAIN OF LOS ANGELES,COASTAL PLAIN OF LOS ANGELES - SANTA MONICA,78.241519,4186
PTJPL,2011-03-01,4-011.03,4-011,COASTAL PLAIN OF LOS ANGELES,COASTAL PLAIN OF LOS ANGELES - WEST COAST,86.312716,4058
PTJPL,2011-03-01,8-001,8-001,COASTAL PLAIN OF ORANGE COUNTY,COASTAL PLAIN OF ORANGE COUNTY,82.11931,23946
PTJPL,2011-03-01,9-033,9-033,COASTAL PLAIN OF SAN DIEGO,COASTAL PLAIN OF SAN DIEGO,100.60308,3507
PTJPL,2011-03-01,6-072,6-072,COLES FLAT,COLES FLAT,,0
PTJPL,2011-03-01,5-019,5-019,COLLAYOMI VALLEY,COLLAYOMI VALLEY,56.256697,3845
PTJPL,2011-03-01,7-055,7-055,COLLINS VALLEY,COLLINS VALLEY,,0
PTJPL,2011-03-01,4-010,4-010,CONEJO,CONEJO,73.692771,498
PTJPL,2011-03-01,7-011,7-011,COPPER MOUNTAIN VALLEY,COPPER MOUNTAIN VALLEY,,0
PTJPL,2011-03-01,3-002.01,3-002,CORRALITOS,CORRALITOS - PAJARO VALLEY,57.609916,107582
PTJPL,2011-03-01,3-002.02,3-002,CORRALITOS,CORRALITOS - PURISIMA HIGHLANDS,61.020785,433
PTJPL,2011-03-01,6-055,6-055,COSO VALLEY,COSO VALLEY,,0
PTJPL,2011-03-01,1-037,1-037,COTTONEVA CREEK VALLEY,COTTONEVA CREEK VALLEY,,0
PTJPL,2011-03-01,9-027,9-027,COTTONWOOD VALLEY,COTTONWOOD VALLEY,58.642857,70
PTJPL,2011-03-01,1-011,1-011,COVELO ROUND VALLEY,COVELO ROUND VALLEY,48.805282,36576
PTJPL,2011-03-01,6-091,6-091,COW HEAD LAKE VALLEY,COW HEAD LAKE VALLEY,45.052482,11261
PTJPL,2011-03-01,6-037,6-037,COYOTE LAKE VALLEY,COYOTE LAKE VALLEY,71.244856,972
PTJPL,2011-03-01,5-018,5-018,COYOTE VALLEY,COYOTE VALLEY,56.695592,6534
PTJPL,2011-03-01,7-029,7-029,COYOTE WELLS VALLEY,COYOTE WELLS VALLEY,26.5125,80
PTJPL,2011-03-01,6-035,6-035,CRONISE VALLEY,CRONISE VALLEY,,0
PTJPL,2011-03-01,6-050,6-050,CUDDEBACK VALLEY,CUDDEBACK VALLEY,,0
PTJPL,2011-03-01,5-082,5-082,CUDDY CANYON VALLEY,CUDDY CANYON VALLEY,,0
PTJPL,2011-03-01,5-083,5-083,CUDDY RANCH AREA,CUDDY RANCH AREA,,0
PTJPL,2011-03-01,5-084,5-084,CUDDY VALLEY,CUDDY VALLEY,61.3125,16
PTJPL,2011-03-01,5-027,5-027,CUMMINGS VALLEY,CUMMINGS VALLEY,56.556908,11422
PTJPL,2011-03-01,3-013,3-013,CUYAMA VALLEY,CUYAMA VALLEY,65.139738,153773
PTJPL,2011-03-01,7-009,7-009,DALE VALLEY,DALE VALLEY,20.407895,152
PTJPL,2011-03-01,6-057,6-057,DARWIN VALLEY,DARWIN VALLEY,,0
PTJPL,2011-03-01,7-061,7-061,DAVIES VALLEY,DAVIES VALLEY,,0
PTJPL,2011-03-01,7-013.01,7-013,DEADMAN VALLEY,DEADMAN VALLEY - DEADMAN LAKE,,0
PTJPL,2011-03-01,7-013.02,7-013,DEADMAN VALLEY,DEADMAN VALLEY - SURPRISE SPRING,,0
PTJPL,2011-03-01,6-018,6-018,DEATH VALLEY,DEATH VALLEY,38.166667,18
PTJPL,2011-03-01,6-015,6-015,DEEP SPRINGS VALLEY,DEEP SPRINGS VALLEY,40.061417,635
PTJPL,2011-03-01,6-078,6-078,DENNING SPRING VALLEY,DENNING SPRING VALLEY,,0
PTJPL,2011-03-01,1-034,1-034,DINSMORES TOWN AREA,DINSMORES TOWN AREA,37.732558,86
PTJPL,2011-03-01,5-053,5-053,DIXIE VALLEY,DIXIE VALLEY,38.91586,11255
PTJPL,2011-03-01,2-040,2-040,DOWNTOWN,DOWNTOWN,,0
PTJPL,2011-03-01,5-049,5-049,DRY BURNEY CREEK VALLEY,DRY BURNEY CREEK VALLEY,,0
PTJPL,2011-03-01,3-029,3-029,DRY LAKE VALLEY,DRY LAKE VALLEY,64.927063,521
PTJPL,2011-03-01,6-095,6-095,DRY VALLEY,DRY VALLEY,,0
PTJPL,2011-03-01,6-096,6-096,EAGLE LAKE AREA,EAGLE LAKE AREA,,0
PTJPL,2011-03-01,7-033,7-033,EAST SALTON SEA,EAST SALTON SEA,66.044533,40262
PTJPL,2011-03-01,1-044,1-044,EDEN VALLEY,EDEN VALLEY,44.958283,1654
PTJPL,2011-03-01,1-010,1-010,EEL RIVER VALLEY,EEL RIVER VALLEY,33.688135,50525
PTJPL,2011-03-01,5-041,5-041,EGG LAKE VALLEY,EGG LAKE VALLEY,,0
PTJPL,2011-03-01,9-016,9-016,EL CAJON VALLEY,EL CAJON VALLEY,88.83871,31
PTJPL,2011-03-01,6-043,6-043,EL MIRAGE VALLEY,EL MIRAGE VALLEY,68.625195,3207
PTJPL,2011-03-01,5-062,5-062,ELK CREEK AREA,ELK CREEK AREA,54.20979,143
PTJPL,2011-03-01,8-004.02,8-004,ELSINORE,ELSINORE - BEDFORD-COLDWATER,79.036269,1158
PTJPL,2011-03-01,8-004.01,8-004,ELSINORE,ELSINORE - ELSINORE VALLEY,76.35514,107
PTJPL,2011-03-01,9-009,9-009,ESCONDIDO VALLEY,ESCONDIDO VALLEY,83.235294,34
PTJPL,2011-03-01,1-009,1-009,EUREKA PLAIN,EUREKA PLAIN,36.292526,19147
PTJPL,2011-03-01,6-016,6-016,EUREKA VALLEY,EUREKA VALLEY,,0
PTJPL,2011-03-01,1-022,1-022,FAIRCHILD SWAMP VALLEY,FAIRCHILD SWAMP VALLEY,,0
PTJPL,2011-03-01,5-005,5-005,FALL RIVER VALLEY,FALL RIVER VALLEY,48.108187,127991
PTJPL,2011-03-01,7-002,7-002,FENNER VALLEY,FENNER VALLEY,,0
PTJPL,2011-03-01,6-014,6-014,FISH LAKE VALLEY,FISH LAKE VALLEY,37.475384,14340
PTJPL,2011-03-01,3-053,3-053,FOOTHILL,FOOTHILL,87.342857,35
PTJPL,2011-03-01,1-021,1-021,FORT BRAGG TERRACE AREA,FORT BRAGG TERRACE AREA,44.06149,9530
PTJPL,2011-03-01,1-061,1-061,FORT ROSS TERRACE DEPOSITS,FORT ROSS TERRACE DEPOSITS,53.165274,1077
PTJPL,2011-03-01,6-046,6-046,FREMONT VALLEY,FREMONT VALLEY,64.227296,1949
PTJPL,2011-03-01,5-090,5-090,FUNKS CREEK,FUNKS CREEK,60.046675,3278
PTJPL,2011-03-01,1-032,1-032,GARBERVILLE TOWN AREA,GARBERVILLE TOWN AREA,42.94403,536
PTJPL,2011-03-01,1-020,1-020,GARCIA RIVER VALLEY,GARCIA RIVER VALLEY,42.668817,2790
PTJPL,2011-03-01,3-003.01,3-003,GILROY-HOLLISTER VALLEY,GILROY-HOLLISTER VALLEY - LLAGAS AREA,65.440648,76653
PTJPL,2011-03-01,3-003.05,3-003,GILROY-HOLLISTER VALLEY,GILROY-HOLLISTER VALLEY - NORTH SAN BENITO,68.18173,195075
PTJPL,2011-03-01,6-085,6-085,GOLD VALLEY,GOLD VALLEY,,0
PTJPL,2011-03-01,6-048,6-048,GOLDSTONE VALLEY,GOLDSTONE VALLEY,,0
PTJPL,2011-03-01,3-016,3-016,GOLETA,GOLETA,84.094188,3355
PTJPL,2011-03-01,5-001.02,5-001,GOOSE LAKE,GOOSE LAKE - FANDANGO VALLEY,41.62584,28437
PTJPL,2011-03-01,5-001.01,5-001,GOOSE LAKE,GOOSE LAKE - GOOSE VALLEY,35.673716,47661
PTJPL,2011-03-01,5-047,5-047,GOOSE VALLEY,GOOSE VALLEY,50.51805,15180
PTJPL,2011-03-01,6-077,6-077,GRASS VALLEY,GRASS VALLEY,,0
PTJPL,2011-03-01,6-094,6-094,GRASSHOPPER VALLEY,GRASSHOPPER VALLEY,36.892857,3080
PTJPL,2011-03-01,1-048,1-048,GRAVELLY VALLEY,GRAVELLY VALLEY,,0
PTJPL,2011-03-01,5-052,5-052,GRAYS VALLEY,GRAYS VALLEY,,0
PTJPL,2011-03-01,6-084,6-084,GREENWATER VALLEY,GREENWATER VALLEY,,0
PTJPL,2011-03-01,5-059,5-059,GRIZZLY VALLEY,GRIZZLY VALLEY,,0
PTJPL,2011-03-01,2-022,2-022,HALF MOON BAY TERRACE,HALF MOON BAY TERRACE,55.648499,8128
PTJPL,2011-03-01,1-015,1-015,HAPPY CAMP TOWN AREA,HAPPY CAMP TOWN AREA,51.244681,94
PTJPL,2011-03-01,6-047,6-047,HARPER VALLEY,HARPER VALLEY,71.515553,5658
PTJPL,2011-03-01,6-074,6-074,HARRISBURG FLATS,HARRISBURG FLATS,,0
PTJPL,2011-03-01,6-093,6-093,HARVEY VALLEY,HARVEY VALLEY,,0
PTJPL,2011-03-01,1-006,1-006,HAYFORK VALLEY,HAYFORK VALLEY,46.299518,3115
PTJPL,2011-03-01,7-048,7-048,HELENDALE FAULT VALLEY,HELENDALE FAULT VALLEY,,0
PTJPL,2011-03-01,8-006,8-006,HEMET LAKE VALLEY,HEMET LAKE VALLEY,,0
PTJPL,2011-03-01,3-031,3-031,HERNANDEZ VALLEY,HERNANDEZ VALLEY,76.069409,389
PTJPL,2011-03-01,1-036,1-036,HETTENSHAW VALLEY,HETTENSHAW VALLEY,27.35664,1988
PTJPL,2011-03-01,7-053,7-053,HEXIE MOUNTAIN AREA,HEXIE MOUNTAIN AREA,,0
PTJPL,2011-03-01,6-063,6-063,HIDDEN VALLEY,HIDDEN VALLEY,,0
PTJPL,2011-03-01,4-016,4-016,HIDDEN VALLEY,HIDDEN VALLEY,75.344837,3767
PTJPL,2011-03-01,5-016,5-016,HIGH VALLEY,HIGH VALLEY,60.243438,2781
PTJPL,2011-03-01,6-004,6-004,HONEY LAKE VALLEY,HONEY LAKE VALLEY,47.601389,187802
PTJPL,2011-03-01,1-029,1-029,HONEYDEW TOWN AREA,HONEYDEW TOWN AREA,36.171376,1097
PTJPL,2011-03-01,1-007,1-007,HOOPA VALLEY,HOOPA VALLEY,48.910053,378
PTJPL,2011-03-01,6-097,6-097,HORSE LAKE VALLEY,HORSE LAKE VALLEY,38.349125,3314
PTJPL,2011-03-01,5-040,5-040,HOT SPRINGS VALLEY,HOT SPRINGS VALLEY,49.199326,3266
PTJPL,2011-03-01,3-045,3-045,HUASNA VALLEY,HUASNA VALLEY,87.17142,3366
PTJPL,2011-03-01,5-060,5-060,HUMBUG VALLEY,HUMBUG VALLEY,47.162866,614
PTJPL,2011-03-01,4-018,4-018,HUNGRY VALLEY,HUNGRY VALLEY,,0
PTJPL,2011-03-01,1-035,1-035,HYAMPOM VALLEY,HYAMPOM VALLEY,49.845238,504
PTJPL,2011-03-01,7-030,7-030,IMPERIAL VALLEY,IMPERIAL VALLEY,102.841128,1787557
PTJPL,2011-03-01,5-009,5-009,INDIAN VALLEY,INDIAN VALLEY,51.352505,43242
PTJPL,2011-03-01,6-054,6-054,INDIAN WELLS VALLEY,INDIAN WELLS VALLEY,69.372332,14616
PTJPL,2011-03-01,7-050,7-050,IRON RIDGE AREA,IRON RIDGE AREA,,0
PTJPL,2011-03-01,2-033,2-033,ISLAIS VALLEY,ISLAIS VALLEY,,0
PTJPL,2011-03-01,6-030,6-030,IVANPAH VALLEY,IVANPAH VALLEY,60.283224,918
PTJPL,2011-03-01,7-047,7-047,JACUMBA VALLEY,JACUMBA VALLEY,,0
PTJPL,2011-03-01,5-003,5-003,JESS VALLEY,JESS VALLEY,29.425956,15018
PTJPL,2011-03-01,7-018.01,7-018,JOHNSON VALLEY,JOHNSON VALLEY - SOGGY LAKE,25.583333,60
PTJPL,2011-03-01,7-018.02,7-018,JOHNSON VALLEY,JOHNSON VALLEY - UPPER JOHNSON VALLEY,,0
PTJPL,2011-03-01,5-086,5-086,JOSEPH CREEK,JOSEPH CREEK,30.25359,3900
PTJPL,2011-03-01,7-062,7-062,JOSHUA TREE,JOSHUA TREE,,0
PTJPL,2011-03-01,6-089,6-089,KANE WASH AREA,KANE WASH AREA,,0
PTJPL,2011-03-01,6-069,6-069,KELSO LANDER VALLEY,KELSO LANDER VALLEY,,0
PTJPL,2011-03-01,6-031,6-031,KELSO VALLEY,KELSO VALLEY,,0
PTJPL,2011-03-01,2-019,2-019,KENWOOD VALLEY,KENWOOD VALLEY,59.854776,5674
PTJPL,2011-03-01,5-025,5-025,KERN RIVER VALLEY,KERN RIVER VALLEY,66.278238,15077
PTJPL,2011-03-01,1-002.02,1-002,KLAMATH RIVER VALLEY,KLAMATH RIVER VALLEY - LOWER KLAMATH,44.152524,92582
PTJPL,2011-03-01,1-002.01,1-002,KLAMATH RIVER VALLEY,KLAMATH RIVER VALLEY - TULELAKE,38.80311,267621
PTJPL,2011-03-01,1-050,1-050,KNIGHTS VALLEY,KNIGHTS VALLEY,64.230948,7322
PTJPL,2011-03-01,5-007,5-007,LAKE ALMANOR VALLEY,LAKE ALMANOR VALLEY,23.0,1
PTJPL,2011-03-01,5-046,5-046,LAKE BRITTON AREA,LAKE BRITTON AREA,45.301587,441
PTJPL,2011-03-01,7-001,7-001,LANFAIR VALLEY,LANFAIR VALLEY,,0
PTJPL,2011-03-01,6-036.02,6-036,LANGFORD VALLEY,LANGFORD VALLEY - IRWIN,,0
PTJPL,2011-03-01,6-036.01,6-036,LANGFORD VALLEY,LANGFORD VALLEY - LANGFORD WELL LAKE,,0
PTJPL,2011-03-01,1-033,1-033,LARABEE VALLEY,LARABEE VALLEY,43.440758,211
PTJPL,2011-03-01,4-008,4-008,LAS POSAS VALLEY,LAS POSAS VALLEY,79.609182,90830
PTJPL,2011-03-01,5-057,5-057,LAST CHANCE CREEK VALLEY,LAST CHANCE CREEK VALLEY,,0
PTJPL,2011-03-01,7-014,7-014,LAVIC VALLEY,LAVIC VALLEY,,0
PTJPL,2011-03-01,1-012,1-012,LAYTONVILLE VALLEY,LAYTONVILLE VALLEY,38.784333,5017
PTJPL,2011-03-01,6-027,6-027,LEACH VALLEY,LEACH VALLEY,,0
PTJPL,2011-03-01,6-066,6-066,LEE FLAT,LEE FLAT,,0
PTJPL,2011-03-01,6-106,6-106,LITTLE ANTELOPE VALLEY,LITTLE ANTELOPE VALLEY,29.688901,1829
PTJPL,2011-03-01,5-065,5-065,LITTLE INDIAN VALLEY,LITTLE INDIAN VALLEY,57.944444,18
PTJPL,2011-03-01,1-013,1-013,LITTLE LAKE VALLEY,LITTLE LAKE VALLEY,44.106531,16230
PTJPL,2011-03-01,1-041,1-041,LITTLE VALLEY,LITTLE VALLEY,58.885794,718
PTJPL,2011-03-01,2-010,2-010,LIVERMORE VALLEY,LIVERMORE VALLEY,52.738429,27289
PTJPL,2011-03-01,2-038,2-038,LOBOS,LOBOS,69.120766,679
PTJPL,2011-03-01,3-006,3-006,LOCKWOOD VALLEY,LOCKWOOD VALLEY,90.56945,22966
PTJPL,2011-03-01,4-017,4-017,LOCKWOOD VALLEY,LOCKWOOD VALLEY,45.266667,120
PTJPL,2011-03-01,6-011,6-011,LONG VALLEY,LONG VALLEY,37.081749,526
PTJPL,2011-03-01,5-044,5-044,LONG VALLEY,LONG VALLEY,,0
PTJPL,2011-03-01,6-104,6-104,LONG VALLEY,LONG VALLEY,48.110374,6478
PTJPL,2011-03-01,5-031,5-031,LONG VALLEY,LONG VALLEY,62.743656,2719
PTJPL,2011-03-01,5-070,5-070,LOS BANOS CREEK VALLEY,LOS BANOS CREEK VALLEY,,0
PTJPL,2011-03-01,3-008.01,3-008,LOS OSOS VALLEY,LOS OSOS VALLEY - LOS OSOS AREA,81.311415,1901
PTJPL,2011-03-01,3-008.02,3-008,LOS OSOS VALLEY,LOS OSOS VALLEY - WARDEN CREEK,88.065171,4235
PTJPL,2011-03-01,7-051,7-051,LOST HORSE VALLEY,LOST HORSE VALLEY,,0
PTJPL,2011-03-01,6-071,6-071,LOST LAKE VALLEY,LOST LAKE VALLEY,,0
PTJPL,2011-03-01,6-021,6-021,LOWER KINGSTON VALLEY,LOWER KINGSTON VALLEY,,0
PTJPL,2011-03-01,1-014,1-014,LOWER KLAMATH RIVER VALLEY,LOWER KLAMATH RIVER VALLEY,42.310571,1069
PTJPL,2011-03-01,5-030,5-030,LOWER LAKE VALLEY,LOWER LAKE VALLEY,66.358162,631
PTJPL,2011-03-01,1-038,1-038,LOWER LAYTONVILLE VALLEY,LOWER LAYTONVILLE VALLEY,42.565012,423
PTJPL,2011-03-01,6-040,6-040,LOWER MOJAVE RIVER VALLEY,LOWER MOJAVE RIVER VALLEY,105.878906,17375
PTJPL,2011-03-01,1-060,1-060,LOWER RUSSIAN RIVER VALLEY,LOWER RUSSIAN RIVER VALLEY,69.984779,5453
PTJPL,2011-03-01,7-019,7-019,LUCERNE VALLEY,LUCERNE VALLEY,49.813993,9962
PTJPL,2011-03-01,1-008.02,1-008,MAD RIVER VALLEY,MAD RIVER VALLEY - DOWS PRAIRIE SCHOOL AREA,35.748916,3461
PTJPL,2011-03-01,1-008.01,1-008,MAD RIVER VALLEY,MAD RIVER VALLEY - MAD RIVER LOWLAND,36.020477,19241
PTJPL,2011-03-01,6-002,6-002,MADELINE PLAINS,MADELINE PLAINS,31.994091,85297
PTJPL,2011-03-01,3-051,3-051,MAJORS CREEK,MAJORS CREEK,61.139568,695
PTJPL,2011-03-01,4-022,4-022,MALIBU VALLEY,MALIBU VALLEY,68.825,40
PTJPL,2011-03-01,6-064,6-064,MARBLE CANYON AREA,MARBLE CANYON AREA,,0
PTJPL,2011-03-01,2-039,2-039,MARINA,MARINA,,0
PTJPL,2011-03-01,6-067,6-067,MARTIS VALLEY,MARTIS VALLEY,27.333333,3
PTJPL,2011-03-01,7-059,7-059,MASON VALLEY,MASON VALLEY,,0
PTJPL,2011-03-01,1-028,1-028,MATTOLE RIVER VALLEY,MATTOLE RIVER VALLEY,35.980347,1730
PTJPL,2011-03-01,5-035,5-035,MCCLOUD AREA,MCCLOUD AREA,67.5,2
PTJPL,2011-03-01,5-095,5-095,MEADOW VALLEY,MEADOW VALLEY,36.764706,102
PTJPL,2011-03-01,7-017,7-017,MEANS VALLEY,MEANS VALLEY,28.666667,42
PTJPL,2011-03-01,6-029,6-029,MESQUITE VALLEY,MESQUITE VALLEY,70.934202,9058
PTJPL,2011-03-01,6-020,6-020,MIDDLE AMARGOSA VALLEY,MIDDLE AMARGOSA VALLEY,114.541284,109
PTJPL,2011-03-01,5-094,5-094,MIDDLE CREEK,MIDDLE CREEK,61.777778,135
PTJPL,2011-03-01,5-087,5-087,MIDDLE FORK FEATHER RIVER,MIDDLE FORK FEATHER RIVER,39.574468,470
PTJPL,2011-03-01,6-041,6-041,MIDDLE MOJAVE RIVER VALLEY,MIDDLE MOJAVE RIVER VALLEY,104.925337,3268
PTJPL,2011-03-01,6-080,6-080,MIDDLE PARK CANYON,MIDDLE PARK CANYON,,0
PTJPL,2011-03-01,5-085,5-085,MIL POTRERO AREA,MIL POTRERO AREA,59.741071,112
PTJPL,2011-03-01,9-014,9-014,MISSION VALLEY,MISSION VALLEY,104.594692,829
PTJPL,2011-03-01,5-011,5-011,MOHAWK VALLEY,MOHAWK VALLEY,45.443689,6180
PTJPL,2011-03-01,6-009,6-009,MONO VALLEY,MONO VALLEY,36.408696,230
PTJPL,2011-03-01,3-049,3-049,MONTECITO,MONTECITO,77.862369,1722
PTJPL,2011-03-01,7-020,7-020,MORONGO VALLEY,MORONGO VALLEY,49.285714,21
PTJPL,2011-03-01,3-041,3-041,MORRO VALLEY,MORRO VALLEY,79.248187,1241
PTJPL,2011-03-01,5-008,5-008,MOUNTAIN MEADOWS VALLEY,MOUNTAIN MEADOWS VALLEY,37.515864,3656
PTJPL,2011-03-01,1-056,1-056,McDOWELL VALLEY,McDOWELL VALLEY,64.858776,2712
PTJPL,2011-03-01,2-002.01,2-002,NAPA-SONOMA VALLEY,NAPA-SONOMA VALLEY - NAPA VALLEY,72.783416,90773
PTJPL,2011-03-01,2-002.03,2-002,NAPA-SONOMA VALLEY,NAPA-SONOMA VALLEY - NAPA-SONOMA LOWLANDS,75.058711,20950
PTJPL,2011-03-01,2-002.02,2-002,NAPA-SONOMA VALLEY,NAPA-SONOMA VALLEY - SONOMA VALLEY,70.913381,79913
PTJPL,2011-03-01,1-046,1-046,NAVARRO RIVER VALLEY,NAVARRO RIVER VALLEY,,0
PTJPL,2011-03-01,3-052,3-052,NEEDLE ROCK POINT,NEEDLE ROCK POINT,62.527599,1395
PTJPL,2011-03-01,7-044,7-044,NEEDLES VALLEY,NEEDLES VALLEY,92.785388,16397
PTJPL,2011-03-01,5-050,5-050,NORTH FORK BATTLE CREEK,NORTH FORK BATTLE CREEK,39.520849,2686
PTJPL,2011-03-01,2-030,2-030,NOVATO VALLEY,NOVATO VALLEY,72.250274,14596
PTJPL,2011-03-01,7-025,7-025,OCOTILLO-CLARK VALLEY,OCOTILLO-CLARK VALLEY,89.88864,37509
PTJPL,2011-03-01,7-035,7-035,OGILBY VALLEY,OGILBY VALLEY,22.07328,3357
PTJPL,2011-03-01,4-002,4-002,OJAI VALLEY,OJAI VALLEY,86.807334,9327
PTJPL,2011-03-01,3-039,3-039,OLD VALLEY,OLD VALLEY,81.034146,205
PTJPL,2011-03-01,6-108,6-108,OLYMPIC VALLEY,OLYMPIC VALLEY,,0
PTJPL,2011-03-01,7-031,7-031,OROCOPIA VALLEY,OROCOPIA VALLEY,30.602484,161
PTJPL,2011-03-01,6-012.02,6-012,OWENS VALLEY,OWENS VALLEY - FISH SLOUGH,,0
PTJPL,2011-03-01,6-012.01,6-012,OWENS VALLEY,OWENS VALLEY - OWENS VALLEY,51.510755,93070
PTJPL,2011-03-01,6-088,6-088,OWL LAKE VALLEY,OWL LAKE VALLEY,,0
PTJPL,2011-03-01,6-028,6-028,PAHRUMP VALLEY,PAHRUMP VALLEY,,0
PTJPL,2011-03-01,6-099,6-099,PAINTERS FLAT,PAINTERS FLAT,37.600948,1055
PTJPL,2011-03-01,7-039,7-039,PALO VERDE MESA,PALO VERDE MESA,68.644016,161308
PTJPL,2011-03-01,7-038,7-038,PALO VERDE VALLEY,PALO VERDE VALLEY,68.66778,224174
PTJPL,2011-03-01,9-024,9-024,PAMO VALLEY,PAMO VALLEY,,0
PTJPL,2011-03-01,6-058,6-058,PANAMINT VALLEY,PANAMINT VALLEY,,0
PTJPL,2011-03-01,5-023,5-023,PANOCHE VALLEY,PANOCHE VALLEY,80.763988,1966
PTJPL,2011-03-01,3-032,3-032,PEACH TREE VALLEY,PEACH TREE VALLEY,75.664038,1268
PTJPL,2011-03-01,1-030,1-030,PEPPERWOOD TOWN AREA,PEPPERWOOD TOWN AREA,37.712598,1524
PTJPL,2011-03-01,2-026,2-026,PESCADERO VALLEY,PESCADERO VALLEY,55.85389,2108
PTJPL,2011-03-01,2-001,2-001,PETALUMA VALLEY,PETALUMA VALLEY,68.346713,43448
PTJPL,2011-03-01,6-051,6-051,PILOT KNOB VALLEY,PILOT KNOB VALLEY,,0
PTJPL,2011-03-01,6-092,6-092,PINE CREEK VALLEY,PINE CREEK VALLEY,,0
PTJPL,2011-03-01,7-006,7-006,PINTO VALLEY,PINTO VALLEY,,0
PTJPL,2011-03-01,7-049,7-049,PIPES CANYON FAULT VALLEY,PIPES CANYON FAULT VALLEY,,0
PTJPL,2011-03-01,2-004,2-004,PITTSBURG PLAIN,PITTSBURG PLAIN,,0
PTJPL,2011-03-01,7-045,7-045,PIUTE VALLEY,PIUTE VALLEY,,0
PTJPL,2011-03-01,7-052,7-052,PLEASANT VALLEY,PLEASANT VALLEY,,0
PTJPL,2011-03-01,4-006,4-006,PLEASANT VALLEY,PLEASANT VALLEY,67.868267,33196
PTJPL,2011-03-01,5-038,5-038,PONDOSA TOWN AREA,PONDOSA TOWN AREA,,0
PTJPL,2011-03-01,5-068,5-068,POPE VALLEY,POPE VALLEY,65.034205,12659
PTJPL,2011-03-01,9-029,9-029,POTRERO VALLEY,POTRERO VALLEY,73.967655,371
PTJPL,2011-03-01,1-051,1-051,POTTER VALLEY,POTTER VALLEY,59.430962,20554
PTJPL,2011-03-01,9-013,9-013,POWAY VALLEY,POWAY VALLEY,,0
PTJPL,2011-03-01,3-044,3-044,POZO VALLEY,POZO VALLEY,77.345006,2713
PTJPL,2011-03-01,1-025,1-025,PRAIRIE CREEK AREA,PRAIRIE CREEK AREA,,0
PTJPL,2011-03-01,7-040,7-040,QUIEN SABE POINT VALLEY,QUIEN SABE POINT VALLEY,94.470339,708
PTJPL,2011-03-01,3-024,3-024,QUIEN SABE VALLEY,QUIEN SABE VALLEY,65.626118,11402
PTJPL,2011-03-01,6-062,6-062,RACE TRACK VALLEY,RACE TRACK VALLEY,,0
PTJPL,2011-03-01,3-046,3-046,RAFAEL VALLEY,RAFAEL VALLEY,73.0,1
PTJPL,2011-03-01,9-025,9-025,RANCHITA TOWN AREA,RANCHITA TOWN AREA,51.272727,44
PTJPL,2011-03-01,4-023,4-023,RAYMOND,RAYMOND,65.452533,1717
PTJPL,2011-03-01,6-024,6-024,RED PASS VALLEY,RED PASS VALLEY,,0
PTJPL,2011-03-01,1-018,1-018,RED ROCK VALLEY,RED ROCK VALLEY,41.360586,22677
PTJPL,2011-03-01,5-006.03,5-006,REDDING AREA,REDDING AREA - ANDERSON,53.683989,42951
PTJPL,2011-03-01,5-006.01,5-006,REDDING AREA,REDDING AREA - BOWMAN,53.013393,18219
PTJPL,2011-03-01,5-006.04,5-006,REDDING AREA,REDDING AREA - ENTERPRISE,54.249511,22476
PTJPL,2011-03-01,5-006.05,5-006,REDDING AREA,REDDING AREA - MILLVILLE,55.883726,9082
PTJPL,2011-03-01,5-006.06,5-006,REDDING AREA,REDDING AREA - SOUTH BATTLE CREEK,56.339013,7982
PTJPL,2011-03-01,1-026,1-026,REDWOOD CREEK AREA,REDWOOD CREEK AREA,,0
PTJPL,2011-03-01,6-086,6-086,RHODES HILL AREA,RHODES HILL AREA,,0
PTJPL,2011-03-01,7-004,7-004,RICE VALLEY,RICE VALLEY,84.279483,619
PTJPL,2011-03-01,6-023,6-023,RIGGS VALLEY,RIGGS VALLEY,,0
PTJPL,2011-03-01,3-043,3-043,RINCONADA VALLEY,RINCONADA VALLEY,81.998624,2907
PTJPL,2011-03-01,5-043,5-043,ROCK PRAIRIE VALLEY,ROCK PRAIRIE VALLEY,,0
PTJPL,2011-03-01,6-056,6-056,ROSE VALLEY,ROSE VALLEY,,0
PTJPL,2011-03-01,2-028,2-028,ROSS VALLEY,ROSS VALLEY,,0
PTJPL,2011-03-01,5-036,5-036,ROUND VALLEY,ROUND VALLEY,34.267887,14312
PTJPL,2011-03-01,4-020,4-020,RUSSELL VALLEY,RUSSELL VALLEY,68.374046,131
PTJPL,2011-03-01,5-021.54,5-021,SACRAMENTO VALLEY,SACRAMENTO VALLEY - ANTELOPE,56.097668,37689
PTJPL,2011-03-01,5-021.53,5-021,SACRAMENTO VALLEY,SACRAMENTO VALLEY - BEND,54.034338,2621
PTJPL,2011-03-01,5-021.70,5-021,SACRAMENTO VALLEY,SACRAMENTO VALLEY - BUTTE,45.090724,756369
PTJPL,2011-03-01,5-021.52,5-021,SACRAMENTO VALLEY,SACRAMENTO VALLEY - COLUSA,56.864309,2151425
PTJPL,2011-03-01,5-021.51,5-021,SACRAMENTO VALLEY,SACRAMENTO VALLEY - CORNING,60.935242,348885
PTJPL,2011-03-01,5-021.56,5-021,SACRAMENTO VALLEY,SACRAMENTO VALLEY - LOS MOLINOS,59.248263,77700
PTJPL,2011-03-01,5-021.64,5-021,SACRAMENTO VALLEY,SACRAMENTO VALLEY - NORTH AMERICAN,52.048091,536342
PTJPL,2011-03-01,5-021.60,5-021,SACRAMENTO VALLEY,SACRAMENTO VALLEY - NORTH YUBA,43.85632,171423
PTJPL,2011-03-01,5-021.50,5-021,SACRAMENTO VALLEY,SACRAMENTO VALLEY - RED BLUFF,56.94221,175098
PTJPL,2011-03-01,5-021.66,5-021,SACRAMENTO VALLEY,SACRAMENTO VALLEY - SOLANO,58.085853,889469
PTJPL,2011-03-01,5-021.65,5-021,SACRAMENTO VALLEY,SACRAMENTO VALLEY - SOUTH AMERICAN,62.494804,236342
PTJPL,2011-03-01,5-021.61,5-021,SACRAMENTO VALLEY,SACRAMENTO VALLEY - SOUTH YUBA,48.622804,211598
PTJPL,2011-03-01,5-021.62,5-021,SACRAMENTO VALLEY,SACRAMENTO VALLEY - SUTTER,44.104762,836827
PTJPL,2011-03-01,5-021.57,5-021,SACRAMENTO VALLEY,SACRAMENTO VALLEY - VINA,52.819522,354082
PTJPL,2011-03-01,5-021.69,5-021,SACRAMENTO VALLEY,SACRAMENTO VALLEY - WYANDOTTE CREEK,44.390554,72218
PTJPL,2011-03-01,5-021.67,5-021,SACRAMENTO VALLEY,SACRAMENTO VALLEY - YOLO,50.680066,1386806
PTJPL,2011-03-01,3-004.01,3-004,SALINAS VALLEY,SALINAS VALLEY - 180/400 FOOT AQUIFER,68.291095,244195
PTJPL,2011-03-01,3-004.11,3-004,SALINAS VALLEY,SALINAS VALLEY - ATASCADERO AREA,84.778177,24488
PTJPL,2011-03-01,3-004.02,3-004,SALINAS VALLEY,SALINAS VALLEY - EAST SIDE AQUIFER,68.916425,155489
PTJPL,2011-03-01,3-004.04,3-004,SALINAS VALLEY,SALINAS VALLEY - FOREBAY AQUIFER,81.10704,261892
PTJPL,2011-03-01,3-004.09,3-004,SALINAS VALLEY,SALINAS VALLEY - LANGLEY AREA,62.952809,8349
PTJPL,2011-03-01,3-004.10,3-004,SALINAS VALLEY,SALINAS VALLEY - MONTEREY,64.286515,3033
PTJPL,2011-03-01,3-004.06,3-004,SALINAS VALLEY,SALINAS VALLEY - PASO ROBLES AREA,82.489531,339439
PTJPL,2011-03-01,3-004.08,3-004,SALINAS VALLEY,SALINAS VALLEY - SEASIDE,70.576385,1643
PTJPL,2011-03-01,3-004.05,3-004,SALINAS VALLEY,SALINAS VALLEY - UPPER VALLEY AQUIFER,91.521776,280038
PTJPL,2011-03-01,6-017,6-017,SALINE VALLEY,SALINE VALLEY,,0
PTJPL,2011-03-01,6-053,6-053,SALT WELLS VALLEY,SALT WELLS VALLEY,,0
PTJPL,2011-03-01,3-014,3-014,SAN ANTONIO CREEK VALLEY,SAN ANTONIO CREEK VALLEY,92.442677,63229
PTJPL,2011-03-01,3-028,3-028,SAN BENITO RIVER VALLEY,SAN BENITO RIVER VALLEY,77.84199,4101
PTJPL,2011-03-01,3-033,3-033,SAN CARPOFORO VALLEY,SAN CARPOFORO VALLEY,,0
PTJPL,2011-03-01,9-015,9-015,SAN DIEGO RIVER VALLEY,SAN DIEGO RIVER VALLEY,93.091308,1139
PTJPL,2011-03-01,9-012,9-012,SAN DIEGUITO CREEK,SAN DIEGUITO CREEK,102.722981,1610
PTJPL,2011-03-01,9-023,9-023,SAN ELIJO VALLEY,SAN ELIJO VALLEY,94.24,25
PTJPL,2011-03-01,7-027,7-027,SAN FELIPE VALLEY,SAN FELIPE VALLEY,50.081081,74
PTJPL,2011-03-01,4-012,4-012,SAN FERNANDO VALLEY,SAN FERNANDO VALLEY,71.69114,8431
PTJPL,2011-03-01,4-013,4-013,SAN GABRIEL VALLEY,SAN GABRIEL VALLEY,69.748222,9139
PTJPL,2011-03-01,2-024,2-024,SAN GREGORIO VALLEY,SAN GREGORIO VALLEY,57.687039,949
PTJPL,2011-03-01,8-005,8-005,SAN JACINTO,SAN JACINTO,88.640356,135431
PTJPL,2011-03-01,5-022.05,5-022,SAN JOAQUIN VALLEY,SAN JOAQUIN VALLEY - CHOWCHILLA,84.458548,545797
PTJPL,2011-03-01,5-022.16,5-022,SAN JOAQUIN VALLEY,SAN JOAQUIN VALLEY - COSUMNES,64.361293,250810
PTJPL,2011-03-01,5-022.07,5-022,SAN JOAQUIN VALLEY,SAN JOAQUIN VALLEY - DELTA-MENDOTA,87.255133,2031736
PTJPL,2011-03-01,5-022.19,5-022,SAN JOAQUIN VALLEY,SAN JOAQUIN VALLEY - EAST CONTRA COSTA,58.133327,157192
PTJPL,2011-03-01,5-022.01,5-022,SAN JOAQUIN VALLEY,SAN JOAQUIN VALLEY - EASTERN SAN JOAQUIN,68.579413,1839436
PTJPL,2011-03-01,5-022.11,5-022,SAN JOAQUIN VALLEY,SAN JOAQUIN VALLEY - KAWEAH,85.846879,1382759
PTJPL,2011-03-01,5-022.14,5-022,SAN JOAQUIN VALLEY,SAN JOAQUIN VALLEY - KERN COUNTY,82.53994,3704879
PTJPL,2011-03-01,5-022.17,5-022,SAN JOAQUIN VALLEY,SAN JOAQUIN VALLEY - KETTLEMAN PLAIN,76.132035,135911
PTJPL,2011-03-01,5-022.08,5-022,SAN JOAQUIN VALLEY,SAN JOAQUIN VALLEY - KINGS,90.032424,2980226
PTJPL,2011-03-01,5-022.06,5-022,SAN JOAQUIN VALLEY,SAN JOAQUIN VALLEY - MADERA,90.796589,953242
PTJPL,2011-03-01,5-022.04,5-022,SAN JOAQUIN VALLEY,SAN JOAQUIN VALLEY - MERCED,78.489323,1184697
PTJPL,2011-03-01,5-022.02,5-022,SAN JOAQUIN VALLEY,SAN JOAQUIN VALLEY - MODESTO,78.161654,583247
PTJPL,2011-03-01,5-022.10,5-022,SAN JOAQUIN VALLEY,SAN JOAQUIN VALLEY - PLEASANT VALLEY,78.467016,120709
PTJPL,2011-03-01,5-022.15,5-022,SAN JOAQUIN VALLEY,SAN JOAQUIN VALLEY - TRACY,67.644979,623746
PTJPL,2011-03-01,5-022.12,5-022,SAN JOAQUIN VALLEY,SAN JOAQUIN VALLEY - TULARE LAKE,82.11464,1551798
PTJPL,2011-03-01,5-022.13,5-022,SAN JOAQUIN VALLEY,SAN JOAQUIN VALLEY - TULE,82.064552,1568670
PTJPL,2011-03-01,5-022.03,5-022,SAN JOAQUIN VALLEY,SAN JOAQUIN VALLEY - TURLOCK,77.789713,1022192
PTJPL,2011-03-01,5-022.09,5-022,SAN JOAQUIN VALLEY,SAN JOAQUIN VALLEY - WESTSIDE,90.77511,2400310
PTJPL,2011-03-01,5-022.18,5-022,SAN JOAQUIN VALLEY,SAN JOAQUIN VALLEY - WHITE WOLF,75.794003,162939
PTJPL,2011-03-01,9-001,9-001,SAN JUAN VALLEY,SAN JUAN VALLEY,86.181338,2272
PTJPL,2011-03-01,3-009,3-009,SAN LUIS OBISPO VALLEY,SAN LUIS OBISPO VALLEY,79.934604,16683
PTJPL,2011-03-01,9-007.02,9-007,SAN LUIS REY VALLEY,SAN LUIS REY VALLEY - LOWER SAN LUIS REY VALLEY,92.395803,2764
PTJPL,2011-03-01,9-007.01,9-007,SAN LUIS REY VALLEY,SAN LUIS REY VALLEY - UPPER SAN LUIS REY VALLEY,94.265461,25597
PTJPL,2011-03-01,9-032,9-032,SAN MARCOS AREA,SAN MARCOS AREA,93.555556,27
PTJPL,2011-03-01,9-002,9-002,SAN MATEO VALLEY,SAN MATEO VALLEY,98.222222,9
PTJPL,2011-03-01,9-003,9-003,SAN ONOFRE VALLEY,SAN ONOFRE VALLEY,,0
PTJPL,2011-03-01,9-010,9-010,SAN PASQUAL VALLEY,SAN PASQUAL VALLEY,83.112498,7689
PTJPL,2011-03-01,2-036,2-036,SAN PEDRO VALLEY,SAN PEDRO VALLEY,67.238095,21
PTJPL,2011-03-01,2-029,2-029,SAN RAFAEL VALLEY,SAN RAFAEL VALLEY,,0
PTJPL,2011-03-01,2-007,2-007,SAN RAMON VALLEY,SAN RAMON VALLEY,49.767196,378
PTJPL,2011-03-01,3-035,3-035,SAN SIMEON VALLEY,SAN SIMEON VALLEY,93.25463,216
PTJPL,2011-03-01,2-027,2-027,SAND POINT AREA,SAND POINT AREA,65.972184,20564
PTJPL,2011-03-01,1-053,1-053,SANEL VALLEY,SANEL VALLEY,66.83212,11812
PTJPL,2011-03-01,3-022,3-022,SANTA ANA VALLEY,SANTA ANA VALLEY,66.075021,7158
PTJPL,2011-03-01,3-017,3-017,SANTA BARBARA,SANTA BARBARA,77.87464,694
PTJPL,2011-03-01,4-004.05,4-004,SANTA CLARA RIVER VALLEY,SANTA CLARA RIVER VALLEY - FILLMORE,84.442968,50121
PTJPL,2011-03-01,4-004.03,4-004,SANTA CLARA RIVER VALLEY,SANTA CLARA RIVER VALLEY - MOUND,68.634067,9499
PTJPL,2011-03-01,4-004.02,4-004,SANTA CLARA RIVER VALLEY,SANTA CLARA RIVER VALLEY - OXNARD,67.806643,106699
PTJPL,2011-03-01,4-004.06,4-004,SANTA CLARA RIVER VALLEY,SANTA CLARA RIVER VALLEY - PIRU,67.094093,23073
PTJPL,2011-03-01,4-004.07,4-004,SANTA CLARA RIVER VALLEY,SANTA CLARA RIVER VALLEY - SANTA CLARA RIVER VALLEY EAST,64.477156,6807
PTJPL,2011-03-01,4-004.04,4-004,SANTA CLARA RIVER VALLEY,SANTA CLARA RIVER VALLEY - SANTA PAULA,81.077791,40609
PTJPL,2011-03-01,2-009.04,2-009,SANTA CLARA VALLEY,SANTA CLARA VALLEY - EAST BAY PLAIN,55.701996,2755
PTJPL,2011-03-01,2-009.01,2-009,SANTA CLARA VALLEY,SANTA CLARA VALLEY - NILES CONE,53.704494,1780
PTJPL,2011-03-01,2-009.03,2-009,SANTA CLARA VALLEY,SANTA CLARA VALLEY - SAN MATEO PLAIN,61.393059,1239
PTJPL,2011-03-01,2-009.02,2-009,SANTA CLARA VALLEY,SANTA CLARA VALLEY - SANTA CLARA,63.30739,24926
PTJPL,2011-03-01,3-001,3-001,SANTA CRUZ MID-COUNTY,SANTA CRUZ MID-COUNTY,67.594224,3428
PTJPL,2011-03-01,3-027,3-027,SANTA MARGARITA,SANTA MARGARITA,68.542435,271
PTJPL,2011-03-01,9-004,9-004,SANTA MARGARITA VALLEY,SANTA MARGARITA VALLEY,,0
PTJPL,2011-03-01,3-012.02,3-012,SANTA MARIA RIVER VALLEY,SANTA MARIA RIVER VALLEY - ARROYO GRANDE,77.474255,6176
PTJPL,2011-03-01,3-012.01,3-012,SANTA MARIA RIVER VALLEY,SANTA MARIA RIVER VALLEY - SANTA MARIA,86.513758,262758
PTJPL,2011-03-01,9-011,9-011,SANTA MARIA VALLEY,SANTA MARIA VALLEY,88.116184,3176
PTJPL,2011-03-01,6-068,6-068,SANTA ROSA FLAT,SANTA ROSA FLAT,,0
PTJPL,2011-03-01,3-036,3-036,SANTA ROSA VALLEY,SANTA ROSA VALLEY,88.924927,2744
PTJPL,2011-03-01,1-055.02,1-055,SANTA ROSA VALLEY,SANTA ROSA VALLEY - HEALDSBURG AREA,71.595809,31401
PTJPL,2011-03-01,1-055.03,1-055,SANTA ROSA VALLEY,SANTA ROSA VALLEY - RINCON VALLEY,68.905336,581
PTJPL,2011-03-01,1-055.01,1-055,SANTA ROSA VALLEY,SANTA ROSA VALLEY - SANTA ROSA PLAIN,70.328507,80878
PTJPL,2011-03-01,3-015,3-015,SANTA YNEZ RIVER VALLEY,SANTA YNEZ RIVER VALLEY,86.654847,118162
PTJPL,2011-03-01,1-005,1-005,SCOTT RIVER VALLEY,SCOTT RIVER VALLEY,51.211187,147258
PTJPL,2011-03-01,5-014,5-014,SCOTTS VALLEY,SCOTTS VALLEY,73.636061,7221
PTJPL,2011-03-01,6-052,6-052,SEARLES VALLEY,SEARLES VALLEY,,0
PTJPL,2011-03-01,6-100,6-100,SECRET VALLEY,SECRET VALLEY,47.499011,12138
PTJPL,2011-03-01,1-016,1-016,SEIAD VALLEY,SEIAD VALLEY,44.95962,421
PTJPL,2011-03-01,8-008,8-008,SEVEN OAKS VALLEY,SEVEN OAKS VALLEY,,0
PTJPL,2011-03-01,1-004,1-004,SHASTA VALLEY,SHASTA VALLEY,51.657382,253221
PTJPL,2011-03-01,1-042,1-042,SHERWOOD VALLEY,SHERWOOD VALLEY,,0
PTJPL,2011-03-01,5-012.02,5-012,SIERRA VALLEY,SIERRA VALLEY - CHILCOOT,49.001674,4779
PTJPL,2011-03-01,5-012.01,5-012,SIERRA VALLEY,SIERRA VALLEY - SIERRA VALLEY,50.907201,204010
PTJPL,2011-03-01,6-034,6-034,SILVER LAKE VALLEY,SILVER LAKE VALLEY,,0
PTJPL,2011-03-01,4-009,4-009,SIMI VALLEY,SIMI VALLEY,72.434079,1297
PTJPL,2011-03-01,6-105,6-105,SLINKARD VALLEY,SLINKARD VALLEY,,0
PTJPL,2011-03-01,1-001,1-001,SMITH RIVER PLAIN,SMITH RIVER PLAIN,37.442583,11460
PTJPL,2011-03-01,6-033,6-033,SODA LAKE VALLEY,SODA LAKE VALLEY,,0
PTJPL,2011-03-01,2-037,2-037,SOUTH SAN FRANCISCO,SOUTH SAN FRANCISCO,,0
PTJPL,2011-03-01,6-082,6-082,SPRING CANYON VALLEY,SPRING CANYON VALLEY,,0
PTJPL,2011-03-01,5-089,5-089,SQUAW FLAT,SQUAW FLAT,,0
PTJPL,2011-03-01,5-088,5-088,STONY GORGE RESERVOIR,STONY GORGE RESERVOIR,50.51971,964
PTJPL,2011-03-01,5-063,5-063,STONYFORD TOWN AREA,STONYFORD TOWN AREA,47.767695,3857
PTJPL,2011-03-01,2-003,2-003,SUISUN-FAIRFIELD VALLEY,SUISUN-FAIRFIELD VALLEY,55.976477,91571
PTJPL,2011-03-01,2-011,2-011,SUNOL VALLEY,SUNOL VALLEY,47.964212,1453
PTJPL,2011-03-01,6-049,6-049,SUPERIOR VALLEY,SUPERIOR VALLEY,,0
PTJPL,2011-03-01,6-001,6-001,SURPRISE VALLEY,SURPRISE VALLEY,35.076247,230423
PTJPL,2011-03-01,6-107,6-107,SWEETWATER FLAT,SWEETWATER FLAT,31.121118,322
PTJPL,2011-03-01,6-005.03,6-005,TAHOE VALLEY,TAHOE VALLEY - TAHOE NORTH,36.25,4
PTJPL,2011-03-01,6-005.01,6-005,TAHOE VALLEY,TAHOE VALLEY - TAHOE SOUTH,32.0,1
PTJPL,2011-03-01,6-005.02,6-005,TAHOE VALLEY,TAHOE VALLEY - TAHOE WEST,,0
PTJPL,2011-03-01,6-045,6-045,TEHACHAPI VALLEY EAST,TEHACHAPI VALLEY EAST,57.161908,3397
PTJPL,2011-03-01,5-028,5-028,TEHACHAPI VALLEY WEST,TEHACHAPI VALLEY WEST,57.567621,4540
PTJPL,2011-03-01,9-005,9-005,TEMECULA VALLEY,TEMECULA VALLEY,88.941113,20514
PTJPL,2011-03-01,1-040,1-040,TEN MILE RIVER VALLEY,TEN MILE RIVER VALLEY,45.430622,209
PTJPL,2011-03-01,7-026,7-026,TERWILLIGER VALLEY,TERWILLIGER VALLEY,60.798817,169
PTJPL,2011-03-01,4-019,4-019,THOUSAND OAKS AREA,THOUSAND OAKS AREA,69.745455,385
PTJPL,2011-03-01,4-015,4-015,TIERRA REJADA,TIERRA REJADA,66.47263,4092
PTJPL,2011-03-01,5-037,5-037,TOAD WELL AREA,TOAD WELL AREA,,0
PTJPL,2011-03-01,3-040,3-040,TORO VALLEY,TORO VALLEY,91.035135,370
PTJPL,2011-03-01,6-098,6-098,TULEDAD CANYON VALLEY,TULEDAD CANYON VALLEY,24.903226,310
PTJPL,2011-03-01,7-010,7-010,TWENTYNINE PALMS VALLEY,TWENTYNINE PALMS VALLEY,51.654618,747
PTJPL,2011-03-01,1-052,1-052,UKIAH VALLEY,UKIAH VALLEY,66.067946,43476
PTJPL,2011-03-01,6-022,6-022,UPPER KINGSTON VALLEY,UPPER KINGSTON VALLEY,,0
PTJPL,2011-03-01,5-013,5-013,UPPER LAKE VALLEY,UPPER LAKE VALLEY,60.151615,12413
PTJPL,2011-03-01,6-042,6-042,UPPER MOJAVE RIVER VALLEY,UPPER MOJAVE RIVER VALLEY,64.106106,6748
PTJPL,2011-03-01,4-001,4-001,UPPER OJAI VALLEY,UPPER OJAI VALLEY,85.947784,3294
PTJPL,2011-03-01,3-023,3-023,UPPER SANTA ANA VALLEY,UPPER SANTA ANA VALLEY,62.571429,7
PTJPL,2011-03-01,8-002.05,8-002,UPPER SANTA ANA VALLEY,UPPER SANTA ANA VALLEY - CAJON,47.947059,170
PTJPL,2011-03-01,8-002.01,8-002,UPPER SANTA ANA VALLEY,UPPER SANTA ANA VALLEY - CHINO,71.850985,29440
PTJPL,2011-03-01,8-002.02,8-002,UPPER SANTA ANA VALLEY,UPPER SANTA ANA VALLEY - CUCAMONGA,63.774627,670
PTJPL,2011-03-01,8-002.04,8-002,UPPER SANTA ANA VALLEY,UPPER SANTA ANA VALLEY - RIALTO-COLTON,66.171588,1253
PTJPL,2011-03-01,8-002.03,8-002,UPPER SANTA ANA VALLEY,UPPER SANTA ANA VALLEY - RIVERSIDE-ARLINGTON,83.082343,13966
PTJPL,2011-03-01,8-002.06,8-002,UPPER SANTA ANA VALLEY,UPPER SANTA ANA VALLEY - SAN BERNARDINO,83.141019,15544
PTJPL,2011-03-01,8-002.08,8-002,UPPER SANTA ANA VALLEY,UPPER SANTA ANA VALLEY - SAN TIMOTEO,71.926934,4667
PTJPL,2011-03-01,8-002.09,8-002,UPPER SANTA ANA VALLEY,UPPER SANTA ANA VALLEY - TEMESCAL,85.140828,845
PTJPL,2011-03-01,8-002.07,8-002,UPPER SANTA ANA VALLEY,UPPER SANTA ANA VALLEY - YUCAIPA,67.887334,2858
PTJPL,2011-03-01,7-028,7-028,VALLECITO-CARRIZO VALLEY,VALLECITO-CARRIZO VALLEY,,0
PTJPL,2011-03-01,5-071,5-071,VALLECITOS CREEK VALLEY,VALLECITOS CREEK VALLEY,,0
PTJPL,2011-03-01,7-063,7-063,VANDEVENTER FLAT,VANDEVENTER FLAT,,0
PTJPL,2011-03-01,4-003.02,4-003,VENTURA RIVER VALLEY,VENTURA RIVER VALLEY - LOWER VENTURA RIVER,70.797854,1771
PTJPL,2011-03-01,4-003.01,4-003,VENTURA RIVER VALLEY,VENTURA RIVER VALLEY - UPPER VENTURA RIVER,79.136957,2300
PTJPL,2011-03-01,7-042,7-042,VIDAL VALLEY,VIDAL VALLEY,,0
PTJPL,2011-03-01,3-037,3-037,VILLA VALLEY,VILLA VALLEY,83.039813,854
PTJPL,2011-03-01,2-032,2-032,VISITACION VALLEY,VISITACION VALLEY,60.415584,77
PTJPL,2011-03-01,5-026,5-026,WALKER BASIN CREEK VALLEY,WALKER BASIN CREEK VALLEY,60.466416,6387
PTJPL,2011-03-01,7-003,7-003,WARD VALLEY,WARD VALLEY,,0
PTJPL,2011-03-01,9-008,9-008,WARNER VALLEY,WARNER VALLEY,63.297376,343
PTJPL,2011-03-01,7-012,7-012,WARREN VALLEY,WARREN VALLEY,64.286957,345
PTJPL,2011-03-01,1-031,1-031,WEOTT TOWN AREA,WEOTT TOWN AREA,44.294004,517
PTJPL,2011-03-01,7-022,7-022,WEST SALTON SEA,WEST SALTON SEA,,0
PTJPL,2011-03-01,3-026,3-026,WEST SANTA CRUZ TERRACE,WEST SANTA CRUZ TERRACE,72.496811,1411
PTJPL,2011-03-01,2-035,2-035,WESTSIDE,WESTSIDE,66.084926,3297
PTJPL,2011-03-01,6-073,6-073,WILD HORSE MESA AREA,WILD HORSE MESA AREA,,0
PTJPL,2011-03-01,6-075,6-075,WILDROSE CANYON,WILDROSE CANYON,,0
PTJPL,2011-03-01,1-043,1-043,WILLIAMS VALLEY,WILLIAMS VALLEY,48.259794,485
PTJPL,2011-03-01,6-003,6-003,WILLOW CREEK VALLEY,WILLOW CREEK VALLEY,39.331078,22904
PTJPL,2011-03-01,1-059,1-059,WILSON GROVE FORMATION HIGHLANDS,WILSON GROVE FORMATION HIGHLANDS,66.992041,70110
PTJPL,2011-03-01,1-062,1-062,WILSON POINT AREA,WILSON POINT AREA,39.555556,9
PTJPL,2011-03-01,6-019,6-019,WINGATE VALLEY,WINGATE VALLEY,,0
PTJPL,2011-03-01,7-056,7-056,YAQUI WELL AREA,YAQUI WELL AREA,,0
PTJPL,2011-03-01,5-056,5-056,YELLOW CREEK VALLEY,YELLOW CREEK VALLEY,,0
PTJPL,2011-03-01,2-006,2-006,YGNACIO VALLEY,YGNACIO VALLEY,49.639506,405
PTJPL,2011-03-01,5-069,5-069,YOSEMITE VALLEY,YOSEMITE VALLEY,,0
PTJPL,2011-03-01,7-036,7-036,YUMA VALLEY,YUMA VALLEY,90.056328,66610
