Model,Date,Basin_Subb,Basin_Numb,Basin_Name,Basin_Su_1,ET,Pixel_Count
PTJPL,2011-11-01,4-005,4-005,ACTON VALLEY,ACTON VALLEY,31.284431,668
PTJPL,2011-11-01,6-010,6-010,ADOBE LAKE VALLEY,ADOBE LAKE VALLEY,,0
PTJPL,2011-11-01,1-054.01,1-054,ALEXANDER VALLEY,ALEXANDER VALLEY - ALEXANDER AREA,46.030395,39743
PTJPL,2011-11-01,1-054.02,1-054,ALEXANDER VALLEY,ALEXANDER VALLEY - CLOVERDALE AREA,47.858135,9502
PTJPL,2011-11-01,5-002.01,5-002,ALTURAS AREA,ALTURAS AREA - SOUTH FORK PITT RIVER,25.688125,159458
PTJPL,2011-11-01,5-002.02,5-002,ALTURAS AREA,ALTURAS AREA - WARM SPRINGS VALLEY,26.296638,74097
PTJPL,2011-11-01,5-010,5-010,AMERICAN VALLEY,AMERICAN VALLEY,39.003899,9746
PTJPL,2011-11-01,7-016,7-016,AMES VALLEY,AMES VALLEY,,0
PTJPL,2011-11-01,7-034,7-034,AMOS VALLEY,AMOS VALLEY,,0
PTJPL,2011-11-01,1-019,1-019,ANDERSON VALLEY,ANDERSON VALLEY,43.354397,5982
PTJPL,2011-11-01,1-049,1-049,ANNAPOLIS OHLSON RANCH FORMATION HIGHLANDS,ANNAPOLIS OHLSON RANCH FORMATION HIGHLANDS,43.572461,2353
PTJPL,2011-11-01,5-091,5-091,ANTELOPE CREEK,ANTELOPE CREEK,37.173832,1605
PTJPL,2011-11-01,6-044,6-044,ANTELOPE VALLEY,ANTELOPE VALLEY,38.902215,137884
PTJPL,2011-11-01,6-007,6-007,ANTELOPE VALLEY,ANTELOPE VALLEY,24.882076,48489
PTJPL,2011-11-01,3-034,3-034,ARROYO DE LA CRUZ VALLEY,ARROYO DE LA CRUZ VALLEY,42.776952,538
PTJPL,2011-11-01,2-031,2-031,ARROYO DEL HAMBRE VALLEY,ARROYO DEL HAMBRE VALLEY,,0
PTJPL,2011-11-01,4-007,4-007,ARROYO SANTA ROSA VALLEY,ARROYO SANTA ROSA VALLEY,43.792122,7870
PTJPL,2011-11-01,7-037,7-037,ARROYO SECO VALLEY,ARROYO SECO VALLEY,,0
PTJPL,2011-11-01,5-054,5-054,ASH VALLEY,ASH VALLEY,21.868825,12106
PTJPL,2011-11-01,6-026,6-026,AVAWATZ VALLEY,AVAWATZ VALLEY,,0
PTJPL,2011-11-01,3-020,3-020,A�O NUEVO AREA,A�O NUEVO AREA,46.673948,1877
PTJPL,2011-11-01,9-022,9-022,BATIQUITOS LAGOON VALLEY,BATIQUITOS LAGOON VALLEY,59.274194,620
PTJPL,2011-11-01,8-009,8-009,BEAR VALLEY,BEAR VALLEY,32.808219,219
PTJPL,2011-11-01,5-064,5-064,BEAR VALLEY,BEAR VALLEY,39.292157,510
PTJPL,2011-11-01,5-020,5-020,BERRYESSA VALLEY,BERRYESSA VALLEY,,0
PTJPL,2011-11-01,7-015,7-015,BESSEMER VALLEY,BESSEMER VALLEY,,0
PTJPL,2011-11-01,6-025,6-025,BICYCLE VALLEY,BICYCLE VALLEY,,0
PTJPL,2011-11-01,1-027,1-027,BIG LAGOON AREA,BIG LAGOON AREA,52.923077,39
PTJPL,2011-11-01,8-007,8-007,BIG MEADOWS VALLEY,BIG MEADOWS VALLEY,,0
PTJPL,2011-11-01,1-045,1-045,BIG RIVER VALLEY,BIG RIVER VALLEY,,0
PTJPL,2011-11-01,3-047,3-047,BIG SPRING AREA,BIG SPRING AREA,22.508715,918
PTJPL,2011-11-01,5-015,5-015,BIG VALLEY,BIG VALLEY,39.074951,41040
PTJPL,2011-11-01,5-004,5-004,BIG VALLEY,BIG VALLEY,29.18728,163109
PTJPL,2011-11-01,3-030,3-030,BITTER WATER VALLEY,BITTER WATER VALLEY,38.026931,7575
PTJPL,2011-11-01,6-013,6-013,BLACK SPRINGS VALLEY,BLACK SPRINGS VALLEY,,0
PTJPL,2011-11-01,5-092,5-092,BLANCHARD VALLEY,BLANCHARD VALLEY,38.109735,1130
PTJPL,2011-11-01,1-057,1-057,BODEGA BAY AREA,BODEGA BAY AREA,32.967532,154
PTJPL,2011-11-01,7-024.01,7-024,BORREGO VALLEY,BORREGO VALLEY - BORREGO SPRINGS,38.130942,17397
PTJPL,2011-11-01,7-024.02,7-024,BORREGO VALLEY,BORREGO VALLEY - OCOTILLO WELLS,17.0,12
PTJPL,2011-11-01,1-039,1-039,BRANSCOMB TOWN AREA,BRANSCOMB TOWN AREA,,0
PTJPL,2011-11-01,1-017,1-017,BRAY TOWN AREA,BRAY TOWN AREA,25.526588,4250
PTJPL,2011-11-01,6-008,6-008,BRIDGEPORT VALLEY,BRIDGEPORT VALLEY,20.597509,74901
PTJPL,2011-11-01,7-008,7-008,BRISTOL VALLEY,BRISTOL VALLEY,12.244255,7963
PTJPL,2011-11-01,5-080,5-080,BRITE VALLEY,BRITE VALLEY,29.342145,1324
PTJPL,2011-11-01,6-032,6-032,BROADWELL VALLEY,BROADWELL VALLEY,,0
PTJPL,2011-11-01,6-076,6-076,BROWN MOUNTAIN VALLEY,BROWN MOUNTAIN VALLEY,,0
PTJPL,2011-11-01,7-054,7-054,BUCK RIDGE FAULT VALLEY,BUCK RIDGE FAULT VALLEY,,0
PTJPL,2011-11-01,6-101,6-101,BULL FLAT,BULL FLAT,16.645833,48
PTJPL,2011-11-01,5-048,5-048,BURNEY CREEK VALLEY,BURNEY CREEK VALLEY,34.568009,6852
PTJPL,2011-11-01,5-017,5-017,BURNS VALLEY,BURNS VALLEY,37.0,1734
PTJPL,2011-11-01,5-051,5-051,BUTTE CREEK VALLEY,BUTTE CREEK VALLEY,,0
PTJPL,2011-11-01,1-003,1-003,BUTTE VALLEY,BUTTE VALLEY,22.291606,149448
PTJPL,2011-11-01,6-081,6-081,BUTTE VALLEY,BUTTE VALLEY,,0
PTJPL,2011-11-01,6-070,6-070,CACTUS FLAT,CACTUS FLAT,,0
PTJPL,2011-11-01,7-007,7-007,CADIZ VALLEY,CADIZ VALLEY,,0
PTJPL,2011-11-01,6-090,6-090,CADY FAULT AREA,CADY FAULT AREA,,0
PTJPL,2011-11-01,9-006,9-006,CAHUILLA VALLEY,CAHUILLA VALLEY,21.6264,6250
PTJPL,2011-11-01,6-079,6-079,CALIFORNIA VALLEY,CALIFORNIA VALLEY,,0
PTJPL,2011-11-01,7-041,7-041,CALZONA VALLEY,CALZONA VALLEY,,0
PTJPL,2011-11-01,6-061,6-061,CAMEO AREA,CAMEO AREA,,0
PTJPL,2011-11-01,9-028,9-028,CAMPO VALLEY,CAMPO VALLEY,20.674603,126
PTJPL,2011-11-01,7-046,7-046,CANEBRAKE VALLEY,CANEBRAKE VALLEY,,0
PTJPL,2011-11-01,3-007,3-007,CARMEL VALLEY,CARMEL VALLEY,48.960998,1282
PTJPL,2011-11-01,3-018,3-018,CARPINTERIA,CARPINTERIA,36.857557,13100
PTJPL,2011-11-01,3-019,3-019,CARRIZO PLAIN,CARRIZO PLAIN,22.111043,22739
PTJPL,2011-11-01,6-006,6-006,CARSON VALLEY,CARSON VALLEY,28.254279,10516
PTJPL,2011-11-01,5-029,5-029,CASTAC LAKE VALLEY,CASTAC LAKE VALLEY,33.034279,846
PTJPL,2011-11-01,2-008,2-008,CASTRO VALLEY,CASTRO VALLEY,,0
PTJPL,2011-11-01,6-038,6-038,CAVES CANYON VALLEY,CAVES CANYON VALLEY,,0
PTJPL,2011-11-01,5-045,5-045,CAYTON VALLEY,CAYTON VALLEY,36.142353,4250
PTJPL,2011-11-01,3-038,3-038,CAYUCOS VALLEY,CAYUCOS VALLEY,,0
PTJPL,2011-11-01,7-043,7-043,CHEMEHUEVI VALLEY,CHEMEHUEVI VALLEY,,0
PTJPL,2011-11-01,7-032,7-032,CHOCOLATE VALLEY,CHOCOLATE VALLEY,3.865672,67
PTJPL,2011-11-01,3-005,3-005,CHOLAME VALLEY,CHOLAME VALLEY,42.445761,17718
PTJPL,2011-11-01,3-042,3-042,CHORRO VALLEY,CHORRO VALLEY,49.269498,1295
PTJPL,2011-11-01,5-061,5-061,CHROME TOWN AREA,CHROME TOWN AREA,38.594912,511
PTJPL,2011-11-01,7-005,7-005,CHUCKWALLA VALLEY,CHUCKWALLA VALLEY,17.498914,4604
PTJPL,2011-11-01,2-005,2-005,CLAYTON VALLEY,CLAYTON VALLEY,42.277607,652
PTJPL,2011-11-01,5-066,5-066,CLEAR LAKE CACHE FORMATION,CLEAR LAKE CACHE FORMATION,38.959574,940
PTJPL,2011-11-01,5-058,5-058,CLOVER VALLEY,CLOVER VALLEY,20.648194,1606
PTJPL,2011-11-01,7-021.03,7-021,COACHELLA VALLEY,COACHELLA VALLEY - DESERT HOT SPRINGS,34.76631,2713
PTJPL,2011-11-01,7-021.01,7-021,COACHELLA VALLEY,COACHELLA VALLEY - INDIO,39.113139,293745
PTJPL,2011-11-01,7-021.02,7-021,COACHELLA VALLEY,COACHELLA VALLEY - MISSION CREEK,34.082822,978
PTJPL,2011-11-01,7-021.04,7-021,COACHELLA VALLEY,COACHELLA VALLEY - SAN GORGONIO PASS,36.873596,356
PTJPL,2011-11-01,4-011.04,4-011,COASTAL PLAIN OF LOS ANGELES,COASTAL PLAIN OF LOS ANGELES - CENTRAL,52.568123,7002
PTJPL,2011-11-01,4-011.02,4-011,COASTAL PLAIN OF LOS ANGELES,COASTAL PLAIN OF LOS ANGELES - HOLLYWOOD,47.157895,323
PTJPL,2011-11-01,4-011.01,4-011,COASTAL PLAIN OF LOS ANGELES,COASTAL PLAIN OF LOS ANGELES - SANTA MONICA,49.305303,4186
PTJPL,2011-11-01,4-011.03,4-011,COASTAL PLAIN OF LOS ANGELES,COASTAL PLAIN OF LOS ANGELES - WEST COAST,52.348443,4015
PTJPL,2011-11-01,8-001,8-001,COASTAL PLAIN OF ORANGE COUNTY,COASTAL PLAIN OF ORANGE COUNTY,45.913402,23869
PTJPL,2011-11-01,9-033,9-033,COASTAL PLAIN OF SAN DIEGO,COASTAL PLAIN OF SAN DIEGO,56.721699,3507
PTJPL,2011-11-01,6-072,6-072,COLES FLAT,COLES FLAT,,0
PTJPL,2011-11-01,5-019,5-019,COLLAYOMI VALLEY,COLLAYOMI VALLEY,38.830689,3845
PTJPL,2011-11-01,7-055,7-055,COLLINS VALLEY,COLLINS VALLEY,,0
PTJPL,2011-11-01,4-010,4-010,CONEJO,CONEJO,43.558233,498
PTJPL,2011-11-01,7-011,7-011,COPPER MOUNTAIN VALLEY,COPPER MOUNTAIN VALLEY,,0
PTJPL,2011-11-01,3-002.01,3-002,CORRALITOS,CORRALITOS - PAJARO VALLEY,40.056676,109218
PTJPL,2011-11-01,3-002.02,3-002,CORRALITOS,CORRALITOS - PURISIMA HIGHLANDS,44.780172,464
PTJPL,2011-11-01,6-055,6-055,COSO VALLEY,COSO VALLEY,,0
PTJPL,2011-11-01,1-037,1-037,COTTONEVA CREEK VALLEY,COTTONEVA CREEK VALLEY,,0
PTJPL,2011-11-01,9-027,9-027,COTTONWOOD VALLEY,COTTONWOOD VALLEY,21.214286,70
PTJPL,2011-11-01,1-011,1-011,COVELO ROUND VALLEY,COVELO ROUND VALLEY,42.632546,36576
PTJPL,2011-11-01,6-091,6-091,COW HEAD LAKE VALLEY,COW HEAD LAKE VALLEY,22.516981,15635
PTJPL,2011-11-01,6-037,6-037,COYOTE LAKE VALLEY,COYOTE LAKE VALLEY,21.463992,972
PTJPL,2011-11-01,5-018,5-018,COYOTE VALLEY,COYOTE VALLEY,39.051423,6534
PTJPL,2011-11-01,7-029,7-029,COYOTE WELLS VALLEY,COYOTE WELLS VALLEY,4.8,80
PTJPL,2011-11-01,6-035,6-035,CRONISE VALLEY,CRONISE VALLEY,,0
PTJPL,2011-11-01,6-050,6-050,CUDDEBACK VALLEY,CUDDEBACK VALLEY,,0
PTJPL,2011-11-01,5-082,5-082,CUDDY CANYON VALLEY,CUDDY CANYON VALLEY,,0
PTJPL,2011-11-01,5-083,5-083,CUDDY RANCH AREA,CUDDY RANCH AREA,,0
PTJPL,2011-11-01,5-084,5-084,CUDDY VALLEY,CUDDY VALLEY,35.125,16
PTJPL,2011-11-01,5-027,5-027,CUMMINGS VALLEY,CUMMINGS VALLEY,33.234909,11464
PTJPL,2011-11-01,3-013,3-013,CUYAMA VALLEY,CUYAMA VALLEY,24.535939,153773
PTJPL,2011-11-01,7-009,7-009,DALE VALLEY,DALE VALLEY,8.559211,152
PTJPL,2011-11-01,6-057,6-057,DARWIN VALLEY,DARWIN VALLEY,,0
PTJPL,2011-11-01,7-061,7-061,DAVIES VALLEY,DAVIES VALLEY,,0
PTJPL,2011-11-01,7-013.01,7-013,DEADMAN VALLEY,DEADMAN VALLEY - DEADMAN LAKE,,0
PTJPL,2011-11-01,7-013.02,7-013,DEADMAN VALLEY,DEADMAN VALLEY - SURPRISE SPRING,,0
PTJPL,2011-11-01,6-018,6-018,DEATH VALLEY,DEATH VALLEY,25.277778,18
PTJPL,2011-11-01,6-015,6-015,DEEP SPRINGS VALLEY,DEEP SPRINGS VALLEY,20.582677,635
PTJPL,2011-11-01,6-078,6-078,DENNING SPRING VALLEY,DENNING SPRING VALLEY,,0
PTJPL,2011-11-01,1-034,1-034,DINSMORES TOWN AREA,DINSMORES TOWN AREA,33.104651,86
PTJPL,2011-11-01,5-053,5-053,DIXIE VALLEY,DIXIE VALLEY,30.686872,11449
PTJPL,2011-11-01,2-040,2-040,DOWNTOWN,DOWNTOWN,,0
PTJPL,2011-11-01,5-049,5-049,DRY BURNEY CREEK VALLEY,DRY BURNEY CREEK VALLEY,,0
PTJPL,2011-11-01,3-029,3-029,DRY LAKE VALLEY,DRY LAKE VALLEY,29.07037,540
PTJPL,2011-11-01,6-095,6-095,DRY VALLEY,DRY VALLEY,,0
PTJPL,2011-11-01,6-096,6-096,EAGLE LAKE AREA,EAGLE LAKE AREA,,0
PTJPL,2011-11-01,7-033,7-033,EAST SALTON SEA,EAST SALTON SEA,23.197233,40262
PTJPL,2011-11-01,1-044,1-044,EDEN VALLEY,EDEN VALLEY,37.300484,1654
PTJPL,2011-11-01,1-010,1-010,EEL RIVER VALLEY,EEL RIVER VALLEY,38.877862,116565
PTJPL,2011-11-01,5-041,5-041,EGG LAKE VALLEY,EGG LAKE VALLEY,,0
PTJPL,2011-11-01,9-016,9-016,EL CAJON VALLEY,EL CAJON VALLEY,47.290323,31
PTJPL,2011-11-01,6-043,6-043,EL MIRAGE VALLEY,EL MIRAGE VALLEY,33.151232,3207
PTJPL,2011-11-01,5-062,5-062,ELK CREEK AREA,ELK CREEK AREA,39.657343,143
PTJPL,2011-11-01,8-004.02,8-004,ELSINORE,ELSINORE - BEDFORD-COLDWATER,41.097582,1158
PTJPL,2011-11-01,8-004.01,8-004,ELSINORE,ELSINORE - ELSINORE VALLEY,31.186916,107
PTJPL,2011-11-01,9-009,9-009,ESCONDIDO VALLEY,ESCONDIDO VALLEY,34.705882,34
PTJPL,2011-11-01,1-009,1-009,EUREKA PLAIN,EUREKA PLAIN,40.968092,20841
PTJPL,2011-11-01,6-016,6-016,EUREKA VALLEY,EUREKA VALLEY,,0
PTJPL,2011-11-01,1-022,1-022,FAIRCHILD SWAMP VALLEY,FAIRCHILD SWAMP VALLEY,,0
PTJPL,2011-11-01,5-005,5-005,FALL RIVER VALLEY,FALL RIVER VALLEY,36.13272,134087
PTJPL,2011-11-01,7-002,7-002,FENNER VALLEY,FENNER VALLEY,,0
PTJPL,2011-11-01,6-014,6-014,FISH LAKE VALLEY,FISH LAKE VALLEY,23.843026,14340
PTJPL,2011-11-01,3-053,3-053,FOOTHILL,FOOTHILL,51.257143,35
PTJPL,2011-11-01,1-021,1-021,FORT BRAGG TERRACE AREA,FORT BRAGG TERRACE AREA,37.743337,9530
PTJPL,2011-11-01,1-061,1-061,FORT ROSS TERRACE DEPOSITS,FORT ROSS TERRACE DEPOSITS,41.743733,1077
PTJPL,2011-11-01,6-046,6-046,FREMONT VALLEY,FREMONT VALLEY,30.317599,1949
PTJPL,2011-11-01,5-090,5-090,FUNKS CREEK,FUNKS CREEK,34.552471,3278
PTJPL,2011-11-01,1-032,1-032,GARBERVILLE TOWN AREA,GARBERVILLE TOWN AREA,43.518657,536
PTJPL,2011-11-01,1-020,1-020,GARCIA RIVER VALLEY,GARCIA RIVER VALLEY,37.613978,2790
PTJPL,2011-11-01,3-003.01,3-003,GILROY-HOLLISTER VALLEY,GILROY-HOLLISTER VALLEY - LLAGAS AREA,47.668518,76695
PTJPL,2011-11-01,3-003.05,3-003,GILROY-HOLLISTER VALLEY,GILROY-HOLLISTER VALLEY - NORTH SAN BENITO,44.298916,195075
PTJPL,2011-11-01,6-085,6-085,GOLD VALLEY,GOLD VALLEY,,0
PTJPL,2011-11-01,6-048,6-048,GOLDSTONE VALLEY,GOLDSTONE VALLEY,,0
PTJPL,2011-11-01,3-016,3-016,GOLETA,GOLETA,45.799702,3355
PTJPL,2011-11-01,5-001.02,5-001,GOOSE LAKE,GOOSE LAKE - FANDANGO VALLEY,25.957094,29087
PTJPL,2011-11-01,5-001.01,5-001,GOOSE LAKE,GOOSE LAKE - GOOSE VALLEY,21.808887,55836
PTJPL,2011-11-01,5-047,5-047,GOOSE VALLEY,GOOSE VALLEY,33.724461,15457
PTJPL,2011-11-01,6-077,6-077,GRASS VALLEY,GRASS VALLEY,,0
PTJPL,2011-11-01,6-094,6-094,GRASSHOPPER VALLEY,GRASSHOPPER VALLEY,14.300796,3391
PTJPL,2011-11-01,1-048,1-048,GRAVELLY VALLEY,GRAVELLY VALLEY,,0
PTJPL,2011-11-01,5-052,5-052,GRAYS VALLEY,GRAYS VALLEY,,0
PTJPL,2011-11-01,6-084,6-084,GREENWATER VALLEY,GREENWATER VALLEY,,0
PTJPL,2011-11-01,5-059,5-059,GRIZZLY VALLEY,GRIZZLY VALLEY,,0
PTJPL,2011-11-01,2-022,2-022,HALF MOON BAY TERRACE,HALF MOON BAY TERRACE,39.555345,9513
PTJPL,2011-11-01,1-015,1-015,HAPPY CAMP TOWN AREA,HAPPY CAMP TOWN AREA,40.323232,99
PTJPL,2011-11-01,6-047,6-047,HARPER VALLEY,HARPER VALLEY,28.083952,5658
PTJPL,2011-11-01,6-074,6-074,HARRISBURG FLATS,HARRISBURG FLATS,,0
PTJPL,2011-11-01,6-093,6-093,HARVEY VALLEY,HARVEY VALLEY,,0
PTJPL,2011-11-01,1-006,1-006,HAYFORK VALLEY,HAYFORK VALLEY,30.166934,3115
PTJPL,2011-11-01,7-048,7-048,HELENDALE FAULT VALLEY,HELENDALE FAULT VALLEY,,0
PTJPL,2011-11-01,8-006,8-006,HEMET LAKE VALLEY,HEMET LAKE VALLEY,,0
PTJPL,2011-11-01,3-031,3-031,HERNANDEZ VALLEY,HERNANDEZ VALLEY,15.794344,389
PTJPL,2011-11-01,1-036,1-036,HETTENSHAW VALLEY,HETTENSHAW VALLEY,32.587193,2202
PTJPL,2011-11-01,7-053,7-053,HEXIE MOUNTAIN AREA,HEXIE MOUNTAIN AREA,,0
PTJPL,2011-11-01,6-063,6-063,HIDDEN VALLEY,HIDDEN VALLEY,,0
PTJPL,2011-11-01,4-016,4-016,HIDDEN VALLEY,HIDDEN VALLEY,24.650916,3767
PTJPL,2011-11-01,5-016,5-016,HIGH VALLEY,HIGH VALLEY,35.528587,2781
PTJPL,2011-11-01,6-004,6-004,HONEY LAKE VALLEY,HONEY LAKE VALLEY,23.592349,188784
PTJPL,2011-11-01,1-029,1-029,HONEYDEW TOWN AREA,HONEYDEW TOWN AREA,44.647338,1052
PTJPL,2011-11-01,1-007,1-007,HOOPA VALLEY,HOOPA VALLEY,39.970775,787
PTJPL,2011-11-01,6-097,6-097,HORSE LAKE VALLEY,HORSE LAKE VALLEY,22.312341,4335
PTJPL,2011-11-01,5-040,5-040,HOT SPRINGS VALLEY,HOT SPRINGS VALLEY,28.655848,3266
PTJPL,2011-11-01,3-045,3-045,HUASNA VALLEY,HUASNA VALLEY,39.934343,3366
PTJPL,2011-11-01,5-060,5-060,HUMBUG VALLEY,HUMBUG VALLEY,24.472835,1178
PTJPL,2011-11-01,4-018,4-018,HUNGRY VALLEY,HUNGRY VALLEY,,0
PTJPL,2011-11-01,1-035,1-035,HYAMPOM VALLEY,HYAMPOM VALLEY,38.390873,504
PTJPL,2011-11-01,7-030,7-030,IMPERIAL VALLEY,IMPERIAL VALLEY,31.768438,1787557
PTJPL,2011-11-01,5-009,5-009,INDIAN VALLEY,INDIAN VALLEY,35.18203,44586
PTJPL,2011-11-01,6-054,6-054,INDIAN WELLS VALLEY,INDIAN WELLS VALLEY,36.916051,14616
PTJPL,2011-11-01,7-050,7-050,IRON RIDGE AREA,IRON RIDGE AREA,,0
PTJPL,2011-11-01,2-033,2-033,ISLAIS VALLEY,ISLAIS VALLEY,,0
PTJPL,2011-11-01,6-030,6-030,IVANPAH VALLEY,IVANPAH VALLEY,29.035948,918
PTJPL,2011-11-01,7-047,7-047,JACUMBA VALLEY,JACUMBA VALLEY,,0
PTJPL,2011-11-01,5-003,5-003,JESS VALLEY,JESS VALLEY,21.44597,15658
PTJPL,2011-11-01,7-018.01,7-018,JOHNSON VALLEY,JOHNSON VALLEY - SOGGY LAKE,4.7,60
PTJPL,2011-11-01,7-018.02,7-018,JOHNSON VALLEY,JOHNSON VALLEY - UPPER JOHNSON VALLEY,,0
PTJPL,2011-11-01,5-086,5-086,JOSEPH CREEK,JOSEPH CREEK,20.360368,4673
PTJPL,2011-11-01,7-062,7-062,JOSHUA TREE,JOSHUA TREE,,0
PTJPL,2011-11-01,6-089,6-089,KANE WASH AREA,KANE WASH AREA,,0
PTJPL,2011-11-01,6-069,6-069,KELSO LANDER VALLEY,KELSO LANDER VALLEY,,0
PTJPL,2011-11-01,6-031,6-031,KELSO VALLEY,KELSO VALLEY,,0
PTJPL,2011-11-01,2-019,2-019,KENWOOD VALLEY,KENWOOD VALLEY,39.668135,5674
PTJPL,2011-11-01,5-025,5-025,KERN RIVER VALLEY,KERN RIVER VALLEY,36.67069,15077
PTJPL,2011-11-01,1-002.02,1-002,KLAMATH RIVER VALLEY,KLAMATH RIVER VALLEY - LOWER KLAMATH,22.705238,93343
PTJPL,2011-11-01,1-002.01,1-002,KLAMATH RIVER VALLEY,KLAMATH RIVER VALLEY - TULELAKE,21.493438,296556
PTJPL,2011-11-01,1-050,1-050,KNIGHTS VALLEY,KNIGHTS VALLEY,42.344578,7322
PTJPL,2011-11-01,5-007,5-007,LAKE ALMANOR VALLEY,LAKE ALMANOR VALLEY,34.017156,2623
PTJPL,2011-11-01,5-046,5-046,LAKE BRITTON AREA,LAKE BRITTON AREA,37.816327,441
PTJPL,2011-11-01,7-001,7-001,LANFAIR VALLEY,LANFAIR VALLEY,,0
PTJPL,2011-11-01,6-036.02,6-036,LANGFORD VALLEY,LANGFORD VALLEY - IRWIN,,0
PTJPL,2011-11-01,6-036.01,6-036,LANGFORD VALLEY,LANGFORD VALLEY - LANGFORD WELL LAKE,,0
PTJPL,2011-11-01,1-033,1-033,LARABEE VALLEY,LARABEE VALLEY,32.853081,211
PTJPL,2011-11-01,4-008,4-008,LAS POSAS VALLEY,LAS POSAS VALLEY,45.355037,90830
PTJPL,2011-11-01,5-057,5-057,LAST CHANCE CREEK VALLEY,LAST CHANCE CREEK VALLEY,,0
PTJPL,2011-11-01,7-014,7-014,LAVIC VALLEY,LAVIC VALLEY,,0
PTJPL,2011-11-01,1-012,1-012,LAYTONVILLE VALLEY,LAYTONVILLE VALLEY,34.779749,5017
PTJPL,2011-11-01,6-027,6-027,LEACH VALLEY,LEACH VALLEY,,0
PTJPL,2011-11-01,6-066,6-066,LEE FLAT,LEE FLAT,,0
PTJPL,2011-11-01,6-106,6-106,LITTLE ANTELOPE VALLEY,LITTLE ANTELOPE VALLEY,21.197376,1829
PTJPL,2011-11-01,5-065,5-065,LITTLE INDIAN VALLEY,LITTLE INDIAN VALLEY,30.555556,18
PTJPL,2011-11-01,1-013,1-013,LITTLE LAKE VALLEY,LITTLE LAKE VALLEY,34.035675,16230
PTJPL,2011-11-01,1-041,1-041,LITTLE VALLEY,LITTLE VALLEY,41.781337,718
PTJPL,2011-11-01,2-010,2-010,LIVERMORE VALLEY,LIVERMORE VALLEY,43.924409,31366
PTJPL,2011-11-01,2-038,2-038,LOBOS,LOBOS,40.063599,739
PTJPL,2011-11-01,3-006,3-006,LOCKWOOD VALLEY,LOCKWOOD VALLEY,19.129365,22966
PTJPL,2011-11-01,4-017,4-017,LOCKWOOD VALLEY,LOCKWOOD VALLEY,21.008333,120
PTJPL,2011-11-01,6-011,6-011,LONG VALLEY,LONG VALLEY,20.257679,28617
PTJPL,2011-11-01,5-044,5-044,LONG VALLEY,LONG VALLEY,,0
PTJPL,2011-11-01,6-104,6-104,LONG VALLEY,LONG VALLEY,20.956213,6486
PTJPL,2011-11-01,5-031,5-031,LONG VALLEY,LONG VALLEY,35.240162,2719
PTJPL,2011-11-01,5-070,5-070,LOS BANOS CREEK VALLEY,LOS BANOS CREEK VALLEY,,0
PTJPL,2011-11-01,3-008.01,3-008,LOS OSOS VALLEY,LOS OSOS VALLEY - LOS OSOS AREA,50.618622,1901
PTJPL,2011-11-01,3-008.02,3-008,LOS OSOS VALLEY,LOS OSOS VALLEY - WARDEN CREEK,53.676978,4235
PTJPL,2011-11-01,7-051,7-051,LOST HORSE VALLEY,LOST HORSE VALLEY,,0
PTJPL,2011-11-01,6-071,6-071,LOST LAKE VALLEY,LOST LAKE VALLEY,,0
PTJPL,2011-11-01,6-021,6-021,LOWER KINGSTON VALLEY,LOWER KINGSTON VALLEY,,0
PTJPL,2011-11-01,1-014,1-014,LOWER KLAMATH RIVER VALLEY,LOWER KLAMATH RIVER VALLEY,47.036419,1318
PTJPL,2011-11-01,5-030,5-030,LOWER LAKE VALLEY,LOWER LAKE VALLEY,37.398425,635
PTJPL,2011-11-01,1-038,1-038,LOWER LAYTONVILLE VALLEY,LOWER LAYTONVILLE VALLEY,35.702128,423
PTJPL,2011-11-01,6-040,6-040,LOWER MOJAVE RIVER VALLEY,LOWER MOJAVE RIVER VALLEY,39.848712,17351
PTJPL,2011-11-01,1-060,1-060,LOWER RUSSIAN RIVER VALLEY,LOWER RUSSIAN RIVER VALLEY,39.274895,5453
PTJPL,2011-11-01,7-019,7-019,LUCERNE VALLEY,LUCERNE VALLEY,17.497892,9962
PTJPL,2011-11-01,1-008.02,1-008,MAD RIVER VALLEY,MAD RIVER VALLEY - DOWS PRAIRIE SCHOOL AREA,41.827644,4189
PTJPL,2011-11-01,1-008.01,1-008,MAD RIVER VALLEY,MAD RIVER VALLEY - MAD RIVER LOWLAND,41.658017,18229
PTJPL,2011-11-01,6-002,6-002,MADELINE PLAINS,MADELINE PLAINS,21.081786,97657
PTJPL,2011-11-01,3-051,3-051,MAJORS CREEK,MAJORS CREEK,42.388518,749
PTJPL,2011-11-01,4-022,4-022,MALIBU VALLEY,MALIBU VALLEY,43.275,40
PTJPL,2011-11-01,6-064,6-064,MARBLE CANYON AREA,MARBLE CANYON AREA,,0
PTJPL,2011-11-01,2-039,2-039,MARINA,MARINA,,0
PTJPL,2011-11-01,6-067,6-067,MARTIS VALLEY,MARTIS VALLEY,28.634727,3444
PTJPL,2011-11-01,7-059,7-059,MASON VALLEY,MASON VALLEY,,0
PTJPL,2011-11-01,1-028,1-028,MATTOLE RIVER VALLEY,MATTOLE RIVER VALLEY,45.536646,2797
PTJPL,2011-11-01,5-035,5-035,MCCLOUD AREA,MCCLOUD AREA,29.363636,187
PTJPL,2011-11-01,5-095,5-095,MEADOW VALLEY,MEADOW VALLEY,36.108108,925
PTJPL,2011-11-01,7-017,7-017,MEANS VALLEY,MEANS VALLEY,9.047619,42
PTJPL,2011-11-01,6-029,6-029,MESQUITE VALLEY,MESQUITE VALLEY,33.69331,9058
PTJPL,2011-11-01,6-020,6-020,MIDDLE AMARGOSA VALLEY,MIDDLE AMARGOSA VALLEY,40.605505,109
PTJPL,2011-11-01,5-094,5-094,MIDDLE CREEK,MIDDLE CREEK,37.214815,135
PTJPL,2011-11-01,5-087,5-087,MIDDLE FORK FEATHER RIVER,MIDDLE FORK FEATHER RIVER,26.136223,646
PTJPL,2011-11-01,6-041,6-041,MIDDLE MOJAVE RIVER VALLEY,MIDDLE MOJAVE RIVER VALLEY,42.177479,3268
PTJPL,2011-11-01,6-080,6-080,MIDDLE PARK CANYON,MIDDLE PARK CANYON,,0
PTJPL,2011-11-01,5-085,5-085,MIL POTRERO AREA,MIL POTRERO AREA,37.508929,112
PTJPL,2011-11-01,9-014,9-014,MISSION VALLEY,MISSION VALLEY,61.021713,829
PTJPL,2011-11-01,5-011,5-011,MOHAWK VALLEY,MOHAWK VALLEY,30.583372,6531
PTJPL,2011-11-01,6-009,6-009,MONO VALLEY,MONO VALLEY,18.719665,239
PTJPL,2011-11-01,3-049,3-049,MONTECITO,MONTECITO,38.405343,1722
PTJPL,2011-11-01,7-020,7-020,MORONGO VALLEY,MORONGO VALLEY,12.333333,21
PTJPL,2011-11-01,3-041,3-041,MORRO VALLEY,MORRO VALLEY,50.561644,1241
PTJPL,2011-11-01,5-008,5-008,MOUNTAIN MEADOWS VALLEY,MOUNTAIN MEADOWS VALLEY,30.697581,23689
PTJPL,2011-11-01,1-056,1-056,McDOWELL VALLEY,McDOWELL VALLEY,37.509629,2804
PTJPL,2011-11-01,2-002.01,2-002,NAPA-SONOMA VALLEY,NAPA-SONOMA VALLEY - NAPA VALLEY,43.997003,93412
PTJPL,2011-11-01,2-002.03,2-002,NAPA-SONOMA VALLEY,NAPA-SONOMA VALLEY - NAPA-SONOMA LOWLANDS,40.97479,23562
PTJPL,2011-11-01,2-002.02,2-002,NAPA-SONOMA VALLEY,NAPA-SONOMA VALLEY - SONOMA VALLEY,33.313705,80598
PTJPL,2011-11-01,1-046,1-046,NAVARRO RIVER VALLEY,NAVARRO RIVER VALLEY,,0
PTJPL,2011-11-01,3-052,3-052,NEEDLE ROCK POINT,NEEDLE ROCK POINT,43.600627,1595
PTJPL,2011-11-01,7-044,7-044,NEEDLES VALLEY,NEEDLES VALLEY,34.39928,16397
PTJPL,2011-11-01,5-050,5-050,NORTH FORK BATTLE CREEK,NORTH FORK BATTLE CREEK,30.048077,2808
PTJPL,2011-11-01,2-030,2-030,NOVATO VALLEY,NOVATO VALLEY,32.806659,14596
PTJPL,2011-11-01,7-025,7-025,OCOTILLO-CLARK VALLEY,OCOTILLO-CLARK VALLEY,26.622251,37509
PTJPL,2011-11-01,7-035,7-035,OGILBY VALLEY,OGILBY VALLEY,26.538576,3357
PTJPL,2011-11-01,4-002,4-002,OJAI VALLEY,OJAI VALLEY,59.6003,9327
PTJPL,2011-11-01,3-039,3-039,OLD VALLEY,OLD VALLEY,51.419512,205
PTJPL,2011-11-01,6-108,6-108,OLYMPIC VALLEY,OLYMPIC VALLEY,29.151815,303
PTJPL,2011-11-01,7-031,7-031,OROCOPIA VALLEY,OROCOPIA VALLEY,2.198758,161
PTJPL,2011-11-01,6-012.02,6-012,OWENS VALLEY,OWENS VALLEY - FISH SLOUGH,,0
PTJPL,2011-11-01,6-012.01,6-012,OWENS VALLEY,OWENS VALLEY - OWENS VALLEY,29.380928,93070
PTJPL,2011-11-01,6-088,6-088,OWL LAKE VALLEY,OWL LAKE VALLEY,,0
PTJPL,2011-11-01,6-028,6-028,PAHRUMP VALLEY,PAHRUMP VALLEY,,0
PTJPL,2011-11-01,6-099,6-099,PAINTERS FLAT,PAINTERS FLAT,17.549868,1133
PTJPL,2011-11-01,7-039,7-039,PALO VERDE MESA,PALO VERDE MESA,35.200976,161308
PTJPL,2011-11-01,7-038,7-038,PALO VERDE VALLEY,PALO VERDE VALLEY,35.889269,224174
PTJPL,2011-11-01,9-024,9-024,PAMO VALLEY,PAMO VALLEY,,0
PTJPL,2011-11-01,6-058,6-058,PANAMINT VALLEY,PANAMINT VALLEY,,0
PTJPL,2011-11-01,5-023,5-023,PANOCHE VALLEY,PANOCHE VALLEY,29.183113,1966
PTJPL,2011-11-01,3-032,3-032,PEACH TREE VALLEY,PEACH TREE VALLEY,15.837539,1268
PTJPL,2011-11-01,1-030,1-030,PEPPERWOOD TOWN AREA,PEPPERWOOD TOWN AREA,38.37454,3260
PTJPL,2011-11-01,2-026,2-026,PESCADERO VALLEY,PESCADERO VALLEY,43.168943,2563
PTJPL,2011-11-01,2-001,2-001,PETALUMA VALLEY,PETALUMA VALLEY,32.551567,46221
PTJPL,2011-11-01,6-051,6-051,PILOT KNOB VALLEY,PILOT KNOB VALLEY,,0
PTJPL,2011-11-01,6-092,6-092,PINE CREEK VALLEY,PINE CREEK VALLEY,10.372093,43
PTJPL,2011-11-01,7-006,7-006,PINTO VALLEY,PINTO VALLEY,,0
PTJPL,2011-11-01,7-049,7-049,PIPES CANYON FAULT VALLEY,PIPES CANYON FAULT VALLEY,,0
PTJPL,2011-11-01,2-004,2-004,PITTSBURG PLAIN,PITTSBURG PLAIN,,0
PTJPL,2011-11-01,7-045,7-045,PIUTE VALLEY,PIUTE VALLEY,,0
PTJPL,2011-11-01,7-052,7-052,PLEASANT VALLEY,PLEASANT VALLEY,,0
PTJPL,2011-11-01,4-006,4-006,PLEASANT VALLEY,PLEASANT VALLEY,34.314074,33196
PTJPL,2011-11-01,5-038,5-038,PONDOSA TOWN AREA,PONDOSA TOWN AREA,,0
PTJPL,2011-11-01,5-068,5-068,POPE VALLEY,POPE VALLEY,43.636227,12659
PTJPL,2011-11-01,9-029,9-029,POTRERO VALLEY,POTRERO VALLEY,25.274933,371
PTJPL,2011-11-01,1-051,1-051,POTTER VALLEY,POTTER VALLEY,39.941033,20554
PTJPL,2011-11-01,9-013,9-013,POWAY VALLEY,POWAY VALLEY,,0
PTJPL,2011-11-01,3-044,3-044,POZO VALLEY,POZO VALLEY,33.155547,2713
PTJPL,2011-11-01,1-025,1-025,PRAIRIE CREEK AREA,PRAIRIE CREEK AREA,,0
PTJPL,2011-11-01,7-040,7-040,QUIEN SABE POINT VALLEY,QUIEN SABE POINT VALLEY,22.248588,708
PTJPL,2011-11-01,3-024,3-024,QUIEN SABE VALLEY,QUIEN SABE VALLEY,32.550995,11403
PTJPL,2011-11-01,6-062,6-062,RACE TRACK VALLEY,RACE TRACK VALLEY,,0
PTJPL,2011-11-01,3-046,3-046,RAFAEL VALLEY,RAFAEL VALLEY,25.0,1
PTJPL,2011-11-01,9-025,9-025,RANCHITA TOWN AREA,RANCHITA TOWN AREA,18.295455,44
PTJPL,2011-11-01,4-023,4-023,RAYMOND,RAYMOND,39.814211,1717
PTJPL,2011-11-01,6-024,6-024,RED PASS VALLEY,RED PASS VALLEY,,0
PTJPL,2011-11-01,1-018,1-018,RED ROCK VALLEY,RED ROCK VALLEY,26.711728,22680
PTJPL,2011-11-01,5-006.03,5-006,REDDING AREA,REDDING AREA - ANDERSON,52.429862,42951
PTJPL,2011-11-01,5-006.01,5-006,REDDING AREA,REDDING AREA - BOWMAN,52.350788,18219
PTJPL,2011-11-01,5-006.04,5-006,REDDING AREA,REDDING AREA - ENTERPRISE,49.44523,22476
PTJPL,2011-11-01,5-006.05,5-006,REDDING AREA,REDDING AREA - MILLVILLE,52.102621,9082
PTJPL,2011-11-01,5-006.06,5-006,REDDING AREA,REDDING AREA - SOUTH BATTLE CREEK,52.91105,7982
PTJPL,2011-11-01,1-026,1-026,REDWOOD CREEK AREA,REDWOOD CREEK AREA,42.60767,2712
PTJPL,2011-11-01,6-086,6-086,RHODES HILL AREA,RHODES HILL AREA,,0
PTJPL,2011-11-01,7-004,7-004,RICE VALLEY,RICE VALLEY,42.105008,619
PTJPL,2011-11-01,6-023,6-023,RIGGS VALLEY,RIGGS VALLEY,,0
PTJPL,2011-11-01,3-043,3-043,RINCONADA VALLEY,RINCONADA VALLEY,44.130719,2907
PTJPL,2011-11-01,5-043,5-043,ROCK PRAIRIE VALLEY,ROCK PRAIRIE VALLEY,,0
PTJPL,2011-11-01,6-056,6-056,ROSE VALLEY,ROSE VALLEY,,0
PTJPL,2011-11-01,2-028,2-028,ROSS VALLEY,ROSS VALLEY,,0
PTJPL,2011-11-01,5-036,5-036,ROUND VALLEY,ROUND VALLEY,22.347541,14312
PTJPL,2011-11-01,4-020,4-020,RUSSELL VALLEY,RUSSELL VALLEY,41.480916,131
PTJPL,2011-11-01,5-021.54,5-021,SACRAMENTO VALLEY,SACRAMENTO VALLEY - ANTELOPE,55.392688,37689
PTJPL,2011-11-01,5-021.53,5-021,SACRAMENTO VALLEY,SACRAMENTO VALLEY - BEND,52.801221,2621
PTJPL,2011-11-01,5-021.70,5-021,SACRAMENTO VALLEY,SACRAMENTO VALLEY - BUTTE,31.61604,802234
PTJPL,2011-11-01,5-021.52,5-021,SACRAMENTO VALLEY,SACRAMENTO VALLEY - COLUSA,39.338085,2169945
PTJPL,2011-11-01,5-021.51,5-021,SACRAMENTO VALLEY,SACRAMENTO VALLEY - CORNING,48.445986,348874
PTJPL,2011-11-01,5-021.56,5-021,SACRAMENTO VALLEY,SACRAMENTO VALLEY - LOS MOLINOS,54.504981,77700
PTJPL,2011-11-01,5-021.64,5-021,SACRAMENTO VALLEY,SACRAMENTO VALLEY - NORTH AMERICAN,33.372056,550277
PTJPL,2011-11-01,5-021.60,5-021,SACRAMENTO VALLEY,SACRAMENTO VALLEY - NORTH YUBA,37.241672,171443
PTJPL,2011-11-01,5-021.50,5-021,SACRAMENTO VALLEY,SACRAMENTO VALLEY - RED BLUFF,50.540103,175098
PTJPL,2011-11-01,5-021.66,5-021,SACRAMENTO VALLEY,SACRAMENTO VALLEY - SOLANO,42.574389,927394
PTJPL,2011-11-01,5-021.65,5-021,SACRAMENTO VALLEY,SACRAMENTO VALLEY - SOUTH AMERICAN,41.115133,247583
PTJPL,2011-11-01,5-021.61,5-021,SACRAMENTO VALLEY,SACRAMENTO VALLEY - SOUTH YUBA,30.371576,211230
PTJPL,2011-11-01,5-021.62,5-021,SACRAMENTO VALLEY,SACRAMENTO VALLEY - SUTTER,26.713304,842351
PTJPL,2011-11-01,5-021.57,5-021,SACRAMENTO VALLEY,SACRAMENTO VALLEY - VINA,40.24138,354511
PTJPL,2011-11-01,5-021.69,5-021,SACRAMENTO VALLEY,SACRAMENTO VALLEY - WYANDOTTE CREEK,35.112423,72218
PTJPL,2011-11-01,5-021.67,5-021,SACRAMENTO VALLEY,SACRAMENTO VALLEY - YOLO,28.546322,1359828
PTJPL,2011-11-01,3-004.01,3-004,SALINAS VALLEY,SALINAS VALLEY - 180/400 FOOT AQUIFER,47.191781,244935
PTJPL,2011-11-01,3-004.11,3-004,SALINAS VALLEY,SALINAS VALLEY - ATASCADERO AREA,31.774291,25586
PTJPL,2011-11-01,3-004.02,3-004,SALINAS VALLEY,SALINAS VALLEY - EAST SIDE AQUIFER,45.45481,155489
PTJPL,2011-11-01,3-004.04,3-004,SALINAS VALLEY,SALINAS VALLEY - FOREBAY AQUIFER,41.467403,261975
PTJPL,2011-11-01,3-004.09,3-004,SALINAS VALLEY,SALINAS VALLEY - LANGLEY AREA,41.02525,8396
PTJPL,2011-11-01,3-004.10,3-004,SALINAS VALLEY,SALINAS VALLEY - MONTEREY,49.147049,3033
PTJPL,2011-11-01,3-004.06,3-004,SALINAS VALLEY,SALINAS VALLEY - PASO ROBLES AREA,34.558753,339916
PTJPL,2011-11-01,3-004.08,3-004,SALINAS VALLEY,SALINAS VALLEY - SEASIDE,48.992088,1643
PTJPL,2011-11-01,3-004.05,3-004,SALINAS VALLEY,SALINAS VALLEY - UPPER VALLEY AQUIFER,30.265935,280181
PTJPL,2011-11-01,6-017,6-017,SALINE VALLEY,SALINE VALLEY,,0
PTJPL,2011-11-01,6-053,6-053,SALT WELLS VALLEY,SALT WELLS VALLEY,,0
PTJPL,2011-11-01,3-014,3-014,SAN ANTONIO CREEK VALLEY,SAN ANTONIO CREEK VALLEY,49.712221,63229
PTJPL,2011-11-01,3-028,3-028,SAN BENITO RIVER VALLEY,SAN BENITO RIVER VALLEY,38.886554,4187
PTJPL,2011-11-01,3-033,3-033,SAN CARPOFORO VALLEY,SAN CARPOFORO VALLEY,,0
PTJPL,2011-11-01,9-015,9-015,SAN DIEGO RIVER VALLEY,SAN DIEGO RIVER VALLEY,51.461809,1139
PTJPL,2011-11-01,9-012,9-012,SAN DIEGUITO CREEK,SAN DIEGUITO CREEK,68.493168,1610
PTJPL,2011-11-01,9-023,9-023,SAN ELIJO VALLEY,SAN ELIJO VALLEY,62.44,25
PTJPL,2011-11-01,7-027,7-027,SAN FELIPE VALLEY,SAN FELIPE VALLEY,21.216216,74
PTJPL,2011-11-01,4-012,4-012,SAN FERNANDO VALLEY,SAN FERNANDO VALLEY,42.037015,8429
PTJPL,2011-11-01,4-013,4-013,SAN GABRIEL VALLEY,SAN GABRIEL VALLEY,39.39326,9139
PTJPL,2011-11-01,2-024,2-024,SAN GREGORIO VALLEY,SAN GREGORIO VALLEY,42.145133,1130
PTJPL,2011-11-01,8-005,8-005,SAN JACINTO,SAN JACINTO,27.024097,135450
PTJPL,2011-11-01,5-022.05,5-022,SAN JOAQUIN VALLEY,SAN JOAQUIN VALLEY - CHOWCHILLA,34.157299,545902
PTJPL,2011-11-01,5-022.16,5-022,SAN JOAQUIN VALLEY,SAN JOAQUIN VALLEY - COSUMNES,46.321318,250879
PTJPL,2011-11-01,5-022.07,5-022,SAN JOAQUIN VALLEY,SAN JOAQUIN VALLEY - DELTA-MENDOTA,35.928607,2031917
PTJPL,2011-11-01,5-022.19,5-022,SAN JOAQUIN VALLEY,SAN JOAQUIN VALLEY - EAST CONTRA COSTA,47.577718,179984
PTJPL,2011-11-01,5-022.01,5-022,SAN JOAQUIN VALLEY,SAN JOAQUIN VALLEY - EASTERN SAN JOAQUIN,46.699908,1846558
PTJPL,2011-11-01,5-022.11,5-022,SAN JOAQUIN VALLEY,SAN JOAQUIN VALLEY - KAWEAH,45.118184,1383346
PTJPL,2011-11-01,5-022.14,5-022,SAN JOAQUIN VALLEY,SAN JOAQUIN VALLEY - KERN COUNTY,45.504368,3709303
PTJPL,2011-11-01,5-022.17,5-022,SAN JOAQUIN VALLEY,SAN JOAQUIN VALLEY - KETTLEMAN PLAIN,33.339972,135911
PTJPL,2011-11-01,5-022.08,5-022,SAN JOAQUIN VALLEY,SAN JOAQUIN VALLEY - KINGS,42.727908,2979930
PTJPL,2011-11-01,5-022.06,5-022,SAN JOAQUIN VALLEY,SAN JOAQUIN VALLEY - MADERA,39.704827,953242
PTJPL,2011-11-01,5-022.04,5-022,SAN JOAQUIN VALLEY,SAN JOAQUIN VALLEY - MERCED,37.796753,1184805
PTJPL,2011-11-01,5-022.02,5-022,SAN JOAQUIN VALLEY,SAN JOAQUIN VALLEY - MODESTO,45.423277,583318
PTJPL,2011-11-01,5-022.10,5-022,SAN JOAQUIN VALLEY,SAN JOAQUIN VALLEY - PLEASANT VALLEY,36.857948,120709
PTJPL,2011-11-01,5-022.15,5-022,SAN JOAQUIN VALLEY,SAN JOAQUIN VALLEY - TRACY,43.347451,626583
PTJPL,2011-11-01,5-022.12,5-022,SAN JOAQUIN VALLEY,SAN JOAQUIN VALLEY - TULARE LAKE,39.026695,1572068
PTJPL,2011-11-01,5-022.13,5-022,SAN JOAQUIN VALLEY,SAN JOAQUIN VALLEY - TULE,44.093774,1579245
PTJPL,2011-11-01,5-022.03,5-022,SAN JOAQUIN VALLEY,SAN JOAQUIN VALLEY - TURLOCK,41.324492,1022220
PTJPL,2011-11-01,5-022.09,5-022,SAN JOAQUIN VALLEY,SAN JOAQUIN VALLEY - WESTSIDE,38.211349,2400602
PTJPL,2011-11-01,5-022.18,5-022,SAN JOAQUIN VALLEY,SAN JOAQUIN VALLEY - WHITE WOLF,59.029827,162939
PTJPL,2011-11-01,9-001,9-001,SAN JUAN VALLEY,SAN JUAN VALLEY,50.43662,2272
PTJPL,2011-11-01,3-009,3-009,SAN LUIS OBISPO VALLEY,SAN LUIS OBISPO VALLEY,51.564527,16683
PTJPL,2011-11-01,9-007.02,9-007,SAN LUIS REY VALLEY,SAN LUIS REY VALLEY - LOWER SAN LUIS REY VALLEY,51.954776,2764
PTJPL,2011-11-01,9-007.01,9-007,SAN LUIS REY VALLEY,SAN LUIS REY VALLEY - UPPER SAN LUIS REY VALLEY,50.725827,25597
PTJPL,2011-11-01,9-032,9-032,SAN MARCOS AREA,SAN MARCOS AREA,56.407407,27
PTJPL,2011-11-01,9-002,9-002,SAN MATEO VALLEY,SAN MATEO VALLEY,45.555556,9
PTJPL,2011-11-01,9-003,9-003,SAN ONOFRE VALLEY,SAN ONOFRE VALLEY,,0
PTJPL,2011-11-01,9-010,9-010,SAN PASQUAL VALLEY,SAN PASQUAL VALLEY,45.912602,7689
PTJPL,2011-11-01,2-036,2-036,SAN PEDRO VALLEY,SAN PEDRO VALLEY,43.416667,24
PTJPL,2011-11-01,2-029,2-029,SAN RAFAEL VALLEY,SAN RAFAEL VALLEY,,0
PTJPL,2011-11-01,2-007,2-007,SAN RAMON VALLEY,SAN RAMON VALLEY,44.661376,378
PTJPL,2011-11-01,3-035,3-035,SAN SIMEON VALLEY,SAN SIMEON VALLEY,57.203704,216
PTJPL,2011-11-01,2-027,2-027,SAND POINT AREA,SAND POINT AREA,35.181774,20564
PTJPL,2011-11-01,1-053,1-053,SANEL VALLEY,SANEL VALLEY,45.426007,11812
PTJPL,2011-11-01,3-022,3-022,SANTA ANA VALLEY,SANTA ANA VALLEY,34.524448,7158
PTJPL,2011-11-01,3-017,3-017,SANTA BARBARA,SANTA BARBARA,42.201729,694
PTJPL,2011-11-01,4-004.05,4-004,SANTA CLARA RIVER VALLEY,SANTA CLARA RIVER VALLEY - FILLMORE,56.097544,50121
PTJPL,2011-11-01,4-004.03,4-004,SANTA CLARA RIVER VALLEY,SANTA CLARA RIVER VALLEY - MOUND,37.497526,9499
PTJPL,2011-11-01,4-004.02,4-004,SANTA CLARA RIVER VALLEY,SANTA CLARA RIVER VALLEY - OXNARD,33.145878,106699
PTJPL,2011-11-01,4-004.06,4-004,SANTA CLARA RIVER VALLEY,SANTA CLARA RIVER VALLEY - PIRU,42.752481,23073
PTJPL,2011-11-01,4-004.07,4-004,SANTA CLARA RIVER VALLEY,SANTA CLARA RIVER VALLEY - SANTA CLARA RIVER VALLEY EAST,34.566035,6807
PTJPL,2011-11-01,4-004.04,4-004,SANTA CLARA RIVER VALLEY,SANTA CLARA RIVER VALLEY - SANTA PAULA,41.17474,40609
PTJPL,2011-11-01,2-009.04,2-009,SANTA CLARA VALLEY,SANTA CLARA VALLEY - EAST BAY PLAIN,45.903647,2989
PTJPL,2011-11-01,2-009.01,2-009,SANTA CLARA VALLEY,SANTA CLARA VALLEY - NILES CONE,28.542714,1791
PTJPL,2011-11-01,2-009.03,2-009,SANTA CLARA VALLEY,SANTA CLARA VALLEY - SAN MATEO PLAIN,41.795118,1352
PTJPL,2011-11-01,2-009.02,2-009,SANTA CLARA VALLEY,SANTA CLARA VALLEY - SANTA CLARA,41.777317,25570
PTJPL,2011-11-01,3-001,3-001,SANTA CRUZ MID-COUNTY,SANTA CRUZ MID-COUNTY,48.855958,3978
PTJPL,2011-11-01,3-027,3-027,SANTA MARGARITA,SANTA MARGARITA,48.365772,298
PTJPL,2011-11-01,9-004,9-004,SANTA MARGARITA VALLEY,SANTA MARGARITA VALLEY,,0
PTJPL,2011-11-01,3-012.02,3-012,SANTA MARIA RIVER VALLEY,SANTA MARIA RIVER VALLEY - ARROYO GRANDE,45.9409,6176
PTJPL,2011-11-01,3-012.01,3-012,SANTA MARIA RIVER VALLEY,SANTA MARIA RIVER VALLEY - SANTA MARIA,47.363228,262758
PTJPL,2011-11-01,9-011,9-011,SANTA MARIA VALLEY,SANTA MARIA VALLEY,35.969773,3176
PTJPL,2011-11-01,6-068,6-068,SANTA ROSA FLAT,SANTA ROSA FLAT,,0
PTJPL,2011-11-01,3-036,3-036,SANTA ROSA VALLEY,SANTA ROSA VALLEY,55.275146,2744
PTJPL,2011-11-01,1-055.02,1-055,SANTA ROSA VALLEY,SANTA ROSA VALLEY - HEALDSBURG AREA,46.388523,31401
PTJPL,2011-11-01,1-055.03,1-055,SANTA ROSA VALLEY,SANTA ROSA VALLEY - RINCON VALLEY,40.666093,581
PTJPL,2011-11-01,1-055.01,1-055,SANTA ROSA VALLEY,SANTA ROSA VALLEY - SANTA ROSA PLAIN,38.417177,81016
PTJPL,2011-11-01,3-015,3-015,SANTA YNEZ RIVER VALLEY,SANTA YNEZ RIVER VALLEY,42.128476,118162
PTJPL,2011-11-01,1-005,1-005,SCOTT RIVER VALLEY,SCOTT RIVER VALLEY,31.67011,147228
PTJPL,2011-11-01,5-014,5-014,SCOTTS VALLEY,SCOTTS VALLEY,43.446018,7271
PTJPL,2011-11-01,6-052,6-052,SEARLES VALLEY,SEARLES VALLEY,,0
PTJPL,2011-11-01,6-100,6-100,SECRET VALLEY,SECRET VALLEY,21.953954,12379
PTJPL,2011-11-01,1-016,1-016,SEIAD VALLEY,SEIAD VALLEY,34.599089,439
PTJPL,2011-11-01,8-008,8-008,SEVEN OAKS VALLEY,SEVEN OAKS VALLEY,,0
PTJPL,2011-11-01,1-004,1-004,SHASTA VALLEY,SHASTA VALLEY,32.324238,257678
PTJPL,2011-11-01,1-042,1-042,SHERWOOD VALLEY,SHERWOOD VALLEY,,0
PTJPL,2011-11-01,5-012.02,5-012,SIERRA VALLEY,SIERRA VALLEY - CHILCOOT,24.554405,5505
PTJPL,2011-11-01,5-012.01,5-012,SIERRA VALLEY,SIERRA VALLEY - SIERRA VALLEY,23.181718,213275
PTJPL,2011-11-01,6-034,6-034,SILVER LAKE VALLEY,SILVER LAKE VALLEY,,0
PTJPL,2011-11-01,4-009,4-009,SIMI VALLEY,SIMI VALLEY,41.310717,1297
PTJPL,2011-11-01,6-105,6-105,SLINKARD VALLEY,SLINKARD VALLEY,,0
PTJPL,2011-11-01,1-001,1-001,SMITH RIVER PLAIN,SMITH RIVER PLAIN,38.601501,34901
PTJPL,2011-11-01,6-033,6-033,SODA LAKE VALLEY,SODA LAKE VALLEY,,0
PTJPL,2011-11-01,2-037,2-037,SOUTH SAN FRANCISCO,SOUTH SAN FRANCISCO,,0
PTJPL,2011-11-01,6-082,6-082,SPRING CANYON VALLEY,SPRING CANYON VALLEY,,0
PTJPL,2011-11-01,5-089,5-089,SQUAW FLAT,SQUAW FLAT,,0
PTJPL,2011-11-01,5-088,5-088,STONY GORGE RESERVOIR,STONY GORGE RESERVOIR,41.205394,964
PTJPL,2011-11-01,5-063,5-063,STONYFORD TOWN AREA,STONYFORD TOWN AREA,36.676951,3857
PTJPL,2011-11-01,2-003,2-003,SUISUN-FAIRFIELD VALLEY,SUISUN-FAIRFIELD VALLEY,42.126721,90956
PTJPL,2011-11-01,2-011,2-011,SUNOL VALLEY,SUNOL VALLEY,45.407609,1656
PTJPL,2011-11-01,6-049,6-049,SUPERIOR VALLEY,SUPERIOR VALLEY,,0
PTJPL,2011-11-01,6-001,6-001,SURPRISE VALLEY,SURPRISE VALLEY,23.196292,231206
PTJPL,2011-11-01,6-107,6-107,SWEETWATER FLAT,SWEETWATER FLAT,21.552469,324
PTJPL,2011-11-01,6-005.03,6-005,TAHOE VALLEY,TAHOE VALLEY - TAHOE NORTH,26.366667,210
PTJPL,2011-11-01,6-005.01,6-005,TAHOE VALLEY,TAHOE VALLEY - TAHOE SOUTH,23.550993,755
PTJPL,2011-11-01,6-005.02,6-005,TAHOE VALLEY,TAHOE VALLEY - TAHOE WEST,24.830409,171
PTJPL,2011-11-01,6-045,6-045,TEHACHAPI VALLEY EAST,TEHACHAPI VALLEY EAST,31.730939,3397
PTJPL,2011-11-01,5-028,5-028,TEHACHAPI VALLEY WEST,TEHACHAPI VALLEY WEST,32.394273,4540
PTJPL,2011-11-01,9-005,9-005,TEMECULA VALLEY,TEMECULA VALLEY,37.181681,20514
PTJPL,2011-11-01,1-040,1-040,TEN MILE RIVER VALLEY,TEN MILE RIVER VALLEY,42.578947,209
PTJPL,2011-11-01,7-026,7-026,TERWILLIGER VALLEY,TERWILLIGER VALLEY,25.313609,169
PTJPL,2011-11-01,4-019,4-019,THOUSAND OAKS AREA,THOUSAND OAKS AREA,43.784416,385
PTJPL,2011-11-01,4-015,4-015,TIERRA REJADA,TIERRA REJADA,38.686217,4092
PTJPL,2011-11-01,5-037,5-037,TOAD WELL AREA,TOAD WELL AREA,,0
PTJPL,2011-11-01,3-040,3-040,TORO VALLEY,TORO VALLEY,54.389189,370
PTJPL,2011-11-01,6-098,6-098,TULEDAD CANYON VALLEY,TULEDAD CANYON VALLEY,16.729032,310
PTJPL,2011-11-01,7-010,7-010,TWENTYNINE PALMS VALLEY,TWENTYNINE PALMS VALLEY,22.534137,747
PTJPL,2011-11-01,1-052,1-052,UKIAH VALLEY,UKIAH VALLEY,46.214693,43476
PTJPL,2011-11-01,6-022,6-022,UPPER KINGSTON VALLEY,UPPER KINGSTON VALLEY,,0
PTJPL,2011-11-01,5-013,5-013,UPPER LAKE VALLEY,UPPER LAKE VALLEY,35.848304,12413
PTJPL,2011-11-01,6-042,6-042,UPPER MOJAVE RIVER VALLEY,UPPER MOJAVE RIVER VALLEY,25.014375,6748
PTJPL,2011-11-01,4-001,4-001,UPPER OJAI VALLEY,UPPER OJAI VALLEY,46.154827,3294
PTJPL,2011-11-01,3-023,3-023,UPPER SANTA ANA VALLEY,UPPER SANTA ANA VALLEY,37.714286,7
PTJPL,2011-11-01,8-002.05,8-002,UPPER SANTA ANA VALLEY,UPPER SANTA ANA VALLEY - CAJON,18.835294,170
PTJPL,2011-11-01,8-002.01,8-002,UPPER SANTA ANA VALLEY,UPPER SANTA ANA VALLEY - CHINO,30.895856,29440
PTJPL,2011-11-01,8-002.02,8-002,UPPER SANTA ANA VALLEY,UPPER SANTA ANA VALLEY - CUCAMONGA,34.491045,670
PTJPL,2011-11-01,8-002.04,8-002,UPPER SANTA ANA VALLEY,UPPER SANTA ANA VALLEY - RIALTO-COLTON,32.114924,1253
PTJPL,2011-11-01,8-002.03,8-002,UPPER SANTA ANA VALLEY,UPPER SANTA ANA VALLEY - RIVERSIDE-ARLINGTON,42.360876,13966
PTJPL,2011-11-01,8-002.06,8-002,UPPER SANTA ANA VALLEY,UPPER SANTA ANA VALLEY - SAN BERNARDINO,39.556399,15541
PTJPL,2011-11-01,8-002.08,8-002,UPPER SANTA ANA VALLEY,UPPER SANTA ANA VALLEY - SAN TIMOTEO,35.910006,4667
PTJPL,2011-11-01,8-002.09,8-002,UPPER SANTA ANA VALLEY,UPPER SANTA ANA VALLEY - TEMESCAL,46.256805,845
PTJPL,2011-11-01,8-002.07,8-002,UPPER SANTA ANA VALLEY,UPPER SANTA ANA VALLEY - YUCAIPA,32.592372,2858
PTJPL,2011-11-01,7-028,7-028,VALLECITO-CARRIZO VALLEY,VALLECITO-CARRIZO VALLEY,,0
PTJPL,2011-11-01,5-071,5-071,VALLECITOS CREEK VALLEY,VALLECITOS CREEK VALLEY,,0
PTJPL,2011-11-01,7-063,7-063,VANDEVENTER FLAT,VANDEVENTER FLAT,,0
PTJPL,2011-11-01,4-003.02,4-003,VENTURA RIVER VALLEY,VENTURA RIVER VALLEY - LOWER VENTURA RIVER,34.513834,1771
PTJPL,2011-11-01,4-003.01,4-003,VENTURA RIVER VALLEY,VENTURA RIVER VALLEY - UPPER VENTURA RIVER,47.20087,2300
PTJPL,2011-11-01,7-042,7-042,VIDAL VALLEY,VIDAL VALLEY,,0
PTJPL,2011-11-01,3-037,3-037,VILLA VALLEY,VILLA VALLEY,53.313817,854
PTJPL,2011-11-01,2-032,2-032,VISITACION VALLEY,VISITACION VALLEY,34.353933,178
PTJPL,2011-11-01,5-026,5-026,WALKER BASIN CREEK VALLEY,WALKER BASIN CREEK VALLEY,29.263034,6387
PTJPL,2011-11-01,7-003,7-003,WARD VALLEY,WARD VALLEY,,0
PTJPL,2011-11-01,9-008,9-008,WARNER VALLEY,WARNER VALLEY,30.696793,343
PTJPL,2011-11-01,7-012,7-012,WARREN VALLEY,WARREN VALLEY,15.53913,345
PTJPL,2011-11-01,1-031,1-031,WEOTT TOWN AREA,WEOTT TOWN AREA,40.898662,523
PTJPL,2011-11-01,7-022,7-022,WEST SALTON SEA,WEST SALTON SEA,,0
PTJPL,2011-11-01,3-026,3-026,WEST SANTA CRUZ TERRACE,WEST SANTA CRUZ TERRACE,47.582239,1599
PTJPL,2011-11-01,2-035,2-035,WESTSIDE,WESTSIDE,38.021721,3545
PTJPL,2011-11-01,6-073,6-073,WILD HORSE MESA AREA,WILD HORSE MESA AREA,,0
PTJPL,2011-11-01,6-075,6-075,WILDROSE CANYON,WILDROSE CANYON,,0
PTJPL,2011-11-01,1-043,1-043,WILLIAMS VALLEY,WILLIAMS VALLEY,42.210309,485
PTJPL,2011-11-01,6-003,6-003,WILLOW CREEK VALLEY,WILLOW CREEK VALLEY,22.867702,26463
PTJPL,2011-11-01,1-059,1-059,WILSON GROVE FORMATION HIGHLANDS,WILSON GROVE FORMATION HIGHLANDS,36.600467,70610
PTJPL,2011-11-01,1-062,1-062,WILSON POINT AREA,WILSON POINT AREA,32.333333,9
PTJPL,2011-11-01,6-019,6-019,WINGATE VALLEY,WINGATE VALLEY,,0
PTJPL,2011-11-01,7-056,7-056,YAQUI WELL AREA,YAQUI WELL AREA,,0
PTJPL,2011-11-01,5-056,5-056,YELLOW CREEK VALLEY,YELLOW CREEK VALLEY,30.436956,5861
PTJPL,2011-11-01,2-006,2-006,YGNACIO VALLEY,YGNACIO VALLEY,33.767677,396
PTJPL,2011-11-01,5-069,5-069,YOSEMITE VALLEY,YOSEMITE VALLEY,,0
PTJPL,2011-11-01,7-036,7-036,YUMA VALLEY,YUMA VALLEY,40.704699,66610
