Model,Date,Basin_Subb,Basin_Numb,Basin_Name,Basin_Su_1,ET,Pixel_Count
PTJPL,2009-10-01,4-005,4-005,ACTON VALLEY,ACTON VALLEY,24.821856,668
PTJPL,2009-10-01,6-010,6-010,ADOBE LAKE VALLEY,ADOBE LAKE VALLEY,,0
PTJPL,2009-10-01,1-054.01,1-054,ALEXANDER VALLEY,ALEXANDER VALLEY - ALEXANDER AREA,65.848879,39743
PTJPL,2009-10-01,1-054.02,1-054,ALEXANDER VALLEY,ALEXANDER VALLEY - CLOVERDALE AREA,65.274363,9502
PTJPL,2009-10-01,5-002.01,5-002,ALTURAS AREA,ALTURAS AREA - SOUTH FORK PITT RIVER,49.724852,159794
PTJPL,2009-10-01,5-002.02,5-002,ALTURAS AREA,ALTURAS AREA - WARM SPRINGS VALLEY,50.677581,74425
PTJPL,2009-10-01,5-010,5-010,AMERICAN VALLEY,AMERICAN VALLEY,54.462241,9746
PTJPL,2009-10-01,7-016,7-016,AMES VALLEY,AMES VALLEY,,0
PTJPL,2009-10-01,7-034,7-034,AMOS VALLEY,AMOS VALLEY,,0
PTJPL,2009-10-01,1-019,1-019,ANDERSON VALLEY,ANDERSON VALLEY,56.92444,5982
PTJPL,2009-10-01,1-049,1-049,ANNAPOLIS OHLSON RANCH FORMATION HIGHLANDS,ANNAPOLIS OHLSON RANCH FORMATION HIGHLANDS,59.620909,2353
PTJPL,2009-10-01,5-091,5-091,ANTELOPE CREEK,ANTELOPE CREEK,35.500935,1605
PTJPL,2009-10-01,6-044,6-044,ANTELOPE VALLEY,ANTELOPE VALLEY,32.369492,137884
PTJPL,2009-10-01,6-007,6-007,ANTELOPE VALLEY,ANTELOPE VALLEY,51.329332,48489
PTJPL,2009-10-01,3-034,3-034,ARROYO DE LA CRUZ VALLEY,ARROYO DE LA CRUZ VALLEY,60.960967,538
PTJPL,2009-10-01,2-031,2-031,ARROYO DEL HAMBRE VALLEY,ARROYO DEL HAMBRE VALLEY,,0
PTJPL,2009-10-01,4-007,4-007,ARROYO SANTA ROSA VALLEY,ARROYO SANTA ROSA VALLEY,52.772554,7870
PTJPL,2009-10-01,7-037,7-037,ARROYO SECO VALLEY,ARROYO SECO VALLEY,,0
PTJPL,2009-10-01,5-054,5-054,ASH VALLEY,ASH VALLEY,44.355031,12106
PTJPL,2009-10-01,6-026,6-026,AVAWATZ VALLEY,AVAWATZ VALLEY,,0
PTJPL,2009-10-01,3-020,3-020,A�O NUEVO AREA,A�O NUEVO AREA,51.688332,1877
PTJPL,2009-10-01,9-022,9-022,BATIQUITOS LAGOON VALLEY,BATIQUITOS LAGOON VALLEY,70.308065,620
PTJPL,2009-10-01,8-009,8-009,BEAR VALLEY,BEAR VALLEY,39.689498,219
PTJPL,2009-10-01,5-064,5-064,BEAR VALLEY,BEAR VALLEY,38.013725,510
PTJPL,2009-10-01,5-020,5-020,BERRYESSA VALLEY,BERRYESSA VALLEY,,0
PTJPL,2009-10-01,7-015,7-015,BESSEMER VALLEY,BESSEMER VALLEY,,0
PTJPL,2009-10-01,6-025,6-025,BICYCLE VALLEY,BICYCLE VALLEY,,0
PTJPL,2009-10-01,1-027,1-027,BIG LAGOON AREA,BIG LAGOON AREA,66.307692,39
PTJPL,2009-10-01,8-007,8-007,BIG MEADOWS VALLEY,BIG MEADOWS VALLEY,,0
PTJPL,2009-10-01,1-045,1-045,BIG RIVER VALLEY,BIG RIVER VALLEY,,0
PTJPL,2009-10-01,3-047,3-047,BIG SPRING AREA,BIG SPRING AREA,23.720044,918
PTJPL,2009-10-01,5-015,5-015,BIG VALLEY,BIG VALLEY,62.828923,41040
PTJPL,2009-10-01,5-004,5-004,BIG VALLEY,BIG VALLEY,49.155178,163109
PTJPL,2009-10-01,3-030,3-030,BITTER WATER VALLEY,BITTER WATER VALLEY,42.819274,7575
PTJPL,2009-10-01,6-013,6-013,BLACK SPRINGS VALLEY,BLACK SPRINGS VALLEY,,0
PTJPL,2009-10-01,5-092,5-092,BLANCHARD VALLEY,BLANCHARD VALLEY,40.416814,1130
PTJPL,2009-10-01,1-057,1-057,BODEGA BAY AREA,BODEGA BAY AREA,64.344156,154
PTJPL,2009-10-01,7-024.01,7-024,BORREGO VALLEY,BORREGO VALLEY - BORREGO SPRINGS,52.532218,17397
PTJPL,2009-10-01,7-024.02,7-024,BORREGO VALLEY,BORREGO VALLEY - OCOTILLO WELLS,41.333333,12
PTJPL,2009-10-01,1-039,1-039,BRANSCOMB TOWN AREA,BRANSCOMB TOWN AREA,,0
PTJPL,2009-10-01,1-017,1-017,BRAY TOWN AREA,BRAY TOWN AREA,40.855294,4250
PTJPL,2009-10-01,6-008,6-008,BRIDGEPORT VALLEY,BRIDGEPORT VALLEY,40.062348,74902
PTJPL,2009-10-01,7-008,7-008,BRISTOL VALLEY,BRISTOL VALLEY,21.268366,7963
PTJPL,2009-10-01,5-080,5-080,BRITE VALLEY,BRITE VALLEY,19.58006,1324
PTJPL,2009-10-01,6-032,6-032,BROADWELL VALLEY,BROADWELL VALLEY,,0
PTJPL,2009-10-01,6-076,6-076,BROWN MOUNTAIN VALLEY,BROWN MOUNTAIN VALLEY,,0
PTJPL,2009-10-01,7-054,7-054,BUCK RIDGE FAULT VALLEY,BUCK RIDGE FAULT VALLEY,,0
PTJPL,2009-10-01,6-101,6-101,BULL FLAT,BULL FLAT,31.666667,48
PTJPL,2009-10-01,5-048,5-048,BURNEY CREEK VALLEY,BURNEY CREEK VALLEY,45.404845,6852
PTJPL,2009-10-01,5-017,5-017,BURNS VALLEY,BURNS VALLEY,56.826413,1734
PTJPL,2009-10-01,5-051,5-051,BUTTE CREEK VALLEY,BUTTE CREEK VALLEY,,0
PTJPL,2009-10-01,1-003,1-003,BUTTE VALLEY,BUTTE VALLEY,34.579658,149376
PTJPL,2009-10-01,6-081,6-081,BUTTE VALLEY,BUTTE VALLEY,,0
PTJPL,2009-10-01,6-070,6-070,CACTUS FLAT,CACTUS FLAT,,0
PTJPL,2009-10-01,7-007,7-007,CADIZ VALLEY,CADIZ VALLEY,,0
PTJPL,2009-10-01,6-090,6-090,CADY FAULT AREA,CADY FAULT AREA,,0
PTJPL,2009-10-01,9-006,9-006,CAHUILLA VALLEY,CAHUILLA VALLEY,11.43088,6250
PTJPL,2009-10-01,6-079,6-079,CALIFORNIA VALLEY,CALIFORNIA VALLEY,,0
PTJPL,2009-10-01,7-041,7-041,CALZONA VALLEY,CALZONA VALLEY,,0
PTJPL,2009-10-01,6-061,6-061,CAMEO AREA,CAMEO AREA,,0
PTJPL,2009-10-01,9-028,9-028,CAMPO VALLEY,CAMPO VALLEY,22.468254,126
PTJPL,2009-10-01,7-046,7-046,CANEBRAKE VALLEY,CANEBRAKE VALLEY,,0
PTJPL,2009-10-01,3-007,3-007,CARMEL VALLEY,CARMEL VALLEY,64.232449,1282
PTJPL,2009-10-01,3-018,3-018,CARPINTERIA,CARPINTERIA,53.087236,13091
PTJPL,2009-10-01,3-019,3-019,CARRIZO PLAIN,CARRIZO PLAIN,23.252122,22739
PTJPL,2009-10-01,6-006,6-006,CARSON VALLEY,CARSON VALLEY,54.620673,10516
PTJPL,2009-10-01,5-029,5-029,CASTAC LAKE VALLEY,CASTAC LAKE VALLEY,37.698582,846
PTJPL,2009-10-01,2-008,2-008,CASTRO VALLEY,CASTRO VALLEY,,0
PTJPL,2009-10-01,6-038,6-038,CAVES CANYON VALLEY,CAVES CANYON VALLEY,,0
PTJPL,2009-10-01,5-045,5-045,CAYTON VALLEY,CAYTON VALLEY,61.915294,4250
PTJPL,2009-10-01,3-038,3-038,CAYUCOS VALLEY,CAYUCOS VALLEY,,0
PTJPL,2009-10-01,7-043,7-043,CHEMEHUEVI VALLEY,CHEMEHUEVI VALLEY,,0
PTJPL,2009-10-01,7-032,7-032,CHOCOLATE VALLEY,CHOCOLATE VALLEY,2.791045,67
PTJPL,2009-10-01,3-005,3-005,CHOLAME VALLEY,CHOLAME VALLEY,44.782199,17718
PTJPL,2009-10-01,3-042,3-042,CHORRO VALLEY,CHORRO VALLEY,60.960618,1295
PTJPL,2009-10-01,5-061,5-061,CHROME TOWN AREA,CHROME TOWN AREA,46.78865,511
PTJPL,2009-10-01,7-005,7-005,CHUCKWALLA VALLEY,CHUCKWALLA VALLEY,28.369679,4604
PTJPL,2009-10-01,2-005,2-005,CLAYTON VALLEY,CLAYTON VALLEY,83.768405,652
PTJPL,2009-10-01,5-066,5-066,CLEAR LAKE CACHE FORMATION,CLEAR LAKE CACHE FORMATION,58.334043,940
PTJPL,2009-10-01,5-058,5-058,CLOVER VALLEY,CLOVER VALLEY,33.627646,1606
PTJPL,2009-10-01,7-021.03,7-021,COACHELLA VALLEY,COACHELLA VALLEY - DESERT HOT SPRINGS,53.941393,2713
PTJPL,2009-10-01,7-021.01,7-021,COACHELLA VALLEY,COACHELLA VALLEY - INDIO,55.753996,293719
PTJPL,2009-10-01,7-021.02,7-021,COACHELLA VALLEY,COACHELLA VALLEY - MISSION CREEK,39.725971,978
PTJPL,2009-10-01,7-021.04,7-021,COACHELLA VALLEY,COACHELLA VALLEY - SAN GORGONIO PASS,54.696629,356
PTJPL,2009-10-01,4-011.04,4-011,COASTAL PLAIN OF LOS ANGELES,COASTAL PLAIN OF LOS ANGELES - CENTRAL,74.937473,7005
PTJPL,2009-10-01,4-011.02,4-011,COASTAL PLAIN OF LOS ANGELES,COASTAL PLAIN OF LOS ANGELES - HOLLYWOOD,58.157895,323
PTJPL,2009-10-01,4-011.01,4-011,COASTAL PLAIN OF LOS ANGELES,COASTAL PLAIN OF LOS ANGELES - SANTA MONICA,60.430005,4186
PTJPL,2009-10-01,4-011.03,4-011,COASTAL PLAIN OF LOS ANGELES,COASTAL PLAIN OF LOS ANGELES - WEST COAST,68.513061,4058
PTJPL,2009-10-01,8-001,8-001,COASTAL PLAIN OF ORANGE COUNTY,COASTAL PLAIN OF ORANGE COUNTY,63.265765,23946
PTJPL,2009-10-01,9-033,9-033,COASTAL PLAIN OF SAN DIEGO,COASTAL PLAIN OF SAN DIEGO,69.241802,3507
PTJPL,2009-10-01,6-072,6-072,COLES FLAT,COLES FLAT,,0
PTJPL,2009-10-01,5-019,5-019,COLLAYOMI VALLEY,COLLAYOMI VALLEY,47.86528,3845
PTJPL,2009-10-01,7-055,7-055,COLLINS VALLEY,COLLINS VALLEY,,0
PTJPL,2009-10-01,4-010,4-010,CONEJO,CONEJO,68.074297,498
PTJPL,2009-10-01,7-011,7-011,COPPER MOUNTAIN VALLEY,COPPER MOUNTAIN VALLEY,,0
PTJPL,2009-10-01,3-002.01,3-002,CORRALITOS,CORRALITOS - PAJARO VALLEY,48.696857,109219
PTJPL,2009-10-01,3-002.02,3-002,CORRALITOS,CORRALITOS - PURISIMA HIGHLANDS,57.920259,464
PTJPL,2009-10-01,6-055,6-055,COSO VALLEY,COSO VALLEY,,0
PTJPL,2009-10-01,1-037,1-037,COTTONEVA CREEK VALLEY,COTTONEVA CREEK VALLEY,,0
PTJPL,2009-10-01,9-027,9-027,COTTONWOOD VALLEY,COTTONWOOD VALLEY,18.585714,70
PTJPL,2009-10-01,1-011,1-011,COVELO ROUND VALLEY,COVELO ROUND VALLEY,55.489939,36576
PTJPL,2009-10-01,6-091,6-091,COW HEAD LAKE VALLEY,COW HEAD LAKE VALLEY,41.409041,15639
PTJPL,2009-10-01,6-037,6-037,COYOTE LAKE VALLEY,COYOTE LAKE VALLEY,11.091564,972
PTJPL,2009-10-01,5-018,5-018,COYOTE VALLEY,COYOTE VALLEY,57.256045,6534
PTJPL,2009-10-01,7-029,7-029,COYOTE WELLS VALLEY,COYOTE WELLS VALLEY,4.7,80
PTJPL,2009-10-01,6-035,6-035,CRONISE VALLEY,CRONISE VALLEY,,0
PTJPL,2009-10-01,6-050,6-050,CUDDEBACK VALLEY,CUDDEBACK VALLEY,,0
PTJPL,2009-10-01,5-082,5-082,CUDDY CANYON VALLEY,CUDDY CANYON VALLEY,,0
PTJPL,2009-10-01,5-083,5-083,CUDDY RANCH AREA,CUDDY RANCH AREA,,0
PTJPL,2009-10-01,5-084,5-084,CUDDY VALLEY,CUDDY VALLEY,31.1875,16
PTJPL,2009-10-01,5-027,5-027,CUMMINGS VALLEY,CUMMINGS VALLEY,28.367673,11464
PTJPL,2009-10-01,3-013,3-013,CUYAMA VALLEY,CUYAMA VALLEY,27.201453,153773
PTJPL,2009-10-01,7-009,7-009,DALE VALLEY,DALE VALLEY,5.197368,152
PTJPL,2009-10-01,6-057,6-057,DARWIN VALLEY,DARWIN VALLEY,,0
PTJPL,2009-10-01,7-061,7-061,DAVIES VALLEY,DAVIES VALLEY,,0
PTJPL,2009-10-01,7-013.01,7-013,DEADMAN VALLEY,DEADMAN VALLEY - DEADMAN LAKE,,0
PTJPL,2009-10-01,7-013.02,7-013,DEADMAN VALLEY,DEADMAN VALLEY - SURPRISE SPRING,,0
PTJPL,2009-10-01,6-018,6-018,DEATH VALLEY,DEATH VALLEY,3.388889,18
PTJPL,2009-10-01,6-015,6-015,DEEP SPRINGS VALLEY,DEEP SPRINGS VALLEY,44.286614,635
PTJPL,2009-10-01,6-078,6-078,DENNING SPRING VALLEY,DENNING SPRING VALLEY,,0
PTJPL,2009-10-01,1-034,1-034,DINSMORES TOWN AREA,DINSMORES TOWN AREA,46.883721,86
PTJPL,2009-10-01,5-053,5-053,DIXIE VALLEY,DIXIE VALLEY,38.670015,11449
PTJPL,2009-10-01,2-040,2-040,DOWNTOWN,DOWNTOWN,,0
PTJPL,2009-10-01,5-049,5-049,DRY BURNEY CREEK VALLEY,DRY BURNEY CREEK VALLEY,,0
PTJPL,2009-10-01,3-029,3-029,DRY LAKE VALLEY,DRY LAKE VALLEY,41.381481,540
PTJPL,2009-10-01,6-095,6-095,DRY VALLEY,DRY VALLEY,,0
PTJPL,2009-10-01,6-096,6-096,EAGLE LAKE AREA,EAGLE LAKE AREA,,0
PTJPL,2009-10-01,7-033,7-033,EAST SALTON SEA,EAST SALTON SEA,42.018802,40262
PTJPL,2009-10-01,1-044,1-044,EDEN VALLEY,EDEN VALLEY,50.691052,1654
PTJPL,2009-10-01,1-010,1-010,EEL RIVER VALLEY,EEL RIVER VALLEY,58.101255,118088
PTJPL,2009-10-01,5-041,5-041,EGG LAKE VALLEY,EGG LAKE VALLEY,,0
PTJPL,2009-10-01,9-016,9-016,EL CAJON VALLEY,EL CAJON VALLEY,57.322581,31
PTJPL,2009-10-01,6-043,6-043,EL MIRAGE VALLEY,EL MIRAGE VALLEY,33.437481,3207
PTJPL,2009-10-01,5-062,5-062,ELK CREEK AREA,ELK CREEK AREA,56.944056,143
PTJPL,2009-10-01,8-004.02,8-004,ELSINORE,ELSINORE - BEDFORD-COLDWATER,54.968912,1158
PTJPL,2009-10-01,8-004.01,8-004,ELSINORE,ELSINORE - ELSINORE VALLEY,28.831776,107
PTJPL,2009-10-01,9-009,9-009,ESCONDIDO VALLEY,ESCONDIDO VALLEY,31.5,34
PTJPL,2009-10-01,1-009,1-009,EUREKA PLAIN,EUREKA PLAIN,60.681553,20936
PTJPL,2009-10-01,6-016,6-016,EUREKA VALLEY,EUREKA VALLEY,,0
PTJPL,2009-10-01,1-022,1-022,FAIRCHILD SWAMP VALLEY,FAIRCHILD SWAMP VALLEY,,0
PTJPL,2009-10-01,5-005,5-005,FALL RIVER VALLEY,FALL RIVER VALLEY,52.050314,134098
PTJPL,2009-10-01,7-002,7-002,FENNER VALLEY,FENNER VALLEY,,0
PTJPL,2009-10-01,6-014,6-014,FISH LAKE VALLEY,FISH LAKE VALLEY,44.728103,14340
PTJPL,2009-10-01,3-053,3-053,FOOTHILL,FOOTHILL,64.142857,35
PTJPL,2009-10-01,1-021,1-021,FORT BRAGG TERRACE AREA,FORT BRAGG TERRACE AREA,49.894544,9530
PTJPL,2009-10-01,1-061,1-061,FORT ROSS TERRACE DEPOSITS,FORT ROSS TERRACE DEPOSITS,55.613742,1077
PTJPL,2009-10-01,6-046,6-046,FREMONT VALLEY,FREMONT VALLEY,28.767573,1949
PTJPL,2009-10-01,5-090,5-090,FUNKS CREEK,FUNKS CREEK,39.672056,3278
PTJPL,2009-10-01,1-032,1-032,GARBERVILLE TOWN AREA,GARBERVILLE TOWN AREA,60.738806,536
PTJPL,2009-10-01,1-020,1-020,GARCIA RIVER VALLEY,GARCIA RIVER VALLEY,54.813262,2790
PTJPL,2009-10-01,3-003.01,3-003,GILROY-HOLLISTER VALLEY,GILROY-HOLLISTER VALLEY - LLAGAS AREA,51.034148,76695
PTJPL,2009-10-01,3-003.05,3-003,GILROY-HOLLISTER VALLEY,GILROY-HOLLISTER VALLEY - NORTH SAN BENITO,48.775338,195075
PTJPL,2009-10-01,6-085,6-085,GOLD VALLEY,GOLD VALLEY,,0
PTJPL,2009-10-01,6-048,6-048,GOLDSTONE VALLEY,GOLDSTONE VALLEY,,0
PTJPL,2009-10-01,3-016,3-016,GOLETA,GOLETA,61.525782,3355
PTJPL,2009-10-01,5-001.02,5-001,GOOSE LAKE,GOOSE LAKE - FANDANGO VALLEY,43.103063,29118
PTJPL,2009-10-01,5-001.01,5-001,GOOSE LAKE,GOOSE LAKE - GOOSE VALLEY,42.164298,55935
PTJPL,2009-10-01,5-047,5-047,GOOSE VALLEY,GOOSE VALLEY,52.825713,15463
PTJPL,2009-10-01,6-077,6-077,GRASS VALLEY,GRASS VALLEY,,0
PTJPL,2009-10-01,6-094,6-094,GRASSHOPPER VALLEY,GRASSHOPPER VALLEY,44.194965,3734
PTJPL,2009-10-01,1-048,1-048,GRAVELLY VALLEY,GRAVELLY VALLEY,,0
PTJPL,2009-10-01,5-052,5-052,GRAYS VALLEY,GRAYS VALLEY,,0
PTJPL,2009-10-01,6-084,6-084,GREENWATER VALLEY,GREENWATER VALLEY,,0
PTJPL,2009-10-01,5-059,5-059,GRIZZLY VALLEY,GRIZZLY VALLEY,,0
PTJPL,2009-10-01,2-022,2-022,HALF MOON BAY TERRACE,HALF MOON BAY TERRACE,61.620518,9426
PTJPL,2009-10-01,1-015,1-015,HAPPY CAMP TOWN AREA,HAPPY CAMP TOWN AREA,63.89899,99
PTJPL,2009-10-01,6-047,6-047,HARPER VALLEY,HARPER VALLEY,31.686992,5658
PTJPL,2009-10-01,6-074,6-074,HARRISBURG FLATS,HARRISBURG FLATS,,0
PTJPL,2009-10-01,6-093,6-093,HARVEY VALLEY,HARVEY VALLEY,,0
PTJPL,2009-10-01,1-006,1-006,HAYFORK VALLEY,HAYFORK VALLEY,50.560835,3115
PTJPL,2009-10-01,7-048,7-048,HELENDALE FAULT VALLEY,HELENDALE FAULT VALLEY,,0
PTJPL,2009-10-01,8-006,8-006,HEMET LAKE VALLEY,HEMET LAKE VALLEY,,0
PTJPL,2009-10-01,3-031,3-031,HERNANDEZ VALLEY,HERNANDEZ VALLEY,41.976864,389
PTJPL,2009-10-01,1-036,1-036,HETTENSHAW VALLEY,HETTENSHAW VALLEY,37.913715,2202
PTJPL,2009-10-01,7-053,7-053,HEXIE MOUNTAIN AREA,HEXIE MOUNTAIN AREA,,0
PTJPL,2009-10-01,6-063,6-063,HIDDEN VALLEY,HIDDEN VALLEY,,0
PTJPL,2009-10-01,4-016,4-016,HIDDEN VALLEY,HIDDEN VALLEY,35.278471,3767
PTJPL,2009-10-01,5-016,5-016,HIGH VALLEY,HIGH VALLEY,46.418195,2781
PTJPL,2009-10-01,6-004,6-004,HONEY LAKE VALLEY,HONEY LAKE VALLEY,42.709922,188784
PTJPL,2009-10-01,1-029,1-029,HONEYDEW TOWN AREA,HONEYDEW TOWN AREA,62.153001,1183
PTJPL,2009-10-01,1-007,1-007,HOOPA VALLEY,HOOPA VALLEY,57.308767,787
PTJPL,2009-10-01,6-097,6-097,HORSE LAKE VALLEY,HORSE LAKE VALLEY,45.686044,4335
PTJPL,2009-10-01,5-040,5-040,HOT SPRINGS VALLEY,HOT SPRINGS VALLEY,39.806797,3266
PTJPL,2009-10-01,3-045,3-045,HUASNA VALLEY,HUASNA VALLEY,37.285799,3366
PTJPL,2009-10-01,5-060,5-060,HUMBUG VALLEY,HUMBUG VALLEY,37.61545,1178
PTJPL,2009-10-01,4-018,4-018,HUNGRY VALLEY,HUNGRY VALLEY,,0
PTJPL,2009-10-01,1-035,1-035,HYAMPOM VALLEY,HYAMPOM VALLEY,49.761905,504
PTJPL,2009-10-01,7-030,7-030,IMPERIAL VALLEY,IMPERIAL VALLEY,43.888327,1787557
PTJPL,2009-10-01,5-009,5-009,INDIAN VALLEY,INDIAN VALLEY,55.29498,44586
PTJPL,2009-10-01,6-054,6-054,INDIAN WELLS VALLEY,INDIAN WELLS VALLEY,34.4883,14616
PTJPL,2009-10-01,7-050,7-050,IRON RIDGE AREA,IRON RIDGE AREA,,0
PTJPL,2009-10-01,2-033,2-033,ISLAIS VALLEY,ISLAIS VALLEY,,0
PTJPL,2009-10-01,6-030,6-030,IVANPAH VALLEY,IVANPAH VALLEY,51.327887,918
PTJPL,2009-10-01,7-047,7-047,JACUMBA VALLEY,JACUMBA VALLEY,,0
PTJPL,2009-10-01,5-003,5-003,JESS VALLEY,JESS VALLEY,49.297675,15658
PTJPL,2009-10-01,7-018.01,7-018,JOHNSON VALLEY,JOHNSON VALLEY - SOGGY LAKE,0.783333,60
PTJPL,2009-10-01,7-018.02,7-018,JOHNSON VALLEY,JOHNSON VALLEY - UPPER JOHNSON VALLEY,,0
PTJPL,2009-10-01,5-086,5-086,JOSEPH CREEK,JOSEPH CREEK,41.782795,4673
PTJPL,2009-10-01,7-062,7-062,JOSHUA TREE,JOSHUA TREE,,0
PTJPL,2009-10-01,6-089,6-089,KANE WASH AREA,KANE WASH AREA,,0
PTJPL,2009-10-01,6-069,6-069,KELSO LANDER VALLEY,KELSO LANDER VALLEY,,0
PTJPL,2009-10-01,6-031,6-031,KELSO VALLEY,KELSO VALLEY,,0
PTJPL,2009-10-01,2-019,2-019,KENWOOD VALLEY,KENWOOD VALLEY,59.199507,5674
PTJPL,2009-10-01,5-025,5-025,KERN RIVER VALLEY,KERN RIVER VALLEY,36.164025,15077
PTJPL,2009-10-01,1-002.02,1-002,KLAMATH RIVER VALLEY,KLAMATH RIVER VALLEY - LOWER KLAMATH,43.847345,93341
PTJPL,2009-10-01,1-002.01,1-002,KLAMATH RIVER VALLEY,KLAMATH RIVER VALLEY - TULELAKE,41.118382,296556
PTJPL,2009-10-01,1-050,1-050,KNIGHTS VALLEY,KNIGHTS VALLEY,61.705682,7322
PTJPL,2009-10-01,5-007,5-007,LAKE ALMANOR VALLEY,LAKE ALMANOR VALLEY,55.579489,2623
PTJPL,2009-10-01,5-046,5-046,LAKE BRITTON AREA,LAKE BRITTON AREA,49.675737,441
PTJPL,2009-10-01,7-001,7-001,LANFAIR VALLEY,LANFAIR VALLEY,,0
PTJPL,2009-10-01,6-036.02,6-036,LANGFORD VALLEY,LANGFORD VALLEY - IRWIN,,0
PTJPL,2009-10-01,6-036.01,6-036,LANGFORD VALLEY,LANGFORD VALLEY - LANGFORD WELL LAKE,,0
PTJPL,2009-10-01,1-033,1-033,LARABEE VALLEY,LARABEE VALLEY,45.49763,211
PTJPL,2009-10-01,4-008,4-008,LAS POSAS VALLEY,LAS POSAS VALLEY,56.194132,90830
PTJPL,2009-10-01,5-057,5-057,LAST CHANCE CREEK VALLEY,LAST CHANCE CREEK VALLEY,,0
PTJPL,2009-10-01,7-014,7-014,LAVIC VALLEY,LAVIC VALLEY,,0
PTJPL,2009-10-01,1-012,1-012,LAYTONVILLE VALLEY,LAYTONVILLE VALLEY,46.3528,5017
PTJPL,2009-10-01,6-027,6-027,LEACH VALLEY,LEACH VALLEY,,0
PTJPL,2009-10-01,6-066,6-066,LEE FLAT,LEE FLAT,,0
PTJPL,2009-10-01,6-106,6-106,LITTLE ANTELOPE VALLEY,LITTLE ANTELOPE VALLEY,39.25041,1829
PTJPL,2009-10-01,5-065,5-065,LITTLE INDIAN VALLEY,LITTLE INDIAN VALLEY,47.944444,18
PTJPL,2009-10-01,1-013,1-013,LITTLE LAKE VALLEY,LITTLE LAKE VALLEY,43.753173,16230
PTJPL,2009-10-01,1-041,1-041,LITTLE VALLEY,LITTLE VALLEY,63.221448,718
PTJPL,2009-10-01,2-010,2-010,LIVERMORE VALLEY,LIVERMORE VALLEY,74.105921,31363
PTJPL,2009-10-01,2-038,2-038,LOBOS,LOBOS,73.919246,743
PTJPL,2009-10-01,3-006,3-006,LOCKWOOD VALLEY,LOCKWOOD VALLEY,48.494644,22966
PTJPL,2009-10-01,4-017,4-017,LOCKWOOD VALLEY,LOCKWOOD VALLEY,17.991667,120
PTJPL,2009-10-01,6-011,6-011,LONG VALLEY,LONG VALLEY,35.576115,28621
PTJPL,2009-10-01,5-044,5-044,LONG VALLEY,LONG VALLEY,,0
PTJPL,2009-10-01,6-104,6-104,LONG VALLEY,LONG VALLEY,29.127814,6486
PTJPL,2009-10-01,5-031,5-031,LONG VALLEY,LONG VALLEY,43.561604,2719
PTJPL,2009-10-01,5-070,5-070,LOS BANOS CREEK VALLEY,LOS BANOS CREEK VALLEY,,0
PTJPL,2009-10-01,3-008.01,3-008,LOS OSOS VALLEY,LOS OSOS VALLEY - LOS OSOS AREA,66.378222,1901
PTJPL,2009-10-01,3-008.02,3-008,LOS OSOS VALLEY,LOS OSOS VALLEY - WARDEN CREEK,69.024793,4235
PTJPL,2009-10-01,7-051,7-051,LOST HORSE VALLEY,LOST HORSE VALLEY,,0
PTJPL,2009-10-01,6-071,6-071,LOST LAKE VALLEY,LOST LAKE VALLEY,,0
PTJPL,2009-10-01,6-021,6-021,LOWER KINGSTON VALLEY,LOWER KINGSTON VALLEY,,0
PTJPL,2009-10-01,1-014,1-014,LOWER KLAMATH RIVER VALLEY,LOWER KLAMATH RIVER VALLEY,52.506173,1377
PTJPL,2009-10-01,5-030,5-030,LOWER LAKE VALLEY,LOWER LAKE VALLEY,51.92126,635
PTJPL,2009-10-01,1-038,1-038,LOWER LAYTONVILLE VALLEY,LOWER LAYTONVILLE VALLEY,48.567376,423
PTJPL,2009-10-01,6-040,6-040,LOWER MOJAVE RIVER VALLEY,LOWER MOJAVE RIVER VALLEY,55.866129,17375
PTJPL,2009-10-01,1-060,1-060,LOWER RUSSIAN RIVER VALLEY,LOWER RUSSIAN RIVER VALLEY,65.31909,5453
PTJPL,2009-10-01,7-019,7-019,LUCERNE VALLEY,LUCERNE VALLEY,29.635515,9962
PTJPL,2009-10-01,1-008.02,1-008,MAD RIVER VALLEY,MAD RIVER VALLEY - DOWS PRAIRIE SCHOOL AREA,58.56879,5902
PTJPL,2009-10-01,1-008.01,1-008,MAD RIVER VALLEY,MAD RIVER VALLEY - MAD RIVER LOWLAND,59.39941,27806
PTJPL,2009-10-01,6-002,6-002,MADELINE PLAINS,MADELINE PLAINS,41.295002,97657
PTJPL,2009-10-01,3-051,3-051,MAJORS CREEK,MAJORS CREEK,57.441923,749
PTJPL,2009-10-01,4-022,4-022,MALIBU VALLEY,MALIBU VALLEY,57.1,40
PTJPL,2009-10-01,6-064,6-064,MARBLE CANYON AREA,MARBLE CANYON AREA,,0
PTJPL,2009-10-01,2-039,2-039,MARINA,MARINA,,0
PTJPL,2009-10-01,6-067,6-067,MARTIS VALLEY,MARTIS VALLEY,51.278165,3444
PTJPL,2009-10-01,7-059,7-059,MASON VALLEY,MASON VALLEY,,0
PTJPL,2009-10-01,1-028,1-028,MATTOLE RIVER VALLEY,MATTOLE RIVER VALLEY,64.051484,2797
PTJPL,2009-10-01,5-035,5-035,MCCLOUD AREA,MCCLOUD AREA,48.415301,183
PTJPL,2009-10-01,5-095,5-095,MEADOW VALLEY,MEADOW VALLEY,53.87027,925
PTJPL,2009-10-01,7-017,7-017,MEANS VALLEY,MEANS VALLEY,4.261905,42
PTJPL,2009-10-01,6-029,6-029,MESQUITE VALLEY,MESQUITE VALLEY,60.583793,9058
PTJPL,2009-10-01,6-020,6-020,MIDDLE AMARGOSA VALLEY,MIDDLE AMARGOSA VALLEY,65.256881,109
PTJPL,2009-10-01,5-094,5-094,MIDDLE CREEK,MIDDLE CREEK,56.466667,135
PTJPL,2009-10-01,5-087,5-087,MIDDLE FORK FEATHER RIVER,MIDDLE FORK FEATHER RIVER,40.651703,646
PTJPL,2009-10-01,6-041,6-041,MIDDLE MOJAVE RIVER VALLEY,MIDDLE MOJAVE RIVER VALLEY,59.099449,3268
PTJPL,2009-10-01,6-080,6-080,MIDDLE PARK CANYON,MIDDLE PARK CANYON,,0
PTJPL,2009-10-01,5-085,5-085,MIL POTRERO AREA,MIL POTRERO AREA,44.303571,112
PTJPL,2009-10-01,9-014,9-014,MISSION VALLEY,MISSION VALLEY,70.60193,829
PTJPL,2009-10-01,5-011,5-011,MOHAWK VALLEY,MOHAWK VALLEY,53.138723,6531
PTJPL,2009-10-01,6-009,6-009,MONO VALLEY,MONO VALLEY,32.845188,239
PTJPL,2009-10-01,3-049,3-049,MONTECITO,MONTECITO,59.420441,1722
PTJPL,2009-10-01,7-020,7-020,MORONGO VALLEY,MORONGO VALLEY,10.666667,21
PTJPL,2009-10-01,3-041,3-041,MORRO VALLEY,MORRO VALLEY,66.721193,1241
PTJPL,2009-10-01,5-008,5-008,MOUNTAIN MEADOWS VALLEY,MOUNTAIN MEADOWS VALLEY,50.048228,23845
PTJPL,2009-10-01,1-056,1-056,McDOWELL VALLEY,McDOWELL VALLEY,59.955777,2804
PTJPL,2009-10-01,2-002.01,2-002,NAPA-SONOMA VALLEY,NAPA-SONOMA VALLEY - NAPA VALLEY,68.719416,93416
PTJPL,2009-10-01,2-002.03,2-002,NAPA-SONOMA VALLEY,NAPA-SONOMA VALLEY - NAPA-SONOMA LOWLANDS,68.50543,23572
PTJPL,2009-10-01,2-002.02,2-002,NAPA-SONOMA VALLEY,NAPA-SONOMA VALLEY - SONOMA VALLEY,57.104357,80598
PTJPL,2009-10-01,1-046,1-046,NAVARRO RIVER VALLEY,NAVARRO RIVER VALLEY,,0
PTJPL,2009-10-01,3-052,3-052,NEEDLE ROCK POINT,NEEDLE ROCK POINT,56.447649,1595
PTJPL,2009-10-01,7-044,7-044,NEEDLES VALLEY,NEEDLES VALLEY,51.962676,16397
PTJPL,2009-10-01,5-050,5-050,NORTH FORK BATTLE CREEK,NORTH FORK BATTLE CREEK,45.917023,2808
PTJPL,2009-10-01,2-030,2-030,NOVATO VALLEY,NOVATO VALLEY,63.416347,14596
PTJPL,2009-10-01,7-025,7-025,OCOTILLO-CLARK VALLEY,OCOTILLO-CLARK VALLEY,36.308033,37509
PTJPL,2009-10-01,7-035,7-035,OGILBY VALLEY,OGILBY VALLEY,31.558237,3357
PTJPL,2009-10-01,4-002,4-002,OJAI VALLEY,OJAI VALLEY,66.954112,9327
PTJPL,2009-10-01,3-039,3-039,OLD VALLEY,OLD VALLEY,67.185366,205
PTJPL,2009-10-01,6-108,6-108,OLYMPIC VALLEY,OLYMPIC VALLEY,50.451827,301
PTJPL,2009-10-01,7-031,7-031,OROCOPIA VALLEY,OROCOPIA VALLEY,1.062112,161
PTJPL,2009-10-01,6-012.02,6-012,OWENS VALLEY,OWENS VALLEY - FISH SLOUGH,,0
PTJPL,2009-10-01,6-012.01,6-012,OWENS VALLEY,OWENS VALLEY - OWENS VALLEY,51.288224,93070
PTJPL,2009-10-01,6-088,6-088,OWL LAKE VALLEY,OWL LAKE VALLEY,,0
PTJPL,2009-10-01,6-028,6-028,PAHRUMP VALLEY,PAHRUMP VALLEY,,0
PTJPL,2009-10-01,6-099,6-099,PAINTERS FLAT,PAINTERS FLAT,30.90556,1133
PTJPL,2009-10-01,7-039,7-039,PALO VERDE MESA,PALO VERDE MESA,47.312768,161308
PTJPL,2009-10-01,7-038,7-038,PALO VERDE VALLEY,PALO VERDE VALLEY,50.408477,224174
PTJPL,2009-10-01,9-024,9-024,PAMO VALLEY,PAMO VALLEY,,0
PTJPL,2009-10-01,6-058,6-058,PANAMINT VALLEY,PANAMINT VALLEY,,0
PTJPL,2009-10-01,5-023,5-023,PANOCHE VALLEY,PANOCHE VALLEY,40.630722,1966
PTJPL,2009-10-01,3-032,3-032,PEACH TREE VALLEY,PEACH TREE VALLEY,38.548107,1268
PTJPL,2009-10-01,1-030,1-030,PEPPERWOOD TOWN AREA,PEPPERWOOD TOWN AREA,57.881351,3523
PTJPL,2009-10-01,2-026,2-026,PESCADERO VALLEY,PESCADERO VALLEY,57.535063,2467
PTJPL,2009-10-01,2-001,2-001,PETALUMA VALLEY,PETALUMA VALLEY,56.727743,46221
PTJPL,2009-10-01,6-051,6-051,PILOT KNOB VALLEY,PILOT KNOB VALLEY,,0
PTJPL,2009-10-01,6-092,6-092,PINE CREEK VALLEY,PINE CREEK VALLEY,37.265625,64
PTJPL,2009-10-01,7-006,7-006,PINTO VALLEY,PINTO VALLEY,,0
PTJPL,2009-10-01,7-049,7-049,PIPES CANYON FAULT VALLEY,PIPES CANYON FAULT VALLEY,,0
PTJPL,2009-10-01,2-004,2-004,PITTSBURG PLAIN,PITTSBURG PLAIN,,0
PTJPL,2009-10-01,7-045,7-045,PIUTE VALLEY,PIUTE VALLEY,,0
PTJPL,2009-10-01,7-052,7-052,PLEASANT VALLEY,PLEASANT VALLEY,,0
PTJPL,2009-10-01,4-006,4-006,PLEASANT VALLEY,PLEASANT VALLEY,42.333896,33196
PTJPL,2009-10-01,5-038,5-038,PONDOSA TOWN AREA,PONDOSA TOWN AREA,,0
PTJPL,2009-10-01,5-068,5-068,POPE VALLEY,POPE VALLEY,64.495379,12659
PTJPL,2009-10-01,9-029,9-029,POTRERO VALLEY,POTRERO VALLEY,24.234501,371
PTJPL,2009-10-01,1-051,1-051,POTTER VALLEY,POTTER VALLEY,64.183322,20554
PTJPL,2009-10-01,9-013,9-013,POWAY VALLEY,POWAY VALLEY,,0
PTJPL,2009-10-01,3-044,3-044,POZO VALLEY,POZO VALLEY,34.497236,2713
PTJPL,2009-10-01,1-025,1-025,PRAIRIE CREEK AREA,PRAIRIE CREEK AREA,,0
PTJPL,2009-10-01,7-040,7-040,QUIEN SABE POINT VALLEY,QUIEN SABE POINT VALLEY,77.230226,708
PTJPL,2009-10-01,3-024,3-024,QUIEN SABE VALLEY,QUIEN SABE VALLEY,34.965535,11403
PTJPL,2009-10-01,6-062,6-062,RACE TRACK VALLEY,RACE TRACK VALLEY,,0
PTJPL,2009-10-01,3-046,3-046,RAFAEL VALLEY,RAFAEL VALLEY,28.0,1
PTJPL,2009-10-01,9-025,9-025,RANCHITA TOWN AREA,RANCHITA TOWN AREA,19.477273,44
PTJPL,2009-10-01,4-023,4-023,RAYMOND,RAYMOND,56.538148,1717
PTJPL,2009-10-01,6-024,6-024,RED PASS VALLEY,RED PASS VALLEY,,0
PTJPL,2009-10-01,1-018,1-018,RED ROCK VALLEY,RED ROCK VALLEY,48.727557,22680
PTJPL,2009-10-01,5-006.03,5-006,REDDING AREA,REDDING AREA - ANDERSON,76.162162,42951
PTJPL,2009-10-01,5-006.01,5-006,REDDING AREA,REDDING AREA - BOWMAN,75.942093,18219
PTJPL,2009-10-01,5-006.04,5-006,REDDING AREA,REDDING AREA - ENTERPRISE,66.195319,22476
PTJPL,2009-10-01,5-006.05,5-006,REDDING AREA,REDDING AREA - MILLVILLE,70.406518,9082
PTJPL,2009-10-01,5-006.06,5-006,REDDING AREA,REDDING AREA - SOUTH BATTLE CREEK,80.006389,7982
PTJPL,2009-10-01,1-026,1-026,REDWOOD CREEK AREA,REDWOOD CREEK AREA,58.568584,2712
PTJPL,2009-10-01,6-086,6-086,RHODES HILL AREA,RHODES HILL AREA,,0
PTJPL,2009-10-01,7-004,7-004,RICE VALLEY,RICE VALLEY,87.260097,619
PTJPL,2009-10-01,6-023,6-023,RIGGS VALLEY,RIGGS VALLEY,,0
PTJPL,2009-10-01,3-043,3-043,RINCONADA VALLEY,RINCONADA VALLEY,46.992432,2907
PTJPL,2009-10-01,5-043,5-043,ROCK PRAIRIE VALLEY,ROCK PRAIRIE VALLEY,,0
PTJPL,2009-10-01,6-056,6-056,ROSE VALLEY,ROSE VALLEY,,0
PTJPL,2009-10-01,2-028,2-028,ROSS VALLEY,ROSS VALLEY,,0
PTJPL,2009-10-01,5-036,5-036,ROUND VALLEY,ROUND VALLEY,44.538849,14312
PTJPL,2009-10-01,4-020,4-020,RUSSELL VALLEY,RUSSELL VALLEY,62.007634,131
PTJPL,2009-10-01,5-021.54,5-021,SACRAMENTO VALLEY,SACRAMENTO VALLEY - ANTELOPE,87.590729,37689
PTJPL,2009-10-01,5-021.53,5-021,SACRAMENTO VALLEY,SACRAMENTO VALLEY - BEND,70.572682,2621
PTJPL,2009-10-01,5-021.70,5-021,SACRAMENTO VALLEY,SACRAMENTO VALLEY - BUTTE,62.820103,817606
PTJPL,2009-10-01,5-021.52,5-021,SACRAMENTO VALLEY,SACRAMENTO VALLEY - COLUSA,58.375163,2198924
PTJPL,2009-10-01,5-021.51,5-021,SACRAMENTO VALLEY,SACRAMENTO VALLEY - CORNING,69.934294,348885
PTJPL,2009-10-01,5-021.56,5-021,SACRAMENTO VALLEY,SACRAMENTO VALLEY - LOS MOLINOS,82.518301,77700
PTJPL,2009-10-01,5-021.64,5-021,SACRAMENTO VALLEY,SACRAMENTO VALLEY - NORTH AMERICAN,71.14805,553454
PTJPL,2009-10-01,5-021.60,5-021,SACRAMENTO VALLEY,SACRAMENTO VALLEY - NORTH YUBA,81.404879,171444
PTJPL,2009-10-01,5-021.50,5-021,SACRAMENTO VALLEY,SACRAMENTO VALLEY - RED BLUFF,68.821026,175098
PTJPL,2009-10-01,5-021.66,5-021,SACRAMENTO VALLEY,SACRAMENTO VALLEY - SOLANO,79.764689,931583
PTJPL,2009-10-01,5-021.65,5-021,SACRAMENTO VALLEY,SACRAMENTO VALLEY - SOUTH AMERICAN,70.094271,248983
PTJPL,2009-10-01,5-021.61,5-021,SACRAMENTO VALLEY,SACRAMENTO VALLEY - SOUTH YUBA,80.145447,215143
PTJPL,2009-10-01,5-021.62,5-021,SACRAMENTO VALLEY,SACRAMENTO VALLEY - SUTTER,65.947893,862645
PTJPL,2009-10-01,5-021.57,5-021,SACRAMENTO VALLEY,SACRAMENTO VALLEY - VINA,73.566631,355464
PTJPL,2009-10-01,5-021.69,5-021,SACRAMENTO VALLEY,SACRAMENTO VALLEY - WYANDOTTE CREEK,73.265516,72218
PTJPL,2009-10-01,5-021.67,5-021,SACRAMENTO VALLEY,SACRAMENTO VALLEY - YOLO,67.677256,1423435
PTJPL,2009-10-01,3-004.01,3-004,SALINAS VALLEY,SALINAS VALLEY - 180/400 FOOT AQUIFER,54.302746,244978
PTJPL,2009-10-01,3-004.11,3-004,SALINAS VALLEY,SALINAS VALLEY - ATASCADERO AREA,48.395138,25586
PTJPL,2009-10-01,3-004.02,3-004,SALINAS VALLEY,SALINAS VALLEY - EAST SIDE AQUIFER,52.410646,155489
PTJPL,2009-10-01,3-004.04,3-004,SALINAS VALLEY,SALINAS VALLEY - FOREBAY AQUIFER,62.062792,261975
PTJPL,2009-10-01,3-004.09,3-004,SALINAS VALLEY,SALINAS VALLEY - LANGLEY AREA,47.947356,8396
PTJPL,2009-10-01,3-004.10,3-004,SALINAS VALLEY,SALINAS VALLEY - MONTEREY,53.393999,3033
PTJPL,2009-10-01,3-004.06,3-004,SALINAS VALLEY,SALINAS VALLEY - PASO ROBLES AREA,46.652149,339924
PTJPL,2009-10-01,3-004.08,3-004,SALINAS VALLEY,SALINAS VALLEY - SEASIDE,64.541083,1643
PTJPL,2009-10-01,3-004.05,3-004,SALINAS VALLEY,SALINAS VALLEY - UPPER VALLEY AQUIFER,60.528569,280181
PTJPL,2009-10-01,6-017,6-017,SALINE VALLEY,SALINE VALLEY,,0
PTJPL,2009-10-01,6-053,6-053,SALT WELLS VALLEY,SALT WELLS VALLEY,,0
PTJPL,2009-10-01,3-014,3-014,SAN ANTONIO CREEK VALLEY,SAN ANTONIO CREEK VALLEY,56.270667,63229
PTJPL,2009-10-01,3-028,3-028,SAN BENITO RIVER VALLEY,SAN BENITO RIVER VALLEY,49.26845,4187
PTJPL,2009-10-01,3-033,3-033,SAN CARPOFORO VALLEY,SAN CARPOFORO VALLEY,,0
PTJPL,2009-10-01,9-015,9-015,SAN DIEGO RIVER VALLEY,SAN DIEGO RIVER VALLEY,47.511853,1139
PTJPL,2009-10-01,9-012,9-012,SAN DIEGUITO CREEK,SAN DIEGUITO CREEK,72.045963,1610
PTJPL,2009-10-01,9-023,9-023,SAN ELIJO VALLEY,SAN ELIJO VALLEY,63.04,25
PTJPL,2009-10-01,7-027,7-027,SAN FELIPE VALLEY,SAN FELIPE VALLEY,24.175676,74
PTJPL,2009-10-01,4-012,4-012,SAN FERNANDO VALLEY,SAN FERNANDO VALLEY,57.513106,8431
PTJPL,2009-10-01,4-013,4-013,SAN GABRIEL VALLEY,SAN GABRIEL VALLEY,55.038954,9139
PTJPL,2009-10-01,2-024,2-024,SAN GREGORIO VALLEY,SAN GREGORIO VALLEY,65.913274,1130
PTJPL,2009-10-01,8-005,8-005,SAN JACINTO,SAN JACINTO,24.850735,135450
PTJPL,2009-10-01,5-022.05,5-022,SAN JOAQUIN VALLEY,SAN JOAQUIN VALLEY - CHOWCHILLA,64.415771,545902
PTJPL,2009-10-01,5-022.16,5-022,SAN JOAQUIN VALLEY,SAN JOAQUIN VALLEY - COSUMNES,60.076081,250879
PTJPL,2009-10-01,5-022.07,5-022,SAN JOAQUIN VALLEY,SAN JOAQUIN VALLEY - DELTA-MENDOTA,64.169445,2031921
PTJPL,2009-10-01,5-022.19,5-022,SAN JOAQUIN VALLEY,SAN JOAQUIN VALLEY - EAST CONTRA COSTA,84.908597,180147
PTJPL,2009-10-01,5-022.01,5-022,SAN JOAQUIN VALLEY,SAN JOAQUIN VALLEY - EASTERN SAN JOAQUIN,65.259901,1846604
PTJPL,2009-10-01,5-022.11,5-022,SAN JOAQUIN VALLEY,SAN JOAQUIN VALLEY - KAWEAH,58.996199,1384364
PTJPL,2009-10-01,5-022.14,5-022,SAN JOAQUIN VALLEY,SAN JOAQUIN VALLEY - KERN COUNTY,55.612628,3709402
PTJPL,2009-10-01,5-022.17,5-022,SAN JOAQUIN VALLEY,SAN JOAQUIN VALLEY - KETTLEMAN PLAIN,30.658541,135911
PTJPL,2009-10-01,5-022.08,5-022,SAN JOAQUIN VALLEY,SAN JOAQUIN VALLEY - KINGS,68.862411,2980360
PTJPL,2009-10-01,5-022.06,5-022,SAN JOAQUIN VALLEY,SAN JOAQUIN VALLEY - MADERA,67.842869,953242
PTJPL,2009-10-01,5-022.04,5-022,SAN JOAQUIN VALLEY,SAN JOAQUIN VALLEY - MERCED,63.052276,1185008
PTJPL,2009-10-01,5-022.02,5-022,SAN JOAQUIN VALLEY,SAN JOAQUIN VALLEY - MODESTO,68.493762,583344
PTJPL,2009-10-01,5-022.10,5-022,SAN JOAQUIN VALLEY,SAN JOAQUIN VALLEY - PLEASANT VALLEY,38.106761,120709
PTJPL,2009-10-01,5-022.15,5-022,SAN JOAQUIN VALLEY,SAN JOAQUIN VALLEY - TRACY,65.448223,626628
PTJPL,2009-10-01,5-022.12,5-022,SAN JOAQUIN VALLEY,SAN JOAQUIN VALLEY - TULARE LAKE,50.889392,1573381
PTJPL,2009-10-01,5-022.13,5-022,SAN JOAQUIN VALLEY,SAN JOAQUIN VALLEY - TULE,52.27542,1579897
PTJPL,2009-10-01,5-022.03,5-022,SAN JOAQUIN VALLEY,SAN JOAQUIN VALLEY - TURLOCK,69.161708,1022516
PTJPL,2009-10-01,5-022.09,5-022,SAN JOAQUIN VALLEY,SAN JOAQUIN VALLEY - WESTSIDE,52.192056,2400602
PTJPL,2009-10-01,5-022.18,5-022,SAN JOAQUIN VALLEY,SAN JOAQUIN VALLEY - WHITE WOLF,55.5985,162939
PTJPL,2009-10-01,9-001,9-001,SAN JUAN VALLEY,SAN JUAN VALLEY,56.24868,2272
PTJPL,2009-10-01,3-009,3-009,SAN LUIS OBISPO VALLEY,SAN LUIS OBISPO VALLEY,58.313073,16683
PTJPL,2009-10-01,9-007.02,9-007,SAN LUIS REY VALLEY,SAN LUIS REY VALLEY - LOWER SAN LUIS REY VALLEY,58.14725,2764
PTJPL,2009-10-01,9-007.01,9-007,SAN LUIS REY VALLEY,SAN LUIS REY VALLEY - UPPER SAN LUIS REY VALLEY,56.95812,25597
PTJPL,2009-10-01,9-032,9-032,SAN MARCOS AREA,SAN MARCOS AREA,64.407407,27
PTJPL,2009-10-01,9-002,9-002,SAN MATEO VALLEY,SAN MATEO VALLEY,56.0,9
PTJPL,2009-10-01,9-003,9-003,SAN ONOFRE VALLEY,SAN ONOFRE VALLEY,,0
PTJPL,2009-10-01,9-010,9-010,SAN PASQUAL VALLEY,SAN PASQUAL VALLEY,43.701392,7689
PTJPL,2009-10-01,2-036,2-036,SAN PEDRO VALLEY,SAN PEDRO VALLEY,77.75,24
PTJPL,2009-10-01,2-029,2-029,SAN RAFAEL VALLEY,SAN RAFAEL VALLEY,,0
PTJPL,2009-10-01,2-007,2-007,SAN RAMON VALLEY,SAN RAMON VALLEY,82.486772,378
PTJPL,2009-10-01,3-035,3-035,SAN SIMEON VALLEY,SAN SIMEON VALLEY,72.564815,216
PTJPL,2009-10-01,2-027,2-027,SAND POINT AREA,SAND POINT AREA,58.476172,20564
PTJPL,2009-10-01,1-053,1-053,SANEL VALLEY,SANEL VALLEY,62.750593,11812
PTJPL,2009-10-01,3-022,3-022,SANTA ANA VALLEY,SANTA ANA VALLEY,38.148645,7158
PTJPL,2009-10-01,3-017,3-017,SANTA BARBARA,SANTA BARBARA,63.822767,694
PTJPL,2009-10-01,4-004.05,4-004,SANTA CLARA RIVER VALLEY,SANTA CLARA RIVER VALLEY - FILLMORE,64.429501,50121
PTJPL,2009-10-01,4-004.03,4-004,SANTA CLARA RIVER VALLEY,SANTA CLARA RIVER VALLEY - MOUND,52.970839,9499
PTJPL,2009-10-01,4-004.02,4-004,SANTA CLARA RIVER VALLEY,SANTA CLARA RIVER VALLEY - OXNARD,36.294989,106699
PTJPL,2009-10-01,4-004.06,4-004,SANTA CLARA RIVER VALLEY,SANTA CLARA RIVER VALLEY - PIRU,50.961774,23073
PTJPL,2009-10-01,4-004.07,4-004,SANTA CLARA RIVER VALLEY,SANTA CLARA RIVER VALLEY - SANTA CLARA RIVER VALLEY EAST,46.775819,6807
PTJPL,2009-10-01,4-004.04,4-004,SANTA CLARA RIVER VALLEY,SANTA CLARA RIVER VALLEY - SANTA PAULA,56.143909,40609
PTJPL,2009-10-01,2-009.04,2-009,SANTA CLARA VALLEY,SANTA CLARA VALLEY - EAST BAY PLAIN,80.754767,2989
PTJPL,2009-10-01,2-009.01,2-009,SANTA CLARA VALLEY,SANTA CLARA VALLEY - NILES CONE,68.959241,1791
PTJPL,2009-10-01,2-009.03,2-009,SANTA CLARA VALLEY,SANTA CLARA VALLEY - SAN MATEO PLAIN,80.704713,1358
PTJPL,2009-10-01,2-009.02,2-009,SANTA CLARA VALLEY,SANTA CLARA VALLEY - SANTA CLARA,55.876696,25790
PTJPL,2009-10-01,3-001,3-001,SANTA CRUZ MID-COUNTY,SANTA CRUZ MID-COUNTY,68.97913,3977
PTJPL,2009-10-01,3-027,3-027,SANTA MARGARITA,SANTA MARGARITA,64.14094,298
PTJPL,2009-10-01,9-004,9-004,SANTA MARGARITA VALLEY,SANTA MARGARITA VALLEY,,0
PTJPL,2009-10-01,3-012.02,3-012,SANTA MARIA RIVER VALLEY,SANTA MARIA RIVER VALLEY - ARROYO GRANDE,56.381153,6176
PTJPL,2009-10-01,3-012.01,3-012,SANTA MARIA RIVER VALLEY,SANTA MARIA RIVER VALLEY - SANTA MARIA,51.172417,262758
PTJPL,2009-10-01,9-011,9-011,SANTA MARIA VALLEY,SANTA MARIA VALLEY,28.394521,3176
PTJPL,2009-10-01,6-068,6-068,SANTA ROSA FLAT,SANTA ROSA FLAT,,0
PTJPL,2009-10-01,3-036,3-036,SANTA ROSA VALLEY,SANTA ROSA VALLEY,63.223032,2744
PTJPL,2009-10-01,1-055.02,1-055,SANTA ROSA VALLEY,SANTA ROSA VALLEY - HEALDSBURG AREA,66.84561,31401
PTJPL,2009-10-01,1-055.03,1-055,SANTA ROSA VALLEY,SANTA ROSA VALLEY - RINCON VALLEY,55.857143,581
PTJPL,2009-10-01,1-055.01,1-055,SANTA ROSA VALLEY,SANTA ROSA VALLEY - SANTA ROSA PLAIN,63.776674,81016
PTJPL,2009-10-01,3-015,3-015,SANTA YNEZ RIVER VALLEY,SANTA YNEZ RIVER VALLEY,46.826653,118162
PTJPL,2009-10-01,1-005,1-005,SCOTT RIVER VALLEY,SCOTT RIVER VALLEY,40.834467,147258
PTJPL,2009-10-01,5-014,5-014,SCOTTS VALLEY,SCOTTS VALLEY,64.737725,7271
PTJPL,2009-10-01,6-052,6-052,SEARLES VALLEY,SEARLES VALLEY,,0
PTJPL,2009-10-01,6-100,6-100,SECRET VALLEY,SECRET VALLEY,44.390823,12379
PTJPL,2009-10-01,1-016,1-016,SEIAD VALLEY,SEIAD VALLEY,56.981777,439
PTJPL,2009-10-01,8-008,8-008,SEVEN OAKS VALLEY,SEVEN OAKS VALLEY,,0
PTJPL,2009-10-01,1-004,1-004,SHASTA VALLEY,SHASTA VALLEY,46.275689,257678
PTJPL,2009-10-01,1-042,1-042,SHERWOOD VALLEY,SHERWOOD VALLEY,,0
PTJPL,2009-10-01,5-012.02,5-012,SIERRA VALLEY,SIERRA VALLEY - CHILCOOT,38.057039,5505
PTJPL,2009-10-01,5-012.01,5-012,SIERRA VALLEY,SIERRA VALLEY - SIERRA VALLEY,37.1484,213275
PTJPL,2009-10-01,6-034,6-034,SILVER LAKE VALLEY,SILVER LAKE VALLEY,,0
PTJPL,2009-10-01,4-009,4-009,SIMI VALLEY,SIMI VALLEY,62.490362,1297
PTJPL,2009-10-01,6-105,6-105,SLINKARD VALLEY,SLINKARD VALLEY,,0
PTJPL,2009-10-01,1-001,1-001,SMITH RIVER PLAIN,SMITH RIVER PLAIN,60.889405,36358
PTJPL,2009-10-01,6-033,6-033,SODA LAKE VALLEY,SODA LAKE VALLEY,,0
PTJPL,2009-10-01,2-037,2-037,SOUTH SAN FRANCISCO,SOUTH SAN FRANCISCO,,0
PTJPL,2009-10-01,6-082,6-082,SPRING CANYON VALLEY,SPRING CANYON VALLEY,,0
PTJPL,2009-10-01,5-089,5-089,SQUAW FLAT,SQUAW FLAT,,0
PTJPL,2009-10-01,5-088,5-088,STONY GORGE RESERVOIR,STONY GORGE RESERVOIR,65.420124,964
PTJPL,2009-10-01,5-063,5-063,STONYFORD TOWN AREA,STONYFORD TOWN AREA,55.647394,3857
PTJPL,2009-10-01,2-003,2-003,SUISUN-FAIRFIELD VALLEY,SUISUN-FAIRFIELD VALLEY,71.488571,91868
PTJPL,2009-10-01,2-011,2-011,SUNOL VALLEY,SUNOL VALLEY,70.811594,1656
PTJPL,2009-10-01,6-049,6-049,SUPERIOR VALLEY,SUPERIOR VALLEY,,0
PTJPL,2009-10-01,6-001,6-001,SURPRISE VALLEY,SURPRISE VALLEY,44.221167,234180
PTJPL,2009-10-01,6-107,6-107,SWEETWATER FLAT,SWEETWATER FLAT,38.845679,324
PTJPL,2009-10-01,6-005.03,6-005,TAHOE VALLEY,TAHOE VALLEY - TAHOE NORTH,52.885714,210
PTJPL,2009-10-01,6-005.01,6-005,TAHOE VALLEY,TAHOE VALLEY - TAHOE SOUTH,50.483444,755
PTJPL,2009-10-01,6-005.02,6-005,TAHOE VALLEY,TAHOE VALLEY - TAHOE WEST,46.637427,171
PTJPL,2009-10-01,6-045,6-045,TEHACHAPI VALLEY EAST,TEHACHAPI VALLEY EAST,15.51987,3397
PTJPL,2009-10-01,5-028,5-028,TEHACHAPI VALLEY WEST,TEHACHAPI VALLEY WEST,21.176432,4540
PTJPL,2009-10-01,9-005,9-005,TEMECULA VALLEY,TEMECULA VALLEY,38.029147,20517
PTJPL,2009-10-01,1-040,1-040,TEN MILE RIVER VALLEY,TEN MILE RIVER VALLEY,51.157895,209
PTJPL,2009-10-01,7-026,7-026,TERWILLIGER VALLEY,TERWILLIGER VALLEY,23.757396,169
PTJPL,2009-10-01,4-019,4-019,THOUSAND OAKS AREA,THOUSAND OAKS AREA,67.922078,385
PTJPL,2009-10-01,4-015,4-015,TIERRA REJADA,TIERRA REJADA,52.123656,4092
PTJPL,2009-10-01,5-037,5-037,TOAD WELL AREA,TOAD WELL AREA,,0
PTJPL,2009-10-01,3-040,3-040,TORO VALLEY,TORO VALLEY,69.562162,370
PTJPL,2009-10-01,6-098,6-098,TULEDAD CANYON VALLEY,TULEDAD CANYON VALLEY,32.5,310
PTJPL,2009-10-01,7-010,7-010,TWENTYNINE PALMS VALLEY,TWENTYNINE PALMS VALLEY,37.62249,747
PTJPL,2009-10-01,1-052,1-052,UKIAH VALLEY,UKIAH VALLEY,68.635868,43476
PTJPL,2009-10-01,6-022,6-022,UPPER KINGSTON VALLEY,UPPER KINGSTON VALLEY,,0
PTJPL,2009-10-01,5-013,5-013,UPPER LAKE VALLEY,UPPER LAKE VALLEY,57.408684,12413
PTJPL,2009-10-01,6-042,6-042,UPPER MOJAVE RIVER VALLEY,UPPER MOJAVE RIVER VALLEY,39.593065,6748
PTJPL,2009-10-01,4-001,4-001,UPPER OJAI VALLEY,UPPER OJAI VALLEY,33.288403,3294
PTJPL,2009-10-01,3-023,3-023,UPPER SANTA ANA VALLEY,UPPER SANTA ANA VALLEY,32.714286,7
PTJPL,2009-10-01,8-002.05,8-002,UPPER SANTA ANA VALLEY,UPPER SANTA ANA VALLEY - CAJON,30.4,170
PTJPL,2009-10-01,8-002.01,8-002,UPPER SANTA ANA VALLEY,UPPER SANTA ANA VALLEY - CHINO,33.271162,29440
PTJPL,2009-10-01,8-002.02,8-002,UPPER SANTA ANA VALLEY,UPPER SANTA ANA VALLEY - CUCAMONGA,50.176119,670
PTJPL,2009-10-01,8-002.04,8-002,UPPER SANTA ANA VALLEY,UPPER SANTA ANA VALLEY - RIALTO-COLTON,40.312051,1253
PTJPL,2009-10-01,8-002.03,8-002,UPPER SANTA ANA VALLEY,UPPER SANTA ANA VALLEY - RIVERSIDE-ARLINGTON,42.542031,13966
PTJPL,2009-10-01,8-002.06,8-002,UPPER SANTA ANA VALLEY,UPPER SANTA ANA VALLEY - SAN BERNARDINO,45.3574,15554
PTJPL,2009-10-01,8-002.08,8-002,UPPER SANTA ANA VALLEY,UPPER SANTA ANA VALLEY - SAN TIMOTEO,46.491322,4667
PTJPL,2009-10-01,8-002.09,8-002,UPPER SANTA ANA VALLEY,UPPER SANTA ANA VALLEY - TEMESCAL,57.953846,845
PTJPL,2009-10-01,8-002.07,8-002,UPPER SANTA ANA VALLEY,UPPER SANTA ANA VALLEY - YUCAIPA,35.977607,2858
PTJPL,2009-10-01,7-028,7-028,VALLECITO-CARRIZO VALLEY,VALLECITO-CARRIZO VALLEY,,0
PTJPL,2009-10-01,5-071,5-071,VALLECITOS CREEK VALLEY,VALLECITOS CREEK VALLEY,,0
PTJPL,2009-10-01,7-063,7-063,VANDEVENTER FLAT,VANDEVENTER FLAT,,0
PTJPL,2009-10-01,4-003.02,4-003,VENTURA RIVER VALLEY,VENTURA RIVER VALLEY - LOWER VENTURA RIVER,39.067758,1771
PTJPL,2009-10-01,4-003.01,4-003,VENTURA RIVER VALLEY,VENTURA RIVER VALLEY - UPPER VENTURA RIVER,51.431304,2300
PTJPL,2009-10-01,7-042,7-042,VIDAL VALLEY,VIDAL VALLEY,,0
PTJPL,2009-10-01,3-037,3-037,VILLA VALLEY,VILLA VALLEY,66.481265,854
PTJPL,2009-10-01,2-032,2-032,VISITACION VALLEY,VISITACION VALLEY,72.758427,178
PTJPL,2009-10-01,5-026,5-026,WALKER BASIN CREEK VALLEY,WALKER BASIN CREEK VALLEY,16.056834,6387
PTJPL,2009-10-01,7-003,7-003,WARD VALLEY,WARD VALLEY,,0
PTJPL,2009-10-01,9-008,9-008,WARNER VALLEY,WARNER VALLEY,45.96793,343
PTJPL,2009-10-01,7-012,7-012,WARREN VALLEY,WARREN VALLEY,19.127536,345
PTJPL,2009-10-01,1-031,1-031,WEOTT TOWN AREA,WEOTT TOWN AREA,52.973231,523
PTJPL,2009-10-01,7-022,7-022,WEST SALTON SEA,WEST SALTON SEA,,0
PTJPL,2009-10-01,3-026,3-026,WEST SANTA CRUZ TERRACE,WEST SANTA CRUZ TERRACE,65.478424,1599
PTJPL,2009-10-01,2-035,2-035,WESTSIDE,WESTSIDE,74.008929,3808
PTJPL,2009-10-01,6-073,6-073,WILD HORSE MESA AREA,WILD HORSE MESA AREA,,0
PTJPL,2009-10-01,6-075,6-075,WILDROSE CANYON,WILDROSE CANYON,,0
PTJPL,2009-10-01,1-043,1-043,WILLIAMS VALLEY,WILLIAMS VALLEY,52.259794,485
PTJPL,2009-10-01,6-003,6-003,WILLOW CREEK VALLEY,WILLOW CREEK VALLEY,48.718248,26463
PTJPL,2009-10-01,1-059,1-059,WILSON GROVE FORMATION HIGHLANDS,WILSON GROVE FORMATION HIGHLANDS,61.076052,70610
PTJPL,2009-10-01,1-062,1-062,WILSON POINT AREA,WILSON POINT AREA,54.888889,9
PTJPL,2009-10-01,6-019,6-019,WINGATE VALLEY,WINGATE VALLEY,,0
PTJPL,2009-10-01,7-056,7-056,YAQUI WELL AREA,YAQUI WELL AREA,,0
PTJPL,2009-10-01,5-056,5-056,YELLOW CREEK VALLEY,YELLOW CREEK VALLEY,51.139908,5861
PTJPL,2009-10-01,2-006,2-006,YGNACIO VALLEY,YGNACIO VALLEY,81.950617,405
PTJPL,2009-10-01,5-069,5-069,YOSEMITE VALLEY,YOSEMITE VALLEY,,0
PTJPL,2009-10-01,7-036,7-036,YUMA VALLEY,YUMA VALLEY,30.343357,66610
