Model,Date,Basin_Subb,Basin_Numb,Basin_Name,Basin_Su_1,ET,Pixel_Count
PTJPL,2016-08-01,4-005,4-005,ACTON VALLEY,ACTON VALLEY,24.752994,668
PTJPL,2016-08-01,6-010,6-010,ADOBE LAKE VALLEY,ADOBE LAKE VALLEY,,0
PTJPL,2016-08-01,1-054.01,1-054,ALEXANDER VALLEY,ALEXANDER VALLEY - ALEXANDER AREA,87.019073,39743
PTJPL,2016-08-01,1-054.02,1-054,ALEXANDER VALLEY,ALEXANDER VALLEY - CLOVERDALE AREA,101.025258,9502
PTJPL,2016-08-01,5-002.01,5-002,ALTURAS AREA,ALTURAS AREA - SOUTH FORK PITT RIVER,94.701134,159794
PTJPL,2016-08-01,5-002.02,5-002,ALTURAS AREA,ALTURAS AREA - WARM SPRINGS VALLEY,85.825946,74425
PTJPL,2016-08-01,5-010,5-010,AMERICAN VALLEY,AMERICAN VALLEY,88.590499,9746
PTJPL,2016-08-01,7-016,7-016,AMES VALLEY,AMES VALLEY,,0
PTJPL,2016-08-01,7-034,7-034,AMOS VALLEY,AMOS VALLEY,,0
PTJPL,2016-08-01,1-019,1-019,ANDERSON VALLEY,ANDERSON VALLEY,76.63106,5982
PTJPL,2016-08-01,1-049,1-049,ANNAPOLIS OHLSON RANCH FORMATION HIGHLANDS,ANNAPOLIS OHLSON RANCH FORMATION HIGHLANDS,96.156821,2353
PTJPL,2016-08-01,5-091,5-091,ANTELOPE CREEK,ANTELOPE CREEK,32.711526,1605
PTJPL,2016-08-01,6-044,6-044,ANTELOPE VALLEY,ANTELOPE VALLEY,64.141909,137884
PTJPL,2016-08-01,6-007,6-007,ANTELOPE VALLEY,ANTELOPE VALLEY,115.029615,48489
PTJPL,2016-08-01,3-034,3-034,ARROYO DE LA CRUZ VALLEY,ARROYO DE LA CRUZ VALLEY,72.016729,538
PTJPL,2016-08-01,2-031,2-031,ARROYO DEL HAMBRE VALLEY,ARROYO DEL HAMBRE VALLEY,,0
PTJPL,2016-08-01,4-007,4-007,ARROYO SANTA ROSA VALLEY,ARROYO SANTA ROSA VALLEY,87.95845,7870
PTJPL,2016-08-01,7-037,7-037,ARROYO SECO VALLEY,ARROYO SECO VALLEY,,0
PTJPL,2016-08-01,5-054,5-054,ASH VALLEY,ASH VALLEY,87.623658,12106
PTJPL,2016-08-01,6-026,6-026,AVAWATZ VALLEY,AVAWATZ VALLEY,,0
PTJPL,2016-08-01,3-020,3-020,A�O NUEVO AREA,A�O NUEVO AREA,75.84976,1877
PTJPL,2016-08-01,9-022,9-022,BATIQUITOS LAGOON VALLEY,BATIQUITOS LAGOON VALLEY,135.269355,620
PTJPL,2016-08-01,8-009,8-009,BEAR VALLEY,BEAR VALLEY,92.881279,219
PTJPL,2016-08-01,5-064,5-064,BEAR VALLEY,BEAR VALLEY,18.254902,510
PTJPL,2016-08-01,5-020,5-020,BERRYESSA VALLEY,BERRYESSA VALLEY,,0
PTJPL,2016-08-01,7-015,7-015,BESSEMER VALLEY,BESSEMER VALLEY,,0
PTJPL,2016-08-01,6-025,6-025,BICYCLE VALLEY,BICYCLE VALLEY,,0
PTJPL,2016-08-01,1-027,1-027,BIG LAGOON AREA,BIG LAGOON AREA,124.102564,39
PTJPL,2016-08-01,8-007,8-007,BIG MEADOWS VALLEY,BIG MEADOWS VALLEY,,0
PTJPL,2016-08-01,1-045,1-045,BIG RIVER VALLEY,BIG RIVER VALLEY,,0
PTJPL,2016-08-01,3-047,3-047,BIG SPRING AREA,BIG SPRING AREA,13.46841,918
PTJPL,2016-08-01,5-015,5-015,BIG VALLEY,BIG VALLEY,91.009966,41040
PTJPL,2016-08-01,5-004,5-004,BIG VALLEY,BIG VALLEY,82.063381,163109
PTJPL,2016-08-01,3-030,3-030,BITTER WATER VALLEY,BITTER WATER VALLEY,31.369505,7575
PTJPL,2016-08-01,6-013,6-013,BLACK SPRINGS VALLEY,BLACK SPRINGS VALLEY,,0
PTJPL,2016-08-01,5-092,5-092,BLANCHARD VALLEY,BLANCHARD VALLEY,26.849558,1130
PTJPL,2016-08-01,1-057,1-057,BODEGA BAY AREA,BODEGA BAY AREA,96.116883,154
PTJPL,2016-08-01,7-024.01,7-024,BORREGO VALLEY,BORREGO VALLEY - BORREGO SPRINGS,85.74783,17397
PTJPL,2016-08-01,7-024.02,7-024,BORREGO VALLEY,BORREGO VALLEY - OCOTILLO WELLS,40.333333,12
PTJPL,2016-08-01,1-039,1-039,BRANSCOMB TOWN AREA,BRANSCOMB TOWN AREA,,0
PTJPL,2016-08-01,1-017,1-017,BRAY TOWN AREA,BRAY TOWN AREA,93.338824,4250
PTJPL,2016-08-01,6-008,6-008,BRIDGEPORT VALLEY,BRIDGEPORT VALLEY,93.225441,74902
PTJPL,2016-08-01,7-008,7-008,BRISTOL VALLEY,BRISTOL VALLEY,19.135251,7963
PTJPL,2016-08-01,5-080,5-080,BRITE VALLEY,BRITE VALLEY,57.589124,1324
PTJPL,2016-08-01,6-032,6-032,BROADWELL VALLEY,BROADWELL VALLEY,,0
PTJPL,2016-08-01,6-076,6-076,BROWN MOUNTAIN VALLEY,BROWN MOUNTAIN VALLEY,,0
PTJPL,2016-08-01,7-054,7-054,BUCK RIDGE FAULT VALLEY,BUCK RIDGE FAULT VALLEY,,0
PTJPL,2016-08-01,6-101,6-101,BULL FLAT,BULL FLAT,45.958333,48
PTJPL,2016-08-01,5-048,5-048,BURNEY CREEK VALLEY,BURNEY CREEK VALLEY,75.156597,6852
PTJPL,2016-08-01,5-017,5-017,BURNS VALLEY,BURNS VALLEY,70.982699,1734
PTJPL,2016-08-01,5-051,5-051,BUTTE CREEK VALLEY,BUTTE CREEK VALLEY,,0
PTJPL,2016-08-01,1-003,1-003,BUTTE VALLEY,BUTTE VALLEY,74.033945,149448
PTJPL,2016-08-01,6-081,6-081,BUTTE VALLEY,BUTTE VALLEY,,0
PTJPL,2016-08-01,6-070,6-070,CACTUS FLAT,CACTUS FLAT,,0
PTJPL,2016-08-01,7-007,7-007,CADIZ VALLEY,CADIZ VALLEY,,0
PTJPL,2016-08-01,6-090,6-090,CADY FAULT AREA,CADY FAULT AREA,,0
PTJPL,2016-08-01,9-006,9-006,CAHUILLA VALLEY,CAHUILLA VALLEY,33.10336,6250
PTJPL,2016-08-01,6-079,6-079,CALIFORNIA VALLEY,CALIFORNIA VALLEY,,0
PTJPL,2016-08-01,7-041,7-041,CALZONA VALLEY,CALZONA VALLEY,,0
PTJPL,2016-08-01,6-061,6-061,CAMEO AREA,CAMEO AREA,,0
PTJPL,2016-08-01,9-028,9-028,CAMPO VALLEY,CAMPO VALLEY,33.166667,126
PTJPL,2016-08-01,7-046,7-046,CANEBRAKE VALLEY,CANEBRAKE VALLEY,,0
PTJPL,2016-08-01,3-007,3-007,CARMEL VALLEY,CARMEL VALLEY,92.218409,1282
PTJPL,2016-08-01,3-018,3-018,CARPINTERIA,CARPINTERIA,84.342619,13102
PTJPL,2016-08-01,3-019,3-019,CARRIZO PLAIN,CARRIZO PLAIN,20.622235,22739
PTJPL,2016-08-01,6-006,6-006,CARSON VALLEY,CARSON VALLEY,109.819038,10516
PTJPL,2016-08-01,5-029,5-029,CASTAC LAKE VALLEY,CASTAC LAKE VALLEY,22.37234,846
PTJPL,2016-08-01,2-008,2-008,CASTRO VALLEY,CASTRO VALLEY,,0
PTJPL,2016-08-01,6-038,6-038,CAVES CANYON VALLEY,CAVES CANYON VALLEY,,0
PTJPL,2016-08-01,5-045,5-045,CAYTON VALLEY,CAYTON VALLEY,118.264706,4250
PTJPL,2016-08-01,3-038,3-038,CAYUCOS VALLEY,CAYUCOS VALLEY,,0
PTJPL,2016-08-01,7-043,7-043,CHEMEHUEVI VALLEY,CHEMEHUEVI VALLEY,,0
PTJPL,2016-08-01,7-032,7-032,CHOCOLATE VALLEY,CHOCOLATE VALLEY,16.880597,67
PTJPL,2016-08-01,3-005,3-005,CHOLAME VALLEY,CHOLAME VALLEY,35.057907,17718
PTJPL,2016-08-01,3-042,3-042,CHORRO VALLEY,CHORRO VALLEY,92.091892,1295
PTJPL,2016-08-01,5-061,5-061,CHROME TOWN AREA,CHROME TOWN AREA,19.739726,511
PTJPL,2016-08-01,7-005,7-005,CHUCKWALLA VALLEY,CHUCKWALLA VALLEY,65.002824,4604
PTJPL,2016-08-01,2-005,2-005,CLAYTON VALLEY,CLAYTON VALLEY,117.392638,652
PTJPL,2016-08-01,5-066,5-066,CLEAR LAKE CACHE FORMATION,CLEAR LAKE CACHE FORMATION,78.609574,940
PTJPL,2016-08-01,5-058,5-058,CLOVER VALLEY,CLOVER VALLEY,73.60523,1606
PTJPL,2016-08-01,7-021.03,7-021,COACHELLA VALLEY,COACHELLA VALLEY - DESERT HOT SPRINGS,98.16808,2713
PTJPL,2016-08-01,7-021.01,7-021,COACHELLA VALLEY,COACHELLA VALLEY - INDIO,86.320506,293745
PTJPL,2016-08-01,7-021.02,7-021,COACHELLA VALLEY,COACHELLA VALLEY - MISSION CREEK,77.444785,978
PTJPL,2016-08-01,7-021.04,7-021,COACHELLA VALLEY,COACHELLA VALLEY - SAN GORGONIO PASS,89.261236,356
PTJPL,2016-08-01,4-011.04,4-011,COASTAL PLAIN OF LOS ANGELES,COASTAL PLAIN OF LOS ANGELES - CENTRAL,141.438258,7005
PTJPL,2016-08-01,4-011.02,4-011,COASTAL PLAIN OF LOS ANGELES,COASTAL PLAIN OF LOS ANGELES - HOLLYWOOD,120.346749,323
PTJPL,2016-08-01,4-011.01,4-011,COASTAL PLAIN OF LOS ANGELES,COASTAL PLAIN OF LOS ANGELES - SANTA MONICA,137.179885,4186
PTJPL,2016-08-01,4-011.03,4-011,COASTAL PLAIN OF LOS ANGELES,COASTAL PLAIN OF LOS ANGELES - WEST COAST,143.844258,4058
PTJPL,2016-08-01,8-001,8-001,COASTAL PLAIN OF ORANGE COUNTY,COASTAL PLAIN OF ORANGE COUNTY,125.793285,23946
PTJPL,2016-08-01,9-033,9-033,COASTAL PLAIN OF SAN DIEGO,COASTAL PLAIN OF SAN DIEGO,113.706302,3507
PTJPL,2016-08-01,6-072,6-072,COLES FLAT,COLES FLAT,,0
PTJPL,2016-08-01,5-019,5-019,COLLAYOMI VALLEY,COLLAYOMI VALLEY,46.221066,3845
PTJPL,2016-08-01,7-055,7-055,COLLINS VALLEY,COLLINS VALLEY,,0
PTJPL,2016-08-01,4-010,4-010,CONEJO,CONEJO,114.463855,498
PTJPL,2016-08-01,7-011,7-011,COPPER MOUNTAIN VALLEY,COPPER MOUNTAIN VALLEY,,0
PTJPL,2016-08-01,3-002.01,3-002,CORRALITOS,CORRALITOS - PAJARO VALLEY,68.043251,109062
PTJPL,2016-08-01,3-002.02,3-002,CORRALITOS,CORRALITOS - PURISIMA HIGHLANDS,65.204741,464
PTJPL,2016-08-01,6-055,6-055,COSO VALLEY,COSO VALLEY,,0
PTJPL,2016-08-01,1-037,1-037,COTTONEVA CREEK VALLEY,COTTONEVA CREEK VALLEY,,0
PTJPL,2016-08-01,9-027,9-027,COTTONWOOD VALLEY,COTTONWOOD VALLEY,49.257143,70
PTJPL,2016-08-01,1-011,1-011,COVELO ROUND VALLEY,COVELO ROUND VALLEY,62.909668,36576
PTJPL,2016-08-01,6-091,6-091,COW HEAD LAKE VALLEY,COW HEAD LAKE VALLEY,75.5806,15639
PTJPL,2016-08-01,6-037,6-037,COYOTE LAKE VALLEY,COYOTE LAKE VALLEY,42.521605,972
PTJPL,2016-08-01,5-018,5-018,COYOTE VALLEY,COYOTE VALLEY,66.830425,6534
PTJPL,2016-08-01,7-029,7-029,COYOTE WELLS VALLEY,COYOTE WELLS VALLEY,8.075,80
PTJPL,2016-08-01,6-035,6-035,CRONISE VALLEY,CRONISE VALLEY,,0
PTJPL,2016-08-01,6-050,6-050,CUDDEBACK VALLEY,CUDDEBACK VALLEY,,0
PTJPL,2016-08-01,5-082,5-082,CUDDY CANYON VALLEY,CUDDY CANYON VALLEY,,0
PTJPL,2016-08-01,5-083,5-083,CUDDY RANCH AREA,CUDDY RANCH AREA,,0
PTJPL,2016-08-01,5-084,5-084,CUDDY VALLEY,CUDDY VALLEY,54.8125,16
PTJPL,2016-08-01,5-027,5-027,CUMMINGS VALLEY,CUMMINGS VALLEY,73.290562,11464
PTJPL,2016-08-01,3-013,3-013,CUYAMA VALLEY,CUYAMA VALLEY,55.489533,153773
PTJPL,2016-08-01,7-009,7-009,DALE VALLEY,DALE VALLEY,3.875,152
PTJPL,2016-08-01,6-057,6-057,DARWIN VALLEY,DARWIN VALLEY,,0
PTJPL,2016-08-01,7-061,7-061,DAVIES VALLEY,DAVIES VALLEY,,0
PTJPL,2016-08-01,7-013.01,7-013,DEADMAN VALLEY,DEADMAN VALLEY - DEADMAN LAKE,,0
PTJPL,2016-08-01,7-013.02,7-013,DEADMAN VALLEY,DEADMAN VALLEY - SURPRISE SPRING,,0
PTJPL,2016-08-01,6-018,6-018,DEATH VALLEY,DEATH VALLEY,4.055556,18
PTJPL,2016-08-01,6-015,6-015,DEEP SPRINGS VALLEY,DEEP SPRINGS VALLEY,84.165354,635
PTJPL,2016-08-01,6-078,6-078,DENNING SPRING VALLEY,DENNING SPRING VALLEY,,0
PTJPL,2016-08-01,1-034,1-034,DINSMORES TOWN AREA,DINSMORES TOWN AREA,47.581395,86
PTJPL,2016-08-01,5-053,5-053,DIXIE VALLEY,DIXIE VALLEY,88.674993,11449
PTJPL,2016-08-01,2-040,2-040,DOWNTOWN,DOWNTOWN,,0
PTJPL,2016-08-01,5-049,5-049,DRY BURNEY CREEK VALLEY,DRY BURNEY CREEK VALLEY,,0
PTJPL,2016-08-01,3-029,3-029,DRY LAKE VALLEY,DRY LAKE VALLEY,30.496296,540
PTJPL,2016-08-01,6-095,6-095,DRY VALLEY,DRY VALLEY,,0
PTJPL,2016-08-01,6-096,6-096,EAGLE LAKE AREA,EAGLE LAKE AREA,,0
PTJPL,2016-08-01,7-033,7-033,EAST SALTON SEA,EAST SALTON SEA,71.570066,40262
PTJPL,2016-08-01,1-044,1-044,EDEN VALLEY,EDEN VALLEY,47.863362,1654
PTJPL,2016-08-01,1-010,1-010,EEL RIVER VALLEY,EEL RIVER VALLEY,95.366185,111228
PTJPL,2016-08-01,5-041,5-041,EGG LAKE VALLEY,EGG LAKE VALLEY,,0
PTJPL,2016-08-01,9-016,9-016,EL CAJON VALLEY,EL CAJON VALLEY,83.225806,31
PTJPL,2016-08-01,6-043,6-043,EL MIRAGE VALLEY,EL MIRAGE VALLEY,41.866542,3207
PTJPL,2016-08-01,5-062,5-062,ELK CREEK AREA,ELK CREEK AREA,49.160839,143
PTJPL,2016-08-01,8-004.02,8-004,ELSINORE,ELSINORE - BEDFORD-COLDWATER,108.96114,1158
PTJPL,2016-08-01,8-004.01,8-004,ELSINORE,ELSINORE - ELSINORE VALLEY,48.682243,107
PTJPL,2016-08-01,9-009,9-009,ESCONDIDO VALLEY,ESCONDIDO VALLEY,72.794118,34
PTJPL,2016-08-01,1-009,1-009,EUREKA PLAIN,EUREKA PLAIN,90.250728,20935
PTJPL,2016-08-01,6-016,6-016,EUREKA VALLEY,EUREKA VALLEY,,0
PTJPL,2016-08-01,1-022,1-022,FAIRCHILD SWAMP VALLEY,FAIRCHILD SWAMP VALLEY,,0
PTJPL,2016-08-01,5-005,5-005,FALL RIVER VALLEY,FALL RIVER VALLEY,101.02173,134098
PTJPL,2016-08-01,7-002,7-002,FENNER VALLEY,FENNER VALLEY,,0
PTJPL,2016-08-01,6-014,6-014,FISH LAKE VALLEY,FISH LAKE VALLEY,97.224198,14340
PTJPL,2016-08-01,3-053,3-053,FOOTHILL,FOOTHILL,87.657143,35
PTJPL,2016-08-01,1-021,1-021,FORT BRAGG TERRACE AREA,FORT BRAGG TERRACE AREA,77.246482,8954
PTJPL,2016-08-01,1-061,1-061,FORT ROSS TERRACE DEPOSITS,FORT ROSS TERRACE DEPOSITS,81.231413,1076
PTJPL,2016-08-01,6-046,6-046,FREMONT VALLEY,FREMONT VALLEY,47.779887,1949
PTJPL,2016-08-01,5-090,5-090,FUNKS CREEK,FUNKS CREEK,27.076266,3278
PTJPL,2016-08-01,1-032,1-032,GARBERVILLE TOWN AREA,GARBERVILLE TOWN AREA,80.677239,536
PTJPL,2016-08-01,1-020,1-020,GARCIA RIVER VALLEY,GARCIA RIVER VALLEY,91.062658,2378
PTJPL,2016-08-01,3-003.01,3-003,GILROY-HOLLISTER VALLEY,GILROY-HOLLISTER VALLEY - LLAGAS AREA,78.100241,76695
PTJPL,2016-08-01,3-003.05,3-003,GILROY-HOLLISTER VALLEY,GILROY-HOLLISTER VALLEY - NORTH SAN BENITO,60.921276,195075
PTJPL,2016-08-01,6-085,6-085,GOLD VALLEY,GOLD VALLEY,,0
PTJPL,2016-08-01,6-048,6-048,GOLDSTONE VALLEY,GOLDSTONE VALLEY,,0
PTJPL,2016-08-01,3-016,3-016,GOLETA,GOLETA,74.105514,3355
PTJPL,2016-08-01,5-001.02,5-001,GOOSE LAKE,GOOSE LAKE - FANDANGO VALLEY,70.367198,29126
PTJPL,2016-08-01,5-001.01,5-001,GOOSE LAKE,GOOSE LAKE - GOOSE VALLEY,75.328965,55936
PTJPL,2016-08-01,5-047,5-047,GOOSE VALLEY,GOOSE VALLEY,120.760784,15463
PTJPL,2016-08-01,6-077,6-077,GRASS VALLEY,GRASS VALLEY,,0
PTJPL,2016-08-01,6-094,6-094,GRASSHOPPER VALLEY,GRASSHOPPER VALLEY,67.256561,3734
PTJPL,2016-08-01,1-048,1-048,GRAVELLY VALLEY,GRAVELLY VALLEY,,0
PTJPL,2016-08-01,5-052,5-052,GRAYS VALLEY,GRAYS VALLEY,,0
PTJPL,2016-08-01,6-084,6-084,GREENWATER VALLEY,GREENWATER VALLEY,,0
PTJPL,2016-08-01,5-059,5-059,GRIZZLY VALLEY,GRIZZLY VALLEY,,0
PTJPL,2016-08-01,2-022,2-022,HALF MOON BAY TERRACE,HALF MOON BAY TERRACE,55.68127,8879
PTJPL,2016-08-01,1-015,1-015,HAPPY CAMP TOWN AREA,HAPPY CAMP TOWN AREA,93.30303,99
PTJPL,2016-08-01,6-047,6-047,HARPER VALLEY,HARPER VALLEY,65.659597,5658
PTJPL,2016-08-01,6-074,6-074,HARRISBURG FLATS,HARRISBURG FLATS,,0
PTJPL,2016-08-01,6-093,6-093,HARVEY VALLEY,HARVEY VALLEY,,0
PTJPL,2016-08-01,1-006,1-006,HAYFORK VALLEY,HAYFORK VALLEY,60.647191,3115
PTJPL,2016-08-01,7-048,7-048,HELENDALE FAULT VALLEY,HELENDALE FAULT VALLEY,,0
PTJPL,2016-08-01,8-006,8-006,HEMET LAKE VALLEY,HEMET LAKE VALLEY,,0
PTJPL,2016-08-01,3-031,3-031,HERNANDEZ VALLEY,HERNANDEZ VALLEY,24.398458,389
PTJPL,2016-08-01,1-036,1-036,HETTENSHAW VALLEY,HETTENSHAW VALLEY,41.633969,2202
PTJPL,2016-08-01,7-053,7-053,HEXIE MOUNTAIN AREA,HEXIE MOUNTAIN AREA,,0
PTJPL,2016-08-01,6-063,6-063,HIDDEN VALLEY,HIDDEN VALLEY,,0
PTJPL,2016-08-01,4-016,4-016,HIDDEN VALLEY,HIDDEN VALLEY,54.890364,3767
PTJPL,2016-08-01,5-016,5-016,HIGH VALLEY,HIGH VALLEY,45.903272,2781
PTJPL,2016-08-01,6-004,6-004,HONEY LAKE VALLEY,HONEY LAKE VALLEY,67.603176,188784
PTJPL,2016-08-01,1-029,1-029,HONEYDEW TOWN AREA,HONEYDEW TOWN AREA,93.988166,1183
PTJPL,2016-08-01,1-007,1-007,HOOPA VALLEY,HOOPA VALLEY,73.365947,787
PTJPL,2016-08-01,6-097,6-097,HORSE LAKE VALLEY,HORSE LAKE VALLEY,81.787082,4335
PTJPL,2016-08-01,5-040,5-040,HOT SPRINGS VALLEY,HOT SPRINGS VALLEY,67.084813,3266
PTJPL,2016-08-01,3-045,3-045,HUASNA VALLEY,HUASNA VALLEY,37.33779,3366
PTJPL,2016-08-01,5-060,5-060,HUMBUG VALLEY,HUMBUG VALLEY,63.786927,1178
PTJPL,2016-08-01,4-018,4-018,HUNGRY VALLEY,HUNGRY VALLEY,,0
PTJPL,2016-08-01,1-035,1-035,HYAMPOM VALLEY,HYAMPOM VALLEY,50.833333,504
PTJPL,2016-08-01,7-030,7-030,IMPERIAL VALLEY,IMPERIAL VALLEY,69.347531,1787557
PTJPL,2016-08-01,5-009,5-009,INDIAN VALLEY,INDIAN VALLEY,90.37523,44586
PTJPL,2016-08-01,6-054,6-054,INDIAN WELLS VALLEY,INDIAN WELLS VALLEY,55.518952,14616
PTJPL,2016-08-01,7-050,7-050,IRON RIDGE AREA,IRON RIDGE AREA,,0
PTJPL,2016-08-01,2-033,2-033,ISLAIS VALLEY,ISLAIS VALLEY,,0
PTJPL,2016-08-01,6-030,6-030,IVANPAH VALLEY,IVANPAH VALLEY,93.206972,918
PTJPL,2016-08-01,7-047,7-047,JACUMBA VALLEY,JACUMBA VALLEY,,0
PTJPL,2016-08-01,5-003,5-003,JESS VALLEY,JESS VALLEY,100.312747,15658
PTJPL,2016-08-01,7-018.01,7-018,JOHNSON VALLEY,JOHNSON VALLEY - SOGGY LAKE,5.55,60
PTJPL,2016-08-01,7-018.02,7-018,JOHNSON VALLEY,JOHNSON VALLEY - UPPER JOHNSON VALLEY,,0
PTJPL,2016-08-01,5-086,5-086,JOSEPH CREEK,JOSEPH CREEK,86.923604,4673
PTJPL,2016-08-01,7-062,7-062,JOSHUA TREE,JOSHUA TREE,,0
PTJPL,2016-08-01,6-089,6-089,KANE WASH AREA,KANE WASH AREA,,0
PTJPL,2016-08-01,6-069,6-069,KELSO LANDER VALLEY,KELSO LANDER VALLEY,,0
PTJPL,2016-08-01,6-031,6-031,KELSO VALLEY,KELSO VALLEY,,0
PTJPL,2016-08-01,2-019,2-019,KENWOOD VALLEY,KENWOOD VALLEY,82.502115,5674
PTJPL,2016-08-01,5-025,5-025,KERN RIVER VALLEY,KERN RIVER VALLEY,72.80122,15077
PTJPL,2016-08-01,1-002.02,1-002,KLAMATH RIVER VALLEY,KLAMATH RIVER VALLEY - LOWER KLAMATH,84.817297,93343
PTJPL,2016-08-01,1-002.01,1-002,KLAMATH RIVER VALLEY,KLAMATH RIVER VALLEY - TULELAKE,90.123508,296556
PTJPL,2016-08-01,1-050,1-050,KNIGHTS VALLEY,KNIGHTS VALLEY,78.452062,7322
PTJPL,2016-08-01,5-007,5-007,LAKE ALMANOR VALLEY,LAKE ALMANOR VALLEY,121.728174,2623
PTJPL,2016-08-01,5-046,5-046,LAKE BRITTON AREA,LAKE BRITTON AREA,106.45805,441
PTJPL,2016-08-01,7-001,7-001,LANFAIR VALLEY,LANFAIR VALLEY,,0
PTJPL,2016-08-01,6-036.02,6-036,LANGFORD VALLEY,LANGFORD VALLEY - IRWIN,,0
PTJPL,2016-08-01,6-036.01,6-036,LANGFORD VALLEY,LANGFORD VALLEY - LANGFORD WELL LAKE,,0
PTJPL,2016-08-01,1-033,1-033,LARABEE VALLEY,LARABEE VALLEY,42.293839,211
PTJPL,2016-08-01,4-008,4-008,LAS POSAS VALLEY,LAS POSAS VALLEY,97.078498,90830
PTJPL,2016-08-01,5-057,5-057,LAST CHANCE CREEK VALLEY,LAST CHANCE CREEK VALLEY,,0
PTJPL,2016-08-01,7-014,7-014,LAVIC VALLEY,LAVIC VALLEY,,0
PTJPL,2016-08-01,1-012,1-012,LAYTONVILLE VALLEY,LAYTONVILLE VALLEY,55.761611,5017
PTJPL,2016-08-01,6-027,6-027,LEACH VALLEY,LEACH VALLEY,,0
PTJPL,2016-08-01,6-066,6-066,LEE FLAT,LEE FLAT,,0
PTJPL,2016-08-01,6-106,6-106,LITTLE ANTELOPE VALLEY,LITTLE ANTELOPE VALLEY,55.629852,1829
PTJPL,2016-08-01,5-065,5-065,LITTLE INDIAN VALLEY,LITTLE INDIAN VALLEY,18.111111,18
PTJPL,2016-08-01,1-013,1-013,LITTLE LAKE VALLEY,LITTLE LAKE VALLEY,58.693038,16230
PTJPL,2016-08-01,1-041,1-041,LITTLE VALLEY,LITTLE VALLEY,116.190808,718
PTJPL,2016-08-01,2-010,2-010,LIVERMORE VALLEY,LIVERMORE VALLEY,66.509756,31366
PTJPL,2016-08-01,2-038,2-038,LOBOS,LOBOS,89.412807,734
PTJPL,2016-08-01,3-006,3-006,LOCKWOOD VALLEY,LOCKWOOD VALLEY,39.072629,22966
PTJPL,2016-08-01,4-017,4-017,LOCKWOOD VALLEY,LOCKWOOD VALLEY,18.691667,120
PTJPL,2016-08-01,6-011,6-011,LONG VALLEY,LONG VALLEY,64.5098,28621
PTJPL,2016-08-01,5-044,5-044,LONG VALLEY,LONG VALLEY,,0
PTJPL,2016-08-01,6-104,6-104,LONG VALLEY,LONG VALLEY,65.389454,6486
PTJPL,2016-08-01,5-031,5-031,LONG VALLEY,LONG VALLEY,36.59875,2719
PTJPL,2016-08-01,5-070,5-070,LOS BANOS CREEK VALLEY,LOS BANOS CREEK VALLEY,,0
PTJPL,2016-08-01,3-008.01,3-008,LOS OSOS VALLEY,LOS OSOS VALLEY - LOS OSOS AREA,99.540242,1901
PTJPL,2016-08-01,3-008.02,3-008,LOS OSOS VALLEY,LOS OSOS VALLEY - WARDEN CREEK,108.743566,4235
PTJPL,2016-08-01,7-051,7-051,LOST HORSE VALLEY,LOST HORSE VALLEY,,0
PTJPL,2016-08-01,6-071,6-071,LOST LAKE VALLEY,LOST LAKE VALLEY,,0
PTJPL,2016-08-01,6-021,6-021,LOWER KINGSTON VALLEY,LOWER KINGSTON VALLEY,,0
PTJPL,2016-08-01,1-014,1-014,LOWER KLAMATH RIVER VALLEY,LOWER KLAMATH RIVER VALLEY,113.144517,1377
PTJPL,2016-08-01,5-030,5-030,LOWER LAKE VALLEY,LOWER LAKE VALLEY,52.974803,635
PTJPL,2016-08-01,1-038,1-038,LOWER LAYTONVILLE VALLEY,LOWER LAYTONVILLE VALLEY,48.531915,423
PTJPL,2016-08-01,6-040,6-040,LOWER MOJAVE RIVER VALLEY,LOWER MOJAVE RIVER VALLEY,129.806043,17375
PTJPL,2016-08-01,1-060,1-060,LOWER RUSSIAN RIVER VALLEY,LOWER RUSSIAN RIVER VALLEY,94.187787,5453
PTJPL,2016-08-01,7-019,7-019,LUCERNE VALLEY,LUCERNE VALLEY,40.571672,9962
PTJPL,2016-08-01,1-008.02,1-008,MAD RIVER VALLEY,MAD RIVER VALLEY - DOWS PRAIRIE SCHOOL AREA,105.231278,5902
PTJPL,2016-08-01,1-008.01,1-008,MAD RIVER VALLEY,MAD RIVER VALLEY - MAD RIVER LOWLAND,101.634056,27302
PTJPL,2016-08-01,6-002,6-002,MADELINE PLAINS,MADELINE PLAINS,78.459793,97657
PTJPL,2016-08-01,3-051,3-051,MAJORS CREEK,MAJORS CREEK,79.834446,749
PTJPL,2016-08-01,4-022,4-022,MALIBU VALLEY,MALIBU VALLEY,116.7,40
PTJPL,2016-08-01,6-064,6-064,MARBLE CANYON AREA,MARBLE CANYON AREA,,0
PTJPL,2016-08-01,2-039,2-039,MARINA,MARINA,,0
PTJPL,2016-08-01,6-067,6-067,MARTIS VALLEY,MARTIS VALLEY,105.404181,3444
PTJPL,2016-08-01,7-059,7-059,MASON VALLEY,MASON VALLEY,,0
PTJPL,2016-08-01,1-028,1-028,MATTOLE RIVER VALLEY,MATTOLE RIVER VALLEY,97.581695,2797
PTJPL,2016-08-01,5-035,5-035,MCCLOUD AREA,MCCLOUD AREA,126.213904,187
PTJPL,2016-08-01,5-095,5-095,MEADOW VALLEY,MEADOW VALLEY,91.459459,925
PTJPL,2016-08-01,7-017,7-017,MEANS VALLEY,MEANS VALLEY,7.904762,42
PTJPL,2016-08-01,6-029,6-029,MESQUITE VALLEY,MESQUITE VALLEY,143.625635,9058
PTJPL,2016-08-01,6-020,6-020,MIDDLE AMARGOSA VALLEY,MIDDLE AMARGOSA VALLEY,97.944954,109
PTJPL,2016-08-01,5-094,5-094,MIDDLE CREEK,MIDDLE CREEK,86.548148,135
PTJPL,2016-08-01,5-087,5-087,MIDDLE FORK FEATHER RIVER,MIDDLE FORK FEATHER RIVER,70.22291,646
PTJPL,2016-08-01,6-041,6-041,MIDDLE MOJAVE RIVER VALLEY,MIDDLE MOJAVE RIVER VALLEY,128.69492,3268
PTJPL,2016-08-01,6-080,6-080,MIDDLE PARK CANYON,MIDDLE PARK CANYON,,0
PTJPL,2016-08-01,5-085,5-085,MIL POTRERO AREA,MIL POTRERO AREA,51.098214,112
PTJPL,2016-08-01,9-014,9-014,MISSION VALLEY,MISSION VALLEY,139.761158,829
PTJPL,2016-08-01,5-011,5-011,MOHAWK VALLEY,MOHAWK VALLEY,102.722707,6531
PTJPL,2016-08-01,6-009,6-009,MONO VALLEY,MONO VALLEY,59.58159,239
PTJPL,2016-08-01,3-049,3-049,MONTECITO,MONTECITO,80.378049,1722
PTJPL,2016-08-01,7-020,7-020,MORONGO VALLEY,MORONGO VALLEY,32.47619,21
PTJPL,2016-08-01,3-041,3-041,MORRO VALLEY,MORRO VALLEY,89.613215,1241
PTJPL,2016-08-01,5-008,5-008,MOUNTAIN MEADOWS VALLEY,MOUNTAIN MEADOWS VALLEY,83.653596,23845
PTJPL,2016-08-01,1-056,1-056,McDOWELL VALLEY,McDOWELL VALLEY,87.934736,2804
PTJPL,2016-08-01,2-002.01,2-002,NAPA-SONOMA VALLEY,NAPA-SONOMA VALLEY - NAPA VALLEY,93.881262,93416
PTJPL,2016-08-01,2-002.03,2-002,NAPA-SONOMA VALLEY,NAPA-SONOMA VALLEY - NAPA-SONOMA LOWLANDS,82.848082,23572
PTJPL,2016-08-01,2-002.02,2-002,NAPA-SONOMA VALLEY,NAPA-SONOMA VALLEY - SONOMA VALLEY,71.493722,80598
PTJPL,2016-08-01,1-046,1-046,NAVARRO RIVER VALLEY,NAVARRO RIVER VALLEY,,0
PTJPL,2016-08-01,3-052,3-052,NEEDLE ROCK POINT,NEEDLE ROCK POINT,76.033856,1595
PTJPL,2016-08-01,7-044,7-044,NEEDLES VALLEY,NEEDLES VALLEY,99.330731,16397
PTJPL,2016-08-01,5-050,5-050,NORTH FORK BATTLE CREEK,NORTH FORK BATTLE CREEK,87.691952,2808
PTJPL,2016-08-01,2-030,2-030,NOVATO VALLEY,NOVATO VALLEY,83.018909,14596
PTJPL,2016-08-01,7-025,7-025,OCOTILLO-CLARK VALLEY,OCOTILLO-CLARK VALLEY,67.295182,37509
PTJPL,2016-08-01,7-035,7-035,OGILBY VALLEY,OGILBY VALLEY,13.647304,3357
PTJPL,2016-08-01,4-002,4-002,OJAI VALLEY,OJAI VALLEY,100.331725,9327
PTJPL,2016-08-01,3-039,3-039,OLD VALLEY,OLD VALLEY,91.029268,205
PTJPL,2016-08-01,6-108,6-108,OLYMPIC VALLEY,OLYMPIC VALLEY,101.775578,303
PTJPL,2016-08-01,7-031,7-031,OROCOPIA VALLEY,OROCOPIA VALLEY,8.465839,161
PTJPL,2016-08-01,6-012.02,6-012,OWENS VALLEY,OWENS VALLEY - FISH SLOUGH,,0
PTJPL,2016-08-01,6-012.01,6-012,OWENS VALLEY,OWENS VALLEY - OWENS VALLEY,99.389374,93070
PTJPL,2016-08-01,6-088,6-088,OWL LAKE VALLEY,OWL LAKE VALLEY,,0
PTJPL,2016-08-01,6-028,6-028,PAHRUMP VALLEY,PAHRUMP VALLEY,,0
PTJPL,2016-08-01,6-099,6-099,PAINTERS FLAT,PAINTERS FLAT,40.418358,1133
PTJPL,2016-08-01,7-039,7-039,PALO VERDE MESA,PALO VERDE MESA,94.230584,161308
PTJPL,2016-08-01,7-038,7-038,PALO VERDE VALLEY,PALO VERDE VALLEY,99.501762,224174
PTJPL,2016-08-01,9-024,9-024,PAMO VALLEY,PAMO VALLEY,,0
PTJPL,2016-08-01,6-058,6-058,PANAMINT VALLEY,PANAMINT VALLEY,,0
PTJPL,2016-08-01,5-023,5-023,PANOCHE VALLEY,PANOCHE VALLEY,26.499491,1966
PTJPL,2016-08-01,3-032,3-032,PEACH TREE VALLEY,PEACH TREE VALLEY,19.837539,1268
PTJPL,2016-08-01,1-030,1-030,PEPPERWOOD TOWN AREA,PEPPERWOOD TOWN AREA,86.961113,3523
PTJPL,2016-08-01,2-026,2-026,PESCADERO VALLEY,PESCADERO VALLEY,65.247375,2381
PTJPL,2016-08-01,2-001,2-001,PETALUMA VALLEY,PETALUMA VALLEY,74.506739,46221
PTJPL,2016-08-01,6-051,6-051,PILOT KNOB VALLEY,PILOT KNOB VALLEY,,0
PTJPL,2016-08-01,6-092,6-092,PINE CREEK VALLEY,PINE CREEK VALLEY,74.484375,64
PTJPL,2016-08-01,7-006,7-006,PINTO VALLEY,PINTO VALLEY,,0
PTJPL,2016-08-01,7-049,7-049,PIPES CANYON FAULT VALLEY,PIPES CANYON FAULT VALLEY,,0
PTJPL,2016-08-01,2-004,2-004,PITTSBURG PLAIN,PITTSBURG PLAIN,,0
PTJPL,2016-08-01,7-045,7-045,PIUTE VALLEY,PIUTE VALLEY,,0
PTJPL,2016-08-01,7-052,7-052,PLEASANT VALLEY,PLEASANT VALLEY,,0
PTJPL,2016-08-01,4-006,4-006,PLEASANT VALLEY,PLEASANT VALLEY,64.077897,33185
PTJPL,2016-08-01,5-038,5-038,PONDOSA TOWN AREA,PONDOSA TOWN AREA,,0
PTJPL,2016-08-01,5-068,5-068,POPE VALLEY,POPE VALLEY,74.004266,12659
PTJPL,2016-08-01,9-029,9-029,POTRERO VALLEY,POTRERO VALLEY,44.762803,371
PTJPL,2016-08-01,1-051,1-051,POTTER VALLEY,POTTER VALLEY,103.138027,20554
PTJPL,2016-08-01,9-013,9-013,POWAY VALLEY,POWAY VALLEY,,0
PTJPL,2016-08-01,3-044,3-044,POZO VALLEY,POZO VALLEY,28.527092,2713
PTJPL,2016-08-01,1-025,1-025,PRAIRIE CREEK AREA,PRAIRIE CREEK AREA,,0
PTJPL,2016-08-01,7-040,7-040,QUIEN SABE POINT VALLEY,QUIEN SABE POINT VALLEY,95.298023,708
PTJPL,2016-08-01,3-024,3-024,QUIEN SABE VALLEY,QUIEN SABE VALLEY,33.793563,11403
PTJPL,2016-08-01,6-062,6-062,RACE TRACK VALLEY,RACE TRACK VALLEY,,0
PTJPL,2016-08-01,3-046,3-046,RAFAEL VALLEY,RAFAEL VALLEY,23.0,1
PTJPL,2016-08-01,9-025,9-025,RANCHITA TOWN AREA,RANCHITA TOWN AREA,36.045455,44
PTJPL,2016-08-01,4-023,4-023,RAYMOND,RAYMOND,96.193943,1717
PTJPL,2016-08-01,6-024,6-024,RED PASS VALLEY,RED PASS VALLEY,,0
PTJPL,2016-08-01,1-018,1-018,RED ROCK VALLEY,RED ROCK VALLEY,97.972575,22680
PTJPL,2016-08-01,5-006.03,5-006,REDDING AREA,REDDING AREA - ANDERSON,116.762171,42951
PTJPL,2016-08-01,5-006.01,5-006,REDDING AREA,REDDING AREA - BOWMAN,115.910643,18219
PTJPL,2016-08-01,5-006.04,5-006,REDDING AREA,REDDING AREA - ENTERPRISE,82.905544,22476
PTJPL,2016-08-01,5-006.05,5-006,REDDING AREA,REDDING AREA - MILLVILLE,97.807752,9082
PTJPL,2016-08-01,5-006.06,5-006,REDDING AREA,REDDING AREA - SOUTH BATTLE CREEK,122.761463,7982
PTJPL,2016-08-01,1-026,1-026,REDWOOD CREEK AREA,REDWOOD CREEK AREA,105.673304,2712
PTJPL,2016-08-01,6-086,6-086,RHODES HILL AREA,RHODES HILL AREA,,0
PTJPL,2016-08-01,7-004,7-004,RICE VALLEY,RICE VALLEY,73.699515,619
PTJPL,2016-08-01,6-023,6-023,RIGGS VALLEY,RIGGS VALLEY,,0
PTJPL,2016-08-01,3-043,3-043,RINCONADA VALLEY,RINCONADA VALLEY,47.804266,2907
PTJPL,2016-08-01,5-043,5-043,ROCK PRAIRIE VALLEY,ROCK PRAIRIE VALLEY,,0
PTJPL,2016-08-01,6-056,6-056,ROSE VALLEY,ROSE VALLEY,,0
PTJPL,2016-08-01,2-028,2-028,ROSS VALLEY,ROSS VALLEY,,0
PTJPL,2016-08-01,5-036,5-036,ROUND VALLEY,ROUND VALLEY,83.749651,14312
PTJPL,2016-08-01,4-020,4-020,RUSSELL VALLEY,RUSSELL VALLEY,101.900763,131
PTJPL,2016-08-01,5-021.54,5-021,SACRAMENTO VALLEY,SACRAMENTO VALLEY - ANTELOPE,162.511555,37689
PTJPL,2016-08-01,5-021.53,5-021,SACRAMENTO VALLEY,SACRAMENTO VALLEY - BEND,86.253338,2621
PTJPL,2016-08-01,5-021.70,5-021,SACRAMENTO VALLEY,SACRAMENTO VALLEY - BUTTE,155.448031,817606
PTJPL,2016-08-01,5-021.52,5-021,SACRAMENTO VALLEY,SACRAMENTO VALLEY - COLUSA,141.493621,2198924
PTJPL,2016-08-01,5-021.51,5-021,SACRAMENTO VALLEY,SACRAMENTO VALLEY - CORNING,110.699202,348885
PTJPL,2016-08-01,5-021.56,5-021,SACRAMENTO VALLEY,SACRAMENTO VALLEY - LOS MOLINOS,145.736255,77700
PTJPL,2016-08-01,5-021.64,5-021,SACRAMENTO VALLEY,SACRAMENTO VALLEY - NORTH AMERICAN,119.834367,553454
PTJPL,2016-08-01,5-021.60,5-021,SACRAMENTO VALLEY,SACRAMENTO VALLEY - NORTH YUBA,146.574998,171444
PTJPL,2016-08-01,5-021.50,5-021,SACRAMENTO VALLEY,SACRAMENTO VALLEY - RED BLUFF,104.459086,175098
PTJPL,2016-08-01,5-021.66,5-021,SACRAMENTO VALLEY,SACRAMENTO VALLEY - SOLANO,107.918179,931583
PTJPL,2016-08-01,5-021.65,5-021,SACRAMENTO VALLEY,SACRAMENTO VALLEY - SOUTH AMERICAN,109.475675,248983
PTJPL,2016-08-01,5-021.61,5-021,SACRAMENTO VALLEY,SACRAMENTO VALLEY - SOUTH YUBA,129.156116,215148
PTJPL,2016-08-01,5-021.62,5-021,SACRAMENTO VALLEY,SACRAMENTO VALLEY - SUTTER,134.280938,862677
PTJPL,2016-08-01,5-021.57,5-021,SACRAMENTO VALLEY,SACRAMENTO VALLEY - VINA,140.085705,355464
PTJPL,2016-08-01,5-021.69,5-021,SACRAMENTO VALLEY,SACRAMENTO VALLEY - WYANDOTTE CREEK,89.244122,72218
PTJPL,2016-08-01,5-021.67,5-021,SACRAMENTO VALLEY,SACRAMENTO VALLEY - YOLO,100.745804,1423435
PTJPL,2016-08-01,3-004.01,3-004,SALINAS VALLEY,SALINAS VALLEY - 180/400 FOOT AQUIFER,78.369728,244745
PTJPL,2016-08-01,3-004.11,3-004,SALINAS VALLEY,SALINAS VALLEY - ATASCADERO AREA,46.785899,25586
PTJPL,2016-08-01,3-004.02,3-004,SALINAS VALLEY,SALINAS VALLEY - EAST SIDE AQUIFER,76.752385,155443
PTJPL,2016-08-01,3-004.04,3-004,SALINAS VALLEY,SALINAS VALLEY - FOREBAY AQUIFER,90.754087,261975
PTJPL,2016-08-01,3-004.09,3-004,SALINAS VALLEY,SALINAS VALLEY - LANGLEY AREA,59.160952,8195
PTJPL,2016-08-01,3-004.10,3-004,SALINAS VALLEY,SALINAS VALLEY - MONTEREY,84.836795,3033
PTJPL,2016-08-01,3-004.06,3-004,SALINAS VALLEY,SALINAS VALLEY - PASO ROBLES AREA,59.978786,339924
PTJPL,2016-08-01,3-004.08,3-004,SALINAS VALLEY,SALINAS VALLEY - SEASIDE,96.494218,1643
PTJPL,2016-08-01,3-004.05,3-004,SALINAS VALLEY,SALINAS VALLEY - UPPER VALLEY AQUIFER,79.511569,280181
PTJPL,2016-08-01,6-017,6-017,SALINE VALLEY,SALINE VALLEY,,0
PTJPL,2016-08-01,6-053,6-053,SALT WELLS VALLEY,SALT WELLS VALLEY,,0
PTJPL,2016-08-01,3-014,3-014,SAN ANTONIO CREEK VALLEY,SAN ANTONIO CREEK VALLEY,98.632637,63229
PTJPL,2016-08-01,3-028,3-028,SAN BENITO RIVER VALLEY,SAN BENITO RIVER VALLEY,48.85049,4187
PTJPL,2016-08-01,3-033,3-033,SAN CARPOFORO VALLEY,SAN CARPOFORO VALLEY,,0
PTJPL,2016-08-01,9-015,9-015,SAN DIEGO RIVER VALLEY,SAN DIEGO RIVER VALLEY,105.95698,1139
PTJPL,2016-08-01,9-012,9-012,SAN DIEGUITO CREEK,SAN DIEGUITO CREEK,138.908075,1610
PTJPL,2016-08-01,9-023,9-023,SAN ELIJO VALLEY,SAN ELIJO VALLEY,111.08,25
PTJPL,2016-08-01,7-027,7-027,SAN FELIPE VALLEY,SAN FELIPE VALLEY,34.702703,74
PTJPL,2016-08-01,4-012,4-012,SAN FERNANDO VALLEY,SAN FERNANDO VALLEY,109.346222,8431
PTJPL,2016-08-01,4-013,4-013,SAN GABRIEL VALLEY,SAN GABRIEL VALLEY,101.096509,9139
PTJPL,2016-08-01,2-024,2-024,SAN GREGORIO VALLEY,SAN GREGORIO VALLEY,68.955752,1130
PTJPL,2016-08-01,8-005,8-005,SAN JACINTO,SAN JACINTO,52.685485,135450
PTJPL,2016-08-01,5-022.05,5-022,SAN JOAQUIN VALLEY,SAN JOAQUIN VALLEY - CHOWCHILLA,114.110102,545902
PTJPL,2016-08-01,5-022.16,5-022,SAN JOAQUIN VALLEY,SAN JOAQUIN VALLEY - COSUMNES,94.216527,250879
PTJPL,2016-08-01,5-022.07,5-022,SAN JOAQUIN VALLEY,SAN JOAQUIN VALLEY - DELTA-MENDOTA,114.291583,2031921
PTJPL,2016-08-01,5-022.19,5-022,SAN JOAQUIN VALLEY,SAN JOAQUIN VALLEY - EAST CONTRA COSTA,104.142816,180148
PTJPL,2016-08-01,5-022.01,5-022,SAN JOAQUIN VALLEY,SAN JOAQUIN VALLEY - EASTERN SAN JOAQUIN,117.530056,1846604
PTJPL,2016-08-01,5-022.11,5-022,SAN JOAQUIN VALLEY,SAN JOAQUIN VALLEY - KAWEAH,111.217045,1384373
PTJPL,2016-08-01,5-022.14,5-022,SAN JOAQUIN VALLEY,SAN JOAQUIN VALLEY - KERN COUNTY,93.234797,3709451
PTJPL,2016-08-01,5-022.17,5-022,SAN JOAQUIN VALLEY,SAN JOAQUIN VALLEY - KETTLEMAN PLAIN,17.878538,135911
PTJPL,2016-08-01,5-022.08,5-022,SAN JOAQUIN VALLEY,SAN JOAQUIN VALLEY - KINGS,106.534648,2980360
PTJPL,2016-08-01,5-022.06,5-022,SAN JOAQUIN VALLEY,SAN JOAQUIN VALLEY - MADERA,107.36314,953242
PTJPL,2016-08-01,5-022.04,5-022,SAN JOAQUIN VALLEY,SAN JOAQUIN VALLEY - MERCED,112.136889,1185008
PTJPL,2016-08-01,5-022.02,5-022,SAN JOAQUIN VALLEY,SAN JOAQUIN VALLEY - MODESTO,124.167834,583344
PTJPL,2016-08-01,5-022.10,5-022,SAN JOAQUIN VALLEY,SAN JOAQUIN VALLEY - PLEASANT VALLEY,49.440183,120709
PTJPL,2016-08-01,5-022.15,5-022,SAN JOAQUIN VALLEY,SAN JOAQUIN VALLEY - TRACY,114.456079,626628
PTJPL,2016-08-01,5-022.12,5-022,SAN JOAQUIN VALLEY,SAN JOAQUIN VALLEY - TULARE LAKE,92.55996,1573381
PTJPL,2016-08-01,5-022.13,5-022,SAN JOAQUIN VALLEY,SAN JOAQUIN VALLEY - TULE,92.146403,1579994
PTJPL,2016-08-01,5-022.03,5-022,SAN JOAQUIN VALLEY,SAN JOAQUIN VALLEY - TURLOCK,131.597498,1022516
PTJPL,2016-08-01,5-022.09,5-022,SAN JOAQUIN VALLEY,SAN JOAQUIN VALLEY - WESTSIDE,71.471849,2400602
PTJPL,2016-08-01,5-022.18,5-022,SAN JOAQUIN VALLEY,SAN JOAQUIN VALLEY - WHITE WOLF,86.323704,162939
PTJPL,2016-08-01,9-001,9-001,SAN JUAN VALLEY,SAN JUAN VALLEY,119.756602,2272
PTJPL,2016-08-01,3-009,3-009,SAN LUIS OBISPO VALLEY,SAN LUIS OBISPO VALLEY,83.603429,16683
PTJPL,2016-08-01,9-007.02,9-007,SAN LUIS REY VALLEY,SAN LUIS REY VALLEY - LOWER SAN LUIS REY VALLEY,118.172576,2764
PTJPL,2016-08-01,9-007.01,9-007,SAN LUIS REY VALLEY,SAN LUIS REY VALLEY - UPPER SAN LUIS REY VALLEY,115.140641,25597
PTJPL,2016-08-01,9-032,9-032,SAN MARCOS AREA,SAN MARCOS AREA,134.259259,27
PTJPL,2016-08-01,9-002,9-002,SAN MATEO VALLEY,SAN MATEO VALLEY,133.555556,9
PTJPL,2016-08-01,9-003,9-003,SAN ONOFRE VALLEY,SAN ONOFRE VALLEY,,0
PTJPL,2016-08-01,9-010,9-010,SAN PASQUAL VALLEY,SAN PASQUAL VALLEY,90.703733,7689
PTJPL,2016-08-01,2-036,2-036,SAN PEDRO VALLEY,SAN PEDRO VALLEY,81.166667,24
PTJPL,2016-08-01,2-029,2-029,SAN RAFAEL VALLEY,SAN RAFAEL VALLEY,,0
PTJPL,2016-08-01,2-007,2-007,SAN RAMON VALLEY,SAN RAMON VALLEY,105.632275,378
PTJPL,2016-08-01,3-035,3-035,SAN SIMEON VALLEY,SAN SIMEON VALLEY,64.555556,216
PTJPL,2016-08-01,2-027,2-027,SAND POINT AREA,SAND POINT AREA,87.032046,20564
PTJPL,2016-08-01,1-053,1-053,SANEL VALLEY,SANEL VALLEY,101.531409,11812
PTJPL,2016-08-01,3-022,3-022,SANTA ANA VALLEY,SANTA ANA VALLEY,32.998324,7158
PTJPL,2016-08-01,3-017,3-017,SANTA BARBARA,SANTA BARBARA,86.377522,694
PTJPL,2016-08-01,4-004.05,4-004,SANTA CLARA RIVER VALLEY,SANTA CLARA RIVER VALLEY - FILLMORE,113.02466,50121
PTJPL,2016-08-01,4-004.03,4-004,SANTA CLARA RIVER VALLEY,SANTA CLARA RIVER VALLEY - MOUND,69.589009,9499
PTJPL,2016-08-01,4-004.02,4-004,SANTA CLARA RIVER VALLEY,SANTA CLARA RIVER VALLEY - OXNARD,53.393288,106637
PTJPL,2016-08-01,4-004.06,4-004,SANTA CLARA RIVER VALLEY,SANTA CLARA RIVER VALLEY - PIRU,89.572704,23073
PTJPL,2016-08-01,4-004.07,4-004,SANTA CLARA RIVER VALLEY,SANTA CLARA RIVER VALLEY - SANTA CLARA RIVER VALLEY EAST,92.543117,6807
PTJPL,2016-08-01,4-004.04,4-004,SANTA CLARA RIVER VALLEY,SANTA CLARA RIVER VALLEY - SANTA PAULA,99.961314,40609
PTJPL,2016-08-01,2-009.04,2-009,SANTA CLARA VALLEY,SANTA CLARA VALLEY - EAST BAY PLAIN,95.931415,2989
PTJPL,2016-08-01,2-009.01,2-009,SANTA CLARA VALLEY,SANTA CLARA VALLEY - NILES CONE,62.466778,1791
PTJPL,2016-08-01,2-009.03,2-009,SANTA CLARA VALLEY,SANTA CLARA VALLEY - SAN MATEO PLAIN,107.759205,1358
PTJPL,2016-08-01,2-009.02,2-009,SANTA CLARA VALLEY,SANTA CLARA VALLEY - SANTA CLARA,72.332105,25790
PTJPL,2016-08-01,3-001,3-001,SANTA CRUZ MID-COUNTY,SANTA CRUZ MID-COUNTY,69.644618,3976
PTJPL,2016-08-01,3-027,3-027,SANTA MARGARITA,SANTA MARGARITA,58.395973,298
PTJPL,2016-08-01,9-004,9-004,SANTA MARGARITA VALLEY,SANTA MARGARITA VALLEY,,0
PTJPL,2016-08-01,3-012.02,3-012,SANTA MARIA RIVER VALLEY,SANTA MARIA RIVER VALLEY - ARROYO GRANDE,73.498057,6176
PTJPL,2016-08-01,3-012.01,3-012,SANTA MARIA RIVER VALLEY,SANTA MARIA RIVER VALLEY - SANTA MARIA,89.718684,261649
PTJPL,2016-08-01,9-011,9-011,SANTA MARIA VALLEY,SANTA MARIA VALLEY,62.805416,3176
PTJPL,2016-08-01,6-068,6-068,SANTA ROSA FLAT,SANTA ROSA FLAT,,0
PTJPL,2016-08-01,3-036,3-036,SANTA ROSA VALLEY,SANTA ROSA VALLEY,74.836006,2744
PTJPL,2016-08-01,1-055.02,1-055,SANTA ROSA VALLEY,SANTA ROSA VALLEY - HEALDSBURG AREA,88.071909,31401
PTJPL,2016-08-01,1-055.03,1-055,SANTA ROSA VALLEY,SANTA ROSA VALLEY - RINCON VALLEY,69.39759,581
PTJPL,2016-08-01,1-055.01,1-055,SANTA ROSA VALLEY,SANTA ROSA VALLEY - SANTA ROSA PLAIN,84.195826,81016
PTJPL,2016-08-01,3-015,3-015,SANTA YNEZ RIVER VALLEY,SANTA YNEZ RIVER VALLEY,83.245011,118154
PTJPL,2016-08-01,1-005,1-005,SCOTT RIVER VALLEY,SCOTT RIVER VALLEY,97.745786,147258
PTJPL,2016-08-01,5-014,5-014,SCOTTS VALLEY,SCOTTS VALLEY,104.329116,7271
PTJPL,2016-08-01,6-052,6-052,SEARLES VALLEY,SEARLES VALLEY,,0
PTJPL,2016-08-01,6-100,6-100,SECRET VALLEY,SECRET VALLEY,65.362953,12379
PTJPL,2016-08-01,1-016,1-016,SEIAD VALLEY,SEIAD VALLEY,87.569476,439
PTJPL,2016-08-01,8-008,8-008,SEVEN OAKS VALLEY,SEVEN OAKS VALLEY,,0
PTJPL,2016-08-01,1-004,1-004,SHASTA VALLEY,SHASTA VALLEY,93.62391,257678
PTJPL,2016-08-01,1-042,1-042,SHERWOOD VALLEY,SHERWOOD VALLEY,,0
PTJPL,2016-08-01,5-012.02,5-012,SIERRA VALLEY,SIERRA VALLEY - CHILCOOT,67.030881,5505
PTJPL,2016-08-01,5-012.01,5-012,SIERRA VALLEY,SIERRA VALLEY - SIERRA VALLEY,69.684215,213275
PTJPL,2016-08-01,6-034,6-034,SILVER LAKE VALLEY,SILVER LAKE VALLEY,,0
PTJPL,2016-08-01,4-009,4-009,SIMI VALLEY,SIMI VALLEY,106.326908,1297
PTJPL,2016-08-01,6-105,6-105,SLINKARD VALLEY,SLINKARD VALLEY,,0
PTJPL,2016-08-01,1-001,1-001,SMITH RIVER PLAIN,SMITH RIVER PLAIN,114.204625,36364
PTJPL,2016-08-01,6-033,6-033,SODA LAKE VALLEY,SODA LAKE VALLEY,,0
PTJPL,2016-08-01,2-037,2-037,SOUTH SAN FRANCISCO,SOUTH SAN FRANCISCO,,0
PTJPL,2016-08-01,6-082,6-082,SPRING CANYON VALLEY,SPRING CANYON VALLEY,,0
PTJPL,2016-08-01,5-089,5-089,SQUAW FLAT,SQUAW FLAT,,0
PTJPL,2016-08-01,5-088,5-088,STONY GORGE RESERVOIR,STONY GORGE RESERVOIR,101.143154,964
PTJPL,2016-08-01,5-063,5-063,STONYFORD TOWN AREA,STONYFORD TOWN AREA,69.410682,3857
PTJPL,2016-08-01,2-003,2-003,SUISUN-FAIRFIELD VALLEY,SUISUN-FAIRFIELD VALLEY,57.819828,91868
PTJPL,2016-08-01,2-011,2-011,SUNOL VALLEY,SUNOL VALLEY,65.345411,1656
PTJPL,2016-08-01,6-049,6-049,SUPERIOR VALLEY,SUPERIOR VALLEY,,0
PTJPL,2016-08-01,6-001,6-001,SURPRISE VALLEY,SURPRISE VALLEY,78.356956,234180
PTJPL,2016-08-01,6-107,6-107,SWEETWATER FLAT,SWEETWATER FLAT,89.052469,324
PTJPL,2016-08-01,6-005.03,6-005,TAHOE VALLEY,TAHOE VALLEY - TAHOE NORTH,116.014286,210
PTJPL,2016-08-01,6-005.01,6-005,TAHOE VALLEY,TAHOE VALLEY - TAHOE SOUTH,98.272848,755
PTJPL,2016-08-01,6-005.02,6-005,TAHOE VALLEY,TAHOE VALLEY - TAHOE WEST,99.05848,171
PTJPL,2016-08-01,6-045,6-045,TEHACHAPI VALLEY EAST,TEHACHAPI VALLEY EAST,59.62879,3397
PTJPL,2016-08-01,5-028,5-028,TEHACHAPI VALLEY WEST,TEHACHAPI VALLEY WEST,41.885022,4540
PTJPL,2016-08-01,9-005,9-005,TEMECULA VALLEY,TEMECULA VALLEY,73.645952,20517
PTJPL,2016-08-01,1-040,1-040,TEN MILE RIVER VALLEY,TEN MILE RIVER VALLEY,87.5311,209
PTJPL,2016-08-01,7-026,7-026,TERWILLIGER VALLEY,TERWILLIGER VALLEY,45.35503,169
PTJPL,2016-08-01,4-019,4-019,THOUSAND OAKS AREA,THOUSAND OAKS AREA,116.701299,385
PTJPL,2016-08-01,4-015,4-015,TIERRA REJADA,TIERRA REJADA,91.744624,4092
PTJPL,2016-08-01,5-037,5-037,TOAD WELL AREA,TOAD WELL AREA,,0
PTJPL,2016-08-01,3-040,3-040,TORO VALLEY,TORO VALLEY,83.683784,370
PTJPL,2016-08-01,6-098,6-098,TULEDAD CANYON VALLEY,TULEDAD CANYON VALLEY,55.432258,310
PTJPL,2016-08-01,7-010,7-010,TWENTYNINE PALMS VALLEY,TWENTYNINE PALMS VALLEY,58.128514,747
PTJPL,2016-08-01,1-052,1-052,UKIAH VALLEY,UKIAH VALLEY,99.850768,43476
PTJPL,2016-08-01,6-022,6-022,UPPER KINGSTON VALLEY,UPPER KINGSTON VALLEY,,0
PTJPL,2016-08-01,5-013,5-013,UPPER LAKE VALLEY,UPPER LAKE VALLEY,99.66092,12413
PTJPL,2016-08-01,6-042,6-042,UPPER MOJAVE RIVER VALLEY,UPPER MOJAVE RIVER VALLEY,62.968731,6748
PTJPL,2016-08-01,4-001,4-001,UPPER OJAI VALLEY,UPPER OJAI VALLEY,46.594414,3294
PTJPL,2016-08-01,3-023,3-023,UPPER SANTA ANA VALLEY,UPPER SANTA ANA VALLEY,43.0,7
PTJPL,2016-08-01,8-002.05,8-002,UPPER SANTA ANA VALLEY,UPPER SANTA ANA VALLEY - CAJON,42.482353,170
PTJPL,2016-08-01,8-002.01,8-002,UPPER SANTA ANA VALLEY,UPPER SANTA ANA VALLEY - CHINO,78.009885,29440
PTJPL,2016-08-01,8-002.02,8-002,UPPER SANTA ANA VALLEY,UPPER SANTA ANA VALLEY - CUCAMONGA,104.050746,670
PTJPL,2016-08-01,8-002.04,8-002,UPPER SANTA ANA VALLEY,UPPER SANTA ANA VALLEY - RIALTO-COLTON,71.361532,1253
PTJPL,2016-08-01,8-002.03,8-002,UPPER SANTA ANA VALLEY,UPPER SANTA ANA VALLEY - RIVERSIDE-ARLINGTON,92.943362,13966
PTJPL,2016-08-01,8-002.06,8-002,UPPER SANTA ANA VALLEY,UPPER SANTA ANA VALLEY - SAN BERNARDINO,93.106982,15554
PTJPL,2016-08-01,8-002.08,8-002,UPPER SANTA ANA VALLEY,UPPER SANTA ANA VALLEY - SAN TIMOTEO,88.06321,4667
PTJPL,2016-08-01,8-002.09,8-002,UPPER SANTA ANA VALLEY,UPPER SANTA ANA VALLEY - TEMESCAL,89.715976,845
PTJPL,2016-08-01,8-002.07,8-002,UPPER SANTA ANA VALLEY,UPPER SANTA ANA VALLEY - YUCAIPA,84.563331,2858
PTJPL,2016-08-01,7-028,7-028,VALLECITO-CARRIZO VALLEY,VALLECITO-CARRIZO VALLEY,,0
PTJPL,2016-08-01,5-071,5-071,VALLECITOS CREEK VALLEY,VALLECITOS CREEK VALLEY,,0
PTJPL,2016-08-01,7-063,7-063,VANDEVENTER FLAT,VANDEVENTER FLAT,,0
PTJPL,2016-08-01,4-003.02,4-003,VENTURA RIVER VALLEY,VENTURA RIVER VALLEY - LOWER VENTURA RIVER,80.343874,1771
PTJPL,2016-08-01,4-003.01,4-003,VENTURA RIVER VALLEY,VENTURA RIVER VALLEY - UPPER VENTURA RIVER,81.936087,2300
PTJPL,2016-08-01,7-042,7-042,VIDAL VALLEY,VIDAL VALLEY,,0
PTJPL,2016-08-01,3-037,3-037,VILLA VALLEY,VILLA VALLEY,75.577283,854
PTJPL,2016-08-01,2-032,2-032,VISITACION VALLEY,VISITACION VALLEY,96.803371,178
PTJPL,2016-08-01,5-026,5-026,WALKER BASIN CREEK VALLEY,WALKER BASIN CREEK VALLEY,48.186316,6387
PTJPL,2016-08-01,7-003,7-003,WARD VALLEY,WARD VALLEY,,0
PTJPL,2016-08-01,9-008,9-008,WARNER VALLEY,WARNER VALLEY,81.644315,343
PTJPL,2016-08-01,7-012,7-012,WARREN VALLEY,WARREN VALLEY,77.57971,345
PTJPL,2016-08-01,1-031,1-031,WEOTT TOWN AREA,WEOTT TOWN AREA,94.273423,523
PTJPL,2016-08-01,7-022,7-022,WEST SALTON SEA,WEST SALTON SEA,,0
PTJPL,2016-08-01,3-026,3-026,WEST SANTA CRUZ TERRACE,WEST SANTA CRUZ TERRACE,78.374609,1599
PTJPL,2016-08-01,2-035,2-035,WESTSIDE,WESTSIDE,86.966995,3757
PTJPL,2016-08-01,6-073,6-073,WILD HORSE MESA AREA,WILD HORSE MESA AREA,,0
PTJPL,2016-08-01,6-075,6-075,WILDROSE CANYON,WILDROSE CANYON,,0
PTJPL,2016-08-01,1-043,1-043,WILLIAMS VALLEY,WILLIAMS VALLEY,49.338144,485
PTJPL,2016-08-01,6-003,6-003,WILLOW CREEK VALLEY,WILLOW CREEK VALLEY,102.130257,26463
PTJPL,2016-08-01,1-059,1-059,WILSON GROVE FORMATION HIGHLANDS,WILSON GROVE FORMATION HIGHLANDS,86.736171,70610
PTJPL,2016-08-01,1-062,1-062,WILSON POINT AREA,WILSON POINT AREA,84.111111,9
PTJPL,2016-08-01,6-019,6-019,WINGATE VALLEY,WINGATE VALLEY,,0
PTJPL,2016-08-01,7-056,7-056,YAQUI WELL AREA,YAQUI WELL AREA,,0
PTJPL,2016-08-01,5-056,5-056,YELLOW CREEK VALLEY,YELLOW CREEK VALLEY,86.021327,5861
PTJPL,2016-08-01,2-006,2-006,YGNACIO VALLEY,YGNACIO VALLEY,111.602469,405
PTJPL,2016-08-01,5-069,5-069,YOSEMITE VALLEY,YOSEMITE VALLEY,,0
PTJPL,2016-08-01,7-036,7-036,YUMA VALLEY,YUMA VALLEY,33.426798,66610
