Model,Date,Basin_Subb,Basin_Numb,Basin_Name,Basin_Su_1,ET,Pixel_Count
PTJPL,2015-08-01,4-005,4-005,ACTON VALLEY,ACTON VALLEY,37.04491,668
PTJPL,2015-08-01,6-010,6-010,ADOBE LAKE VALLEY,ADOBE LAKE VALLEY,,0
PTJPL,2015-08-01,1-054.01,1-054,ALEXANDER VALLEY,ALEXANDER VALLEY - ALEXANDER AREA,86.162595,39743
PTJPL,2015-08-01,1-054.02,1-054,ALEXANDER VALLEY,ALEXANDER VALLEY - CLOVERDALE AREA,97.879183,9502
PTJPL,2015-08-01,5-002.01,5-002,ALTURAS AREA,ALTURAS AREA - SOUTH FORK PITT RIVER,94.73872,159794
PTJPL,2015-08-01,5-002.02,5-002,ALTURAS AREA,ALTURAS AREA - WARM SPRINGS VALLEY,77.38655,74425
PTJPL,2015-08-01,5-010,5-010,AMERICAN VALLEY,AMERICAN VALLEY,80.87636,9746
PTJPL,2015-08-01,7-016,7-016,AMES VALLEY,AMES VALLEY,,0
PTJPL,2015-08-01,7-034,7-034,AMOS VALLEY,AMOS VALLEY,,0
PTJPL,2015-08-01,1-019,1-019,ANDERSON VALLEY,ANDERSON VALLEY,80.531595,5982
PTJPL,2015-08-01,1-049,1-049,ANNAPOLIS OHLSON RANCH FORMATION HIGHLANDS,ANNAPOLIS OHLSON RANCH FORMATION HIGHLANDS,94.005525,2353
PTJPL,2015-08-01,5-091,5-091,ANTELOPE CREEK,ANTELOPE CREEK,35.988785,1605
PTJPL,2015-08-01,6-044,6-044,ANTELOPE VALLEY,ANTELOPE VALLEY,74.874351,137884
PTJPL,2015-08-01,6-007,6-007,ANTELOPE VALLEY,ANTELOPE VALLEY,100.630452,48489
PTJPL,2015-08-01,3-034,3-034,ARROYO DE LA CRUZ VALLEY,ARROYO DE LA CRUZ VALLEY,91.451673,538
PTJPL,2015-08-01,2-031,2-031,ARROYO DEL HAMBRE VALLEY,ARROYO DEL HAMBRE VALLEY,,0
PTJPL,2015-08-01,4-007,4-007,ARROYO SANTA ROSA VALLEY,ARROYO SANTA ROSA VALLEY,95.431131,7870
PTJPL,2015-08-01,7-037,7-037,ARROYO SECO VALLEY,ARROYO SECO VALLEY,,0
PTJPL,2015-08-01,5-054,5-054,ASH VALLEY,ASH VALLEY,98.976871,12106
PTJPL,2015-08-01,6-026,6-026,AVAWATZ VALLEY,AVAWATZ VALLEY,,0
PTJPL,2015-08-01,3-020,3-020,A�O NUEVO AREA,A�O NUEVO AREA,68.064997,1877
PTJPL,2015-08-01,9-022,9-022,BATIQUITOS LAGOON VALLEY,BATIQUITOS LAGOON VALLEY,133.259677,620
PTJPL,2015-08-01,8-009,8-009,BEAR VALLEY,BEAR VALLEY,93.575342,219
PTJPL,2015-08-01,5-064,5-064,BEAR VALLEY,BEAR VALLEY,21.341176,510
PTJPL,2015-08-01,5-020,5-020,BERRYESSA VALLEY,BERRYESSA VALLEY,,0
PTJPL,2015-08-01,7-015,7-015,BESSEMER VALLEY,BESSEMER VALLEY,,0
PTJPL,2015-08-01,6-025,6-025,BICYCLE VALLEY,BICYCLE VALLEY,,0
PTJPL,2015-08-01,1-027,1-027,BIG LAGOON AREA,BIG LAGOON AREA,141.358974,39
PTJPL,2015-08-01,8-007,8-007,BIG MEADOWS VALLEY,BIG MEADOWS VALLEY,,0
PTJPL,2015-08-01,1-045,1-045,BIG RIVER VALLEY,BIG RIVER VALLEY,,0
PTJPL,2015-08-01,3-047,3-047,BIG SPRING AREA,BIG SPRING AREA,14.436819,918
PTJPL,2015-08-01,5-015,5-015,BIG VALLEY,BIG VALLEY,87.379557,41040
PTJPL,2015-08-01,5-004,5-004,BIG VALLEY,BIG VALLEY,75.716496,163109
PTJPL,2015-08-01,3-030,3-030,BITTER WATER VALLEY,BITTER WATER VALLEY,30.338878,7575
PTJPL,2015-08-01,6-013,6-013,BLACK SPRINGS VALLEY,BLACK SPRINGS VALLEY,,0
PTJPL,2015-08-01,5-092,5-092,BLANCHARD VALLEY,BLANCHARD VALLEY,33.900885,1130
PTJPL,2015-08-01,1-057,1-057,BODEGA BAY AREA,BODEGA BAY AREA,115.0,154
PTJPL,2015-08-01,7-024.01,7-024,BORREGO VALLEY,BORREGO VALLEY - BORREGO SPRINGS,83.319423,17397
PTJPL,2015-08-01,7-024.02,7-024,BORREGO VALLEY,BORREGO VALLEY - OCOTILLO WELLS,78.5,12
PTJPL,2015-08-01,1-039,1-039,BRANSCOMB TOWN AREA,BRANSCOMB TOWN AREA,,0
PTJPL,2015-08-01,1-017,1-017,BRAY TOWN AREA,BRAY TOWN AREA,84.117176,4250
PTJPL,2015-08-01,6-008,6-008,BRIDGEPORT VALLEY,BRIDGEPORT VALLEY,80.945008,74902
PTJPL,2015-08-01,7-008,7-008,BRISTOL VALLEY,BRISTOL VALLEY,16.96107,7963
PTJPL,2015-08-01,5-080,5-080,BRITE VALLEY,BRITE VALLEY,49.508308,1324
PTJPL,2015-08-01,6-032,6-032,BROADWELL VALLEY,BROADWELL VALLEY,,0
PTJPL,2015-08-01,6-076,6-076,BROWN MOUNTAIN VALLEY,BROWN MOUNTAIN VALLEY,,0
PTJPL,2015-08-01,7-054,7-054,BUCK RIDGE FAULT VALLEY,BUCK RIDGE FAULT VALLEY,,0
PTJPL,2015-08-01,6-101,6-101,BULL FLAT,BULL FLAT,51.791667,48
PTJPL,2015-08-01,5-048,5-048,BURNEY CREEK VALLEY,BURNEY CREEK VALLEY,51.700234,6852
PTJPL,2015-08-01,5-017,5-017,BURNS VALLEY,BURNS VALLEY,76.321223,1734
PTJPL,2015-08-01,5-051,5-051,BUTTE CREEK VALLEY,BUTTE CREEK VALLEY,,0
PTJPL,2015-08-01,1-003,1-003,BUTTE VALLEY,BUTTE VALLEY,71.94487,149448
PTJPL,2015-08-01,6-081,6-081,BUTTE VALLEY,BUTTE VALLEY,,0
PTJPL,2015-08-01,6-070,6-070,CACTUS FLAT,CACTUS FLAT,,0
PTJPL,2015-08-01,7-007,7-007,CADIZ VALLEY,CADIZ VALLEY,,0
PTJPL,2015-08-01,6-090,6-090,CADY FAULT AREA,CADY FAULT AREA,,0
PTJPL,2015-08-01,9-006,9-006,CAHUILLA VALLEY,CAHUILLA VALLEY,39.57424,6250
PTJPL,2015-08-01,6-079,6-079,CALIFORNIA VALLEY,CALIFORNIA VALLEY,,0
PTJPL,2015-08-01,7-041,7-041,CALZONA VALLEY,CALZONA VALLEY,,0
PTJPL,2015-08-01,6-061,6-061,CAMEO AREA,CAMEO AREA,,0
PTJPL,2015-08-01,9-028,9-028,CAMPO VALLEY,CAMPO VALLEY,31.904762,126
PTJPL,2015-08-01,7-046,7-046,CANEBRAKE VALLEY,CANEBRAKE VALLEY,,0
PTJPL,2015-08-01,3-007,3-007,CARMEL VALLEY,CARMEL VALLEY,112.336193,1282
PTJPL,2015-08-01,3-018,3-018,CARPINTERIA,CARPINTERIA,80.965654,13102
PTJPL,2015-08-01,3-019,3-019,CARRIZO PLAIN,CARRIZO PLAIN,21.08105,22739
PTJPL,2015-08-01,6-006,6-006,CARSON VALLEY,CARSON VALLEY,92.286421,10516
PTJPL,2015-08-01,5-029,5-029,CASTAC LAKE VALLEY,CASTAC LAKE VALLEY,51.023641,846
PTJPL,2015-08-01,2-008,2-008,CASTRO VALLEY,CASTRO VALLEY,,0
PTJPL,2015-08-01,6-038,6-038,CAVES CANYON VALLEY,CAVES CANYON VALLEY,,0
PTJPL,2015-08-01,5-045,5-045,CAYTON VALLEY,CAYTON VALLEY,105.028471,4250
PTJPL,2015-08-01,3-038,3-038,CAYUCOS VALLEY,CAYUCOS VALLEY,,0
PTJPL,2015-08-01,7-043,7-043,CHEMEHUEVI VALLEY,CHEMEHUEVI VALLEY,,0
PTJPL,2015-08-01,7-032,7-032,CHOCOLATE VALLEY,CHOCOLATE VALLEY,9.164179,67
PTJPL,2015-08-01,3-005,3-005,CHOLAME VALLEY,CHOLAME VALLEY,40.957783,17718
PTJPL,2015-08-01,3-042,3-042,CHORRO VALLEY,CHORRO VALLEY,88.317375,1295
PTJPL,2015-08-01,5-061,5-061,CHROME TOWN AREA,CHROME TOWN AREA,25.46184,511
PTJPL,2015-08-01,7-005,7-005,CHUCKWALLA VALLEY,CHUCKWALLA VALLEY,56.679626,4604
PTJPL,2015-08-01,2-005,2-005,CLAYTON VALLEY,CLAYTON VALLEY,122.243865,652
PTJPL,2015-08-01,5-066,5-066,CLEAR LAKE CACHE FORMATION,CLEAR LAKE CACHE FORMATION,80.543617,940
PTJPL,2015-08-01,5-058,5-058,CLOVER VALLEY,CLOVER VALLEY,55.002491,1606
PTJPL,2015-08-01,7-021.03,7-021,COACHELLA VALLEY,COACHELLA VALLEY - DESERT HOT SPRINGS,108.265757,2713
PTJPL,2015-08-01,7-021.01,7-021,COACHELLA VALLEY,COACHELLA VALLEY - INDIO,86.958913,293745
PTJPL,2015-08-01,7-021.02,7-021,COACHELLA VALLEY,COACHELLA VALLEY - MISSION CREEK,77.306748,978
PTJPL,2015-08-01,7-021.04,7-021,COACHELLA VALLEY,COACHELLA VALLEY - SAN GORGONIO PASS,90.547753,356
PTJPL,2015-08-01,4-011.04,4-011,COASTAL PLAIN OF LOS ANGELES,COASTAL PLAIN OF LOS ANGELES - CENTRAL,134.677802,7005
PTJPL,2015-08-01,4-011.02,4-011,COASTAL PLAIN OF LOS ANGELES,COASTAL PLAIN OF LOS ANGELES - HOLLYWOOD,116.922601,323
PTJPL,2015-08-01,4-011.01,4-011,COASTAL PLAIN OF LOS ANGELES,COASTAL PLAIN OF LOS ANGELES - SANTA MONICA,129.773053,4186
PTJPL,2015-08-01,4-011.03,4-011,COASTAL PLAIN OF LOS ANGELES,COASTAL PLAIN OF LOS ANGELES - WEST COAST,133.608428,4058
PTJPL,2015-08-01,8-001,8-001,COASTAL PLAIN OF ORANGE COUNTY,COASTAL PLAIN OF ORANGE COUNTY,120.75023,23946
PTJPL,2015-08-01,9-033,9-033,COASTAL PLAIN OF SAN DIEGO,COASTAL PLAIN OF SAN DIEGO,117.717707,3507
PTJPL,2015-08-01,6-072,6-072,COLES FLAT,COLES FLAT,,0
PTJPL,2015-08-01,5-019,5-019,COLLAYOMI VALLEY,COLLAYOMI VALLEY,51.590117,3845
PTJPL,2015-08-01,7-055,7-055,COLLINS VALLEY,COLLINS VALLEY,,0
PTJPL,2015-08-01,4-010,4-010,CONEJO,CONEJO,115.048193,498
PTJPL,2015-08-01,7-011,7-011,COPPER MOUNTAIN VALLEY,COPPER MOUNTAIN VALLEY,,0
PTJPL,2015-08-01,3-002.01,3-002,CORRALITOS,CORRALITOS - PAJARO VALLEY,69.023448,109219
PTJPL,2015-08-01,3-002.02,3-002,CORRALITOS,CORRALITOS - PURISIMA HIGHLANDS,62.346983,464
PTJPL,2015-08-01,6-055,6-055,COSO VALLEY,COSO VALLEY,,0
PTJPL,2015-08-01,1-037,1-037,COTTONEVA CREEK VALLEY,COTTONEVA CREEK VALLEY,,0
PTJPL,2015-08-01,9-027,9-027,COTTONWOOD VALLEY,COTTONWOOD VALLEY,58.371429,70
PTJPL,2015-08-01,1-011,1-011,COVELO ROUND VALLEY,COVELO ROUND VALLEY,60.757655,36576
PTJPL,2015-08-01,6-091,6-091,COW HEAD LAKE VALLEY,COW HEAD LAKE VALLEY,68.37739,15639
PTJPL,2015-08-01,6-037,6-037,COYOTE LAKE VALLEY,COYOTE LAKE VALLEY,51.383745,972
PTJPL,2015-08-01,5-018,5-018,COYOTE VALLEY,COYOTE VALLEY,66.938629,6534
PTJPL,2015-08-01,7-029,7-029,COYOTE WELLS VALLEY,COYOTE WELLS VALLEY,6.15,80
PTJPL,2015-08-01,6-035,6-035,CRONISE VALLEY,CRONISE VALLEY,,0
PTJPL,2015-08-01,6-050,6-050,CUDDEBACK VALLEY,CUDDEBACK VALLEY,,0
PTJPL,2015-08-01,5-082,5-082,CUDDY CANYON VALLEY,CUDDY CANYON VALLEY,,0
PTJPL,2015-08-01,5-083,5-083,CUDDY RANCH AREA,CUDDY RANCH AREA,,0
PTJPL,2015-08-01,5-084,5-084,CUDDY VALLEY,CUDDY VALLEY,68.9375,16
PTJPL,2015-08-01,5-027,5-027,CUMMINGS VALLEY,CUMMINGS VALLEY,68.563241,11464
PTJPL,2015-08-01,3-013,3-013,CUYAMA VALLEY,CUYAMA VALLEY,53.837247,153773
PTJPL,2015-08-01,7-009,7-009,DALE VALLEY,DALE VALLEY,5.861842,152
PTJPL,2015-08-01,6-057,6-057,DARWIN VALLEY,DARWIN VALLEY,,0
PTJPL,2015-08-01,7-061,7-061,DAVIES VALLEY,DAVIES VALLEY,,0
PTJPL,2015-08-01,7-013.01,7-013,DEADMAN VALLEY,DEADMAN VALLEY - DEADMAN LAKE,,0
PTJPL,2015-08-01,7-013.02,7-013,DEADMAN VALLEY,DEADMAN VALLEY - SURPRISE SPRING,,0
PTJPL,2015-08-01,6-018,6-018,DEATH VALLEY,DEATH VALLEY,5.555556,18
PTJPL,2015-08-01,6-015,6-015,DEEP SPRINGS VALLEY,DEEP SPRINGS VALLEY,103.749606,635
PTJPL,2015-08-01,6-078,6-078,DENNING SPRING VALLEY,DENNING SPRING VALLEY,,0
PTJPL,2015-08-01,1-034,1-034,DINSMORES TOWN AREA,DINSMORES TOWN AREA,46.534884,86
PTJPL,2015-08-01,5-053,5-053,DIXIE VALLEY,DIXIE VALLEY,93.388593,11449
PTJPL,2015-08-01,2-040,2-040,DOWNTOWN,DOWNTOWN,,0
PTJPL,2015-08-01,5-049,5-049,DRY BURNEY CREEK VALLEY,DRY BURNEY CREEK VALLEY,,0
PTJPL,2015-08-01,3-029,3-029,DRY LAKE VALLEY,DRY LAKE VALLEY,19.292593,540
PTJPL,2015-08-01,6-095,6-095,DRY VALLEY,DRY VALLEY,,0
PTJPL,2015-08-01,6-096,6-096,EAGLE LAKE AREA,EAGLE LAKE AREA,,0
PTJPL,2015-08-01,7-033,7-033,EAST SALTON SEA,EAST SALTON SEA,68.068178,40262
PTJPL,2015-08-01,1-044,1-044,EDEN VALLEY,EDEN VALLEY,50.425635,1654
PTJPL,2015-08-01,1-010,1-010,EEL RIVER VALLEY,EEL RIVER VALLEY,96.834505,118088
PTJPL,2015-08-01,5-041,5-041,EGG LAKE VALLEY,EGG LAKE VALLEY,,0
PTJPL,2015-08-01,9-016,9-016,EL CAJON VALLEY,EL CAJON VALLEY,76.806452,31
PTJPL,2015-08-01,6-043,6-043,EL MIRAGE VALLEY,EL MIRAGE VALLEY,48.784222,3207
PTJPL,2015-08-01,5-062,5-062,ELK CREEK AREA,ELK CREEK AREA,63.615385,143
PTJPL,2015-08-01,8-004.02,8-004,ELSINORE,ELSINORE - BEDFORD-COLDWATER,116.24266,1158
PTJPL,2015-08-01,8-004.01,8-004,ELSINORE,ELSINORE - ELSINORE VALLEY,52.570093,107
PTJPL,2015-08-01,9-009,9-009,ESCONDIDO VALLEY,ESCONDIDO VALLEY,70.029412,34
PTJPL,2015-08-01,1-009,1-009,EUREKA PLAIN,EUREKA PLAIN,99.309419,20936
PTJPL,2015-08-01,6-016,6-016,EUREKA VALLEY,EUREKA VALLEY,,0
PTJPL,2015-08-01,1-022,1-022,FAIRCHILD SWAMP VALLEY,FAIRCHILD SWAMP VALLEY,,0
PTJPL,2015-08-01,5-005,5-005,FALL RIVER VALLEY,FALL RIVER VALLEY,93.067786,134098
PTJPL,2015-08-01,7-002,7-002,FENNER VALLEY,FENNER VALLEY,,0
PTJPL,2015-08-01,6-014,6-014,FISH LAKE VALLEY,FISH LAKE VALLEY,93.61834,14340
PTJPL,2015-08-01,3-053,3-053,FOOTHILL,FOOTHILL,90.371429,35
PTJPL,2015-08-01,1-021,1-021,FORT BRAGG TERRACE AREA,FORT BRAGG TERRACE AREA,77.966628,9529
PTJPL,2015-08-01,1-061,1-061,FORT ROSS TERRACE DEPOSITS,FORT ROSS TERRACE DEPOSITS,95.392758,1077
PTJPL,2015-08-01,6-046,6-046,FREMONT VALLEY,FREMONT VALLEY,49.413545,1949
PTJPL,2015-08-01,5-090,5-090,FUNKS CREEK,FUNKS CREEK,23.33557,3278
PTJPL,2015-08-01,1-032,1-032,GARBERVILLE TOWN AREA,GARBERVILLE TOWN AREA,99.440299,536
PTJPL,2015-08-01,1-020,1-020,GARCIA RIVER VALLEY,GARCIA RIVER VALLEY,100.883154,2790
PTJPL,2015-08-01,3-003.01,3-003,GILROY-HOLLISTER VALLEY,GILROY-HOLLISTER VALLEY - LLAGAS AREA,82.766295,76695
PTJPL,2015-08-01,3-003.05,3-003,GILROY-HOLLISTER VALLEY,GILROY-HOLLISTER VALLEY - NORTH SAN BENITO,62.0741,195075
PTJPL,2015-08-01,6-085,6-085,GOLD VALLEY,GOLD VALLEY,,0
PTJPL,2015-08-01,6-048,6-048,GOLDSTONE VALLEY,GOLDSTONE VALLEY,,0
PTJPL,2015-08-01,3-016,3-016,GOLETA,GOLETA,82.36304,3355
PTJPL,2015-08-01,5-001.02,5-001,GOOSE LAKE,GOOSE LAKE - FANDANGO VALLEY,72.115258,29126
PTJPL,2015-08-01,5-001.01,5-001,GOOSE LAKE,GOOSE LAKE - GOOSE VALLEY,79.626663,55936
PTJPL,2015-08-01,5-047,5-047,GOOSE VALLEY,GOOSE VALLEY,106.406001,15463
PTJPL,2015-08-01,6-077,6-077,GRASS VALLEY,GRASS VALLEY,,0
PTJPL,2015-08-01,6-094,6-094,GRASSHOPPER VALLEY,GRASSHOPPER VALLEY,61.908945,3734
PTJPL,2015-08-01,1-048,1-048,GRAVELLY VALLEY,GRAVELLY VALLEY,,0
PTJPL,2015-08-01,5-052,5-052,GRAYS VALLEY,GRAYS VALLEY,,0
PTJPL,2015-08-01,6-084,6-084,GREENWATER VALLEY,GREENWATER VALLEY,,0
PTJPL,2015-08-01,5-059,5-059,GRIZZLY VALLEY,GRIZZLY VALLEY,,0
PTJPL,2015-08-01,2-022,2-022,HALF MOON BAY TERRACE,HALF MOON BAY TERRACE,66.044121,9338
PTJPL,2015-08-01,1-015,1-015,HAPPY CAMP TOWN AREA,HAPPY CAMP TOWN AREA,90.878788,99
PTJPL,2015-08-01,6-047,6-047,HARPER VALLEY,HARPER VALLEY,65.220749,5658
PTJPL,2015-08-01,6-074,6-074,HARRISBURG FLATS,HARRISBURG FLATS,,0
PTJPL,2015-08-01,6-093,6-093,HARVEY VALLEY,HARVEY VALLEY,,0
PTJPL,2015-08-01,1-006,1-006,HAYFORK VALLEY,HAYFORK VALLEY,57.846549,3115
PTJPL,2015-08-01,7-048,7-048,HELENDALE FAULT VALLEY,HELENDALE FAULT VALLEY,,0
PTJPL,2015-08-01,8-006,8-006,HEMET LAKE VALLEY,HEMET LAKE VALLEY,,0
PTJPL,2015-08-01,3-031,3-031,HERNANDEZ VALLEY,HERNANDEZ VALLEY,26.398458,389
PTJPL,2015-08-01,1-036,1-036,HETTENSHAW VALLEY,HETTENSHAW VALLEY,37.064941,2202
PTJPL,2015-08-01,7-053,7-053,HEXIE MOUNTAIN AREA,HEXIE MOUNTAIN AREA,,0
PTJPL,2015-08-01,6-063,6-063,HIDDEN VALLEY,HIDDEN VALLEY,,0
PTJPL,2015-08-01,4-016,4-016,HIDDEN VALLEY,HIDDEN VALLEY,50.765861,3767
PTJPL,2015-08-01,5-016,5-016,HIGH VALLEY,HIGH VALLEY,46.16361,2781
PTJPL,2015-08-01,6-004,6-004,HONEY LAKE VALLEY,HONEY LAKE VALLEY,69.920136,188784
PTJPL,2015-08-01,1-029,1-029,HONEYDEW TOWN AREA,HONEYDEW TOWN AREA,99.107354,1183
PTJPL,2015-08-01,1-007,1-007,HOOPA VALLEY,HOOPA VALLEY,89.805591,787
PTJPL,2015-08-01,6-097,6-097,HORSE LAKE VALLEY,HORSE LAKE VALLEY,85.249596,4335
PTJPL,2015-08-01,5-040,5-040,HOT SPRINGS VALLEY,HOT SPRINGS VALLEY,53.872015,3266
PTJPL,2015-08-01,3-045,3-045,HUASNA VALLEY,HUASNA VALLEY,40.397802,3366
PTJPL,2015-08-01,5-060,5-060,HUMBUG VALLEY,HUMBUG VALLEY,65.128183,1178
PTJPL,2015-08-01,4-018,4-018,HUNGRY VALLEY,HUNGRY VALLEY,,0
PTJPL,2015-08-01,1-035,1-035,HYAMPOM VALLEY,HYAMPOM VALLEY,53.918651,504
PTJPL,2015-08-01,7-030,7-030,IMPERIAL VALLEY,IMPERIAL VALLEY,75.768369,1787557
PTJPL,2015-08-01,5-009,5-009,INDIAN VALLEY,INDIAN VALLEY,85.173732,44586
PTJPL,2015-08-01,6-054,6-054,INDIAN WELLS VALLEY,INDIAN WELLS VALLEY,63.818418,14616
PTJPL,2015-08-01,7-050,7-050,IRON RIDGE AREA,IRON RIDGE AREA,,0
PTJPL,2015-08-01,2-033,2-033,ISLAIS VALLEY,ISLAIS VALLEY,,0
PTJPL,2015-08-01,6-030,6-030,IVANPAH VALLEY,IVANPAH VALLEY,95.458606,918
PTJPL,2015-08-01,7-047,7-047,JACUMBA VALLEY,JACUMBA VALLEY,,0
PTJPL,2015-08-01,5-003,5-003,JESS VALLEY,JESS VALLEY,106.449163,15658
PTJPL,2015-08-01,7-018.01,7-018,JOHNSON VALLEY,JOHNSON VALLEY - SOGGY LAKE,4.166667,60
PTJPL,2015-08-01,7-018.02,7-018,JOHNSON VALLEY,JOHNSON VALLEY - UPPER JOHNSON VALLEY,,0
PTJPL,2015-08-01,5-086,5-086,JOSEPH CREEK,JOSEPH CREEK,91.656966,4673
PTJPL,2015-08-01,7-062,7-062,JOSHUA TREE,JOSHUA TREE,,0
PTJPL,2015-08-01,6-089,6-089,KANE WASH AREA,KANE WASH AREA,,0
PTJPL,2015-08-01,6-069,6-069,KELSO LANDER VALLEY,KELSO LANDER VALLEY,,0
PTJPL,2015-08-01,6-031,6-031,KELSO VALLEY,KELSO VALLEY,,0
PTJPL,2015-08-01,2-019,2-019,KENWOOD VALLEY,KENWOOD VALLEY,83.243391,5674
PTJPL,2015-08-01,5-025,5-025,KERN RIVER VALLEY,KERN RIVER VALLEY,70.31432,15077
PTJPL,2015-08-01,1-002.02,1-002,KLAMATH RIVER VALLEY,KLAMATH RIVER VALLEY - LOWER KLAMATH,87.687465,93343
PTJPL,2015-08-01,1-002.01,1-002,KLAMATH RIVER VALLEY,KLAMATH RIVER VALLEY - TULELAKE,87.509165,296556
PTJPL,2015-08-01,1-050,1-050,KNIGHTS VALLEY,KNIGHTS VALLEY,74.076482,7322
PTJPL,2015-08-01,5-007,5-007,LAKE ALMANOR VALLEY,LAKE ALMANOR VALLEY,101.391155,2623
PTJPL,2015-08-01,5-046,5-046,LAKE BRITTON AREA,LAKE BRITTON AREA,102.208617,441
PTJPL,2015-08-01,7-001,7-001,LANFAIR VALLEY,LANFAIR VALLEY,,0
PTJPL,2015-08-01,6-036.02,6-036,LANGFORD VALLEY,LANGFORD VALLEY - IRWIN,,0
PTJPL,2015-08-01,6-036.01,6-036,LANGFORD VALLEY,LANGFORD VALLEY - LANGFORD WELL LAKE,,0
PTJPL,2015-08-01,1-033,1-033,LARABEE VALLEY,LARABEE VALLEY,50.246445,211
PTJPL,2015-08-01,4-008,4-008,LAS POSAS VALLEY,LAS POSAS VALLEY,102.236431,90830
PTJPL,2015-08-01,5-057,5-057,LAST CHANCE CREEK VALLEY,LAST CHANCE CREEK VALLEY,,0
PTJPL,2015-08-01,7-014,7-014,LAVIC VALLEY,LAVIC VALLEY,,0
PTJPL,2015-08-01,1-012,1-012,LAYTONVILLE VALLEY,LAYTONVILLE VALLEY,51.13813,5017
PTJPL,2015-08-01,6-027,6-027,LEACH VALLEY,LEACH VALLEY,,0
PTJPL,2015-08-01,6-066,6-066,LEE FLAT,LEE FLAT,,0
PTJPL,2015-08-01,6-106,6-106,LITTLE ANTELOPE VALLEY,LITTLE ANTELOPE VALLEY,67.227993,1829
PTJPL,2015-08-01,5-065,5-065,LITTLE INDIAN VALLEY,LITTLE INDIAN VALLEY,32.166667,18
PTJPL,2015-08-01,1-013,1-013,LITTLE LAKE VALLEY,LITTLE LAKE VALLEY,51.472458,16230
PTJPL,2015-08-01,1-041,1-041,LITTLE VALLEY,LITTLE VALLEY,104.511142,718
PTJPL,2015-08-01,2-010,2-010,LIVERMORE VALLEY,LIVERMORE VALLEY,70.708378,31366
PTJPL,2015-08-01,2-038,2-038,LOBOS,LOBOS,107.382234,743
PTJPL,2015-08-01,3-006,3-006,LOCKWOOD VALLEY,LOCKWOOD VALLEY,37.238048,22966
PTJPL,2015-08-01,4-017,4-017,LOCKWOOD VALLEY,LOCKWOOD VALLEY,22.35,120
PTJPL,2015-08-01,6-011,6-011,LONG VALLEY,LONG VALLEY,63.794731,28621
PTJPL,2015-08-01,5-044,5-044,LONG VALLEY,LONG VALLEY,,0
PTJPL,2015-08-01,6-104,6-104,LONG VALLEY,LONG VALLEY,48.216775,6486
PTJPL,2015-08-01,5-031,5-031,LONG VALLEY,LONG VALLEY,37.659066,2719
PTJPL,2015-08-01,5-070,5-070,LOS BANOS CREEK VALLEY,LOS BANOS CREEK VALLEY,,0
PTJPL,2015-08-01,3-008.01,3-008,LOS OSOS VALLEY,LOS OSOS VALLEY - LOS OSOS AREA,100.115203,1901
PTJPL,2015-08-01,3-008.02,3-008,LOS OSOS VALLEY,LOS OSOS VALLEY - WARDEN CREEK,109.731051,4235
PTJPL,2015-08-01,7-051,7-051,LOST HORSE VALLEY,LOST HORSE VALLEY,,0
PTJPL,2015-08-01,6-071,6-071,LOST LAKE VALLEY,LOST LAKE VALLEY,,0
PTJPL,2015-08-01,6-021,6-021,LOWER KINGSTON VALLEY,LOWER KINGSTON VALLEY,,0
PTJPL,2015-08-01,1-014,1-014,LOWER KLAMATH RIVER VALLEY,LOWER KLAMATH RIVER VALLEY,111.127088,1377
PTJPL,2015-08-01,5-030,5-030,LOWER LAKE VALLEY,LOWER LAKE VALLEY,54.977953,635
PTJPL,2015-08-01,1-038,1-038,LOWER LAYTONVILLE VALLEY,LOWER LAYTONVILLE VALLEY,47.066194,423
PTJPL,2015-08-01,6-040,6-040,LOWER MOJAVE RIVER VALLEY,LOWER MOJAVE RIVER VALLEY,136.396662,17375
PTJPL,2015-08-01,1-060,1-060,LOWER RUSSIAN RIVER VALLEY,LOWER RUSSIAN RIVER VALLEY,96.940033,5453
PTJPL,2015-08-01,7-019,7-019,LUCERNE VALLEY,LUCERNE VALLEY,51.860369,9962
PTJPL,2015-08-01,1-008.02,1-008,MAD RIVER VALLEY,MAD RIVER VALLEY - DOWS PRAIRIE SCHOOL AREA,110.818197,5902
PTJPL,2015-08-01,1-008.01,1-008,MAD RIVER VALLEY,MAD RIVER VALLEY - MAD RIVER LOWLAND,111.318431,27871
PTJPL,2015-08-01,6-002,6-002,MADELINE PLAINS,MADELINE PLAINS,81.815169,97657
PTJPL,2015-08-01,3-051,3-051,MAJORS CREEK,MAJORS CREEK,77.173565,749
PTJPL,2015-08-01,4-022,4-022,MALIBU VALLEY,MALIBU VALLEY,84.15,40
PTJPL,2015-08-01,6-064,6-064,MARBLE CANYON AREA,MARBLE CANYON AREA,,0
PTJPL,2015-08-01,2-039,2-039,MARINA,MARINA,,0
PTJPL,2015-08-01,6-067,6-067,MARTIS VALLEY,MARTIS VALLEY,97.533391,3444
PTJPL,2015-08-01,7-059,7-059,MASON VALLEY,MASON VALLEY,,0
PTJPL,2015-08-01,1-028,1-028,MATTOLE RIVER VALLEY,MATTOLE RIVER VALLEY,99.300322,2797
PTJPL,2015-08-01,5-035,5-035,MCCLOUD AREA,MCCLOUD AREA,119.566845,187
PTJPL,2015-08-01,5-095,5-095,MEADOW VALLEY,MEADOW VALLEY,80.142703,925
PTJPL,2015-08-01,7-017,7-017,MEANS VALLEY,MEANS VALLEY,8.380952,42
PTJPL,2015-08-01,6-029,6-029,MESQUITE VALLEY,MESQUITE VALLEY,155.22113,9058
PTJPL,2015-08-01,6-020,6-020,MIDDLE AMARGOSA VALLEY,MIDDLE AMARGOSA VALLEY,110.376147,109
PTJPL,2015-08-01,5-094,5-094,MIDDLE CREEK,MIDDLE CREEK,80.562963,135
PTJPL,2015-08-01,5-087,5-087,MIDDLE FORK FEATHER RIVER,MIDDLE FORK FEATHER RIVER,57.126935,646
PTJPL,2015-08-01,6-041,6-041,MIDDLE MOJAVE RIVER VALLEY,MIDDLE MOJAVE RIVER VALLEY,134.131885,3268
PTJPL,2015-08-01,6-080,6-080,MIDDLE PARK CANYON,MIDDLE PARK CANYON,,0
PTJPL,2015-08-01,5-085,5-085,MIL POTRERO AREA,MIL POTRERO AREA,67.544643,112
PTJPL,2015-08-01,9-014,9-014,MISSION VALLEY,MISSION VALLEY,138.738239,829
PTJPL,2015-08-01,5-011,5-011,MOHAWK VALLEY,MOHAWK VALLEY,99.455826,6531
PTJPL,2015-08-01,6-009,6-009,MONO VALLEY,MONO VALLEY,71.246862,239
PTJPL,2015-08-01,3-049,3-049,MONTECITO,MONTECITO,84.983159,1722
PTJPL,2015-08-01,7-020,7-020,MORONGO VALLEY,MORONGO VALLEY,29.190476,21
PTJPL,2015-08-01,3-041,3-041,MORRO VALLEY,MORRO VALLEY,96.759871,1241
PTJPL,2015-08-01,5-008,5-008,MOUNTAIN MEADOWS VALLEY,MOUNTAIN MEADOWS VALLEY,51.000084,23845
PTJPL,2015-08-01,1-056,1-056,McDOWELL VALLEY,McDOWELL VALLEY,81.109486,2804
PTJPL,2015-08-01,2-002.01,2-002,NAPA-SONOMA VALLEY,NAPA-SONOMA VALLEY - NAPA VALLEY,93.670388,93416
PTJPL,2015-08-01,2-002.03,2-002,NAPA-SONOMA VALLEY,NAPA-SONOMA VALLEY - NAPA-SONOMA LOWLANDS,82.58964,23572
PTJPL,2015-08-01,2-002.02,2-002,NAPA-SONOMA VALLEY,NAPA-SONOMA VALLEY - SONOMA VALLEY,72.192759,80598
PTJPL,2015-08-01,1-046,1-046,NAVARRO RIVER VALLEY,NAVARRO RIVER VALLEY,,0
PTJPL,2015-08-01,3-052,3-052,NEEDLE ROCK POINT,NEEDLE ROCK POINT,83.198746,1595
PTJPL,2015-08-01,7-044,7-044,NEEDLES VALLEY,NEEDLES VALLEY,100.041471,16397
PTJPL,2015-08-01,5-050,5-050,NORTH FORK BATTLE CREEK,NORTH FORK BATTLE CREEK,68.065527,2808
PTJPL,2015-08-01,2-030,2-030,NOVATO VALLEY,NOVATO VALLEY,85.327076,14596
PTJPL,2015-08-01,7-025,7-025,OCOTILLO-CLARK VALLEY,OCOTILLO-CLARK VALLEY,72.405663,37509
PTJPL,2015-08-01,7-035,7-035,OGILBY VALLEY,OGILBY VALLEY,13.087876,3357
PTJPL,2015-08-01,4-002,4-002,OJAI VALLEY,OJAI VALLEY,110.358315,9327
PTJPL,2015-08-01,3-039,3-039,OLD VALLEY,OLD VALLEY,95.892683,205
PTJPL,2015-08-01,6-108,6-108,OLYMPIC VALLEY,OLYMPIC VALLEY,98.089701,301
PTJPL,2015-08-01,7-031,7-031,OROCOPIA VALLEY,OROCOPIA VALLEY,4.142857,161
PTJPL,2015-08-01,6-012.02,6-012,OWENS VALLEY,OWENS VALLEY - FISH SLOUGH,,0
PTJPL,2015-08-01,6-012.01,6-012,OWENS VALLEY,OWENS VALLEY - OWENS VALLEY,96.3267,93070
PTJPL,2015-08-01,6-088,6-088,OWL LAKE VALLEY,OWL LAKE VALLEY,,0
PTJPL,2015-08-01,6-028,6-028,PAHRUMP VALLEY,PAHRUMP VALLEY,,0
PTJPL,2015-08-01,6-099,6-099,PAINTERS FLAT,PAINTERS FLAT,40.527802,1133
PTJPL,2015-08-01,7-039,7-039,PALO VERDE MESA,PALO VERDE MESA,90.429923,161308
PTJPL,2015-08-01,7-038,7-038,PALO VERDE VALLEY,PALO VERDE VALLEY,105.671626,224174
PTJPL,2015-08-01,9-024,9-024,PAMO VALLEY,PAMO VALLEY,,0
PTJPL,2015-08-01,6-058,6-058,PANAMINT VALLEY,PANAMINT VALLEY,,0
PTJPL,2015-08-01,5-023,5-023,PANOCHE VALLEY,PANOCHE VALLEY,22.134791,1966
PTJPL,2015-08-01,3-032,3-032,PEACH TREE VALLEY,PEACH TREE VALLEY,15.951893,1268
PTJPL,2015-08-01,1-030,1-030,PEPPERWOOD TOWN AREA,PEPPERWOOD TOWN AREA,86.410446,3523
PTJPL,2015-08-01,2-026,2-026,PESCADERO VALLEY,PESCADERO VALLEY,64.958091,2577
PTJPL,2015-08-01,2-001,2-001,PETALUMA VALLEY,PETALUMA VALLEY,77.006144,46221
PTJPL,2015-08-01,6-051,6-051,PILOT KNOB VALLEY,PILOT KNOB VALLEY,,0
PTJPL,2015-08-01,6-092,6-092,PINE CREEK VALLEY,PINE CREEK VALLEY,54.046875,64
PTJPL,2015-08-01,7-006,7-006,PINTO VALLEY,PINTO VALLEY,,0
PTJPL,2015-08-01,7-049,7-049,PIPES CANYON FAULT VALLEY,PIPES CANYON FAULT VALLEY,,0
PTJPL,2015-08-01,2-004,2-004,PITTSBURG PLAIN,PITTSBURG PLAIN,,0
PTJPL,2015-08-01,7-045,7-045,PIUTE VALLEY,PIUTE VALLEY,,0
PTJPL,2015-08-01,7-052,7-052,PLEASANT VALLEY,PLEASANT VALLEY,,0
PTJPL,2015-08-01,4-006,4-006,PLEASANT VALLEY,PLEASANT VALLEY,64.081034,33196
PTJPL,2015-08-01,5-038,5-038,PONDOSA TOWN AREA,PONDOSA TOWN AREA,,0
PTJPL,2015-08-01,5-068,5-068,POPE VALLEY,POPE VALLEY,76.869974,12659
PTJPL,2015-08-01,9-029,9-029,POTRERO VALLEY,POTRERO VALLEY,42.692722,371
PTJPL,2015-08-01,1-051,1-051,POTTER VALLEY,POTTER VALLEY,104.823003,20554
PTJPL,2015-08-01,9-013,9-013,POWAY VALLEY,POWAY VALLEY,,0
PTJPL,2015-08-01,3-044,3-044,POZO VALLEY,POZO VALLEY,31.970881,2713
PTJPL,2015-08-01,1-025,1-025,PRAIRIE CREEK AREA,PRAIRIE CREEK AREA,,0
PTJPL,2015-08-01,7-040,7-040,QUIEN SABE POINT VALLEY,QUIEN SABE POINT VALLEY,122.573446,708
PTJPL,2015-08-01,3-024,3-024,QUIEN SABE VALLEY,QUIEN SABE VALLEY,24.713146,11403
PTJPL,2015-08-01,6-062,6-062,RACE TRACK VALLEY,RACE TRACK VALLEY,,0
PTJPL,2015-08-01,3-046,3-046,RAFAEL VALLEY,RAFAEL VALLEY,27.0,1
PTJPL,2015-08-01,9-025,9-025,RANCHITA TOWN AREA,RANCHITA TOWN AREA,23.477273,44
PTJPL,2015-08-01,4-023,4-023,RAYMOND,RAYMOND,104.265579,1717
PTJPL,2015-08-01,6-024,6-024,RED PASS VALLEY,RED PASS VALLEY,,0
PTJPL,2015-08-01,1-018,1-018,RED ROCK VALLEY,RED ROCK VALLEY,100.978571,22680
PTJPL,2015-08-01,5-006.03,5-006,REDDING AREA,REDDING AREA - ANDERSON,107.48397,42951
PTJPL,2015-08-01,5-006.01,5-006,REDDING AREA,REDDING AREA - BOWMAN,117.382348,18219
PTJPL,2015-08-01,5-006.04,5-006,REDDING AREA,REDDING AREA - ENTERPRISE,67.003426,22476
PTJPL,2015-08-01,5-006.05,5-006,REDDING AREA,REDDING AREA - MILLVILLE,80.32702,9082
PTJPL,2015-08-01,5-006.06,5-006,REDDING AREA,REDDING AREA - SOUTH BATTLE CREEK,123.463668,7982
PTJPL,2015-08-01,1-026,1-026,REDWOOD CREEK AREA,REDWOOD CREEK AREA,104.501475,2712
PTJPL,2015-08-01,6-086,6-086,RHODES HILL AREA,RHODES HILL AREA,,0
PTJPL,2015-08-01,7-004,7-004,RICE VALLEY,RICE VALLEY,115.725363,619
PTJPL,2015-08-01,6-023,6-023,RIGGS VALLEY,RIGGS VALLEY,,0
PTJPL,2015-08-01,3-043,3-043,RINCONADA VALLEY,RINCONADA VALLEY,53.788098,2907
PTJPL,2015-08-01,5-043,5-043,ROCK PRAIRIE VALLEY,ROCK PRAIRIE VALLEY,,0
PTJPL,2015-08-01,6-056,6-056,ROSE VALLEY,ROSE VALLEY,,0
PTJPL,2015-08-01,2-028,2-028,ROSS VALLEY,ROSS VALLEY,,0
PTJPL,2015-08-01,5-036,5-036,ROUND VALLEY,ROUND VALLEY,81.849846,14312
PTJPL,2015-08-01,4-020,4-020,RUSSELL VALLEY,RUSSELL VALLEY,104.80916,131
PTJPL,2015-08-01,5-021.54,5-021,SACRAMENTO VALLEY,SACRAMENTO VALLEY - ANTELOPE,160.592693,37689
PTJPL,2015-08-01,5-021.53,5-021,SACRAMENTO VALLEY,SACRAMENTO VALLEY - BEND,88.190385,2621
PTJPL,2015-08-01,5-021.70,5-021,SACRAMENTO VALLEY,SACRAMENTO VALLEY - BUTTE,126.439698,817606
PTJPL,2015-08-01,5-021.52,5-021,SACRAMENTO VALLEY,SACRAMENTO VALLEY - COLUSA,116.250826,2198924
PTJPL,2015-08-01,5-021.51,5-021,SACRAMENTO VALLEY,SACRAMENTO VALLEY - CORNING,100.980922,348885
PTJPL,2015-08-01,5-021.56,5-021,SACRAMENTO VALLEY,SACRAMENTO VALLEY - LOS MOLINOS,137.835817,77700
PTJPL,2015-08-01,5-021.64,5-021,SACRAMENTO VALLEY,SACRAMENTO VALLEY - NORTH AMERICAN,106.327565,553454
PTJPL,2015-08-01,5-021.60,5-021,SACRAMENTO VALLEY,SACRAMENTO VALLEY - NORTH YUBA,137.961457,171444
PTJPL,2015-08-01,5-021.50,5-021,SACRAMENTO VALLEY,SACRAMENTO VALLEY - RED BLUFF,98.658551,175098
PTJPL,2015-08-01,5-021.66,5-021,SACRAMENTO VALLEY,SACRAMENTO VALLEY - SOLANO,109.194489,931583
PTJPL,2015-08-01,5-021.65,5-021,SACRAMENTO VALLEY,SACRAMENTO VALLEY - SOUTH AMERICAN,108.62099,248983
PTJPL,2015-08-01,5-021.61,5-021,SACRAMENTO VALLEY,SACRAMENTO VALLEY - SOUTH YUBA,122.575288,215148
PTJPL,2015-08-01,5-021.62,5-021,SACRAMENTO VALLEY,SACRAMENTO VALLEY - SUTTER,105.127931,862677
PTJPL,2015-08-01,5-021.57,5-021,SACRAMENTO VALLEY,SACRAMENTO VALLEY - VINA,130.402443,355464
PTJPL,2015-08-01,5-021.69,5-021,SACRAMENTO VALLEY,SACRAMENTO VALLEY - WYANDOTTE CREEK,89.112867,72218
PTJPL,2015-08-01,5-021.67,5-021,SACRAMENTO VALLEY,SACRAMENTO VALLEY - YOLO,86.601732,1423435
PTJPL,2015-08-01,3-004.01,3-004,SALINAS VALLEY,SALINAS VALLEY - 180/400 FOOT AQUIFER,82.233809,244978
PTJPL,2015-08-01,3-004.11,3-004,SALINAS VALLEY,SALINAS VALLEY - ATASCADERO AREA,53.696436,25586
PTJPL,2015-08-01,3-004.02,3-004,SALINAS VALLEY,SALINAS VALLEY - EAST SIDE AQUIFER,77.446893,155489
PTJPL,2015-08-01,3-004.04,3-004,SALINAS VALLEY,SALINAS VALLEY - FOREBAY AQUIFER,86.326619,261975
PTJPL,2015-08-01,3-004.09,3-004,SALINAS VALLEY,SALINAS VALLEY - LANGLEY AREA,62.551453,8396
PTJPL,2015-08-01,3-004.10,3-004,SALINAS VALLEY,SALINAS VALLEY - MONTEREY,93.421695,3033
PTJPL,2015-08-01,3-004.06,3-004,SALINAS VALLEY,SALINAS VALLEY - PASO ROBLES AREA,60.565776,339924
PTJPL,2015-08-01,3-004.08,3-004,SALINAS VALLEY,SALINAS VALLEY - SEASIDE,112.759586,1643
PTJPL,2015-08-01,3-004.05,3-004,SALINAS VALLEY,SALINAS VALLEY - UPPER VALLEY AQUIFER,76.336065,280181
PTJPL,2015-08-01,6-017,6-017,SALINE VALLEY,SALINE VALLEY,,0
PTJPL,2015-08-01,6-053,6-053,SALT WELLS VALLEY,SALT WELLS VALLEY,,0
PTJPL,2015-08-01,3-014,3-014,SAN ANTONIO CREEK VALLEY,SAN ANTONIO CREEK VALLEY,90.303611,63229
PTJPL,2015-08-01,3-028,3-028,SAN BENITO RIVER VALLEY,SAN BENITO RIVER VALLEY,45.483879,4187
PTJPL,2015-08-01,3-033,3-033,SAN CARPOFORO VALLEY,SAN CARPOFORO VALLEY,,0
PTJPL,2015-08-01,9-015,9-015,SAN DIEGO RIVER VALLEY,SAN DIEGO RIVER VALLEY,103.734855,1139
PTJPL,2015-08-01,9-012,9-012,SAN DIEGUITO CREEK,SAN DIEGUITO CREEK,135.073913,1610
PTJPL,2015-08-01,9-023,9-023,SAN ELIJO VALLEY,SAN ELIJO VALLEY,112.72,25
PTJPL,2015-08-01,7-027,7-027,SAN FELIPE VALLEY,SAN FELIPE VALLEY,30.486486,74
PTJPL,2015-08-01,4-012,4-012,SAN FERNANDO VALLEY,SAN FERNANDO VALLEY,110.840707,8431
PTJPL,2015-08-01,4-013,4-013,SAN GABRIEL VALLEY,SAN GABRIEL VALLEY,103.482985,9139
PTJPL,2015-08-01,2-024,2-024,SAN GREGORIO VALLEY,SAN GREGORIO VALLEY,72.235398,1130
PTJPL,2015-08-01,8-005,8-005,SAN JACINTO,SAN JACINTO,58.687663,135450
PTJPL,2015-08-01,5-022.05,5-022,SAN JOAQUIN VALLEY,SAN JOAQUIN VALLEY - CHOWCHILLA,112.456238,545902
PTJPL,2015-08-01,5-022.16,5-022,SAN JOAQUIN VALLEY,SAN JOAQUIN VALLEY - COSUMNES,99.213557,250879
PTJPL,2015-08-01,5-022.07,5-022,SAN JOAQUIN VALLEY,SAN JOAQUIN VALLEY - DELTA-MENDOTA,112.418502,2031921
PTJPL,2015-08-01,5-022.19,5-022,SAN JOAQUIN VALLEY,SAN JOAQUIN VALLEY - EAST CONTRA COSTA,109.825671,180148
PTJPL,2015-08-01,5-022.01,5-022,SAN JOAQUIN VALLEY,SAN JOAQUIN VALLEY - EASTERN SAN JOAQUIN,120.624657,1846604
PTJPL,2015-08-01,5-022.11,5-022,SAN JOAQUIN VALLEY,SAN JOAQUIN VALLEY - KAWEAH,106.39297,1384373
PTJPL,2015-08-01,5-022.14,5-022,SAN JOAQUIN VALLEY,SAN JOAQUIN VALLEY - KERN COUNTY,100.025382,3709451
PTJPL,2015-08-01,5-022.17,5-022,SAN JOAQUIN VALLEY,SAN JOAQUIN VALLEY - KETTLEMAN PLAIN,18.243306,135911
PTJPL,2015-08-01,5-022.08,5-022,SAN JOAQUIN VALLEY,SAN JOAQUIN VALLEY - KINGS,104.916736,2980360
PTJPL,2015-08-01,5-022.06,5-022,SAN JOAQUIN VALLEY,SAN JOAQUIN VALLEY - MADERA,105.579889,953242
PTJPL,2015-08-01,5-022.04,5-022,SAN JOAQUIN VALLEY,SAN JOAQUIN VALLEY - MERCED,106.487231,1185008
PTJPL,2015-08-01,5-022.02,5-022,SAN JOAQUIN VALLEY,SAN JOAQUIN VALLEY - MODESTO,127.818532,583344
PTJPL,2015-08-01,5-022.10,5-022,SAN JOAQUIN VALLEY,SAN JOAQUIN VALLEY - PLEASANT VALLEY,42.736474,120709
PTJPL,2015-08-01,5-022.15,5-022,SAN JOAQUIN VALLEY,SAN JOAQUIN VALLEY - TRACY,121.395483,626628
PTJPL,2015-08-01,5-022.12,5-022,SAN JOAQUIN VALLEY,SAN JOAQUIN VALLEY - TULARE LAKE,76.277054,1573381
PTJPL,2015-08-01,5-022.13,5-022,SAN JOAQUIN VALLEY,SAN JOAQUIN VALLEY - TULE,90.866363,1579994
PTJPL,2015-08-01,5-022.03,5-022,SAN JOAQUIN VALLEY,SAN JOAQUIN VALLEY - TURLOCK,136.25919,1022516
PTJPL,2015-08-01,5-022.09,5-022,SAN JOAQUIN VALLEY,SAN JOAQUIN VALLEY - WESTSIDE,66.474979,2400602
PTJPL,2015-08-01,5-022.18,5-022,SAN JOAQUIN VALLEY,SAN JOAQUIN VALLEY - WHITE WOLF,93.350352,162939
PTJPL,2015-08-01,9-001,9-001,SAN JUAN VALLEY,SAN JUAN VALLEY,117.870599,2272
PTJPL,2015-08-01,3-009,3-009,SAN LUIS OBISPO VALLEY,SAN LUIS OBISPO VALLEY,90.521009,16683
PTJPL,2015-08-01,9-007.02,9-007,SAN LUIS REY VALLEY,SAN LUIS REY VALLEY - LOWER SAN LUIS REY VALLEY,114.023517,2764
PTJPL,2015-08-01,9-007.01,9-007,SAN LUIS REY VALLEY,SAN LUIS REY VALLEY - UPPER SAN LUIS REY VALLEY,117.978396,25597
PTJPL,2015-08-01,9-032,9-032,SAN MARCOS AREA,SAN MARCOS AREA,128.703704,27
PTJPL,2015-08-01,9-002,9-002,SAN MATEO VALLEY,SAN MATEO VALLEY,127.222222,9
PTJPL,2015-08-01,9-003,9-003,SAN ONOFRE VALLEY,SAN ONOFRE VALLEY,,0
PTJPL,2015-08-01,9-010,9-010,SAN PASQUAL VALLEY,SAN PASQUAL VALLEY,91.938484,7689
PTJPL,2015-08-01,2-036,2-036,SAN PEDRO VALLEY,SAN PEDRO VALLEY,86.291667,24
PTJPL,2015-08-01,2-029,2-029,SAN RAFAEL VALLEY,SAN RAFAEL VALLEY,,0
PTJPL,2015-08-01,2-007,2-007,SAN RAMON VALLEY,SAN RAMON VALLEY,108.333333,378
PTJPL,2015-08-01,3-035,3-035,SAN SIMEON VALLEY,SAN SIMEON VALLEY,101.467593,216
PTJPL,2015-08-01,2-027,2-027,SAND POINT AREA,SAND POINT AREA,78.496791,20564
PTJPL,2015-08-01,1-053,1-053,SANEL VALLEY,SANEL VALLEY,92.212242,11812
PTJPL,2015-08-01,3-022,3-022,SANTA ANA VALLEY,SANTA ANA VALLEY,32.606175,7158
PTJPL,2015-08-01,3-017,3-017,SANTA BARBARA,SANTA BARBARA,83.268012,694
PTJPL,2015-08-01,4-004.05,4-004,SANTA CLARA RIVER VALLEY,SANTA CLARA RIVER VALLEY - FILLMORE,115.846691,50121
PTJPL,2015-08-01,4-004.03,4-004,SANTA CLARA RIVER VALLEY,SANTA CLARA RIVER VALLEY - MOUND,61.64312,9499
PTJPL,2015-08-01,4-004.02,4-004,SANTA CLARA RIVER VALLEY,SANTA CLARA RIVER VALLEY - OXNARD,50.715092,106694
PTJPL,2015-08-01,4-004.06,4-004,SANTA CLARA RIVER VALLEY,SANTA CLARA RIVER VALLEY - PIRU,98.837819,23073
PTJPL,2015-08-01,4-004.07,4-004,SANTA CLARA RIVER VALLEY,SANTA CLARA RIVER VALLEY - SANTA CLARA RIVER VALLEY EAST,87.942853,6807
PTJPL,2015-08-01,4-004.04,4-004,SANTA CLARA RIVER VALLEY,SANTA CLARA RIVER VALLEY - SANTA PAULA,101.209707,40609
PTJPL,2015-08-01,2-009.04,2-009,SANTA CLARA VALLEY,SANTA CLARA VALLEY - EAST BAY PLAIN,103.738709,2989
PTJPL,2015-08-01,2-009.01,2-009,SANTA CLARA VALLEY,SANTA CLARA VALLEY - NILES CONE,68.095477,1791
PTJPL,2015-08-01,2-009.03,2-009,SANTA CLARA VALLEY,SANTA CLARA VALLEY - SAN MATEO PLAIN,104.329161,1358
PTJPL,2015-08-01,2-009.02,2-009,SANTA CLARA VALLEY,SANTA CLARA VALLEY - SANTA CLARA,74.03893,25790
PTJPL,2015-08-01,3-001,3-001,SANTA CRUZ MID-COUNTY,SANTA CRUZ MID-COUNTY,72.623429,3978
PTJPL,2015-08-01,3-027,3-027,SANTA MARGARITA,SANTA MARGARITA,58.040268,298
PTJPL,2015-08-01,9-004,9-004,SANTA MARGARITA VALLEY,SANTA MARGARITA VALLEY,,0
PTJPL,2015-08-01,3-012.02,3-012,SANTA MARIA RIVER VALLEY,SANTA MARIA RIVER VALLEY - ARROYO GRANDE,78.237047,6176
PTJPL,2015-08-01,3-012.01,3-012,SANTA MARIA RIVER VALLEY,SANTA MARIA RIVER VALLEY - SANTA MARIA,86.122701,262126
PTJPL,2015-08-01,9-011,9-011,SANTA MARIA VALLEY,SANTA MARIA VALLEY,68.717884,3176
PTJPL,2015-08-01,6-068,6-068,SANTA ROSA FLAT,SANTA ROSA FLAT,,0
PTJPL,2015-08-01,3-036,3-036,SANTA ROSA VALLEY,SANTA ROSA VALLEY,85.213557,2744
PTJPL,2015-08-01,1-055.02,1-055,SANTA ROSA VALLEY,SANTA ROSA VALLEY - HEALDSBURG AREA,90.106621,31401
PTJPL,2015-08-01,1-055.03,1-055,SANTA ROSA VALLEY,SANTA ROSA VALLEY - RINCON VALLEY,64.452668,581
PTJPL,2015-08-01,1-055.01,1-055,SANTA ROSA VALLEY,SANTA ROSA VALLEY - SANTA ROSA PLAIN,84.717266,81016
PTJPL,2015-08-01,3-015,3-015,SANTA YNEZ RIVER VALLEY,SANTA YNEZ RIVER VALLEY,78.992553,118162
PTJPL,2015-08-01,1-005,1-005,SCOTT RIVER VALLEY,SCOTT RIVER VALLEY,93.080777,147258
PTJPL,2015-08-01,5-014,5-014,SCOTTS VALLEY,SCOTTS VALLEY,98.789437,7271
PTJPL,2015-08-01,6-052,6-052,SEARLES VALLEY,SEARLES VALLEY,,0
PTJPL,2015-08-01,6-100,6-100,SECRET VALLEY,SECRET VALLEY,59.151951,12379
PTJPL,2015-08-01,1-016,1-016,SEIAD VALLEY,SEIAD VALLEY,78.416856,439
PTJPL,2015-08-01,8-008,8-008,SEVEN OAKS VALLEY,SEVEN OAKS VALLEY,,0
PTJPL,2015-08-01,1-004,1-004,SHASTA VALLEY,SHASTA VALLEY,89.508759,257678
PTJPL,2015-08-01,1-042,1-042,SHERWOOD VALLEY,SHERWOOD VALLEY,,0
PTJPL,2015-08-01,5-012.02,5-012,SIERRA VALLEY,SIERRA VALLEY - CHILCOOT,78.475749,5505
PTJPL,2015-08-01,5-012.01,5-012,SIERRA VALLEY,SIERRA VALLEY - SIERRA VALLEY,59.957609,213275
PTJPL,2015-08-01,6-034,6-034,SILVER LAKE VALLEY,SILVER LAKE VALLEY,,0
PTJPL,2015-08-01,4-009,4-009,SIMI VALLEY,SIMI VALLEY,109.598304,1297
PTJPL,2015-08-01,6-105,6-105,SLINKARD VALLEY,SLINKARD VALLEY,,0
PTJPL,2015-08-01,1-001,1-001,SMITH RIVER PLAIN,SMITH RIVER PLAIN,115.183506,36364
PTJPL,2015-08-01,6-033,6-033,SODA LAKE VALLEY,SODA LAKE VALLEY,,0
PTJPL,2015-08-01,2-037,2-037,SOUTH SAN FRANCISCO,SOUTH SAN FRANCISCO,,0
PTJPL,2015-08-01,6-082,6-082,SPRING CANYON VALLEY,SPRING CANYON VALLEY,,0
PTJPL,2015-08-01,5-089,5-089,SQUAW FLAT,SQUAW FLAT,,0
PTJPL,2015-08-01,5-088,5-088,STONY GORGE RESERVOIR,STONY GORGE RESERVOIR,81.258299,964
PTJPL,2015-08-01,5-063,5-063,STONYFORD TOWN AREA,STONYFORD TOWN AREA,60.428053,3857
PTJPL,2015-08-01,2-003,2-003,SUISUN-FAIRFIELD VALLEY,SUISUN-FAIRFIELD VALLEY,61.550192,91868
PTJPL,2015-08-01,2-011,2-011,SUNOL VALLEY,SUNOL VALLEY,62.692029,1656
PTJPL,2015-08-01,6-049,6-049,SUPERIOR VALLEY,SUPERIOR VALLEY,,0
PTJPL,2015-08-01,6-001,6-001,SURPRISE VALLEY,SURPRISE VALLEY,76.676655,234180
PTJPL,2015-08-01,6-107,6-107,SWEETWATER FLAT,SWEETWATER FLAT,80.361111,324
PTJPL,2015-08-01,6-005.03,6-005,TAHOE VALLEY,TAHOE VALLEY - TAHOE NORTH,107.766667,210
PTJPL,2015-08-01,6-005.01,6-005,TAHOE VALLEY,TAHOE VALLEY - TAHOE SOUTH,98.703311,755
PTJPL,2015-08-01,6-005.02,6-005,TAHOE VALLEY,TAHOE VALLEY - TAHOE WEST,85.479532,171
PTJPL,2015-08-01,6-045,6-045,TEHACHAPI VALLEY EAST,TEHACHAPI VALLEY EAST,62.047689,3397
PTJPL,2015-08-01,5-028,5-028,TEHACHAPI VALLEY WEST,TEHACHAPI VALLEY WEST,49.648458,4540
PTJPL,2015-08-01,9-005,9-005,TEMECULA VALLEY,TEMECULA VALLEY,81.221865,20517
PTJPL,2015-08-01,1-040,1-040,TEN MILE RIVER VALLEY,TEN MILE RIVER VALLEY,78.320574,209
PTJPL,2015-08-01,7-026,7-026,TERWILLIGER VALLEY,TERWILLIGER VALLEY,43.08284,169
PTJPL,2015-08-01,4-019,4-019,THOUSAND OAKS AREA,THOUSAND OAKS AREA,113.490909,385
PTJPL,2015-08-01,4-015,4-015,TIERRA REJADA,TIERRA REJADA,83.671554,4092
PTJPL,2015-08-01,5-037,5-037,TOAD WELL AREA,TOAD WELL AREA,,0
PTJPL,2015-08-01,3-040,3-040,TORO VALLEY,TORO VALLEY,88.878378,370
PTJPL,2015-08-01,6-098,6-098,TULEDAD CANYON VALLEY,TULEDAD CANYON VALLEY,46.545161,310
PTJPL,2015-08-01,7-010,7-010,TWENTYNINE PALMS VALLEY,TWENTYNINE PALMS VALLEY,72.123159,747
PTJPL,2015-08-01,1-052,1-052,UKIAH VALLEY,UKIAH VALLEY,97.526106,43476
PTJPL,2015-08-01,6-022,6-022,UPPER KINGSTON VALLEY,UPPER KINGSTON VALLEY,,0
PTJPL,2015-08-01,5-013,5-013,UPPER LAKE VALLEY,UPPER LAKE VALLEY,88.550794,12413
PTJPL,2015-08-01,6-042,6-042,UPPER MOJAVE RIVER VALLEY,UPPER MOJAVE RIVER VALLEY,63.141227,6748
PTJPL,2015-08-01,4-001,4-001,UPPER OJAI VALLEY,UPPER OJAI VALLEY,49.990589,3294
PTJPL,2015-08-01,3-023,3-023,UPPER SANTA ANA VALLEY,UPPER SANTA ANA VALLEY,45.142857,7
PTJPL,2015-08-01,8-002.05,8-002,UPPER SANTA ANA VALLEY,UPPER SANTA ANA VALLEY - CAJON,52.464706,170
PTJPL,2015-08-01,8-002.01,8-002,UPPER SANTA ANA VALLEY,UPPER SANTA ANA VALLEY - CHINO,82.553804,29440
PTJPL,2015-08-01,8-002.02,8-002,UPPER SANTA ANA VALLEY,UPPER SANTA ANA VALLEY - CUCAMONGA,107.252239,670
PTJPL,2015-08-01,8-002.04,8-002,UPPER SANTA ANA VALLEY,UPPER SANTA ANA VALLEY - RIALTO-COLTON,75.646449,1253
PTJPL,2015-08-01,8-002.03,8-002,UPPER SANTA ANA VALLEY,UPPER SANTA ANA VALLEY - RIVERSIDE-ARLINGTON,100.969927,13966
PTJPL,2015-08-01,8-002.06,8-002,UPPER SANTA ANA VALLEY,UPPER SANTA ANA VALLEY - SAN BERNARDINO,101.968433,15554
PTJPL,2015-08-01,8-002.08,8-002,UPPER SANTA ANA VALLEY,UPPER SANTA ANA VALLEY - SAN TIMOTEO,90.471823,4667
PTJPL,2015-08-01,8-002.09,8-002,UPPER SANTA ANA VALLEY,UPPER SANTA ANA VALLEY - TEMESCAL,103.040237,845
PTJPL,2015-08-01,8-002.07,8-002,UPPER SANTA ANA VALLEY,UPPER SANTA ANA VALLEY - YUCAIPA,86.725332,2858
PTJPL,2015-08-01,7-028,7-028,VALLECITO-CARRIZO VALLEY,VALLECITO-CARRIZO VALLEY,,0
PTJPL,2015-08-01,5-071,5-071,VALLECITOS CREEK VALLEY,VALLECITOS CREEK VALLEY,,0
PTJPL,2015-08-01,7-063,7-063,VANDEVENTER FLAT,VANDEVENTER FLAT,,0
PTJPL,2015-08-01,4-003.02,4-003,VENTURA RIVER VALLEY,VENTURA RIVER VALLEY - LOWER VENTURA RIVER,85.846979,1771
PTJPL,2015-08-01,4-003.01,4-003,VENTURA RIVER VALLEY,VENTURA RIVER VALLEY - UPPER VENTURA RIVER,85.675652,2300
PTJPL,2015-08-01,7-042,7-042,VIDAL VALLEY,VIDAL VALLEY,,0
PTJPL,2015-08-01,3-037,3-037,VILLA VALLEY,VILLA VALLEY,85.258782,854
PTJPL,2015-08-01,2-032,2-032,VISITACION VALLEY,VISITACION VALLEY,113.235955,178
PTJPL,2015-08-01,5-026,5-026,WALKER BASIN CREEK VALLEY,WALKER BASIN CREEK VALLEY,41.121184,6387
PTJPL,2015-08-01,7-003,7-003,WARD VALLEY,WARD VALLEY,,0
PTJPL,2015-08-01,9-008,9-008,WARNER VALLEY,WARNER VALLEY,80.527697,343
PTJPL,2015-08-01,7-012,7-012,WARREN VALLEY,WARREN VALLEY,95.182609,345
PTJPL,2015-08-01,1-031,1-031,WEOTT TOWN AREA,WEOTT TOWN AREA,89.086042,523
PTJPL,2015-08-01,7-022,7-022,WEST SALTON SEA,WEST SALTON SEA,,0
PTJPL,2015-08-01,3-026,3-026,WEST SANTA CRUZ TERRACE,WEST SANTA CRUZ TERRACE,81.378361,1599
PTJPL,2015-08-01,2-035,2-035,WESTSIDE,WESTSIDE,98.874737,3808
PTJPL,2015-08-01,6-073,6-073,WILD HORSE MESA AREA,WILD HORSE MESA AREA,,0
PTJPL,2015-08-01,6-075,6-075,WILDROSE CANYON,WILDROSE CANYON,,0
PTJPL,2015-08-01,1-043,1-043,WILLIAMS VALLEY,WILLIAMS VALLEY,54.103093,485
PTJPL,2015-08-01,6-003,6-003,WILLOW CREEK VALLEY,WILLOW CREEK VALLEY,109.214526,26463
PTJPL,2015-08-01,1-059,1-059,WILSON GROVE FORMATION HIGHLANDS,WILSON GROVE FORMATION HIGHLANDS,84.462668,70610
PTJPL,2015-08-01,1-062,1-062,WILSON POINT AREA,WILSON POINT AREA,74.555556,9
PTJPL,2015-08-01,6-019,6-019,WINGATE VALLEY,WINGATE VALLEY,,0
PTJPL,2015-08-01,7-056,7-056,YAQUI WELL AREA,YAQUI WELL AREA,,0
PTJPL,2015-08-01,5-056,5-056,YELLOW CREEK VALLEY,YELLOW CREEK VALLEY,77.11295,5861
PTJPL,2015-08-01,2-006,2-006,YGNACIO VALLEY,YGNACIO VALLEY,117.97284,405
PTJPL,2015-08-01,5-069,5-069,YOSEMITE VALLEY,YOSEMITE VALLEY,,0
PTJPL,2015-08-01,7-036,7-036,YUMA VALLEY,YUMA VALLEY,34.768473,66610
