Model,Date,Basin_Subb,Basin_Numb,Basin_Name,Basin_Su_1,ET,Pixel_Count
PTJPL,2012-08-01,4-005,4-005,ACTON VALLEY,ACTON VALLEY,43.004491,668
PTJPL,2012-08-01,6-010,6-010,ADOBE LAKE VALLEY,ADOBE LAKE VALLEY,,0
PTJPL,2012-08-01,1-054.01,1-054,ALEXANDER VALLEY,ALEXANDER VALLEY - ALEXANDER AREA,67.375865,39743
PTJPL,2012-08-01,1-054.02,1-054,ALEXANDER VALLEY,ALEXANDER VALLEY - CLOVERDALE AREA,68.937592,9502
PTJPL,2012-08-01,5-002.01,5-002,ALTURAS AREA,ALTURAS AREA - SOUTH FORK PITT RIVER,81.948427,159794
PTJPL,2012-08-01,5-002.02,5-002,ALTURAS AREA,ALTURAS AREA - WARM SPRINGS VALLEY,73.922634,74425
PTJPL,2012-08-01,5-010,5-010,AMERICAN VALLEY,AMERICAN VALLEY,83.688693,9746
PTJPL,2012-08-01,7-016,7-016,AMES VALLEY,AMES VALLEY,,0
PTJPL,2012-08-01,7-034,7-034,AMOS VALLEY,AMOS VALLEY,,0
PTJPL,2012-08-01,1-019,1-019,ANDERSON VALLEY,ANDERSON VALLEY,61.742895,5982
PTJPL,2012-08-01,1-049,1-049,ANNAPOLIS OHLSON RANCH FORMATION HIGHLANDS,ANNAPOLIS OHLSON RANCH FORMATION HIGHLANDS,73.654484,2353
PTJPL,2012-08-01,5-091,5-091,ANTELOPE CREEK,ANTELOPE CREEK,23.657321,1605
PTJPL,2012-08-01,6-044,6-044,ANTELOPE VALLEY,ANTELOPE VALLEY,59.603232,137884
PTJPL,2012-08-01,6-007,6-007,ANTELOPE VALLEY,ANTELOPE VALLEY,94.415661,48489
PTJPL,2012-08-01,3-034,3-034,ARROYO DE LA CRUZ VALLEY,ARROYO DE LA CRUZ VALLEY,105.288079,302
PTJPL,2012-08-01,2-031,2-031,ARROYO DEL HAMBRE VALLEY,ARROYO DEL HAMBRE VALLEY,,0
PTJPL,2012-08-01,4-007,4-007,ARROYO SANTA ROSA VALLEY,ARROYO SANTA ROSA VALLEY,93.873571,7870
PTJPL,2012-08-01,7-037,7-037,ARROYO SECO VALLEY,ARROYO SECO VALLEY,,0
PTJPL,2012-08-01,5-054,5-054,ASH VALLEY,ASH VALLEY,67.754089,12106
PTJPL,2012-08-01,6-026,6-026,AVAWATZ VALLEY,AVAWATZ VALLEY,,0
PTJPL,2012-08-01,3-020,3-020,A�O NUEVO AREA,A�O NUEVO AREA,62.259775,1867
PTJPL,2012-08-01,9-022,9-022,BATIQUITOS LAGOON VALLEY,BATIQUITOS LAGOON VALLEY,147.677419,620
PTJPL,2012-08-01,8-009,8-009,BEAR VALLEY,BEAR VALLEY,105.493151,219
PTJPL,2012-08-01,5-064,5-064,BEAR VALLEY,BEAR VALLEY,62.607843,510
PTJPL,2012-08-01,5-020,5-020,BERRYESSA VALLEY,BERRYESSA VALLEY,,0
PTJPL,2012-08-01,7-015,7-015,BESSEMER VALLEY,BESSEMER VALLEY,,0
PTJPL,2012-08-01,6-025,6-025,BICYCLE VALLEY,BICYCLE VALLEY,,0
PTJPL,2012-08-01,1-027,1-027,BIG LAGOON AREA,BIG LAGOON AREA,,0
PTJPL,2012-08-01,8-007,8-007,BIG MEADOWS VALLEY,BIG MEADOWS VALLEY,,0
PTJPL,2012-08-01,1-045,1-045,BIG RIVER VALLEY,BIG RIVER VALLEY,,0
PTJPL,2012-08-01,3-047,3-047,BIG SPRING AREA,BIG SPRING AREA,13.926999,863
PTJPL,2012-08-01,5-015,5-015,BIG VALLEY,BIG VALLEY,78.392422,41040
PTJPL,2012-08-01,5-004,5-004,BIG VALLEY,BIG VALLEY,69.112121,163109
PTJPL,2012-08-01,3-030,3-030,BITTER WATER VALLEY,BITTER WATER VALLEY,36.788826,7231
PTJPL,2012-08-01,6-013,6-013,BLACK SPRINGS VALLEY,BLACK SPRINGS VALLEY,,0
PTJPL,2012-08-01,5-092,5-092,BLANCHARD VALLEY,BLANCHARD VALLEY,18.756637,1130
PTJPL,2012-08-01,1-057,1-057,BODEGA BAY AREA,BODEGA BAY AREA,109.773585,106
PTJPL,2012-08-01,7-024.01,7-024,BORREGO VALLEY,BORREGO VALLEY - BORREGO SPRINGS,94.152613,17397
PTJPL,2012-08-01,7-024.02,7-024,BORREGO VALLEY,BORREGO VALLEY - OCOTILLO WELLS,70.5,12
PTJPL,2012-08-01,1-039,1-039,BRANSCOMB TOWN AREA,BRANSCOMB TOWN AREA,,0
PTJPL,2012-08-01,1-017,1-017,BRAY TOWN AREA,BRAY TOWN AREA,87.590353,4250
PTJPL,2012-08-01,6-008,6-008,BRIDGEPORT VALLEY,BRIDGEPORT VALLEY,85.311594,74902
PTJPL,2012-08-01,7-008,7-008,BRISTOL VALLEY,BRISTOL VALLEY,39.511993,7963
PTJPL,2012-08-01,5-080,5-080,BRITE VALLEY,BRITE VALLEY,38.422961,1324
PTJPL,2012-08-01,6-032,6-032,BROADWELL VALLEY,BROADWELL VALLEY,,0
PTJPL,2012-08-01,6-076,6-076,BROWN MOUNTAIN VALLEY,BROWN MOUNTAIN VALLEY,,0
PTJPL,2012-08-01,7-054,7-054,BUCK RIDGE FAULT VALLEY,BUCK RIDGE FAULT VALLEY,,0
PTJPL,2012-08-01,6-101,6-101,BULL FLAT,BULL FLAT,28.979167,48
PTJPL,2012-08-01,5-048,5-048,BURNEY CREEK VALLEY,BURNEY CREEK VALLEY,53.416813,6852
PTJPL,2012-08-01,5-017,5-017,BURNS VALLEY,BURNS VALLEY,62.734141,1734
PTJPL,2012-08-01,5-051,5-051,BUTTE CREEK VALLEY,BUTTE CREEK VALLEY,,0
PTJPL,2012-08-01,1-003,1-003,BUTTE VALLEY,BUTTE VALLEY,63.521599,149448
PTJPL,2012-08-01,6-081,6-081,BUTTE VALLEY,BUTTE VALLEY,,0
PTJPL,2012-08-01,6-070,6-070,CACTUS FLAT,CACTUS FLAT,,0
PTJPL,2012-08-01,7-007,7-007,CADIZ VALLEY,CADIZ VALLEY,,0
PTJPL,2012-08-01,6-090,6-090,CADY FAULT AREA,CADY FAULT AREA,,0
PTJPL,2012-08-01,9-006,9-006,CAHUILLA VALLEY,CAHUILLA VALLEY,42.268929,6247
PTJPL,2012-08-01,6-079,6-079,CALIFORNIA VALLEY,CALIFORNIA VALLEY,,0
PTJPL,2012-08-01,7-041,7-041,CALZONA VALLEY,CALZONA VALLEY,,0
PTJPL,2012-08-01,6-061,6-061,CAMEO AREA,CAMEO AREA,,0
PTJPL,2012-08-01,9-028,9-028,CAMPO VALLEY,CAMPO VALLEY,29.84127,126
PTJPL,2012-08-01,7-046,7-046,CANEBRAKE VALLEY,CANEBRAKE VALLEY,,0
PTJPL,2012-08-01,3-007,3-007,CARMEL VALLEY,CARMEL VALLEY,101.790952,1282
PTJPL,2012-08-01,3-018,3-018,CARPINTERIA,CARPINTERIA,92.807154,10148
PTJPL,2012-08-01,3-019,3-019,CARRIZO PLAIN,CARRIZO PLAIN,11.231409,22739
PTJPL,2012-08-01,6-006,6-006,CARSON VALLEY,CARSON VALLEY,97.107765,9929
PTJPL,2012-08-01,5-029,5-029,CASTAC LAKE VALLEY,CASTAC LAKE VALLEY,49.232861,846
PTJPL,2012-08-01,2-008,2-008,CASTRO VALLEY,CASTRO VALLEY,,0
PTJPL,2012-08-01,6-038,6-038,CAVES CANYON VALLEY,CAVES CANYON VALLEY,,0
PTJPL,2012-08-01,5-045,5-045,CAYTON VALLEY,CAYTON VALLEY,120.304941,4250
PTJPL,2012-08-01,3-038,3-038,CAYUCOS VALLEY,CAYUCOS VALLEY,,0
PTJPL,2012-08-01,7-043,7-043,CHEMEHUEVI VALLEY,CHEMEHUEVI VALLEY,,0
PTJPL,2012-08-01,7-032,7-032,CHOCOLATE VALLEY,CHOCOLATE VALLEY,9.179104,67
PTJPL,2012-08-01,3-005,3-005,CHOLAME VALLEY,CHOLAME VALLEY,40.155322,17718
PTJPL,2012-08-01,3-042,3-042,CHORRO VALLEY,CHORRO VALLEY,88.717325,987
PTJPL,2012-08-01,5-061,5-061,CHROME TOWN AREA,CHROME TOWN AREA,13.980431,511
PTJPL,2012-08-01,7-005,7-005,CHUCKWALLA VALLEY,CHUCKWALLA VALLEY,54.197437,4604
PTJPL,2012-08-01,2-005,2-005,CLAYTON VALLEY,CLAYTON VALLEY,118.461656,652
PTJPL,2012-08-01,5-066,5-066,CLEAR LAKE CACHE FORMATION,CLEAR LAKE CACHE FORMATION,63.564894,940
PTJPL,2012-08-01,5-058,5-058,CLOVER VALLEY,CLOVER VALLEY,40.028643,1606
PTJPL,2012-08-01,7-021.03,7-021,COACHELLA VALLEY,COACHELLA VALLEY - DESERT HOT SPRINGS,98.58791,2713
PTJPL,2012-08-01,7-021.01,7-021,COACHELLA VALLEY,COACHELLA VALLEY - INDIO,92.376667,293737
PTJPL,2012-08-01,7-021.02,7-021,COACHELLA VALLEY,COACHELLA VALLEY - MISSION CREEK,85.225971,978
PTJPL,2012-08-01,7-021.04,7-021,COACHELLA VALLEY,COACHELLA VALLEY - SAN GORGONIO PASS,94.36236,356
PTJPL,2012-08-01,4-011.04,4-011,COASTAL PLAIN OF LOS ANGELES,COASTAL PLAIN OF LOS ANGELES - CENTRAL,143.223126,7005
PTJPL,2012-08-01,4-011.02,4-011,COASTAL PLAIN OF LOS ANGELES,COASTAL PLAIN OF LOS ANGELES - HOLLYWOOD,133.263158,323
PTJPL,2012-08-01,4-011.01,4-011,COASTAL PLAIN OF LOS ANGELES,COASTAL PLAIN OF LOS ANGELES - SANTA MONICA,136.670807,4186
PTJPL,2012-08-01,4-011.03,4-011,COASTAL PLAIN OF LOS ANGELES,COASTAL PLAIN OF LOS ANGELES - WEST COAST,140.276737,4058
PTJPL,2012-08-01,8-001,8-001,COASTAL PLAIN OF ORANGE COUNTY,COASTAL PLAIN OF ORANGE COUNTY,122.817058,23942
PTJPL,2012-08-01,9-033,9-033,COASTAL PLAIN OF SAN DIEGO,COASTAL PLAIN OF SAN DIEGO,98.830889,3477
PTJPL,2012-08-01,6-072,6-072,COLES FLAT,COLES FLAT,,0
PTJPL,2012-08-01,5-019,5-019,COLLAYOMI VALLEY,COLLAYOMI VALLEY,36.305592,3845
PTJPL,2012-08-01,7-055,7-055,COLLINS VALLEY,COLLINS VALLEY,,0
PTJPL,2012-08-01,4-010,4-010,CONEJO,CONEJO,129.194779,498
PTJPL,2012-08-01,7-011,7-011,COPPER MOUNTAIN VALLEY,COPPER MOUNTAIN VALLEY,,0
PTJPL,2012-08-01,3-002.01,3-002,CORRALITOS,CORRALITOS - PAJARO VALLEY,73.331956,107692
PTJPL,2012-08-01,3-002.02,3-002,CORRALITOS,CORRALITOS - PURISIMA HIGHLANDS,72.493534,464
PTJPL,2012-08-01,6-055,6-055,COSO VALLEY,COSO VALLEY,,0
PTJPL,2012-08-01,1-037,1-037,COTTONEVA CREEK VALLEY,COTTONEVA CREEK VALLEY,,0
PTJPL,2012-08-01,9-027,9-027,COTTONWOOD VALLEY,COTTONWOOD VALLEY,79.642857,70
PTJPL,2012-08-01,1-011,1-011,COVELO ROUND VALLEY,COVELO ROUND VALLEY,51.906961,36576
PTJPL,2012-08-01,6-091,6-091,COW HEAD LAKE VALLEY,COW HEAD LAKE VALLEY,50.565957,15639
PTJPL,2012-08-01,6-037,6-037,COYOTE LAKE VALLEY,COYOTE LAKE VALLEY,28.614198,972
PTJPL,2012-08-01,5-018,5-018,COYOTE VALLEY,COYOTE VALLEY,74.1809,6534
PTJPL,2012-08-01,7-029,7-029,COYOTE WELLS VALLEY,COYOTE WELLS VALLEY,6.3,80
PTJPL,2012-08-01,6-035,6-035,CRONISE VALLEY,CRONISE VALLEY,,0
PTJPL,2012-08-01,6-050,6-050,CUDDEBACK VALLEY,CUDDEBACK VALLEY,,0
PTJPL,2012-08-01,5-082,5-082,CUDDY CANYON VALLEY,CUDDY CANYON VALLEY,,0
PTJPL,2012-08-01,5-083,5-083,CUDDY RANCH AREA,CUDDY RANCH AREA,,0
PTJPL,2012-08-01,5-084,5-084,CUDDY VALLEY,CUDDY VALLEY,44.6875,16
PTJPL,2012-08-01,5-027,5-027,CUMMINGS VALLEY,CUMMINGS VALLEY,58.957615,11419
PTJPL,2012-08-01,3-013,3-013,CUYAMA VALLEY,CUYAMA VALLEY,58.542677,151989
PTJPL,2012-08-01,7-009,7-009,DALE VALLEY,DALE VALLEY,4.506579,152
PTJPL,2012-08-01,6-057,6-057,DARWIN VALLEY,DARWIN VALLEY,,0
PTJPL,2012-08-01,7-061,7-061,DAVIES VALLEY,DAVIES VALLEY,,0
PTJPL,2012-08-01,7-013.01,7-013,DEADMAN VALLEY,DEADMAN VALLEY - DEADMAN LAKE,,0
PTJPL,2012-08-01,7-013.02,7-013,DEADMAN VALLEY,DEADMAN VALLEY - SURPRISE SPRING,,0
PTJPL,2012-08-01,6-018,6-018,DEATH VALLEY,DEATH VALLEY,2.5,18
PTJPL,2012-08-01,6-015,6-015,DEEP SPRINGS VALLEY,DEEP SPRINGS VALLEY,120.124409,635
PTJPL,2012-08-01,6-078,6-078,DENNING SPRING VALLEY,DENNING SPRING VALLEY,,0
PTJPL,2012-08-01,1-034,1-034,DINSMORES TOWN AREA,DINSMORES TOWN AREA,47.139535,86
PTJPL,2012-08-01,5-053,5-053,DIXIE VALLEY,DIXIE VALLEY,71.771858,11449
PTJPL,2012-08-01,2-040,2-040,DOWNTOWN,DOWNTOWN,,0
PTJPL,2012-08-01,5-049,5-049,DRY BURNEY CREEK VALLEY,DRY BURNEY CREEK VALLEY,,0
PTJPL,2012-08-01,3-029,3-029,DRY LAKE VALLEY,DRY LAKE VALLEY,13.769048,420
PTJPL,2012-08-01,6-095,6-095,DRY VALLEY,DRY VALLEY,,0
PTJPL,2012-08-01,6-096,6-096,EAGLE LAKE AREA,EAGLE LAKE AREA,,0
PTJPL,2012-08-01,7-033,7-033,EAST SALTON SEA,EAST SALTON SEA,82.237246,40262
PTJPL,2012-08-01,1-044,1-044,EDEN VALLEY,EDEN VALLEY,38.118501,1654
PTJPL,2012-08-01,1-010,1-010,EEL RIVER VALLEY,EEL RIVER VALLEY,111.384676,66482
PTJPL,2012-08-01,5-041,5-041,EGG LAKE VALLEY,EGG LAKE VALLEY,,0
PTJPL,2012-08-01,9-016,9-016,EL CAJON VALLEY,EL CAJON VALLEY,80.612903,31
PTJPL,2012-08-01,6-043,6-043,EL MIRAGE VALLEY,EL MIRAGE VALLEY,80.61241,3207
PTJPL,2012-08-01,5-062,5-062,ELK CREEK AREA,ELK CREEK AREA,34.251748,143
PTJPL,2012-08-01,8-004.02,8-004,ELSINORE,ELSINORE - BEDFORD-COLDWATER,121.249568,1158
PTJPL,2012-08-01,8-004.01,8-004,ELSINORE,ELSINORE - ELSINORE VALLEY,53.523364,107
PTJPL,2012-08-01,9-009,9-009,ESCONDIDO VALLEY,ESCONDIDO VALLEY,71.647059,34
PTJPL,2012-08-01,1-009,1-009,EUREKA PLAIN,EUREKA PLAIN,104.945708,11475
PTJPL,2012-08-01,6-016,6-016,EUREKA VALLEY,EUREKA VALLEY,,0
PTJPL,2012-08-01,1-022,1-022,FAIRCHILD SWAMP VALLEY,FAIRCHILD SWAMP VALLEY,,0
PTJPL,2012-08-01,5-005,5-005,FALL RIVER VALLEY,FALL RIVER VALLEY,89.107861,134098
PTJPL,2012-08-01,7-002,7-002,FENNER VALLEY,FENNER VALLEY,,0
PTJPL,2012-08-01,6-014,6-014,FISH LAKE VALLEY,FISH LAKE VALLEY,110.157322,14340
PTJPL,2012-08-01,3-053,3-053,FOOTHILL,FOOTHILL,95.142857,35
PTJPL,2012-08-01,1-021,1-021,FORT BRAGG TERRACE AREA,FORT BRAGG TERRACE AREA,68.012625,8079
PTJPL,2012-08-01,1-061,1-061,FORT ROSS TERRACE DEPOSITS,FORT ROSS TERRACE DEPOSITS,82.187377,1014
PTJPL,2012-08-01,6-046,6-046,FREMONT VALLEY,FREMONT VALLEY,46.752181,1949
PTJPL,2012-08-01,5-090,5-090,FUNKS CREEK,FUNKS CREEK,15.521965,3278
PTJPL,2012-08-01,1-032,1-032,GARBERVILLE TOWN AREA,GARBERVILLE TOWN AREA,83.333955,536
PTJPL,2012-08-01,1-020,1-020,GARCIA RIVER VALLEY,GARCIA RIVER VALLEY,89.516854,1424
PTJPL,2012-08-01,3-003.01,3-003,GILROY-HOLLISTER VALLEY,GILROY-HOLLISTER VALLEY - LLAGAS AREA,82.760297,76695
PTJPL,2012-08-01,3-003.05,3-003,GILROY-HOLLISTER VALLEY,GILROY-HOLLISTER VALLEY - NORTH SAN BENITO,65.755454,194994
PTJPL,2012-08-01,6-085,6-085,GOLD VALLEY,GOLD VALLEY,,0
PTJPL,2012-08-01,6-048,6-048,GOLDSTONE VALLEY,GOLDSTONE VALLEY,,0
PTJPL,2012-08-01,3-016,3-016,GOLETA,GOLETA,78.413958,3353
PTJPL,2012-08-01,5-001.02,5-001,GOOSE LAKE,GOOSE LAKE - FANDANGO VALLEY,63.126863,29126
PTJPL,2012-08-01,5-001.01,5-001,GOOSE LAKE,GOOSE LAKE - GOOSE VALLEY,66.053579,55936
PTJPL,2012-08-01,5-047,5-047,GOOSE VALLEY,GOOSE VALLEY,109.520404,15463
PTJPL,2012-08-01,6-077,6-077,GRASS VALLEY,GRASS VALLEY,,0
PTJPL,2012-08-01,6-094,6-094,GRASSHOPPER VALLEY,GRASSHOPPER VALLEY,33.316015,3734
PTJPL,2012-08-01,1-048,1-048,GRAVELLY VALLEY,GRAVELLY VALLEY,,0
PTJPL,2012-08-01,5-052,5-052,GRAYS VALLEY,GRAYS VALLEY,,0
PTJPL,2012-08-01,6-084,6-084,GREENWATER VALLEY,GREENWATER VALLEY,,0
PTJPL,2012-08-01,5-059,5-059,GRIZZLY VALLEY,GRIZZLY VALLEY,,0
PTJPL,2012-08-01,2-022,2-022,HALF MOON BAY TERRACE,HALF MOON BAY TERRACE,66.401802,6660
PTJPL,2012-08-01,1-015,1-015,HAPPY CAMP TOWN AREA,HAPPY CAMP TOWN AREA,90.89899,99
PTJPL,2012-08-01,6-047,6-047,HARPER VALLEY,HARPER VALLEY,65.58625,5658
PTJPL,2012-08-01,6-074,6-074,HARRISBURG FLATS,HARRISBURG FLATS,,0
PTJPL,2012-08-01,6-093,6-093,HARVEY VALLEY,HARVEY VALLEY,,0
PTJPL,2012-08-01,1-006,1-006,HAYFORK VALLEY,HAYFORK VALLEY,54.485393,3115
PTJPL,2012-08-01,7-048,7-048,HELENDALE FAULT VALLEY,HELENDALE FAULT VALLEY,,0
PTJPL,2012-08-01,8-006,8-006,HEMET LAKE VALLEY,HEMET LAKE VALLEY,,0
PTJPL,2012-08-01,3-031,3-031,HERNANDEZ VALLEY,HERNANDEZ VALLEY,26.308483,389
PTJPL,2012-08-01,1-036,1-036,HETTENSHAW VALLEY,HETTENSHAW VALLEY,34.515895,2202
PTJPL,2012-08-01,7-053,7-053,HEXIE MOUNTAIN AREA,HEXIE MOUNTAIN AREA,,0
PTJPL,2012-08-01,6-063,6-063,HIDDEN VALLEY,HIDDEN VALLEY,,0
PTJPL,2012-08-01,4-016,4-016,HIDDEN VALLEY,HIDDEN VALLEY,54.837537,3767
PTJPL,2012-08-01,5-016,5-016,HIGH VALLEY,HIGH VALLEY,36.029486,2781
PTJPL,2012-08-01,6-004,6-004,HONEY LAKE VALLEY,HONEY LAKE VALLEY,61.419259,188764
PTJPL,2012-08-01,1-029,1-029,HONEYDEW TOWN AREA,HONEYDEW TOWN AREA,94.111581,1183
PTJPL,2012-08-01,1-007,1-007,HOOPA VALLEY,HOOPA VALLEY,85.007624,787
PTJPL,2012-08-01,6-097,6-097,HORSE LAKE VALLEY,HORSE LAKE VALLEY,84.704037,4335
PTJPL,2012-08-01,5-040,5-040,HOT SPRINGS VALLEY,HOT SPRINGS VALLEY,45.159829,3266
PTJPL,2012-08-01,3-045,3-045,HUASNA VALLEY,HUASNA VALLEY,32.470885,3366
PTJPL,2012-08-01,5-060,5-060,HUMBUG VALLEY,HUMBUG VALLEY,56.79202,1178
PTJPL,2012-08-01,4-018,4-018,HUNGRY VALLEY,HUNGRY VALLEY,,0
PTJPL,2012-08-01,1-035,1-035,HYAMPOM VALLEY,HYAMPOM VALLEY,55.134921,504
PTJPL,2012-08-01,7-030,7-030,IMPERIAL VALLEY,IMPERIAL VALLEY,86.918761,1787557
PTJPL,2012-08-01,5-009,5-009,INDIAN VALLEY,INDIAN VALLEY,89.165164,44586
PTJPL,2012-08-01,6-054,6-054,INDIAN WELLS VALLEY,INDIAN WELLS VALLEY,65.714051,14611
PTJPL,2012-08-01,7-050,7-050,IRON RIDGE AREA,IRON RIDGE AREA,,0
PTJPL,2012-08-01,2-033,2-033,ISLAIS VALLEY,ISLAIS VALLEY,,0
PTJPL,2012-08-01,6-030,6-030,IVANPAH VALLEY,IVANPAH VALLEY,87.411765,918
PTJPL,2012-08-01,7-047,7-047,JACUMBA VALLEY,JACUMBA VALLEY,,0
PTJPL,2012-08-01,5-003,5-003,JESS VALLEY,JESS VALLEY,87.823668,15658
PTJPL,2012-08-01,7-018.01,7-018,JOHNSON VALLEY,JOHNSON VALLEY - SOGGY LAKE,10.133333,60
PTJPL,2012-08-01,7-018.02,7-018,JOHNSON VALLEY,JOHNSON VALLEY - UPPER JOHNSON VALLEY,,0
PTJPL,2012-08-01,5-086,5-086,JOSEPH CREEK,JOSEPH CREEK,68.804194,4673
PTJPL,2012-08-01,7-062,7-062,JOSHUA TREE,JOSHUA TREE,,0
PTJPL,2012-08-01,6-089,6-089,KANE WASH AREA,KANE WASH AREA,,0
PTJPL,2012-08-01,6-069,6-069,KELSO LANDER VALLEY,KELSO LANDER VALLEY,,0
PTJPL,2012-08-01,6-031,6-031,KELSO VALLEY,KELSO VALLEY,,0
PTJPL,2012-08-01,2-019,2-019,KENWOOD VALLEY,KENWOOD VALLEY,66.877159,5674
PTJPL,2012-08-01,5-025,5-025,KERN RIVER VALLEY,KERN RIVER VALLEY,86.357066,14846
PTJPL,2012-08-01,1-002.02,1-002,KLAMATH RIVER VALLEY,KLAMATH RIVER VALLEY - LOWER KLAMATH,81.74117,93343
PTJPL,2012-08-01,1-002.01,1-002,KLAMATH RIVER VALLEY,KLAMATH RIVER VALLEY - TULELAKE,95.080744,296556
PTJPL,2012-08-01,1-050,1-050,KNIGHTS VALLEY,KNIGHTS VALLEY,62.132204,7322
PTJPL,2012-08-01,5-007,5-007,LAKE ALMANOR VALLEY,LAKE ALMANOR VALLEY,119.050705,2623
PTJPL,2012-08-01,5-046,5-046,LAKE BRITTON AREA,LAKE BRITTON AREA,101.546485,441
PTJPL,2012-08-01,7-001,7-001,LANFAIR VALLEY,LANFAIR VALLEY,,0
PTJPL,2012-08-01,6-036.02,6-036,LANGFORD VALLEY,LANGFORD VALLEY - IRWIN,,0
PTJPL,2012-08-01,6-036.01,6-036,LANGFORD VALLEY,LANGFORD VALLEY - LANGFORD WELL LAKE,,0
PTJPL,2012-08-01,1-033,1-033,LARABEE VALLEY,LARABEE VALLEY,36.090047,211
PTJPL,2012-08-01,4-008,4-008,LAS POSAS VALLEY,LAS POSAS VALLEY,98.594528,90830
PTJPL,2012-08-01,5-057,5-057,LAST CHANCE CREEK VALLEY,LAST CHANCE CREEK VALLEY,,0
PTJPL,2012-08-01,7-014,7-014,LAVIC VALLEY,LAVIC VALLEY,,0
PTJPL,2012-08-01,1-012,1-012,LAYTONVILLE VALLEY,LAYTONVILLE VALLEY,41.77935,5017
PTJPL,2012-08-01,6-027,6-027,LEACH VALLEY,LEACH VALLEY,,0
PTJPL,2012-08-01,6-066,6-066,LEE FLAT,LEE FLAT,,0
PTJPL,2012-08-01,6-106,6-106,LITTLE ANTELOPE VALLEY,LITTLE ANTELOPE VALLEY,78.791143,1829
PTJPL,2012-08-01,5-065,5-065,LITTLE INDIAN VALLEY,LITTLE INDIAN VALLEY,14.611111,18
PTJPL,2012-08-01,1-013,1-013,LITTLE LAKE VALLEY,LITTLE LAKE VALLEY,41.495009,16230
PTJPL,2012-08-01,1-041,1-041,LITTLE VALLEY,LITTLE VALLEY,96.261838,718
PTJPL,2012-08-01,2-010,2-010,LIVERMORE VALLEY,LIVERMORE VALLEY,58.145221,31366
PTJPL,2012-08-01,2-038,2-038,LOBOS,LOBOS,97.80109,367
PTJPL,2012-08-01,3-006,3-006,LOCKWOOD VALLEY,LOCKWOOD VALLEY,28.886312,22597
PTJPL,2012-08-01,4-017,4-017,LOCKWOOD VALLEY,LOCKWOOD VALLEY,20.141667,120
PTJPL,2012-08-01,6-011,6-011,LONG VALLEY,LONG VALLEY,77.802907,28621
PTJPL,2012-08-01,5-044,5-044,LONG VALLEY,LONG VALLEY,,0
PTJPL,2012-08-01,6-104,6-104,LONG VALLEY,LONG VALLEY,51.505131,6432
PTJPL,2012-08-01,5-031,5-031,LONG VALLEY,LONG VALLEY,29.985289,2719
PTJPL,2012-08-01,5-070,5-070,LOS BANOS CREEK VALLEY,LOS BANOS CREEK VALLEY,,0
PTJPL,2012-08-01,3-008.01,3-008,LOS OSOS VALLEY,LOS OSOS VALLEY - LOS OSOS AREA,96.380361,1772
PTJPL,2012-08-01,3-008.02,3-008,LOS OSOS VALLEY,LOS OSOS VALLEY - WARDEN CREEK,99.141232,4220
PTJPL,2012-08-01,7-051,7-051,LOST HORSE VALLEY,LOST HORSE VALLEY,,0
PTJPL,2012-08-01,6-071,6-071,LOST LAKE VALLEY,LOST LAKE VALLEY,,0
PTJPL,2012-08-01,6-021,6-021,LOWER KINGSTON VALLEY,LOWER KINGSTON VALLEY,,0
PTJPL,2012-08-01,1-014,1-014,LOWER KLAMATH RIVER VALLEY,LOWER KLAMATH RIVER VALLEY,111.533098,1133
PTJPL,2012-08-01,5-030,5-030,LOWER LAKE VALLEY,LOWER LAKE VALLEY,52.831496,635
PTJPL,2012-08-01,1-038,1-038,LOWER LAYTONVILLE VALLEY,LOWER LAYTONVILLE VALLEY,33.730496,423
PTJPL,2012-08-01,6-040,6-040,LOWER MOJAVE RIVER VALLEY,LOWER MOJAVE RIVER VALLEY,120.354245,17375
PTJPL,2012-08-01,1-060,1-060,LOWER RUSSIAN RIVER VALLEY,LOWER RUSSIAN RIVER VALLEY,84.247512,5426
PTJPL,2012-08-01,7-019,7-019,LUCERNE VALLEY,LUCERNE VALLEY,57.798133,9962
PTJPL,2012-08-01,1-008.02,1-008,MAD RIVER VALLEY,MAD RIVER VALLEY - DOWS PRAIRIE SCHOOL AREA,117.440442,5524
PTJPL,2012-08-01,1-008.01,1-008,MAD RIVER VALLEY,MAD RIVER VALLEY - MAD RIVER LOWLAND,115.489735,26498
PTJPL,2012-08-01,6-002,6-002,MADELINE PLAINS,MADELINE PLAINS,76.829741,97657
PTJPL,2012-08-01,3-051,3-051,MAJORS CREEK,MAJORS CREEK,78.546061,749
PTJPL,2012-08-01,4-022,4-022,MALIBU VALLEY,MALIBU VALLEY,121.75,40
PTJPL,2012-08-01,6-064,6-064,MARBLE CANYON AREA,MARBLE CANYON AREA,,0
PTJPL,2012-08-01,2-039,2-039,MARINA,MARINA,,0
PTJPL,2012-08-01,6-067,6-067,MARTIS VALLEY,MARTIS VALLEY,115.875581,3440
PTJPL,2012-08-01,7-059,7-059,MASON VALLEY,MASON VALLEY,,0
PTJPL,2012-08-01,1-028,1-028,MATTOLE RIVER VALLEY,MATTOLE RIVER VALLEY,98.685377,2797
PTJPL,2012-08-01,5-035,5-035,MCCLOUD AREA,MCCLOUD AREA,110.336898,187
PTJPL,2012-08-01,5-095,5-095,MEADOW VALLEY,MEADOW VALLEY,86.957838,925
PTJPL,2012-08-01,7-017,7-017,MEANS VALLEY,MEANS VALLEY,8.261905,42
PTJPL,2012-08-01,6-029,6-029,MESQUITE VALLEY,MESQUITE VALLEY,132.151027,9058
PTJPL,2012-08-01,6-020,6-020,MIDDLE AMARGOSA VALLEY,MIDDLE AMARGOSA VALLEY,91.697248,109
PTJPL,2012-08-01,5-094,5-094,MIDDLE CREEK,MIDDLE CREEK,73.911111,135
PTJPL,2012-08-01,5-087,5-087,MIDDLE FORK FEATHER RIVER,MIDDLE FORK FEATHER RIVER,70.602167,646
PTJPL,2012-08-01,6-041,6-041,MIDDLE MOJAVE RIVER VALLEY,MIDDLE MOJAVE RIVER VALLEY,144.828029,3268
PTJPL,2012-08-01,6-080,6-080,MIDDLE PARK CANYON,MIDDLE PARK CANYON,,0
PTJPL,2012-08-01,5-085,5-085,MIL POTRERO AREA,MIL POTRERO AREA,112.9,110
PTJPL,2012-08-01,9-014,9-014,MISSION VALLEY,MISSION VALLEY,154.293124,829
PTJPL,2012-08-01,5-011,5-011,MOHAWK VALLEY,MOHAWK VALLEY,105.108406,6531
PTJPL,2012-08-01,6-009,6-009,MONO VALLEY,MONO VALLEY,73.882845,239
PTJPL,2012-08-01,3-049,3-049,MONTECITO,MONTECITO,98.190692,1547
PTJPL,2012-08-01,7-020,7-020,MORONGO VALLEY,MORONGO VALLEY,29.428571,21
PTJPL,2012-08-01,3-041,3-041,MORRO VALLEY,MORRO VALLEY,106.379728,661
PTJPL,2012-08-01,5-008,5-008,MOUNTAIN MEADOWS VALLEY,MOUNTAIN MEADOWS VALLEY,73.38247,23845
PTJPL,2012-08-01,1-056,1-056,McDOWELL VALLEY,McDOWELL VALLEY,76.013552,2804
PTJPL,2012-08-01,2-002.01,2-002,NAPA-SONOMA VALLEY,NAPA-SONOMA VALLEY - NAPA VALLEY,79.888884,93416
PTJPL,2012-08-01,2-002.03,2-002,NAPA-SONOMA VALLEY,NAPA-SONOMA VALLEY - NAPA-SONOMA LOWLANDS,75.059774,23572
PTJPL,2012-08-01,2-002.02,2-002,NAPA-SONOMA VALLEY,NAPA-SONOMA VALLEY - SONOMA VALLEY,58.222809,80598
PTJPL,2012-08-01,1-046,1-046,NAVARRO RIVER VALLEY,NAVARRO RIVER VALLEY,,0
PTJPL,2012-08-01,3-052,3-052,NEEDLE ROCK POINT,NEEDLE ROCK POINT,71.799454,1466
PTJPL,2012-08-01,7-044,7-044,NEEDLES VALLEY,NEEDLES VALLEY,138.87083,16397
PTJPL,2012-08-01,5-050,5-050,NORTH FORK BATTLE CREEK,NORTH FORK BATTLE CREEK,83.459402,2808
PTJPL,2012-08-01,2-030,2-030,NOVATO VALLEY,NOVATO VALLEY,80.682242,14596
PTJPL,2012-08-01,7-025,7-025,OCOTILLO-CLARK VALLEY,OCOTILLO-CLARK VALLEY,72.539604,37509
PTJPL,2012-08-01,7-035,7-035,OGILBY VALLEY,OGILBY VALLEY,17.566875,3357
PTJPL,2012-08-01,4-002,4-002,OJAI VALLEY,OJAI VALLEY,98.565973,9322
PTJPL,2012-08-01,3-039,3-039,OLD VALLEY,OLD VALLEY,95.295,200
PTJPL,2012-08-01,6-108,6-108,OLYMPIC VALLEY,OLYMPIC VALLEY,112.640264,303
PTJPL,2012-08-01,7-031,7-031,OROCOPIA VALLEY,OROCOPIA VALLEY,2.279503,161
PTJPL,2012-08-01,6-012.02,6-012,OWENS VALLEY,OWENS VALLEY - FISH SLOUGH,,0
PTJPL,2012-08-01,6-012.01,6-012,OWENS VALLEY,OWENS VALLEY - OWENS VALLEY,109.373525,93070
PTJPL,2012-08-01,6-088,6-088,OWL LAKE VALLEY,OWL LAKE VALLEY,,0
PTJPL,2012-08-01,6-028,6-028,PAHRUMP VALLEY,PAHRUMP VALLEY,,0
PTJPL,2012-08-01,6-099,6-099,PAINTERS FLAT,PAINTERS FLAT,24.249779,1133
PTJPL,2012-08-01,7-039,7-039,PALO VERDE MESA,PALO VERDE MESA,125.501017,161308
PTJPL,2012-08-01,7-038,7-038,PALO VERDE VALLEY,PALO VERDE VALLEY,135.164328,224174
PTJPL,2012-08-01,9-024,9-024,PAMO VALLEY,PAMO VALLEY,,0
PTJPL,2012-08-01,6-058,6-058,PANAMINT VALLEY,PANAMINT VALLEY,,0
PTJPL,2012-08-01,5-023,5-023,PANOCHE VALLEY,PANOCHE VALLEY,15.841302,1966
PTJPL,2012-08-01,3-032,3-032,PEACH TREE VALLEY,PEACH TREE VALLEY,14.611199,1268
PTJPL,2012-08-01,1-030,1-030,PEPPERWOOD TOWN AREA,PEPPERWOOD TOWN AREA,87.791371,3523
PTJPL,2012-08-01,2-026,2-026,PESCADERO VALLEY,PESCADERO VALLEY,62.900337,2077
PTJPL,2012-08-01,2-001,2-001,PETALUMA VALLEY,PETALUMA VALLEY,64.641721,46221
PTJPL,2012-08-01,6-051,6-051,PILOT KNOB VALLEY,PILOT KNOB VALLEY,,0
PTJPL,2012-08-01,6-092,6-092,PINE CREEK VALLEY,PINE CREEK VALLEY,45.703125,64
PTJPL,2012-08-01,7-006,7-006,PINTO VALLEY,PINTO VALLEY,,0
PTJPL,2012-08-01,7-049,7-049,PIPES CANYON FAULT VALLEY,PIPES CANYON FAULT VALLEY,,0
PTJPL,2012-08-01,2-004,2-004,PITTSBURG PLAIN,PITTSBURG PLAIN,,0
PTJPL,2012-08-01,7-045,7-045,PIUTE VALLEY,PIUTE VALLEY,,0
PTJPL,2012-08-01,7-052,7-052,PLEASANT VALLEY,PLEASANT VALLEY,,0
PTJPL,2012-08-01,4-006,4-006,PLEASANT VALLEY,PLEASANT VALLEY,62.502365,33187
PTJPL,2012-08-01,5-038,5-038,PONDOSA TOWN AREA,PONDOSA TOWN AREA,,0
PTJPL,2012-08-01,5-068,5-068,POPE VALLEY,POPE VALLEY,63.883166,12659
PTJPL,2012-08-01,9-029,9-029,POTRERO VALLEY,POTRERO VALLEY,47.412399,371
PTJPL,2012-08-01,1-051,1-051,POTTER VALLEY,POTTER VALLEY,96.096575,20554
PTJPL,2012-08-01,9-013,9-013,POWAY VALLEY,POWAY VALLEY,,0
PTJPL,2012-08-01,3-044,3-044,POZO VALLEY,POZO VALLEY,28.423792,2690
PTJPL,2012-08-01,1-025,1-025,PRAIRIE CREEK AREA,PRAIRIE CREEK AREA,,0
PTJPL,2012-08-01,7-040,7-040,QUIEN SABE POINT VALLEY,QUIEN SABE POINT VALLEY,153.152542,708
PTJPL,2012-08-01,3-024,3-024,QUIEN SABE VALLEY,QUIEN SABE VALLEY,19.574104,11214
PTJPL,2012-08-01,6-062,6-062,RACE TRACK VALLEY,RACE TRACK VALLEY,,0
PTJPL,2012-08-01,3-046,3-046,RAFAEL VALLEY,RAFAEL VALLEY,25.0,1
PTJPL,2012-08-01,9-025,9-025,RANCHITA TOWN AREA,RANCHITA TOWN AREA,38.909091,44
PTJPL,2012-08-01,4-023,4-023,RAYMOND,RAYMOND,117.186954,1717
PTJPL,2012-08-01,6-024,6-024,RED PASS VALLEY,RED PASS VALLEY,,0
PTJPL,2012-08-01,1-018,1-018,RED ROCK VALLEY,RED ROCK VALLEY,87.564638,22680
PTJPL,2012-08-01,5-006.03,5-006,REDDING AREA,REDDING AREA - ANDERSON,103.093432,42951
PTJPL,2012-08-01,5-006.01,5-006,REDDING AREA,REDDING AREA - BOWMAN,114.673912,18219
PTJPL,2012-08-01,5-006.04,5-006,REDDING AREA,REDDING AREA - ENTERPRISE,74.713517,22476
PTJPL,2012-08-01,5-006.05,5-006,REDDING AREA,REDDING AREA - MILLVILLE,83.147765,9082
PTJPL,2012-08-01,5-006.06,5-006,REDDING AREA,REDDING AREA - SOUTH BATTLE CREEK,108.598847,7982
PTJPL,2012-08-01,1-026,1-026,REDWOOD CREEK AREA,REDWOOD CREEK AREA,118.656961,1099
PTJPL,2012-08-01,6-086,6-086,RHODES HILL AREA,RHODES HILL AREA,,0
PTJPL,2012-08-01,7-004,7-004,RICE VALLEY,RICE VALLEY,158.591276,619
PTJPL,2012-08-01,6-023,6-023,RIGGS VALLEY,RIGGS VALLEY,,0
PTJPL,2012-08-01,3-043,3-043,RINCONADA VALLEY,RINCONADA VALLEY,38.377709,2907
PTJPL,2012-08-01,5-043,5-043,ROCK PRAIRIE VALLEY,ROCK PRAIRIE VALLEY,,0
PTJPL,2012-08-01,6-056,6-056,ROSE VALLEY,ROSE VALLEY,,0
PTJPL,2012-08-01,2-028,2-028,ROSS VALLEY,ROSS VALLEY,,0
PTJPL,2012-08-01,5-036,5-036,ROUND VALLEY,ROUND VALLEY,70.883594,14312
PTJPL,2012-08-01,4-020,4-020,RUSSELL VALLEY,RUSSELL VALLEY,114.51145,131
PTJPL,2012-08-01,5-021.54,5-021,SACRAMENTO VALLEY,SACRAMENTO VALLEY - ANTELOPE,146.092547,37689
PTJPL,2012-08-01,5-021.53,5-021,SACRAMENTO VALLEY,SACRAMENTO VALLEY - BEND,78.542541,2621
PTJPL,2012-08-01,5-021.70,5-021,SACRAMENTO VALLEY,SACRAMENTO VALLEY - BUTTE,143.943014,817606
PTJPL,2012-08-01,5-021.52,5-021,SACRAMENTO VALLEY,SACRAMENTO VALLEY - COLUSA,135.451307,2198740
PTJPL,2012-08-01,5-021.51,5-021,SACRAMENTO VALLEY,SACRAMENTO VALLEY - CORNING,94.796601,348885
PTJPL,2012-08-01,5-021.56,5-021,SACRAMENTO VALLEY,SACRAMENTO VALLEY - LOS MOLINOS,129.250965,77700
PTJPL,2012-08-01,5-021.64,5-021,SACRAMENTO VALLEY,SACRAMENTO VALLEY - NORTH AMERICAN,125.994054,553449
PTJPL,2012-08-01,5-021.60,5-021,SACRAMENTO VALLEY,SACRAMENTO VALLEY - NORTH YUBA,154.84802,171444
PTJPL,2012-08-01,5-021.50,5-021,SACRAMENTO VALLEY,SACRAMENTO VALLEY - RED BLUFF,89.93306,175098
PTJPL,2012-08-01,5-021.66,5-021,SACRAMENTO VALLEY,SACRAMENTO VALLEY - SOLANO,118.498716,931583
PTJPL,2012-08-01,5-021.65,5-021,SACRAMENTO VALLEY,SACRAMENTO VALLEY - SOUTH AMERICAN,111.065691,248983
PTJPL,2012-08-01,5-021.61,5-021,SACRAMENTO VALLEY,SACRAMENTO VALLEY - SOUTH YUBA,136.202093,215148
PTJPL,2012-08-01,5-021.62,5-021,SACRAMENTO VALLEY,SACRAMENTO VALLEY - SUTTER,136.173065,862675
PTJPL,2012-08-01,5-021.57,5-021,SACRAMENTO VALLEY,SACRAMENTO VALLEY - VINA,131.345731,355464
PTJPL,2012-08-01,5-021.69,5-021,SACRAMENTO VALLEY,SACRAMENTO VALLEY - WYANDOTTE CREEK,100.050071,72218
PTJPL,2012-08-01,5-021.67,5-021,SACRAMENTO VALLEY,SACRAMENTO VALLEY - YOLO,106.426388,1423435
PTJPL,2012-08-01,3-004.01,3-004,SALINAS VALLEY,SALINAS VALLEY - 180/400 FOOT AQUIFER,79.513028,242753
PTJPL,2012-08-01,3-004.11,3-004,SALINAS VALLEY,SALINAS VALLEY - ATASCADERO AREA,39.318523,21741
PTJPL,2012-08-01,3-004.02,3-004,SALINAS VALLEY,SALINAS VALLEY - EAST SIDE AQUIFER,77.857318,155149
PTJPL,2012-08-01,3-004.04,3-004,SALINAS VALLEY,SALINAS VALLEY - FOREBAY AQUIFER,88.058282,252169
PTJPL,2012-08-01,3-004.09,3-004,SALINAS VALLEY,SALINAS VALLEY - LANGLEY AREA,53.108742,8396
PTJPL,2012-08-01,3-004.10,3-004,SALINAS VALLEY,SALINAS VALLEY - MONTEREY,87.697989,3033
PTJPL,2012-08-01,3-004.06,3-004,SALINAS VALLEY,SALINAS VALLEY - PASO ROBLES AREA,50.288134,328712
PTJPL,2012-08-01,3-004.08,3-004,SALINAS VALLEY,SALINAS VALLEY - SEASIDE,102.724285,1643
PTJPL,2012-08-01,3-004.05,3-004,SALINAS VALLEY,SALINAS VALLEY - UPPER VALLEY AQUIFER,81.133768,265773
PTJPL,2012-08-01,6-017,6-017,SALINE VALLEY,SALINE VALLEY,,0
PTJPL,2012-08-01,6-053,6-053,SALT WELLS VALLEY,SALT WELLS VALLEY,,0
PTJPL,2012-08-01,3-014,3-014,SAN ANTONIO CREEK VALLEY,SAN ANTONIO CREEK VALLEY,76.300388,61354
PTJPL,2012-08-01,3-028,3-028,SAN BENITO RIVER VALLEY,SAN BENITO RIVER VALLEY,46.368,4000
PTJPL,2012-08-01,3-033,3-033,SAN CARPOFORO VALLEY,SAN CARPOFORO VALLEY,,0
PTJPL,2012-08-01,9-015,9-015,SAN DIEGO RIVER VALLEY,SAN DIEGO RIVER VALLEY,109.007024,1139
PTJPL,2012-08-01,9-012,9-012,SAN DIEGUITO CREEK,SAN DIEGUITO CREEK,141.187578,1610
PTJPL,2012-08-01,9-023,9-023,SAN ELIJO VALLEY,SAN ELIJO VALLEY,126.16,25
PTJPL,2012-08-01,7-027,7-027,SAN FELIPE VALLEY,SAN FELIPE VALLEY,44.540541,74
PTJPL,2012-08-01,4-012,4-012,SAN FERNANDO VALLEY,SAN FERNANDO VALLEY,119.966552,8431
PTJPL,2012-08-01,4-013,4-013,SAN GABRIEL VALLEY,SAN GABRIEL VALLEY,117.301784,9139
PTJPL,2012-08-01,2-024,2-024,SAN GREGORIO VALLEY,SAN GREGORIO VALLEY,76.10564,1117
PTJPL,2012-08-01,8-005,8-005,SAN JACINTO,SAN JACINTO,54.468328,135450
PTJPL,2012-08-01,5-022.05,5-022,SAN JOAQUIN VALLEY,SAN JOAQUIN VALLEY - CHOWCHILLA,118.027421,545900
PTJPL,2012-08-01,5-022.16,5-022,SAN JOAQUIN VALLEY,SAN JOAQUIN VALLEY - COSUMNES,95.039653,250879
PTJPL,2012-08-01,5-022.07,5-022,SAN JOAQUIN VALLEY,SAN JOAQUIN VALLEY - DELTA-MENDOTA,139.721542,2026230
PTJPL,2012-08-01,5-022.19,5-022,SAN JOAQUIN VALLEY,SAN JOAQUIN VALLEY - EAST CONTRA COSTA,112.515432,180148
PTJPL,2012-08-01,5-022.01,5-022,SAN JOAQUIN VALLEY,SAN JOAQUIN VALLEY - EASTERN SAN JOAQUIN,120.573066,1834447
PTJPL,2012-08-01,5-022.11,5-022,SAN JOAQUIN VALLEY,SAN JOAQUIN VALLEY - KAWEAH,131.449081,1384014
PTJPL,2012-08-01,5-022.14,5-022,SAN JOAQUIN VALLEY,SAN JOAQUIN VALLEY - KERN COUNTY,112.564922,3669928
PTJPL,2012-08-01,5-022.17,5-022,SAN JOAQUIN VALLEY,SAN JOAQUIN VALLEY - KETTLEMAN PLAIN,19.091663,134613
PTJPL,2012-08-01,5-022.08,5-022,SAN JOAQUIN VALLEY,SAN JOAQUIN VALLEY - KINGS,119.165407,2971226
PTJPL,2012-08-01,5-022.06,5-022,SAN JOAQUIN VALLEY,SAN JOAQUIN VALLEY - MADERA,111.676479,953242
PTJPL,2012-08-01,5-022.04,5-022,SAN JOAQUIN VALLEY,SAN JOAQUIN VALLEY - MERCED,127.664841,1184122
PTJPL,2012-08-01,5-022.02,5-022,SAN JOAQUIN VALLEY,SAN JOAQUIN VALLEY - MODESTO,121.418891,556123
PTJPL,2012-08-01,5-022.10,5-022,SAN JOAQUIN VALLEY,SAN JOAQUIN VALLEY - PLEASANT VALLEY,36.491706,120210
PTJPL,2012-08-01,5-022.15,5-022,SAN JOAQUIN VALLEY,SAN JOAQUIN VALLEY - TRACY,127.96591,626628
PTJPL,2012-08-01,5-022.12,5-022,SAN JOAQUIN VALLEY,SAN JOAQUIN VALLEY - TULARE LAKE,118.202313,1564054
PTJPL,2012-08-01,5-022.13,5-022,SAN JOAQUIN VALLEY,SAN JOAQUIN VALLEY - TULE,106.946271,1574574
PTJPL,2012-08-01,5-022.03,5-022,SAN JOAQUIN VALLEY,SAN JOAQUIN VALLEY - TURLOCK,141.016387,1011086
PTJPL,2012-08-01,5-022.09,5-022,SAN JOAQUIN VALLEY,SAN JOAQUIN VALLEY - WESTSIDE,89.734765,2395948
PTJPL,2012-08-01,5-022.18,5-022,SAN JOAQUIN VALLEY,SAN JOAQUIN VALLEY - WHITE WOLF,103.455091,162939
PTJPL,2012-08-01,9-001,9-001,SAN JUAN VALLEY,SAN JUAN VALLEY,124.550176,2272
PTJPL,2012-08-01,3-009,3-009,SAN LUIS OBISPO VALLEY,SAN LUIS OBISPO VALLEY,71.367979,16683
PTJPL,2012-08-01,9-007.02,9-007,SAN LUIS REY VALLEY,SAN LUIS REY VALLEY - LOWER SAN LUIS REY VALLEY,127.226122,2764
PTJPL,2012-08-01,9-007.01,9-007,SAN LUIS REY VALLEY,SAN LUIS REY VALLEY - UPPER SAN LUIS REY VALLEY,122.914013,25597
PTJPL,2012-08-01,9-032,9-032,SAN MARCOS AREA,SAN MARCOS AREA,158.259259,27
PTJPL,2012-08-01,9-002,9-002,SAN MATEO VALLEY,SAN MATEO VALLEY,144.888889,9
PTJPL,2012-08-01,9-003,9-003,SAN ONOFRE VALLEY,SAN ONOFRE VALLEY,,0
PTJPL,2012-08-01,9-010,9-010,SAN PASQUAL VALLEY,SAN PASQUAL VALLEY,96.203668,7689
PTJPL,2012-08-01,2-036,2-036,SAN PEDRO VALLEY,SAN PEDRO VALLEY,86.708333,24
PTJPL,2012-08-01,2-029,2-029,SAN RAFAEL VALLEY,SAN RAFAEL VALLEY,,0
PTJPL,2012-08-01,2-007,2-007,SAN RAMON VALLEY,SAN RAMON VALLEY,107.132275,378
PTJPL,2012-08-01,3-035,3-035,SAN SIMEON VALLEY,SAN SIMEON VALLEY,70.222222,216
PTJPL,2012-08-01,2-027,2-027,SAND POINT AREA,SAND POINT AREA,82.7234,20564
PTJPL,2012-08-01,1-053,1-053,SANEL VALLEY,SANEL VALLEY,75.523705,11812
PTJPL,2012-08-01,3-022,3-022,SANTA ANA VALLEY,SANTA ANA VALLEY,23.876502,7158
PTJPL,2012-08-01,3-017,3-017,SANTA BARBARA,SANTA BARBARA,102.021614,694
PTJPL,2012-08-01,4-004.05,4-004,SANTA CLARA RIVER VALLEY,SANTA CLARA RIVER VALLEY - FILLMORE,114.811636,50121
PTJPL,2012-08-01,4-004.03,4-004,SANTA CLARA RIVER VALLEY,SANTA CLARA RIVER VALLEY - MOUND,64.924819,9138
PTJPL,2012-08-01,4-004.02,4-004,SANTA CLARA RIVER VALLEY,SANTA CLARA RIVER VALLEY - OXNARD,51.064681,104127
PTJPL,2012-08-01,4-004.06,4-004,SANTA CLARA RIVER VALLEY,SANTA CLARA RIVER VALLEY - PIRU,109.452347,23073
PTJPL,2012-08-01,4-004.07,4-004,SANTA CLARA RIVER VALLEY,SANTA CLARA RIVER VALLEY - SANTA CLARA RIVER VALLEY EAST,102.547084,6807
PTJPL,2012-08-01,4-004.04,4-004,SANTA CLARA RIVER VALLEY,SANTA CLARA RIVER VALLEY - SANTA PAULA,95.585387,40609
PTJPL,2012-08-01,2-009.04,2-009,SANTA CLARA VALLEY,SANTA CLARA VALLEY - EAST BAY PLAIN,106.394112,2989
PTJPL,2012-08-01,2-009.01,2-009,SANTA CLARA VALLEY,SANTA CLARA VALLEY - NILES CONE,64.225572,1791
PTJPL,2012-08-01,2-009.03,2-009,SANTA CLARA VALLEY,SANTA CLARA VALLEY - SAN MATEO PLAIN,98.93299,1358
PTJPL,2012-08-01,2-009.02,2-009,SANTA CLARA VALLEY,SANTA CLARA VALLEY - SANTA CLARA,74.704614,25790
PTJPL,2012-08-01,3-001,3-001,SANTA CRUZ MID-COUNTY,SANTA CRUZ MID-COUNTY,74.657027,3942
PTJPL,2012-08-01,3-027,3-027,SANTA MARGARITA,SANTA MARGARITA,50.989933,298
PTJPL,2012-08-01,9-004,9-004,SANTA MARGARITA VALLEY,SANTA MARGARITA VALLEY,,0
PTJPL,2012-08-01,3-012.02,3-012,SANTA MARIA RIVER VALLEY,SANTA MARIA RIVER VALLEY - ARROYO GRANDE,66.843728,5708
PTJPL,2012-08-01,3-012.01,3-012,SANTA MARIA RIVER VALLEY,SANTA MARIA RIVER VALLEY - SANTA MARIA,69.406577,259134
PTJPL,2012-08-01,9-011,9-011,SANTA MARIA VALLEY,SANTA MARIA VALLEY,57.356108,3176
PTJPL,2012-08-01,6-068,6-068,SANTA ROSA FLAT,SANTA ROSA FLAT,,0
PTJPL,2012-08-01,3-036,3-036,SANTA ROSA VALLEY,SANTA ROSA VALLEY,68.646501,2744
PTJPL,2012-08-01,1-055.02,1-055,SANTA ROSA VALLEY,SANTA ROSA VALLEY - HEALDSBURG AREA,71.951976,31401
PTJPL,2012-08-01,1-055.03,1-055,SANTA ROSA VALLEY,SANTA ROSA VALLEY - RINCON VALLEY,51.247849,581
PTJPL,2012-08-01,1-055.01,1-055,SANTA ROSA VALLEY,SANTA ROSA VALLEY - SANTA ROSA PLAIN,73.354202,81016
PTJPL,2012-08-01,3-015,3-015,SANTA YNEZ RIVER VALLEY,SANTA YNEZ RIVER VALLEY,69.029338,104334
PTJPL,2012-08-01,1-005,1-005,SCOTT RIVER VALLEY,SCOTT RIVER VALLEY,83.888706,147258
PTJPL,2012-08-01,5-014,5-014,SCOTTS VALLEY,SCOTTS VALLEY,88.489066,7271
PTJPL,2012-08-01,6-052,6-052,SEARLES VALLEY,SEARLES VALLEY,,0
PTJPL,2012-08-01,6-100,6-100,SECRET VALLEY,SECRET VALLEY,52.417239,12379
PTJPL,2012-08-01,1-016,1-016,SEIAD VALLEY,SEIAD VALLEY,70.765376,439
PTJPL,2012-08-01,8-008,8-008,SEVEN OAKS VALLEY,SEVEN OAKS VALLEY,,0
PTJPL,2012-08-01,1-004,1-004,SHASTA VALLEY,SHASTA VALLEY,82.636395,257678
PTJPL,2012-08-01,1-042,1-042,SHERWOOD VALLEY,SHERWOOD VALLEY,,0
PTJPL,2012-08-01,5-012.02,5-012,SIERRA VALLEY,SIERRA VALLEY - CHILCOOT,99.292804,5017
PTJPL,2012-08-01,5-012.01,5-012,SIERRA VALLEY,SIERRA VALLEY - SIERRA VALLEY,61.604287,213180
PTJPL,2012-08-01,6-034,6-034,SILVER LAKE VALLEY,SILVER LAKE VALLEY,,0
PTJPL,2012-08-01,4-009,4-009,SIMI VALLEY,SIMI VALLEY,122.68697,1297
PTJPL,2012-08-01,6-105,6-105,SLINKARD VALLEY,SLINKARD VALLEY,,0
PTJPL,2012-08-01,1-001,1-001,SMITH RIVER PLAIN,SMITH RIVER PLAIN,111.343144,15664
PTJPL,2012-08-01,6-033,6-033,SODA LAKE VALLEY,SODA LAKE VALLEY,,0
PTJPL,2012-08-01,2-037,2-037,SOUTH SAN FRANCISCO,SOUTH SAN FRANCISCO,,0
PTJPL,2012-08-01,6-082,6-082,SPRING CANYON VALLEY,SPRING CANYON VALLEY,,0
PTJPL,2012-08-01,5-089,5-089,SQUAW FLAT,SQUAW FLAT,,0
PTJPL,2012-08-01,5-088,5-088,STONY GORGE RESERVOIR,STONY GORGE RESERVOIR,92.986515,964
PTJPL,2012-08-01,5-063,5-063,STONYFORD TOWN AREA,STONYFORD TOWN AREA,75.652839,3857
PTJPL,2012-08-01,2-003,2-003,SUISUN-FAIRFIELD VALLEY,SUISUN-FAIRFIELD VALLEY,55.391442,91868
PTJPL,2012-08-01,2-011,2-011,SUNOL VALLEY,SUNOL VALLEY,58.794082,1656
PTJPL,2012-08-01,6-049,6-049,SUPERIOR VALLEY,SUPERIOR VALLEY,,0
PTJPL,2012-08-01,6-001,6-001,SURPRISE VALLEY,SURPRISE VALLEY,69.098493,234180
PTJPL,2012-08-01,6-107,6-107,SWEETWATER FLAT,SWEETWATER FLAT,64.651235,324
PTJPL,2012-08-01,6-005.03,6-005,TAHOE VALLEY,TAHOE VALLEY - TAHOE NORTH,119.62381,210
PTJPL,2012-08-01,6-005.01,6-005,TAHOE VALLEY,TAHOE VALLEY - TAHOE SOUTH,109.6,755
PTJPL,2012-08-01,6-005.02,6-005,TAHOE VALLEY,TAHOE VALLEY - TAHOE WEST,109.269006,171
PTJPL,2012-08-01,6-045,6-045,TEHACHAPI VALLEY EAST,TEHACHAPI VALLEY EAST,42.135414,3397
PTJPL,2012-08-01,5-028,5-028,TEHACHAPI VALLEY WEST,TEHACHAPI VALLEY WEST,34.818282,4540
PTJPL,2012-08-01,9-005,9-005,TEMECULA VALLEY,TEMECULA VALLEY,81.310913,20517
PTJPL,2012-08-01,1-040,1-040,TEN MILE RIVER VALLEY,TEN MILE RIVER VALLEY,70.421053,209
PTJPL,2012-08-01,7-026,7-026,TERWILLIGER VALLEY,TERWILLIGER VALLEY,19.076923,169
PTJPL,2012-08-01,4-019,4-019,THOUSAND OAKS AREA,THOUSAND OAKS AREA,127.501299,385
PTJPL,2012-08-01,4-015,4-015,TIERRA REJADA,TIERRA REJADA,95.375122,4092
PTJPL,2012-08-01,5-037,5-037,TOAD WELL AREA,TOAD WELL AREA,,0
PTJPL,2012-08-01,3-040,3-040,TORO VALLEY,TORO VALLEY,68.849315,365
PTJPL,2012-08-01,6-098,6-098,TULEDAD CANYON VALLEY,TULEDAD CANYON VALLEY,32.203226,310
PTJPL,2012-08-01,7-010,7-010,TWENTYNINE PALMS VALLEY,TWENTYNINE PALMS VALLEY,68.68407,747
PTJPL,2012-08-01,1-052,1-052,UKIAH VALLEY,UKIAH VALLEY,84.397668,43476
PTJPL,2012-08-01,6-022,6-022,UPPER KINGSTON VALLEY,UPPER KINGSTON VALLEY,,0
PTJPL,2012-08-01,5-013,5-013,UPPER LAKE VALLEY,UPPER LAKE VALLEY,83.920728,12413
PTJPL,2012-08-01,6-042,6-042,UPPER MOJAVE RIVER VALLEY,UPPER MOJAVE RIVER VALLEY,71.184944,6748
PTJPL,2012-08-01,4-001,4-001,UPPER OJAI VALLEY,UPPER OJAI VALLEY,42.826047,3294
PTJPL,2012-08-01,3-023,3-023,UPPER SANTA ANA VALLEY,UPPER SANTA ANA VALLEY,20.714286,7
PTJPL,2012-08-01,8-002.05,8-002,UPPER SANTA ANA VALLEY,UPPER SANTA ANA VALLEY - CAJON,68.0,170
PTJPL,2012-08-01,8-002.01,8-002,UPPER SANTA ANA VALLEY,UPPER SANTA ANA VALLEY - CHINO,78.05462,29440
PTJPL,2012-08-01,8-002.02,8-002,UPPER SANTA ANA VALLEY,UPPER SANTA ANA VALLEY - CUCAMONGA,113.110448,670
PTJPL,2012-08-01,8-002.04,8-002,UPPER SANTA ANA VALLEY,UPPER SANTA ANA VALLEY - RIALTO-COLTON,79.368715,1253
PTJPL,2012-08-01,8-002.03,8-002,UPPER SANTA ANA VALLEY,UPPER SANTA ANA VALLEY - RIVERSIDE-ARLINGTON,97.075827,13966
PTJPL,2012-08-01,8-002.06,8-002,UPPER SANTA ANA VALLEY,UPPER SANTA ANA VALLEY - SAN BERNARDINO,98.178154,15554
PTJPL,2012-08-01,8-002.08,8-002,UPPER SANTA ANA VALLEY,UPPER SANTA ANA VALLEY - SAN TIMOTEO,95.639383,4667
PTJPL,2012-08-01,8-002.09,8-002,UPPER SANTA ANA VALLEY,UPPER SANTA ANA VALLEY - TEMESCAL,107.778698,845
PTJPL,2012-08-01,8-002.07,8-002,UPPER SANTA ANA VALLEY,UPPER SANTA ANA VALLEY - YUCAIPA,82.96816,2858
PTJPL,2012-08-01,7-028,7-028,VALLECITO-CARRIZO VALLEY,VALLECITO-CARRIZO VALLEY,,0
PTJPL,2012-08-01,5-071,5-071,VALLECITOS CREEK VALLEY,VALLECITOS CREEK VALLEY,,0
PTJPL,2012-08-01,7-063,7-063,VANDEVENTER FLAT,VANDEVENTER FLAT,,0
PTJPL,2012-08-01,4-003.02,4-003,VENTURA RIVER VALLEY,VENTURA RIVER VALLEY - LOWER VENTURA RIVER,71.822699,1771
PTJPL,2012-08-01,4-003.01,4-003,VENTURA RIVER VALLEY,VENTURA RIVER VALLEY - UPPER VENTURA RIVER,70.334783,2300
PTJPL,2012-08-01,7-042,7-042,VIDAL VALLEY,VIDAL VALLEY,,0
PTJPL,2012-08-01,3-037,3-037,VILLA VALLEY,VILLA VALLEY,72.145058,779
PTJPL,2012-08-01,2-032,2-032,VISITACION VALLEY,VISITACION VALLEY,108.494382,178
PTJPL,2012-08-01,5-026,5-026,WALKER BASIN CREEK VALLEY,WALKER BASIN CREEK VALLEY,46.752309,6387
PTJPL,2012-08-01,7-003,7-003,WARD VALLEY,WARD VALLEY,,0
PTJPL,2012-08-01,9-008,9-008,WARNER VALLEY,WARNER VALLEY,103.944606,343
PTJPL,2012-08-01,7-012,7-012,WARREN VALLEY,WARREN VALLEY,24.913043,345
PTJPL,2012-08-01,1-031,1-031,WEOTT TOWN AREA,WEOTT TOWN AREA,83.602294,523
PTJPL,2012-08-01,7-022,7-022,WEST SALTON SEA,WEST SALTON SEA,,0
PTJPL,2012-08-01,3-026,3-026,WEST SANTA CRUZ TERRACE,WEST SANTA CRUZ TERRACE,79.087933,1558
PTJPL,2012-08-01,2-035,2-035,WESTSIDE,WESTSIDE,105.074303,1292
PTJPL,2012-08-01,6-073,6-073,WILD HORSE MESA AREA,WILD HORSE MESA AREA,,0
PTJPL,2012-08-01,6-075,6-075,WILDROSE CANYON,WILDROSE CANYON,,0
PTJPL,2012-08-01,1-043,1-043,WILLIAMS VALLEY,WILLIAMS VALLEY,34.859794,485
PTJPL,2012-08-01,6-003,6-003,WILLOW CREEK VALLEY,WILLOW CREEK VALLEY,98.129653,26463
PTJPL,2012-08-01,1-059,1-059,WILSON GROVE FORMATION HIGHLANDS,WILSON GROVE FORMATION HIGHLANDS,77.559439,70610
PTJPL,2012-08-01,1-062,1-062,WILSON POINT AREA,WILSON POINT AREA,68.0,9
PTJPL,2012-08-01,6-019,6-019,WINGATE VALLEY,WINGATE VALLEY,,0
PTJPL,2012-08-01,7-056,7-056,YAQUI WELL AREA,YAQUI WELL AREA,,0
PTJPL,2012-08-01,5-056,5-056,YELLOW CREEK VALLEY,YELLOW CREEK VALLEY,56.268214,5861
PTJPL,2012-08-01,2-006,2-006,YGNACIO VALLEY,YGNACIO VALLEY,111.214815,405
PTJPL,2012-08-01,5-069,5-069,YOSEMITE VALLEY,YOSEMITE VALLEY,,0
PTJPL,2012-08-01,7-036,7-036,YUMA VALLEY,YUMA VALLEY,64.642464,65999
