Model,Date,Basin_Subb,Basin_Numb,Basin_Name,Basin_Su_1,ET,Pixel_Count
GEESEBAL,2010-04-01,4-005,4-005,ACTON VALLEY,ACTON VALLEY,44.26497,668
GEESEBAL,2010-04-01,6-010,6-010,ADOBE LAKE VALLEY,ADOBE LAKE VALLEY,,0
GEESEBAL,2010-04-01,1-054.01,1-054,ALEXANDER VALLEY,ALEXANDER VALLEY - ALEXANDER AREA,51.350829,39743
GEESEBAL,2010-04-01,1-054.02,1-054,ALEXANDER VALLEY,ALEXANDER VALLEY - CLOVERDALE AREA,49.065881,9502
GEESEBAL,2010-04-01,5-002.01,5-002,ALTURAS AREA,ALTURAS AREA - SOUTH FORK PITT RIVER,50.495613,159794
GEESEBAL,2010-04-01,5-002.02,5-002,ALTURAS AREA,ALTURAS AREA - WARM SPRINGS VALLEY,62.975327,74250
GEESEBAL,2010-04-01,5-010,5-010,AMERICAN VALLEY,AMERICAN VALLEY,76.25395,9746
GEESEBAL,2010-04-01,7-016,7-016,AMES VALLEY,AMES VALLEY,,0
GEESEBAL,2010-04-01,7-034,7-034,AMOS VALLEY,AMOS VALLEY,,0
GEESEBAL,2010-04-01,1-019,1-019,ANDERSON VALLEY,ANDERSON VALLEY,68.091608,5982
GEESEBAL,2010-04-01,1-049,1-049,ANNAPOLIS OHLSON RANCH FORMATION HIGHLANDS,ANNAPOLIS OHLSON RANCH FORMATION HIGHLANDS,56.670633,2353
GEESEBAL,2010-04-01,5-091,5-091,ANTELOPE CREEK,ANTELOPE CREEK,89.206854,1605
GEESEBAL,2010-04-01,6-044,6-044,ANTELOPE VALLEY,ANTELOPE VALLEY,50.669033,137884
GEESEBAL,2010-04-01,6-007,6-007,ANTELOPE VALLEY,ANTELOPE VALLEY,50.646724,48489
GEESEBAL,2010-04-01,3-034,3-034,ARROYO DE LA CRUZ VALLEY,ARROYO DE LA CRUZ VALLEY,120.091078,538
GEESEBAL,2010-04-01,2-031,2-031,ARROYO DEL HAMBRE VALLEY,ARROYO DEL HAMBRE VALLEY,,0
GEESEBAL,2010-04-01,4-007,4-007,ARROYO SANTA ROSA VALLEY,ARROYO SANTA ROSA VALLEY,98.99479,7870
GEESEBAL,2010-04-01,7-037,7-037,ARROYO SECO VALLEY,ARROYO SECO VALLEY,,0
GEESEBAL,2010-04-01,5-054,5-054,ASH VALLEY,ASH VALLEY,78.804501,12087
GEESEBAL,2010-04-01,6-026,6-026,AVAWATZ VALLEY,AVAWATZ VALLEY,,0
GEESEBAL,2010-04-01,3-020,3-020,A�O NUEVO AREA,A�O NUEVO AREA,104.762387,1877
GEESEBAL,2010-04-01,9-022,9-022,BATIQUITOS LAGOON VALLEY,BATIQUITOS LAGOON VALLEY,129.851613,620
GEESEBAL,2010-04-01,8-009,8-009,BEAR VALLEY,BEAR VALLEY,83.901042,192
GEESEBAL,2010-04-01,5-064,5-064,BEAR VALLEY,BEAR VALLEY,28.215686,510
GEESEBAL,2010-04-01,5-020,5-020,BERRYESSA VALLEY,BERRYESSA VALLEY,,0
GEESEBAL,2010-04-01,7-015,7-015,BESSEMER VALLEY,BESSEMER VALLEY,,0
GEESEBAL,2010-04-01,6-025,6-025,BICYCLE VALLEY,BICYCLE VALLEY,,0
GEESEBAL,2010-04-01,1-027,1-027,BIG LAGOON AREA,BIG LAGOON AREA,78.871795,39
GEESEBAL,2010-04-01,8-007,8-007,BIG MEADOWS VALLEY,BIG MEADOWS VALLEY,,0
GEESEBAL,2010-04-01,1-045,1-045,BIG RIVER VALLEY,BIG RIVER VALLEY,,0
GEESEBAL,2010-04-01,3-047,3-047,BIG SPRING AREA,BIG SPRING AREA,71.369281,918
GEESEBAL,2010-04-01,5-015,5-015,BIG VALLEY,BIG VALLEY,45.132724,41040
GEESEBAL,2010-04-01,5-004,5-004,BIG VALLEY,BIG VALLEY,68.068071,163036
GEESEBAL,2010-04-01,3-030,3-030,BITTER WATER VALLEY,BITTER WATER VALLEY,49.772937,7575
GEESEBAL,2010-04-01,6-013,6-013,BLACK SPRINGS VALLEY,BLACK SPRINGS VALLEY,,0
GEESEBAL,2010-04-01,5-092,5-092,BLANCHARD VALLEY,BLANCHARD VALLEY,55.110619,1130
GEESEBAL,2010-04-01,1-057,1-057,BODEGA BAY AREA,BODEGA BAY AREA,72.525974,154
GEESEBAL,2010-04-01,7-024.01,7-024,BORREGO VALLEY,BORREGO VALLEY - BORREGO SPRINGS,44.569006,17397
GEESEBAL,2010-04-01,7-024.02,7-024,BORREGO VALLEY,BORREGO VALLEY - OCOTILLO WELLS,1.416667,12
GEESEBAL,2010-04-01,1-039,1-039,BRANSCOMB TOWN AREA,BRANSCOMB TOWN AREA,,0
GEESEBAL,2010-04-01,1-017,1-017,BRAY TOWN AREA,BRAY TOWN AREA,97.530353,4250
GEESEBAL,2010-04-01,6-008,6-008,BRIDGEPORT VALLEY,BRIDGEPORT VALLEY,18.532603,74902
GEESEBAL,2010-04-01,7-008,7-008,BRISTOL VALLEY,BRISTOL VALLEY,22.041818,7963
GEESEBAL,2010-04-01,5-080,5-080,BRITE VALLEY,BRITE VALLEY,49.05136,1324
GEESEBAL,2010-04-01,6-032,6-032,BROADWELL VALLEY,BROADWELL VALLEY,,0
GEESEBAL,2010-04-01,6-076,6-076,BROWN MOUNTAIN VALLEY,BROWN MOUNTAIN VALLEY,,0
GEESEBAL,2010-04-01,7-054,7-054,BUCK RIDGE FAULT VALLEY,BUCK RIDGE FAULT VALLEY,,0
GEESEBAL,2010-04-01,6-101,6-101,BULL FLAT,BULL FLAT,33.541667,48
GEESEBAL,2010-04-01,5-048,5-048,BURNEY CREEK VALLEY,BURNEY CREEK VALLEY,80.593112,6852
GEESEBAL,2010-04-01,5-017,5-017,BURNS VALLEY,BURNS VALLEY,22.639562,1734
GEESEBAL,2010-04-01,5-051,5-051,BUTTE CREEK VALLEY,BUTTE CREEK VALLEY,,0
GEESEBAL,2010-04-01,1-003,1-003,BUTTE VALLEY,BUTTE VALLEY,47.256624,149448
GEESEBAL,2010-04-01,6-081,6-081,BUTTE VALLEY,BUTTE VALLEY,,0
GEESEBAL,2010-04-01,6-070,6-070,CACTUS FLAT,CACTUS FLAT,,0
GEESEBAL,2010-04-01,7-007,7-007,CADIZ VALLEY,CADIZ VALLEY,,0
GEESEBAL,2010-04-01,6-090,6-090,CADY FAULT AREA,CADY FAULT AREA,,0
GEESEBAL,2010-04-01,9-006,9-006,CAHUILLA VALLEY,CAHUILLA VALLEY,95.98176,6250
GEESEBAL,2010-04-01,6-079,6-079,CALIFORNIA VALLEY,CALIFORNIA VALLEY,,0
GEESEBAL,2010-04-01,7-041,7-041,CALZONA VALLEY,CALZONA VALLEY,,0
GEESEBAL,2010-04-01,6-061,6-061,CAMEO AREA,CAMEO AREA,,0
GEESEBAL,2010-04-01,9-028,9-028,CAMPO VALLEY,CAMPO VALLEY,90.873016,126
GEESEBAL,2010-04-01,7-046,7-046,CANEBRAKE VALLEY,CANEBRAKE VALLEY,,0
GEESEBAL,2010-04-01,3-007,3-007,CARMEL VALLEY,CARMEL VALLEY,55.350234,1282
GEESEBAL,2010-04-01,3-018,3-018,CARPINTERIA,CARPINTERIA,118.399877,12979
GEESEBAL,2010-04-01,3-019,3-019,CARRIZO PLAIN,CARRIZO PLAIN,57.889221,22739
GEESEBAL,2010-04-01,6-006,6-006,CARSON VALLEY,CARSON VALLEY,27.405477,10516
GEESEBAL,2010-04-01,5-029,5-029,CASTAC LAKE VALLEY,CASTAC LAKE VALLEY,53.44208,846
GEESEBAL,2010-04-01,2-008,2-008,CASTRO VALLEY,CASTRO VALLEY,,0
GEESEBAL,2010-04-01,6-038,6-038,CAVES CANYON VALLEY,CAVES CANYON VALLEY,,0
GEESEBAL,2010-04-01,5-045,5-045,CAYTON VALLEY,CAYTON VALLEY,91.505647,4250
GEESEBAL,2010-04-01,3-038,3-038,CAYUCOS VALLEY,CAYUCOS VALLEY,,0
GEESEBAL,2010-04-01,7-043,7-043,CHEMEHUEVI VALLEY,CHEMEHUEVI VALLEY,,0
GEESEBAL,2010-04-01,7-032,7-032,CHOCOLATE VALLEY,CHOCOLATE VALLEY,1.164179,67
GEESEBAL,2010-04-01,3-005,3-005,CHOLAME VALLEY,CHOLAME VALLEY,63.404391,17718
GEESEBAL,2010-04-01,3-042,3-042,CHORRO VALLEY,CHORRO VALLEY,100.55444,1295
GEESEBAL,2010-04-01,5-061,5-061,CHROME TOWN AREA,CHROME TOWN AREA,49.925636,511
GEESEBAL,2010-04-01,7-005,7-005,CHUCKWALLA VALLEY,CHUCKWALLA VALLEY,13.741746,4604
GEESEBAL,2010-04-01,2-005,2-005,CLAYTON VALLEY,CLAYTON VALLEY,95.731595,652
GEESEBAL,2010-04-01,5-066,5-066,CLEAR LAKE CACHE FORMATION,CLEAR LAKE CACHE FORMATION,38.308511,940
GEESEBAL,2010-04-01,5-058,5-058,CLOVER VALLEY,CLOVER VALLEY,83.223425,1571
GEESEBAL,2010-04-01,7-021.03,7-021,COACHELLA VALLEY,COACHELLA VALLEY - DESERT HOT SPRINGS,47.207151,2713
GEESEBAL,2010-04-01,7-021.01,7-021,COACHELLA VALLEY,COACHELLA VALLEY - INDIO,54.791874,293745
GEESEBAL,2010-04-01,7-021.02,7-021,COACHELLA VALLEY,COACHELLA VALLEY - MISSION CREEK,78.305726,978
GEESEBAL,2010-04-01,7-021.04,7-021,COACHELLA VALLEY,COACHELLA VALLEY - SAN GORGONIO PASS,92.775281,356
GEESEBAL,2010-04-01,4-011.04,4-011,COASTAL PLAIN OF LOS ANGELES,COASTAL PLAIN OF LOS ANGELES - CENTRAL,128.633976,7005
GEESEBAL,2010-04-01,4-011.02,4-011,COASTAL PLAIN OF LOS ANGELES,COASTAL PLAIN OF LOS ANGELES - HOLLYWOOD,121.065015,323
GEESEBAL,2010-04-01,4-011.01,4-011,COASTAL PLAIN OF LOS ANGELES,COASTAL PLAIN OF LOS ANGELES - SANTA MONICA,131.025084,4186
GEESEBAL,2010-04-01,4-011.03,4-011,COASTAL PLAIN OF LOS ANGELES,COASTAL PLAIN OF LOS ANGELES - WEST COAST,135.750123,4058
GEESEBAL,2010-04-01,8-001,8-001,COASTAL PLAIN OF ORANGE COUNTY,COASTAL PLAIN OF ORANGE COUNTY,103.339347,23946
GEESEBAL,2010-04-01,9-033,9-033,COASTAL PLAIN OF SAN DIEGO,COASTAL PLAIN OF SAN DIEGO,105.737953,3507
GEESEBAL,2010-04-01,6-072,6-072,COLES FLAT,COLES FLAT,,0
GEESEBAL,2010-04-01,5-019,5-019,COLLAYOMI VALLEY,COLLAYOMI VALLEY,40.368531,3845
GEESEBAL,2010-04-01,7-055,7-055,COLLINS VALLEY,COLLINS VALLEY,,0
GEESEBAL,2010-04-01,4-010,4-010,CONEJO,CONEJO,121.034137,498
GEESEBAL,2010-04-01,7-011,7-011,COPPER MOUNTAIN VALLEY,COPPER MOUNTAIN VALLEY,,0
GEESEBAL,2010-04-01,3-002.01,3-002,CORRALITOS,CORRALITOS - PAJARO VALLEY,88.451973,109219
GEESEBAL,2010-04-01,3-002.02,3-002,CORRALITOS,CORRALITOS - PURISIMA HIGHLANDS,112.711207,464
GEESEBAL,2010-04-01,6-055,6-055,COSO VALLEY,COSO VALLEY,,0
GEESEBAL,2010-04-01,1-037,1-037,COTTONEVA CREEK VALLEY,COTTONEVA CREEK VALLEY,,0
GEESEBAL,2010-04-01,9-027,9-027,COTTONWOOD VALLEY,COTTONWOOD VALLEY,53.028571,70
GEESEBAL,2010-04-01,1-011,1-011,COVELO ROUND VALLEY,COVELO ROUND VALLEY,55.464458,36576
GEESEBAL,2010-04-01,6-091,6-091,COW HEAD LAKE VALLEY,COW HEAD LAKE VALLEY,75.827802,15639
GEESEBAL,2010-04-01,6-037,6-037,COYOTE LAKE VALLEY,COYOTE LAKE VALLEY,5.488683,972
GEESEBAL,2010-04-01,5-018,5-018,COYOTE VALLEY,COYOTE VALLEY,53.342516,6534
GEESEBAL,2010-04-01,7-029,7-029,COYOTE WELLS VALLEY,COYOTE WELLS VALLEY,1.25,80
GEESEBAL,2010-04-01,6-035,6-035,CRONISE VALLEY,CRONISE VALLEY,,0
GEESEBAL,2010-04-01,6-050,6-050,CUDDEBACK VALLEY,CUDDEBACK VALLEY,,0
GEESEBAL,2010-04-01,5-082,5-082,CUDDY CANYON VALLEY,CUDDY CANYON VALLEY,,0
GEESEBAL,2010-04-01,5-083,5-083,CUDDY RANCH AREA,CUDDY RANCH AREA,,0
GEESEBAL,2010-04-01,5-084,5-084,CUDDY VALLEY,CUDDY VALLEY,12.75,16
GEESEBAL,2010-04-01,5-027,5-027,CUMMINGS VALLEY,CUMMINGS VALLEY,61.995201,11461
GEESEBAL,2010-04-01,3-013,3-013,CUYAMA VALLEY,CUYAMA VALLEY,39.002621,153773
GEESEBAL,2010-04-01,7-009,7-009,DALE VALLEY,DALE VALLEY,32.986842,152
GEESEBAL,2010-04-01,6-057,6-057,DARWIN VALLEY,DARWIN VALLEY,,0
GEESEBAL,2010-04-01,7-061,7-061,DAVIES VALLEY,DAVIES VALLEY,,0
GEESEBAL,2010-04-01,7-013.01,7-013,DEADMAN VALLEY,DEADMAN VALLEY - DEADMAN LAKE,,0
GEESEBAL,2010-04-01,7-013.02,7-013,DEADMAN VALLEY,DEADMAN VALLEY - SURPRISE SPRING,,0
GEESEBAL,2010-04-01,6-018,6-018,DEATH VALLEY,DEATH VALLEY,48.055556,18
GEESEBAL,2010-04-01,6-015,6-015,DEEP SPRINGS VALLEY,DEEP SPRINGS VALLEY,79.555906,635
GEESEBAL,2010-04-01,6-078,6-078,DENNING SPRING VALLEY,DENNING SPRING VALLEY,,0
GEESEBAL,2010-04-01,1-034,1-034,DINSMORES TOWN AREA,DINSMORES TOWN AREA,18.104651,86
GEESEBAL,2010-04-01,5-053,5-053,DIXIE VALLEY,DIXIE VALLEY,43.663202,11449
GEESEBAL,2010-04-01,2-040,2-040,DOWNTOWN,DOWNTOWN,,0
GEESEBAL,2010-04-01,5-049,5-049,DRY BURNEY CREEK VALLEY,DRY BURNEY CREEK VALLEY,,0
GEESEBAL,2010-04-01,3-029,3-029,DRY LAKE VALLEY,DRY LAKE VALLEY,69.559259,540
GEESEBAL,2010-04-01,6-095,6-095,DRY VALLEY,DRY VALLEY,,0
GEESEBAL,2010-04-01,6-096,6-096,EAGLE LAKE AREA,EAGLE LAKE AREA,,0
GEESEBAL,2010-04-01,7-033,7-033,EAST SALTON SEA,EAST SALTON SEA,56.517833,40262
GEESEBAL,2010-04-01,1-044,1-044,EDEN VALLEY,EDEN VALLEY,29.8289,1654
GEESEBAL,2010-04-01,1-010,1-010,EEL RIVER VALLEY,EEL RIVER VALLEY,75.233546,118088
GEESEBAL,2010-04-01,5-041,5-041,EGG LAKE VALLEY,EGG LAKE VALLEY,,0
GEESEBAL,2010-04-01,9-016,9-016,EL CAJON VALLEY,EL CAJON VALLEY,90.0,31
GEESEBAL,2010-04-01,6-043,6-043,EL MIRAGE VALLEY,EL MIRAGE VALLEY,36.695042,3207
GEESEBAL,2010-04-01,5-062,5-062,ELK CREEK AREA,ELK CREEK AREA,72.356643,143
GEESEBAL,2010-04-01,8-004.02,8-004,ELSINORE,ELSINORE - BEDFORD-COLDWATER,74.071675,1158
GEESEBAL,2010-04-01,8-004.01,8-004,ELSINORE,ELSINORE - ELSINORE VALLEY,69.598131,107
GEESEBAL,2010-04-01,9-009,9-009,ESCONDIDO VALLEY,ESCONDIDO VALLEY,110.0,34
GEESEBAL,2010-04-01,1-009,1-009,EUREKA PLAIN,EUREKA PLAIN,73.270348,20936
GEESEBAL,2010-04-01,6-016,6-016,EUREKA VALLEY,EUREKA VALLEY,,0
GEESEBAL,2010-04-01,1-022,1-022,FAIRCHILD SWAMP VALLEY,FAIRCHILD SWAMP VALLEY,,0
GEESEBAL,2010-04-01,5-005,5-005,FALL RIVER VALLEY,FALL RIVER VALLEY,75.948351,134098
GEESEBAL,2010-04-01,7-002,7-002,FENNER VALLEY,FENNER VALLEY,,0
GEESEBAL,2010-04-01,6-014,6-014,FISH LAKE VALLEY,FISH LAKE VALLEY,89.982287,14340
GEESEBAL,2010-04-01,3-053,3-053,FOOTHILL,FOOTHILL,121.628571,35
GEESEBAL,2010-04-01,1-021,1-021,FORT BRAGG TERRACE AREA,FORT BRAGG TERRACE AREA,93.058132,9530
GEESEBAL,2010-04-01,1-061,1-061,FORT ROSS TERRACE DEPOSITS,FORT ROSS TERRACE DEPOSITS,69.333333,1077
GEESEBAL,2010-04-01,6-046,6-046,FREMONT VALLEY,FREMONT VALLEY,26.614674,1949
GEESEBAL,2010-04-01,5-090,5-090,FUNKS CREEK,FUNKS CREEK,85.705308,3278
GEESEBAL,2010-04-01,1-032,1-032,GARBERVILLE TOWN AREA,GARBERVILLE TOWN AREA,50.833955,536
GEESEBAL,2010-04-01,1-020,1-020,GARCIA RIVER VALLEY,GARCIA RIVER VALLEY,114.295699,2790
GEESEBAL,2010-04-01,3-003.01,3-003,GILROY-HOLLISTER VALLEY,GILROY-HOLLISTER VALLEY - LLAGAS AREA,72.091179,76695
GEESEBAL,2010-04-01,3-003.05,3-003,GILROY-HOLLISTER VALLEY,GILROY-HOLLISTER VALLEY - NORTH SAN BENITO,80.981704,195075
GEESEBAL,2010-04-01,6-085,6-085,GOLD VALLEY,GOLD VALLEY,,0
GEESEBAL,2010-04-01,6-048,6-048,GOLDSTONE VALLEY,GOLDSTONE VALLEY,,0
GEESEBAL,2010-04-01,3-016,3-016,GOLETA,GOLETA,116.066766,3355
GEESEBAL,2010-04-01,5-001.02,5-001,GOOSE LAKE,GOOSE LAKE - FANDANGO VALLEY,65.70813,29126
GEESEBAL,2010-04-01,5-001.01,5-001,GOOSE LAKE,GOOSE LAKE - GOOSE VALLEY,78.285022,55936
GEESEBAL,2010-04-01,5-047,5-047,GOOSE VALLEY,GOOSE VALLEY,92.571041,15463
GEESEBAL,2010-04-01,6-077,6-077,GRASS VALLEY,GRASS VALLEY,,0
GEESEBAL,2010-04-01,6-094,6-094,GRASSHOPPER VALLEY,GRASSHOPPER VALLEY,43.900375,3734
GEESEBAL,2010-04-01,1-048,1-048,GRAVELLY VALLEY,GRAVELLY VALLEY,,0
GEESEBAL,2010-04-01,5-052,5-052,GRAYS VALLEY,GRAYS VALLEY,,0
GEESEBAL,2010-04-01,6-084,6-084,GREENWATER VALLEY,GREENWATER VALLEY,,0
GEESEBAL,2010-04-01,5-059,5-059,GRIZZLY VALLEY,GRIZZLY VALLEY,,0
GEESEBAL,2010-04-01,2-022,2-022,HALF MOON BAY TERRACE,HALF MOON BAY TERRACE,112.119119,9033
GEESEBAL,2010-04-01,1-015,1-015,HAPPY CAMP TOWN AREA,HAPPY CAMP TOWN AREA,76.40404,99
GEESEBAL,2010-04-01,6-047,6-047,HARPER VALLEY,HARPER VALLEY,32.430894,5658
GEESEBAL,2010-04-01,6-074,6-074,HARRISBURG FLATS,HARRISBURG FLATS,,0
GEESEBAL,2010-04-01,6-093,6-093,HARVEY VALLEY,HARVEY VALLEY,,0
GEESEBAL,2010-04-01,1-006,1-006,HAYFORK VALLEY,HAYFORK VALLEY,36.2626,3115
GEESEBAL,2010-04-01,7-048,7-048,HELENDALE FAULT VALLEY,HELENDALE FAULT VALLEY,,0
GEESEBAL,2010-04-01,8-006,8-006,HEMET LAKE VALLEY,HEMET LAKE VALLEY,,0
GEESEBAL,2010-04-01,3-031,3-031,HERNANDEZ VALLEY,HERNANDEZ VALLEY,44.071979,389
GEESEBAL,2010-04-01,1-036,1-036,HETTENSHAW VALLEY,HETTENSHAW VALLEY,17.354223,2202
GEESEBAL,2010-04-01,7-053,7-053,HEXIE MOUNTAIN AREA,HEXIE MOUNTAIN AREA,,0
GEESEBAL,2010-04-01,6-063,6-063,HIDDEN VALLEY,HIDDEN VALLEY,,0
GEESEBAL,2010-04-01,4-016,4-016,HIDDEN VALLEY,HIDDEN VALLEY,112.705867,3767
GEESEBAL,2010-04-01,5-016,5-016,HIGH VALLEY,HIGH VALLEY,30.348795,2781
GEESEBAL,2010-04-01,6-004,6-004,HONEY LAKE VALLEY,HONEY LAKE VALLEY,51.42029,188784
GEESEBAL,2010-04-01,1-029,1-029,HONEYDEW TOWN AREA,HONEYDEW TOWN AREA,43.459848,1183
GEESEBAL,2010-04-01,1-007,1-007,HOOPA VALLEY,HOOPA VALLEY,38.650572,787
GEESEBAL,2010-04-01,6-097,6-097,HORSE LAKE VALLEY,HORSE LAKE VALLEY,80.794233,4335
GEESEBAL,2010-04-01,5-040,5-040,HOT SPRINGS VALLEY,HOT SPRINGS VALLEY,84.620943,3266
GEESEBAL,2010-04-01,3-045,3-045,HUASNA VALLEY,HUASNA VALLEY,92.517528,3366
GEESEBAL,2010-04-01,5-060,5-060,HUMBUG VALLEY,HUMBUG VALLEY,82.498302,1178
GEESEBAL,2010-04-01,4-018,4-018,HUNGRY VALLEY,HUNGRY VALLEY,,0
GEESEBAL,2010-04-01,1-035,1-035,HYAMPOM VALLEY,HYAMPOM VALLEY,33.686508,504
GEESEBAL,2010-04-01,7-030,7-030,IMPERIAL VALLEY,IMPERIAL VALLEY,89.160541,1787557
GEESEBAL,2010-04-01,5-009,5-009,INDIAN VALLEY,INDIAN VALLEY,88.62643,44586
GEESEBAL,2010-04-01,6-054,6-054,INDIAN WELLS VALLEY,INDIAN WELLS VALLEY,28.428298,14616
GEESEBAL,2010-04-01,7-050,7-050,IRON RIDGE AREA,IRON RIDGE AREA,,0
GEESEBAL,2010-04-01,2-033,2-033,ISLAIS VALLEY,ISLAIS VALLEY,,0
GEESEBAL,2010-04-01,6-030,6-030,IVANPAH VALLEY,IVANPAH VALLEY,105.070806,918
GEESEBAL,2010-04-01,7-047,7-047,JACUMBA VALLEY,JACUMBA VALLEY,,0
GEESEBAL,2010-04-01,5-003,5-003,JESS VALLEY,JESS VALLEY,88.353174,15658
GEESEBAL,2010-04-01,7-018.01,7-018,JOHNSON VALLEY,JOHNSON VALLEY - SOGGY LAKE,17.1,60
GEESEBAL,2010-04-01,7-018.02,7-018,JOHNSON VALLEY,JOHNSON VALLEY - UPPER JOHNSON VALLEY,,0
GEESEBAL,2010-04-01,5-086,5-086,JOSEPH CREEK,JOSEPH CREEK,98.729938,4673
GEESEBAL,2010-04-01,7-062,7-062,JOSHUA TREE,JOSHUA TREE,,0
GEESEBAL,2010-04-01,6-089,6-089,KANE WASH AREA,KANE WASH AREA,,0
GEESEBAL,2010-04-01,6-069,6-069,KELSO LANDER VALLEY,KELSO LANDER VALLEY,,0
GEESEBAL,2010-04-01,6-031,6-031,KELSO VALLEY,KELSO VALLEY,,0
GEESEBAL,2010-04-01,2-019,2-019,KENWOOD VALLEY,KENWOOD VALLEY,33.471272,5674
GEESEBAL,2010-04-01,5-025,5-025,KERN RIVER VALLEY,KERN RIVER VALLEY,58.444319,15077
GEESEBAL,2010-04-01,1-002.02,1-002,KLAMATH RIVER VALLEY,KLAMATH RIVER VALLEY - LOWER KLAMATH,67.640316,93343
GEESEBAL,2010-04-01,1-002.01,1-002,KLAMATH RIVER VALLEY,KLAMATH RIVER VALLEY - TULELAKE,35.226359,296556
GEESEBAL,2010-04-01,1-050,1-050,KNIGHTS VALLEY,KNIGHTS VALLEY,50.175089,7322
GEESEBAL,2010-04-01,5-007,5-007,LAKE ALMANOR VALLEY,LAKE ALMANOR VALLEY,58.45101,2623
GEESEBAL,2010-04-01,5-046,5-046,LAKE BRITTON AREA,LAKE BRITTON AREA,79.84127,441
GEESEBAL,2010-04-01,7-001,7-001,LANFAIR VALLEY,LANFAIR VALLEY,,0
GEESEBAL,2010-04-01,6-036.02,6-036,LANGFORD VALLEY,LANGFORD VALLEY - IRWIN,,0
GEESEBAL,2010-04-01,6-036.01,6-036,LANGFORD VALLEY,LANGFORD VALLEY - LANGFORD WELL LAKE,,0
GEESEBAL,2010-04-01,1-033,1-033,LARABEE VALLEY,LARABEE VALLEY,18.563981,211
GEESEBAL,2010-04-01,4-008,4-008,LAS POSAS VALLEY,LAS POSAS VALLEY,107.128625,90830
GEESEBAL,2010-04-01,5-057,5-057,LAST CHANCE CREEK VALLEY,LAST CHANCE CREEK VALLEY,,0
GEESEBAL,2010-04-01,7-014,7-014,LAVIC VALLEY,LAVIC VALLEY,,0
GEESEBAL,2010-04-01,1-012,1-012,LAYTONVILLE VALLEY,LAYTONVILLE VALLEY,36.072753,5017
GEESEBAL,2010-04-01,6-027,6-027,LEACH VALLEY,LEACH VALLEY,,0
GEESEBAL,2010-04-01,6-066,6-066,LEE FLAT,LEE FLAT,,0
GEESEBAL,2010-04-01,6-106,6-106,LITTLE ANTELOPE VALLEY,LITTLE ANTELOPE VALLEY,47.092947,1829
GEESEBAL,2010-04-01,5-065,5-065,LITTLE INDIAN VALLEY,LITTLE INDIAN VALLEY,52.055556,18
GEESEBAL,2010-04-01,1-013,1-013,LITTLE LAKE VALLEY,LITTLE LAKE VALLEY,58.776155,16230
GEESEBAL,2010-04-01,1-041,1-041,LITTLE VALLEY,LITTLE VALLEY,71.206128,718
GEESEBAL,2010-04-01,2-010,2-010,LIVERMORE VALLEY,LIVERMORE VALLEY,81.910476,31366
GEESEBAL,2010-04-01,2-038,2-038,LOBOS,LOBOS,109.841184,743
GEESEBAL,2010-04-01,3-006,3-006,LOCKWOOD VALLEY,LOCKWOOD VALLEY,56.738352,22966
GEESEBAL,2010-04-01,4-017,4-017,LOCKWOOD VALLEY,LOCKWOOD VALLEY,1.916667,120
GEESEBAL,2010-04-01,6-011,6-011,LONG VALLEY,LONG VALLEY,18.208378,28621
GEESEBAL,2010-04-01,5-044,5-044,LONG VALLEY,LONG VALLEY,,0
GEESEBAL,2010-04-01,6-104,6-104,LONG VALLEY,LONG VALLEY,79.930003,6486
GEESEBAL,2010-04-01,5-031,5-031,LONG VALLEY,LONG VALLEY,38.040088,2719
GEESEBAL,2010-04-01,5-070,5-070,LOS BANOS CREEK VALLEY,LOS BANOS CREEK VALLEY,,0
GEESEBAL,2010-04-01,3-008.01,3-008,LOS OSOS VALLEY,LOS OSOS VALLEY - LOS OSOS AREA,72.217254,1901
GEESEBAL,2010-04-01,3-008.02,3-008,LOS OSOS VALLEY,LOS OSOS VALLEY - WARDEN CREEK,65.599764,4235
GEESEBAL,2010-04-01,7-051,7-051,LOST HORSE VALLEY,LOST HORSE VALLEY,,0
GEESEBAL,2010-04-01,6-071,6-071,LOST LAKE VALLEY,LOST LAKE VALLEY,,0
GEESEBAL,2010-04-01,6-021,6-021,LOWER KINGSTON VALLEY,LOWER KINGSTON VALLEY,,0
GEESEBAL,2010-04-01,1-014,1-014,LOWER KLAMATH RIVER VALLEY,LOWER KLAMATH RIVER VALLEY,77.864924,1377
GEESEBAL,2010-04-01,5-030,5-030,LOWER LAKE VALLEY,LOWER LAKE VALLEY,44.535433,635
GEESEBAL,2010-04-01,1-038,1-038,LOWER LAYTONVILLE VALLEY,LOWER LAYTONVILLE VALLEY,38.416076,423
GEESEBAL,2010-04-01,6-040,6-040,LOWER MOJAVE RIVER VALLEY,LOWER MOJAVE RIVER VALLEY,70.617457,17368
GEESEBAL,2010-04-01,1-060,1-060,LOWER RUSSIAN RIVER VALLEY,LOWER RUSSIAN RIVER VALLEY,63.22428,5453
GEESEBAL,2010-04-01,7-019,7-019,LUCERNE VALLEY,LUCERNE VALLEY,46.203072,9962
GEESEBAL,2010-04-01,1-008.02,1-008,MAD RIVER VALLEY,MAD RIVER VALLEY - DOWS PRAIRIE SCHOOL AREA,75.16347,5891
GEESEBAL,2010-04-01,1-008.01,1-008,MAD RIVER VALLEY,MAD RIVER VALLEY - MAD RIVER LOWLAND,77.260856,27843
GEESEBAL,2010-04-01,6-002,6-002,MADELINE PLAINS,MADELINE PLAINS,21.28125,97657
GEESEBAL,2010-04-01,3-051,3-051,MAJORS CREEK,MAJORS CREEK,110.664887,749
GEESEBAL,2010-04-01,4-022,4-022,MALIBU VALLEY,MALIBU VALLEY,109.225,40
GEESEBAL,2010-04-01,6-064,6-064,MARBLE CANYON AREA,MARBLE CANYON AREA,,0
GEESEBAL,2010-04-01,2-039,2-039,MARINA,MARINA,,0
GEESEBAL,2010-04-01,6-067,6-067,MARTIS VALLEY,MARTIS VALLEY,67.19619,3150
GEESEBAL,2010-04-01,7-059,7-059,MASON VALLEY,MASON VALLEY,,0
GEESEBAL,2010-04-01,1-028,1-028,MATTOLE RIVER VALLEY,MATTOLE RIVER VALLEY,38.964962,2797
GEESEBAL,2010-04-01,5-035,5-035,MCCLOUD AREA,MCCLOUD AREA,95.748663,187
GEESEBAL,2010-04-01,5-095,5-095,MEADOW VALLEY,MEADOW VALLEY,68.008649,925
GEESEBAL,2010-04-01,7-017,7-017,MEANS VALLEY,MEANS VALLEY,0.0,42
GEESEBAL,2010-04-01,6-029,6-029,MESQUITE VALLEY,MESQUITE VALLEY,94.717267,9058
GEESEBAL,2010-04-01,6-020,6-020,MIDDLE AMARGOSA VALLEY,MIDDLE AMARGOSA VALLEY,52.825688,109
GEESEBAL,2010-04-01,5-094,5-094,MIDDLE CREEK,MIDDLE CREEK,73.607407,135
GEESEBAL,2010-04-01,5-087,5-087,MIDDLE FORK FEATHER RIVER,MIDDLE FORK FEATHER RIVER,82.396285,646
GEESEBAL,2010-04-01,6-041,6-041,MIDDLE MOJAVE RIVER VALLEY,MIDDLE MOJAVE RIVER VALLEY,79.825275,3268
GEESEBAL,2010-04-01,6-080,6-080,MIDDLE PARK CANYON,MIDDLE PARK CANYON,,0
GEESEBAL,2010-04-01,5-085,5-085,MIL POTRERO AREA,MIL POTRERO AREA,18.955357,112
GEESEBAL,2010-04-01,9-014,9-014,MISSION VALLEY,MISSION VALLEY,127.220748,829
GEESEBAL,2010-04-01,5-011,5-011,MOHAWK VALLEY,MOHAWK VALLEY,80.92482,6531
GEESEBAL,2010-04-01,6-009,6-009,MONO VALLEY,MONO VALLEY,32.610879,239
GEESEBAL,2010-04-01,3-049,3-049,MONTECITO,MONTECITO,118.352497,1722
GEESEBAL,2010-04-01,7-020,7-020,MORONGO VALLEY,MORONGO VALLEY,0.0,21
GEESEBAL,2010-04-01,3-041,3-041,MORRO VALLEY,MORRO VALLEY,87.213537,1241
GEESEBAL,2010-04-01,5-008,5-008,MOUNTAIN MEADOWS VALLEY,MOUNTAIN MEADOWS VALLEY,82.89175,23769
GEESEBAL,2010-04-01,1-056,1-056,McDOWELL VALLEY,McDOWELL VALLEY,51.871255,2804
GEESEBAL,2010-04-01,2-002.01,2-002,NAPA-SONOMA VALLEY,NAPA-SONOMA VALLEY - NAPA VALLEY,43.205115,93416
GEESEBAL,2010-04-01,2-002.03,2-002,NAPA-SONOMA VALLEY,NAPA-SONOMA VALLEY - NAPA-SONOMA LOWLANDS,60.714958,23572
GEESEBAL,2010-04-01,2-002.02,2-002,NAPA-SONOMA VALLEY,NAPA-SONOMA VALLEY - SONOMA VALLEY,70.906139,80598
GEESEBAL,2010-04-01,1-046,1-046,NAVARRO RIVER VALLEY,NAVARRO RIVER VALLEY,,0
GEESEBAL,2010-04-01,3-052,3-052,NEEDLE ROCK POINT,NEEDLE ROCK POINT,103.262069,1595
GEESEBAL,2010-04-01,7-044,7-044,NEEDLES VALLEY,NEEDLES VALLEY,89.118802,16397
GEESEBAL,2010-04-01,5-050,5-050,NORTH FORK BATTLE CREEK,NORTH FORK BATTLE CREEK,59.619658,2808
GEESEBAL,2010-04-01,2-030,2-030,NOVATO VALLEY,NOVATO VALLEY,97.095985,14596
GEESEBAL,2010-04-01,7-025,7-025,OCOTILLO-CLARK VALLEY,OCOTILLO-CLARK VALLEY,60.022181,37509
GEESEBAL,2010-04-01,7-035,7-035,OGILBY VALLEY,OGILBY VALLEY,36.304438,3357
GEESEBAL,2010-04-01,4-002,4-002,OJAI VALLEY,OJAI VALLEY,97.387048,9327
GEESEBAL,2010-04-01,3-039,3-039,OLD VALLEY,OLD VALLEY,79.560976,205
GEESEBAL,2010-04-01,6-108,6-108,OLYMPIC VALLEY,OLYMPIC VALLEY,104.210526,19
GEESEBAL,2010-04-01,7-031,7-031,OROCOPIA VALLEY,OROCOPIA VALLEY,0.204969,161
GEESEBAL,2010-04-01,6-012.02,6-012,OWENS VALLEY,OWENS VALLEY - FISH SLOUGH,,0
GEESEBAL,2010-04-01,6-012.01,6-012,OWENS VALLEY,OWENS VALLEY - OWENS VALLEY,40.942398,93070
GEESEBAL,2010-04-01,6-088,6-088,OWL LAKE VALLEY,OWL LAKE VALLEY,,0
GEESEBAL,2010-04-01,6-028,6-028,PAHRUMP VALLEY,PAHRUMP VALLEY,,0
GEESEBAL,2010-04-01,6-099,6-099,PAINTERS FLAT,PAINTERS FLAT,50.956752,1133
GEESEBAL,2010-04-01,7-039,7-039,PALO VERDE MESA,PALO VERDE MESA,64.230206,161308
GEESEBAL,2010-04-01,7-038,7-038,PALO VERDE VALLEY,PALO VERDE VALLEY,64.343189,224174
GEESEBAL,2010-04-01,9-024,9-024,PAMO VALLEY,PAMO VALLEY,,0
GEESEBAL,2010-04-01,6-058,6-058,PANAMINT VALLEY,PANAMINT VALLEY,,0
GEESEBAL,2010-04-01,5-023,5-023,PANOCHE VALLEY,PANOCHE VALLEY,6.220753,1966
GEESEBAL,2010-04-01,3-032,3-032,PEACH TREE VALLEY,PEACH TREE VALLEY,48.873817,1268
GEESEBAL,2010-04-01,1-030,1-030,PEPPERWOOD TOWN AREA,PEPPERWOOD TOWN AREA,70.065285,3523
GEESEBAL,2010-04-01,2-026,2-026,PESCADERO VALLEY,PESCADERO VALLEY,106.920849,2451
GEESEBAL,2010-04-01,2-001,2-001,PETALUMA VALLEY,PETALUMA VALLEY,85.480301,46221
GEESEBAL,2010-04-01,6-051,6-051,PILOT KNOB VALLEY,PILOT KNOB VALLEY,,0
GEESEBAL,2010-04-01,6-092,6-092,PINE CREEK VALLEY,PINE CREEK VALLEY,99.203125,64
GEESEBAL,2010-04-01,7-006,7-006,PINTO VALLEY,PINTO VALLEY,,0
GEESEBAL,2010-04-01,7-049,7-049,PIPES CANYON FAULT VALLEY,PIPES CANYON FAULT VALLEY,,0
GEESEBAL,2010-04-01,2-004,2-004,PITTSBURG PLAIN,PITTSBURG PLAIN,,0
GEESEBAL,2010-04-01,7-045,7-045,PIUTE VALLEY,PIUTE VALLEY,,0
GEESEBAL,2010-04-01,7-052,7-052,PLEASANT VALLEY,PLEASANT VALLEY,,0
GEESEBAL,2010-04-01,4-006,4-006,PLEASANT VALLEY,PLEASANT VALLEY,105.445927,33196
GEESEBAL,2010-04-01,5-038,5-038,PONDOSA TOWN AREA,PONDOSA TOWN AREA,,0
GEESEBAL,2010-04-01,5-068,5-068,POPE VALLEY,POPE VALLEY,68.192353,12659
GEESEBAL,2010-04-01,9-029,9-029,POTRERO VALLEY,POTRERO VALLEY,77.12938,371
GEESEBAL,2010-04-01,1-051,1-051,POTTER VALLEY,POTTER VALLEY,72.957089,20554
GEESEBAL,2010-04-01,9-013,9-013,POWAY VALLEY,POWAY VALLEY,,0
GEESEBAL,2010-04-01,3-044,3-044,POZO VALLEY,POZO VALLEY,87.660892,2713
GEESEBAL,2010-04-01,1-025,1-025,PRAIRIE CREEK AREA,PRAIRIE CREEK AREA,,0
GEESEBAL,2010-04-01,7-040,7-040,QUIEN SABE POINT VALLEY,QUIEN SABE POINT VALLEY,90.918079,708
GEESEBAL,2010-04-01,3-024,3-024,QUIEN SABE VALLEY,QUIEN SABE VALLEY,73.013067,11403
GEESEBAL,2010-04-01,6-062,6-062,RACE TRACK VALLEY,RACE TRACK VALLEY,,0
GEESEBAL,2010-04-01,3-046,3-046,RAFAEL VALLEY,RAFAEL VALLEY,115.0,1
GEESEBAL,2010-04-01,9-025,9-025,RANCHITA TOWN AREA,RANCHITA TOWN AREA,51.409091,44
GEESEBAL,2010-04-01,4-023,4-023,RAYMOND,RAYMOND,90.988934,1717
GEESEBAL,2010-04-01,6-024,6-024,RED PASS VALLEY,RED PASS VALLEY,,0
GEESEBAL,2010-04-01,1-018,1-018,RED ROCK VALLEY,RED ROCK VALLEY,50.936332,22680
GEESEBAL,2010-04-01,5-006.03,5-006,REDDING AREA,REDDING AREA - ANDERSON,99.54632,42951
GEESEBAL,2010-04-01,5-006.01,5-006,REDDING AREA,REDDING AREA - BOWMAN,104.691201,18219
GEESEBAL,2010-04-01,5-006.04,5-006,REDDING AREA,REDDING AREA - ENTERPRISE,99.672273,22476
GEESEBAL,2010-04-01,5-006.05,5-006,REDDING AREA,REDDING AREA - MILLVILLE,101.646444,9082
GEESEBAL,2010-04-01,5-006.06,5-006,REDDING AREA,REDDING AREA - SOUTH BATTLE CREEK,83.045227,7982
GEESEBAL,2010-04-01,1-026,1-026,REDWOOD CREEK AREA,REDWOOD CREEK AREA,81.476032,2712
GEESEBAL,2010-04-01,6-086,6-086,RHODES HILL AREA,RHODES HILL AREA,,0
GEESEBAL,2010-04-01,7-004,7-004,RICE VALLEY,RICE VALLEY,107.495961,619
GEESEBAL,2010-04-01,6-023,6-023,RIGGS VALLEY,RIGGS VALLEY,,0
GEESEBAL,2010-04-01,3-043,3-043,RINCONADA VALLEY,RINCONADA VALLEY,78.217406,2907
GEESEBAL,2010-04-01,5-043,5-043,ROCK PRAIRIE VALLEY,ROCK PRAIRIE VALLEY,,0
GEESEBAL,2010-04-01,6-056,6-056,ROSE VALLEY,ROSE VALLEY,,0
GEESEBAL,2010-04-01,2-028,2-028,ROSS VALLEY,ROSS VALLEY,,0
GEESEBAL,2010-04-01,5-036,5-036,ROUND VALLEY,ROUND VALLEY,77.868013,14312
GEESEBAL,2010-04-01,4-020,4-020,RUSSELL VALLEY,RUSSELL VALLEY,80.145038,131
GEESEBAL,2010-04-01,5-021.54,5-021,SACRAMENTO VALLEY,SACRAMENTO VALLEY - ANTELOPE,89.916687,37689
GEESEBAL,2010-04-01,5-021.53,5-021,SACRAMENTO VALLEY,SACRAMENTO VALLEY - BEND,85.067531,2621
GEESEBAL,2010-04-01,5-021.70,5-021,SACRAMENTO VALLEY,SACRAMENTO VALLEY - BUTTE,40.782843,817606
GEESEBAL,2010-04-01,5-021.52,5-021,SACRAMENTO VALLEY,SACRAMENTO VALLEY - COLUSA,53.255775,2198912
GEESEBAL,2010-04-01,5-021.51,5-021,SACRAMENTO VALLEY,SACRAMENTO VALLEY - CORNING,97.558342,348885
GEESEBAL,2010-04-01,5-021.56,5-021,SACRAMENTO VALLEY,SACRAMENTO VALLEY - LOS MOLINOS,96.491995,77700
GEESEBAL,2010-04-01,5-021.64,5-021,SACRAMENTO VALLEY,SACRAMENTO VALLEY - NORTH AMERICAN,60.029674,553454
GEESEBAL,2010-04-01,5-021.60,5-021,SACRAMENTO VALLEY,SACRAMENTO VALLEY - NORTH YUBA,74.260913,171444
GEESEBAL,2010-04-01,5-021.50,5-021,SACRAMENTO VALLEY,SACRAMENTO VALLEY - RED BLUFF,97.969509,175098
GEESEBAL,2010-04-01,5-021.66,5-021,SACRAMENTO VALLEY,SACRAMENTO VALLEY - SOLANO,79.860166,931582
GEESEBAL,2010-04-01,5-021.65,5-021,SACRAMENTO VALLEY,SACRAMENTO VALLEY - SOUTH AMERICAN,93.705522,248983
GEESEBAL,2010-04-01,5-021.61,5-021,SACRAMENTO VALLEY,SACRAMENTO VALLEY - SOUTH YUBA,65.86473,215148
GEESEBAL,2010-04-01,5-021.62,5-021,SACRAMENTO VALLEY,SACRAMENTO VALLEY - SUTTER,45.258677,862677
GEESEBAL,2010-04-01,5-021.57,5-021,SACRAMENTO VALLEY,SACRAMENTO VALLEY - VINA,93.701857,355464
GEESEBAL,2010-04-01,5-021.69,5-021,SACRAMENTO VALLEY,SACRAMENTO VALLEY - WYANDOTTE CREEK,75.941427,72218
GEESEBAL,2010-04-01,5-021.67,5-021,SACRAMENTO VALLEY,SACRAMENTO VALLEY - YOLO,65.721807,1423419
GEESEBAL,2010-04-01,3-004.01,3-004,SALINAS VALLEY,SALINAS VALLEY - 180/400 FOOT AQUIFER,61.110867,244978
GEESEBAL,2010-04-01,3-004.11,3-004,SALINAS VALLEY,SALINAS VALLEY - ATASCADERO AREA,61.089776,25586
GEESEBAL,2010-04-01,3-004.02,3-004,SALINAS VALLEY,SALINAS VALLEY - EAST SIDE AQUIFER,61.05201,155488
GEESEBAL,2010-04-01,3-004.04,3-004,SALINAS VALLEY,SALINAS VALLEY - FOREBAY AQUIFER,42.58133,261975
GEESEBAL,2010-04-01,3-004.09,3-004,SALINAS VALLEY,SALINAS VALLEY - LANGLEY AREA,82.562411,8396
GEESEBAL,2010-04-01,3-004.10,3-004,SALINAS VALLEY,SALINAS VALLEY - MONTEREY,68.456314,3033
GEESEBAL,2010-04-01,3-004.06,3-004,SALINAS VALLEY,SALINAS VALLEY - PASO ROBLES AREA,54.886547,339919
GEESEBAL,2010-04-01,3-004.08,3-004,SALINAS VALLEY,SALINAS VALLEY - SEASIDE,69.14364,1643
GEESEBAL,2010-04-01,3-004.05,3-004,SALINAS VALLEY,SALINAS VALLEY - UPPER VALLEY AQUIFER,39.010661,280181
GEESEBAL,2010-04-01,6-017,6-017,SALINE VALLEY,SALINE VALLEY,,0
GEESEBAL,2010-04-01,6-053,6-053,SALT WELLS VALLEY,SALT WELLS VALLEY,,0
GEESEBAL,2010-04-01,3-014,3-014,SAN ANTONIO CREEK VALLEY,SAN ANTONIO CREEK VALLEY,74.4057,63229
GEESEBAL,2010-04-01,3-028,3-028,SAN BENITO RIVER VALLEY,SAN BENITO RIVER VALLEY,62.421543,4187
GEESEBAL,2010-04-01,3-033,3-033,SAN CARPOFORO VALLEY,SAN CARPOFORO VALLEY,,0
GEESEBAL,2010-04-01,9-015,9-015,SAN DIEGO RIVER VALLEY,SAN DIEGO RIVER VALLEY,116.171203,1139
GEESEBAL,2010-04-01,9-012,9-012,SAN DIEGUITO CREEK,SAN DIEGUITO CREEK,137.998137,1610
GEESEBAL,2010-04-01,9-023,9-023,SAN ELIJO VALLEY,SAN ELIJO VALLEY,112.8,25
GEESEBAL,2010-04-01,7-027,7-027,SAN FELIPE VALLEY,SAN FELIPE VALLEY,90.77027,74
GEESEBAL,2010-04-01,4-012,4-012,SAN FERNANDO VALLEY,SAN FERNANDO VALLEY,96.009726,8431
GEESEBAL,2010-04-01,4-013,4-013,SAN GABRIEL VALLEY,SAN GABRIEL VALLEY,99.125287,9139
GEESEBAL,2010-04-01,2-024,2-024,SAN GREGORIO VALLEY,SAN GREGORIO VALLEY,107.812389,1130
GEESEBAL,2010-04-01,8-005,8-005,SAN JACINTO,SAN JACINTO,94.725987,135450
GEESEBAL,2010-04-01,5-022.05,5-022,SAN JOAQUIN VALLEY,SAN JOAQUIN VALLEY - CHOWCHILLA,98.891829,545902
GEESEBAL,2010-04-01,5-022.16,5-022,SAN JOAQUIN VALLEY,SAN JOAQUIN VALLEY - COSUMNES,94.637949,250879
GEESEBAL,2010-04-01,5-022.07,5-022,SAN JOAQUIN VALLEY,SAN JOAQUIN VALLEY - DELTA-MENDOTA,69.423503,2031921
GEESEBAL,2010-04-01,5-022.19,5-022,SAN JOAQUIN VALLEY,SAN JOAQUIN VALLEY - EAST CONTRA COSTA,69.709056,180148
GEESEBAL,2010-04-01,5-022.01,5-022,SAN JOAQUIN VALLEY,SAN JOAQUIN VALLEY - EASTERN SAN JOAQUIN,80.347085,1846557
GEESEBAL,2010-04-01,5-022.11,5-022,SAN JOAQUIN VALLEY,SAN JOAQUIN VALLEY - KAWEAH,107.275545,1384259
GEESEBAL,2010-04-01,5-022.14,5-022,SAN JOAQUIN VALLEY,SAN JOAQUIN VALLEY - KERN COUNTY,75.845355,3709439
GEESEBAL,2010-04-01,5-022.17,5-022,SAN JOAQUIN VALLEY,SAN JOAQUIN VALLEY - KETTLEMAN PLAIN,52.640993,135911
GEESEBAL,2010-04-01,5-022.08,5-022,SAN JOAQUIN VALLEY,SAN JOAQUIN VALLEY - KINGS,91.889113,2979994
GEESEBAL,2010-04-01,5-022.06,5-022,SAN JOAQUIN VALLEY,SAN JOAQUIN VALLEY - MADERA,86.799537,953242
GEESEBAL,2010-04-01,5-022.04,5-022,SAN JOAQUIN VALLEY,SAN JOAQUIN VALLEY - MERCED,81.572155,1184928
GEESEBAL,2010-04-01,5-022.02,5-022,SAN JOAQUIN VALLEY,SAN JOAQUIN VALLEY - MODESTO,89.905809,583344
GEESEBAL,2010-04-01,5-022.10,5-022,SAN JOAQUIN VALLEY,SAN JOAQUIN VALLEY - PLEASANT VALLEY,45.694,120709
GEESEBAL,2010-04-01,5-022.15,5-022,SAN JOAQUIN VALLEY,SAN JOAQUIN VALLEY - TRACY,74.252057,626628
GEESEBAL,2010-04-01,5-022.12,5-022,SAN JOAQUIN VALLEY,SAN JOAQUIN VALLEY - TULARE LAKE,79.101951,1572267
GEESEBAL,2010-04-01,5-022.13,5-022,SAN JOAQUIN VALLEY,SAN JOAQUIN VALLEY - TULE,93.201291,1579986
GEESEBAL,2010-04-01,5-022.03,5-022,SAN JOAQUIN VALLEY,SAN JOAQUIN VALLEY - TURLOCK,92.995339,1022453
GEESEBAL,2010-04-01,5-022.09,5-022,SAN JOAQUIN VALLEY,SAN JOAQUIN VALLEY - WESTSIDE,59.169077,2400590
GEESEBAL,2010-04-01,5-022.18,5-022,SAN JOAQUIN VALLEY,SAN JOAQUIN VALLEY - WHITE WOLF,59.959095,162939
GEESEBAL,2010-04-01,9-001,9-001,SAN JUAN VALLEY,SAN JUAN VALLEY,105.21743,2272
GEESEBAL,2010-04-01,3-009,3-009,SAN LUIS OBISPO VALLEY,SAN LUIS OBISPO VALLEY,77.567883,16683
GEESEBAL,2010-04-01,9-007.02,9-007,SAN LUIS REY VALLEY,SAN LUIS REY VALLEY - LOWER SAN LUIS REY VALLEY,100.200434,2764
GEESEBAL,2010-04-01,9-007.01,9-007,SAN LUIS REY VALLEY,SAN LUIS REY VALLEY - UPPER SAN LUIS REY VALLEY,123.423257,25592
GEESEBAL,2010-04-01,9-032,9-032,SAN MARCOS AREA,SAN MARCOS AREA,137.222222,27
GEESEBAL,2010-04-01,9-002,9-002,SAN MATEO VALLEY,SAN MATEO VALLEY,98.777778,9
GEESEBAL,2010-04-01,9-003,9-003,SAN ONOFRE VALLEY,SAN ONOFRE VALLEY,,0
GEESEBAL,2010-04-01,9-010,9-010,SAN PASQUAL VALLEY,SAN PASQUAL VALLEY,104.409806,7689
GEESEBAL,2010-04-01,2-036,2-036,SAN PEDRO VALLEY,SAN PEDRO VALLEY,119.291667,24
GEESEBAL,2010-04-01,2-029,2-029,SAN RAFAEL VALLEY,SAN RAFAEL VALLEY,,0
GEESEBAL,2010-04-01,2-007,2-007,SAN RAMON VALLEY,SAN RAMON VALLEY,87.031746,378
GEESEBAL,2010-04-01,3-035,3-035,SAN SIMEON VALLEY,SAN SIMEON VALLEY,104.125,216
GEESEBAL,2010-04-01,2-027,2-027,SAND POINT AREA,SAND POINT AREA,96.262838,20564
GEESEBAL,2010-04-01,1-053,1-053,SANEL VALLEY,SANEL VALLEY,49.951405,11812
GEESEBAL,2010-04-01,3-022,3-022,SANTA ANA VALLEY,SANTA ANA VALLEY,89.488824,7158
GEESEBAL,2010-04-01,3-017,3-017,SANTA BARBARA,SANTA BARBARA,120.306916,694
GEESEBAL,2010-04-01,4-004.05,4-004,SANTA CLARA RIVER VALLEY,SANTA CLARA RIVER VALLEY - FILLMORE,104.941142,50121
GEESEBAL,2010-04-01,4-004.03,4-004,SANTA CLARA RIVER VALLEY,SANTA CLARA RIVER VALLEY - MOUND,112.088641,9499
GEESEBAL,2010-04-01,4-004.02,4-004,SANTA CLARA RIVER VALLEY,SANTA CLARA RIVER VALLEY - OXNARD,108.431288,106699
GEESEBAL,2010-04-01,4-004.06,4-004,SANTA CLARA RIVER VALLEY,SANTA CLARA RIVER VALLEY - PIRU,83.84172,23073
GEESEBAL,2010-04-01,4-004.07,4-004,SANTA CLARA RIVER VALLEY,SANTA CLARA RIVER VALLEY - SANTA CLARA RIVER VALLEY EAST,77.815925,6807
GEESEBAL,2010-04-01,4-004.04,4-004,SANTA CLARA RIVER VALLEY,SANTA CLARA RIVER VALLEY - SANTA PAULA,110.353395,40609
GEESEBAL,2010-04-01,2-009.04,2-009,SANTA CLARA VALLEY,SANTA CLARA VALLEY - EAST BAY PLAIN,84.239545,2989
GEESEBAL,2010-04-01,2-009.01,2-009,SANTA CLARA VALLEY,SANTA CLARA VALLEY - NILES CONE,89.213847,1791
GEESEBAL,2010-04-01,2-009.03,2-009,SANTA CLARA VALLEY,SANTA CLARA VALLEY - SAN MATEO PLAIN,93.019882,1358
GEESEBAL,2010-04-01,2-009.02,2-009,SANTA CLARA VALLEY,SANTA CLARA VALLEY - SANTA CLARA,82.421171,25790
GEESEBAL,2010-04-01,3-001,3-001,SANTA CRUZ MID-COUNTY,SANTA CRUZ MID-COUNTY,109.054326,3976
GEESEBAL,2010-04-01,3-027,3-027,SANTA MARGARITA,SANTA MARGARITA,96.520134,298
GEESEBAL,2010-04-01,9-004,9-004,SANTA MARGARITA VALLEY,SANTA MARGARITA VALLEY,,0
GEESEBAL,2010-04-01,3-012.02,3-012,SANTA MARIA RIVER VALLEY,SANTA MARIA RIVER VALLEY - ARROYO GRANDE,74.297604,6176
GEESEBAL,2010-04-01,3-012.01,3-012,SANTA MARIA RIVER VALLEY,SANTA MARIA RIVER VALLEY - SANTA MARIA,90.658427,262758
GEESEBAL,2010-04-01,9-011,9-011,SANTA MARIA VALLEY,SANTA MARIA VALLEY,109.801008,3176
GEESEBAL,2010-04-01,6-068,6-068,SANTA ROSA FLAT,SANTA ROSA FLAT,,0
GEESEBAL,2010-04-01,3-036,3-036,SANTA ROSA VALLEY,SANTA ROSA VALLEY,93.852041,2744
GEESEBAL,2010-04-01,1-055.02,1-055,SANTA ROSA VALLEY,SANTA ROSA VALLEY - HEALDSBURG AREA,50.502691,31401
GEESEBAL,2010-04-01,1-055.03,1-055,SANTA ROSA VALLEY,SANTA ROSA VALLEY - RINCON VALLEY,43.762478,581
GEESEBAL,2010-04-01,1-055.01,1-055,SANTA ROSA VALLEY,SANTA ROSA VALLEY - SANTA ROSA PLAIN,67.472376,81016
GEESEBAL,2010-04-01,3-015,3-015,SANTA YNEZ RIVER VALLEY,SANTA YNEZ RIVER VALLEY,91.059833,118162
GEESEBAL,2010-04-01,1-005,1-005,SCOTT RIVER VALLEY,SCOTT RIVER VALLEY,76.015605,147258
GEESEBAL,2010-04-01,5-014,5-014,SCOTTS VALLEY,SCOTTS VALLEY,51.767157,7271
GEESEBAL,2010-04-01,6-052,6-052,SEARLES VALLEY,SEARLES VALLEY,,0
GEESEBAL,2010-04-01,6-100,6-100,SECRET VALLEY,SECRET VALLEY,50.32442,12379
GEESEBAL,2010-04-01,1-016,1-016,SEIAD VALLEY,SEIAD VALLEY,65.715262,439
GEESEBAL,2010-04-01,8-008,8-008,SEVEN OAKS VALLEY,SEVEN OAKS VALLEY,,0
GEESEBAL,2010-04-01,1-004,1-004,SHASTA VALLEY,SHASTA VALLEY,72.581194,257678
GEESEBAL,2010-04-01,1-042,1-042,SHERWOOD VALLEY,SHERWOOD VALLEY,,0
GEESEBAL,2010-04-01,5-012.02,5-012,SIERRA VALLEY,SIERRA VALLEY - CHILCOOT,79.646685,5505
GEESEBAL,2010-04-01,5-012.01,5-012,SIERRA VALLEY,SIERRA VALLEY - SIERRA VALLEY,72.964539,213275
GEESEBAL,2010-04-01,6-034,6-034,SILVER LAKE VALLEY,SILVER LAKE VALLEY,,0
GEESEBAL,2010-04-01,4-009,4-009,SIMI VALLEY,SIMI VALLEY,96.254433,1297
GEESEBAL,2010-04-01,6-105,6-105,SLINKARD VALLEY,SLINKARD VALLEY,,0
GEESEBAL,2010-04-01,1-001,1-001,SMITH RIVER PLAIN,SMITH RIVER PLAIN,84.087834,36364
GEESEBAL,2010-04-01,6-033,6-033,SODA LAKE VALLEY,SODA LAKE VALLEY,,0
GEESEBAL,2010-04-01,2-037,2-037,SOUTH SAN FRANCISCO,SOUTH SAN FRANCISCO,,0
GEESEBAL,2010-04-01,6-082,6-082,SPRING CANYON VALLEY,SPRING CANYON VALLEY,,0
GEESEBAL,2010-04-01,5-089,5-089,SQUAW FLAT,SQUAW FLAT,,0
GEESEBAL,2010-04-01,5-088,5-088,STONY GORGE RESERVOIR,STONY GORGE RESERVOIR,52.762448,964
GEESEBAL,2010-04-01,5-063,5-063,STONYFORD TOWN AREA,STONYFORD TOWN AREA,55.608763,3857
GEESEBAL,2010-04-01,2-003,2-003,SUISUN-FAIRFIELD VALLEY,SUISUN-FAIRFIELD VALLEY,87.66339,91866
GEESEBAL,2010-04-01,2-011,2-011,SUNOL VALLEY,SUNOL VALLEY,101.830314,1656
GEESEBAL,2010-04-01,6-049,6-049,SUPERIOR VALLEY,SUPERIOR VALLEY,,0
GEESEBAL,2010-04-01,6-001,6-001,SURPRISE VALLEY,SURPRISE VALLEY,57.012969,234180
GEESEBAL,2010-04-01,6-107,6-107,SWEETWATER FLAT,SWEETWATER FLAT,42.771605,324
GEESEBAL,2010-04-01,6-005.03,6-005,TAHOE VALLEY,TAHOE VALLEY - TAHOE NORTH,80.480952,210
GEESEBAL,2010-04-01,6-005.01,6-005,TAHOE VALLEY,TAHOE VALLEY - TAHOE SOUTH,58.015278,720
GEESEBAL,2010-04-01,6-005.02,6-005,TAHOE VALLEY,TAHOE VALLEY - TAHOE WEST,62.508772,171
GEESEBAL,2010-04-01,6-045,6-045,TEHACHAPI VALLEY EAST,TEHACHAPI VALLEY EAST,32.43244,3397
GEESEBAL,2010-04-01,5-028,5-028,TEHACHAPI VALLEY WEST,TEHACHAPI VALLEY WEST,29.114758,4540
GEESEBAL,2010-04-01,9-005,9-005,TEMECULA VALLEY,TEMECULA VALLEY,94.566798,20517
GEESEBAL,2010-04-01,1-040,1-040,TEN MILE RIVER VALLEY,TEN MILE RIVER VALLEY,92.913876,209
GEESEBAL,2010-04-01,7-026,7-026,TERWILLIGER VALLEY,TERWILLIGER VALLEY,93.52071,169
GEESEBAL,2010-04-01,4-019,4-019,THOUSAND OAKS AREA,THOUSAND OAKS AREA,98.685714,385
GEESEBAL,2010-04-01,4-015,4-015,TIERRA REJADA,TIERRA REJADA,83.817449,4092
GEESEBAL,2010-04-01,5-037,5-037,TOAD WELL AREA,TOAD WELL AREA,,0
GEESEBAL,2010-04-01,3-040,3-040,TORO VALLEY,TORO VALLEY,77.383784,370
GEESEBAL,2010-04-01,6-098,6-098,TULEDAD CANYON VALLEY,TULEDAD CANYON VALLEY,39.641935,310
GEESEBAL,2010-04-01,7-010,7-010,TWENTYNINE PALMS VALLEY,TWENTYNINE PALMS VALLEY,59.409639,747
GEESEBAL,2010-04-01,1-052,1-052,UKIAH VALLEY,UKIAH VALLEY,67.119146,43476
GEESEBAL,2010-04-01,6-022,6-022,UPPER KINGSTON VALLEY,UPPER KINGSTON VALLEY,,0
GEESEBAL,2010-04-01,5-013,5-013,UPPER LAKE VALLEY,UPPER LAKE VALLEY,65.986466,12413
GEESEBAL,2010-04-01,6-042,6-042,UPPER MOJAVE RIVER VALLEY,UPPER MOJAVE RIVER VALLEY,42.512004,6748
GEESEBAL,2010-04-01,4-001,4-001,UPPER OJAI VALLEY,UPPER OJAI VALLEY,103.16272,3294
GEESEBAL,2010-04-01,3-023,3-023,UPPER SANTA ANA VALLEY,UPPER SANTA ANA VALLEY,92.428571,7
GEESEBAL,2010-04-01,8-002.05,8-002,UPPER SANTA ANA VALLEY,UPPER SANTA ANA VALLEY - CAJON,9.329412,170
GEESEBAL,2010-04-01,8-002.01,8-002,UPPER SANTA ANA VALLEY,UPPER SANTA ANA VALLEY - CHINO,86.831352,29440
GEESEBAL,2010-04-01,8-002.02,8-002,UPPER SANTA ANA VALLEY,UPPER SANTA ANA VALLEY - CUCAMONGA,77.023881,670
GEESEBAL,2010-04-01,8-002.04,8-002,UPPER SANTA ANA VALLEY,UPPER SANTA ANA VALLEY - RIALTO-COLTON,57.569832,1253
GEESEBAL,2010-04-01,8-002.03,8-002,UPPER SANTA ANA VALLEY,UPPER SANTA ANA VALLEY - RIVERSIDE-ARLINGTON,93.3646,13966
GEESEBAL,2010-04-01,8-002.06,8-002,UPPER SANTA ANA VALLEY,UPPER SANTA ANA VALLEY - SAN BERNARDINO,88.534255,15545
GEESEBAL,2010-04-01,8-002.08,8-002,UPPER SANTA ANA VALLEY,UPPER SANTA ANA VALLEY - SAN TIMOTEO,91.046711,4667
GEESEBAL,2010-04-01,8-002.09,8-002,UPPER SANTA ANA VALLEY,UPPER SANTA ANA VALLEY - TEMESCAL,96.311243,845
GEESEBAL,2010-04-01,8-002.07,8-002,UPPER SANTA ANA VALLEY,UPPER SANTA ANA VALLEY - YUCAIPA,77.760672,2858
GEESEBAL,2010-04-01,7-028,7-028,VALLECITO-CARRIZO VALLEY,VALLECITO-CARRIZO VALLEY,,0
GEESEBAL,2010-04-01,5-071,5-071,VALLECITOS CREEK VALLEY,VALLECITOS CREEK VALLEY,,0
GEESEBAL,2010-04-01,7-063,7-063,VANDEVENTER FLAT,VANDEVENTER FLAT,,0
GEESEBAL,2010-04-01,4-003.02,4-003,VENTURA RIVER VALLEY,VENTURA RIVER VALLEY - LOWER VENTURA RIVER,98.574252,1771
GEESEBAL,2010-04-01,4-003.01,4-003,VENTURA RIVER VALLEY,VENTURA RIVER VALLEY - UPPER VENTURA RIVER,99.805652,2300
GEESEBAL,2010-04-01,7-042,7-042,VIDAL VALLEY,VIDAL VALLEY,,0
GEESEBAL,2010-04-01,3-037,3-037,VILLA VALLEY,VILLA VALLEY,71.114754,854
GEESEBAL,2010-04-01,2-032,2-032,VISITACION VALLEY,VISITACION VALLEY,119.91573,178
GEESEBAL,2010-04-01,5-026,5-026,WALKER BASIN CREEK VALLEY,WALKER BASIN CREEK VALLEY,71.048693,6387
GEESEBAL,2010-04-01,7-003,7-003,WARD VALLEY,WARD VALLEY,,0
GEESEBAL,2010-04-01,9-008,9-008,WARNER VALLEY,WARNER VALLEY,99.332362,343
GEESEBAL,2010-04-01,7-012,7-012,WARREN VALLEY,WARREN VALLEY,25.072464,345
GEESEBAL,2010-04-01,1-031,1-031,WEOTT TOWN AREA,WEOTT TOWN AREA,52.086042,523
GEESEBAL,2010-04-01,7-022,7-022,WEST SALTON SEA,WEST SALTON SEA,,0
GEESEBAL,2010-04-01,3-026,3-026,WEST SANTA CRUZ TERRACE,WEST SANTA CRUZ TERRACE,107.443402,1599
GEESEBAL,2010-04-01,2-035,2-035,WESTSIDE,WESTSIDE,115.936759,3795
GEESEBAL,2010-04-01,6-073,6-073,WILD HORSE MESA AREA,WILD HORSE MESA AREA,,0
GEESEBAL,2010-04-01,6-075,6-075,WILDROSE CANYON,WILDROSE CANYON,,0
GEESEBAL,2010-04-01,1-043,1-043,WILLIAMS VALLEY,WILLIAMS VALLEY,49.251546,485
GEESEBAL,2010-04-01,6-003,6-003,WILLOW CREEK VALLEY,WILLOW CREEK VALLEY,55.421645,26463
GEESEBAL,2010-04-01,1-059,1-059,WILSON GROVE FORMATION HIGHLANDS,WILSON GROVE FORMATION HIGHLANDS,80.84658,70610
GEESEBAL,2010-04-01,1-062,1-062,WILSON POINT AREA,WILSON POINT AREA,20.444444,9
GEESEBAL,2010-04-01,6-019,6-019,WINGATE VALLEY,WINGATE VALLEY,,0
GEESEBAL,2010-04-01,7-056,7-056,YAQUI WELL AREA,YAQUI WELL AREA,,0
GEESEBAL,2010-04-01,5-056,5-056,YELLOW CREEK VALLEY,YELLOW CREEK VALLEY,83.455026,5859
GEESEBAL,2010-04-01,2-006,2-006,YGNACIO VALLEY,YGNACIO VALLEY,80.634568,405
GEESEBAL,2010-04-01,5-069,5-069,YOSEMITE VALLEY,YOSEMITE VALLEY,,0
GEESEBAL,2010-04-01,7-036,7-036,YUMA VALLEY,YUMA VALLEY,121.248131,66610
