Model,Date,Basin_Subb,Basin_Numb,Basin_Name,Basin_Su_1,ET,Pixel_Count
GEESEBAL,2010-06-01,4-005,4-005,ACTON VALLEY,ACTON VALLEY,68.191617,668
GEESEBAL,2010-06-01,6-010,6-010,ADOBE LAKE VALLEY,ADOBE LAKE VALLEY,,0
GEESEBAL,2010-06-01,1-054.01,1-054,ALEXANDER VALLEY,ALEXANDER VALLEY - ALEXANDER AREA,66.429283,39743
GEESEBAL,2010-06-01,1-054.02,1-054,ALEXANDER VALLEY,ALEXANDER VALLEY - CLOVERDALE AREA,38.063145,9502
GEESEBAL,2010-06-01,5-002.01,5-002,ALTURAS AREA,ALTURAS AREA - SOUTH FORK PITT RIVER,123.742712,159794
GEESEBAL,2010-06-01,5-002.02,5-002,ALTURAS AREA,ALTURAS AREA - WARM SPRINGS VALLEY,104.234128,74425
GEESEBAL,2010-06-01,5-010,5-010,AMERICAN VALLEY,AMERICAN VALLEY,140.847732,9746
GEESEBAL,2010-06-01,7-016,7-016,AMES VALLEY,AMES VALLEY,,0
GEESEBAL,2010-06-01,7-034,7-034,AMOS VALLEY,AMOS VALLEY,,0
GEESEBAL,2010-06-01,1-019,1-019,ANDERSON VALLEY,ANDERSON VALLEY,67.18773,5982
GEESEBAL,2010-06-01,1-049,1-049,ANNAPOLIS OHLSON RANCH FORMATION HIGHLANDS,ANNAPOLIS OHLSON RANCH FORMATION HIGHLANDS,108.036124,2353
GEESEBAL,2010-06-01,5-091,5-091,ANTELOPE CREEK,ANTELOPE CREEK,84.247975,1605
GEESEBAL,2010-06-01,6-044,6-044,ANTELOPE VALLEY,ANTELOPE VALLEY,70.944381,137884
GEESEBAL,2010-06-01,6-007,6-007,ANTELOPE VALLEY,ANTELOPE VALLEY,125.779558,48489
GEESEBAL,2010-06-01,3-034,3-034,ARROYO DE LA CRUZ VALLEY,ARROYO DE LA CRUZ VALLEY,165.345725,538
GEESEBAL,2010-06-01,2-031,2-031,ARROYO DEL HAMBRE VALLEY,ARROYO DEL HAMBRE VALLEY,,0
GEESEBAL,2010-06-01,4-007,4-007,ARROYO SANTA ROSA VALLEY,ARROYO SANTA ROSA VALLEY,161.185515,7870
GEESEBAL,2010-06-01,7-037,7-037,ARROYO SECO VALLEY,ARROYO SECO VALLEY,,0
GEESEBAL,2010-06-01,5-054,5-054,ASH VALLEY,ASH VALLEY,123.24302,12106
GEESEBAL,2010-06-01,6-026,6-026,AVAWATZ VALLEY,AVAWATZ VALLEY,,0
GEESEBAL,2010-06-01,3-020,3-020,A�O NUEVO AREA,A�O NUEVO AREA,117.450719,1877
GEESEBAL,2010-06-01,9-022,9-022,BATIQUITOS LAGOON VALLEY,BATIQUITOS LAGOON VALLEY,175.140323,620
GEESEBAL,2010-06-01,8-009,8-009,BEAR VALLEY,BEAR VALLEY,89.840183,219
GEESEBAL,2010-06-01,5-064,5-064,BEAR VALLEY,BEAR VALLEY,38.441176,510
GEESEBAL,2010-06-01,5-020,5-020,BERRYESSA VALLEY,BERRYESSA VALLEY,,0
GEESEBAL,2010-06-01,7-015,7-015,BESSEMER VALLEY,BESSEMER VALLEY,,0
GEESEBAL,2010-06-01,6-025,6-025,BICYCLE VALLEY,BICYCLE VALLEY,,0
GEESEBAL,2010-06-01,1-027,1-027,BIG LAGOON AREA,BIG LAGOON AREA,169.512821,39
GEESEBAL,2010-06-01,8-007,8-007,BIG MEADOWS VALLEY,BIG MEADOWS VALLEY,,0
GEESEBAL,2010-06-01,1-045,1-045,BIG RIVER VALLEY,BIG RIVER VALLEY,,0
GEESEBAL,2010-06-01,3-047,3-047,BIG SPRING AREA,BIG SPRING AREA,26.461874,918
GEESEBAL,2010-06-01,5-015,5-015,BIG VALLEY,BIG VALLEY,49.486452,41040
GEESEBAL,2010-06-01,5-004,5-004,BIG VALLEY,BIG VALLEY,121.116254,163109
GEESEBAL,2010-06-01,3-030,3-030,BITTER WATER VALLEY,BITTER WATER VALLEY,32.833663,7575
GEESEBAL,2010-06-01,6-013,6-013,BLACK SPRINGS VALLEY,BLACK SPRINGS VALLEY,,0
GEESEBAL,2010-06-01,5-092,5-092,BLANCHARD VALLEY,BLANCHARD VALLEY,69.974336,1130
GEESEBAL,2010-06-01,1-057,1-057,BODEGA BAY AREA,BODEGA BAY AREA,155.746753,154
GEESEBAL,2010-06-01,7-024.01,7-024,BORREGO VALLEY,BORREGO VALLEY - BORREGO SPRINGS,22.942749,17397
GEESEBAL,2010-06-01,7-024.02,7-024,BORREGO VALLEY,BORREGO VALLEY - OCOTILLO WELLS,0.0,12
GEESEBAL,2010-06-01,1-039,1-039,BRANSCOMB TOWN AREA,BRANSCOMB TOWN AREA,,0
GEESEBAL,2010-06-01,1-017,1-017,BRAY TOWN AREA,BRAY TOWN AREA,158.232,4250
GEESEBAL,2010-06-01,6-008,6-008,BRIDGEPORT VALLEY,BRIDGEPORT VALLEY,94.923286,74902
GEESEBAL,2010-06-01,7-008,7-008,BRISTOL VALLEY,BRISTOL VALLEY,9.469923,7963
GEESEBAL,2010-06-01,5-080,5-080,BRITE VALLEY,BRITE VALLEY,71.193353,1324
GEESEBAL,2010-06-01,6-032,6-032,BROADWELL VALLEY,BROADWELL VALLEY,,0
GEESEBAL,2010-06-01,6-076,6-076,BROWN MOUNTAIN VALLEY,BROWN MOUNTAIN VALLEY,,0
GEESEBAL,2010-06-01,7-054,7-054,BUCK RIDGE FAULT VALLEY,BUCK RIDGE FAULT VALLEY,,0
GEESEBAL,2010-06-01,6-101,6-101,BULL FLAT,BULL FLAT,47.166667,48
GEESEBAL,2010-06-01,5-048,5-048,BURNEY CREEK VALLEY,BURNEY CREEK VALLEY,142.377116,6852
GEESEBAL,2010-06-01,5-017,5-017,BURNS VALLEY,BURNS VALLEY,40.057093,1734
GEESEBAL,2010-06-01,5-051,5-051,BUTTE CREEK VALLEY,BUTTE CREEK VALLEY,,0
GEESEBAL,2010-06-01,1-003,1-003,BUTTE VALLEY,BUTTE VALLEY,97.411662,149448
GEESEBAL,2010-06-01,6-081,6-081,BUTTE VALLEY,BUTTE VALLEY,,0
GEESEBAL,2010-06-01,6-070,6-070,CACTUS FLAT,CACTUS FLAT,,0
GEESEBAL,2010-06-01,7-007,7-007,CADIZ VALLEY,CADIZ VALLEY,,0
GEESEBAL,2010-06-01,6-090,6-090,CADY FAULT AREA,CADY FAULT AREA,,0
GEESEBAL,2010-06-01,9-006,9-006,CAHUILLA VALLEY,CAHUILLA VALLEY,29.53504,6250
GEESEBAL,2010-06-01,6-079,6-079,CALIFORNIA VALLEY,CALIFORNIA VALLEY,,0
GEESEBAL,2010-06-01,7-041,7-041,CALZONA VALLEY,CALZONA VALLEY,,0
GEESEBAL,2010-06-01,6-061,6-061,CAMEO AREA,CAMEO AREA,,0
GEESEBAL,2010-06-01,9-028,9-028,CAMPO VALLEY,CAMPO VALLEY,34.277778,126
GEESEBAL,2010-06-01,7-046,7-046,CANEBRAKE VALLEY,CANEBRAKE VALLEY,,0
GEESEBAL,2010-06-01,3-007,3-007,CARMEL VALLEY,CARMEL VALLEY,111.475819,1282
GEESEBAL,2010-06-01,3-018,3-018,CARPINTERIA,CARPINTERIA,135.345921,11413
GEESEBAL,2010-06-01,3-019,3-019,CARRIZO PLAIN,CARRIZO PLAIN,17.08448,22739
GEESEBAL,2010-06-01,6-006,6-006,CARSON VALLEY,CARSON VALLEY,69.910422,10516
GEESEBAL,2010-06-01,5-029,5-029,CASTAC LAKE VALLEY,CASTAC LAKE VALLEY,98.154846,846
GEESEBAL,2010-06-01,2-008,2-008,CASTRO VALLEY,CASTRO VALLEY,,0
GEESEBAL,2010-06-01,6-038,6-038,CAVES CANYON VALLEY,CAVES CANYON VALLEY,,0
GEESEBAL,2010-06-01,5-045,5-045,CAYTON VALLEY,CAYTON VALLEY,161.175529,4250
GEESEBAL,2010-06-01,3-038,3-038,CAYUCOS VALLEY,CAYUCOS VALLEY,,0
GEESEBAL,2010-06-01,7-043,7-043,CHEMEHUEVI VALLEY,CHEMEHUEVI VALLEY,,0
GEESEBAL,2010-06-01,7-032,7-032,CHOCOLATE VALLEY,CHOCOLATE VALLEY,0.0,67
GEESEBAL,2010-06-01,3-005,3-005,CHOLAME VALLEY,CHOLAME VALLEY,48.271306,17718
GEESEBAL,2010-06-01,3-042,3-042,CHORRO VALLEY,CHORRO VALLEY,127.563707,1295
GEESEBAL,2010-06-01,5-061,5-061,CHROME TOWN AREA,CHROME TOWN AREA,37.205479,511
GEESEBAL,2010-06-01,7-005,7-005,CHUCKWALLA VALLEY,CHUCKWALLA VALLEY,3.435925,4604
GEESEBAL,2010-06-01,2-005,2-005,CLAYTON VALLEY,CLAYTON VALLEY,144.296012,652
GEESEBAL,2010-06-01,5-066,5-066,CLEAR LAKE CACHE FORMATION,CLEAR LAKE CACHE FORMATION,39.280851,940
GEESEBAL,2010-06-01,5-058,5-058,CLOVER VALLEY,CLOVER VALLEY,98.628892,1606
GEESEBAL,2010-06-01,7-021.03,7-021,COACHELLA VALLEY,COACHELLA VALLEY - DESERT HOT SPRINGS,58.481386,2713
GEESEBAL,2010-06-01,7-021.01,7-021,COACHELLA VALLEY,COACHELLA VALLEY - INDIO,73.828981,293745
GEESEBAL,2010-06-01,7-021.02,7-021,COACHELLA VALLEY,COACHELLA VALLEY - MISSION CREEK,94.100204,978
GEESEBAL,2010-06-01,7-021.04,7-021,COACHELLA VALLEY,COACHELLA VALLEY - SAN GORGONIO PASS,124.668539,356
GEESEBAL,2010-06-01,4-011.04,4-011,COASTAL PLAIN OF LOS ANGELES,COASTAL PLAIN OF LOS ANGELES - CENTRAL,160.534761,7005
GEESEBAL,2010-06-01,4-011.02,4-011,COASTAL PLAIN OF LOS ANGELES,COASTAL PLAIN OF LOS ANGELES - HOLLYWOOD,171.897833,323
GEESEBAL,2010-06-01,4-011.01,4-011,COASTAL PLAIN OF LOS ANGELES,COASTAL PLAIN OF LOS ANGELES - SANTA MONICA,167.229336,4186
GEESEBAL,2010-06-01,4-011.03,4-011,COASTAL PLAIN OF LOS ANGELES,COASTAL PLAIN OF LOS ANGELES - WEST COAST,138.692213,4058
GEESEBAL,2010-06-01,8-001,8-001,COASTAL PLAIN OF ORANGE COUNTY,COASTAL PLAIN OF ORANGE COUNTY,150.744717,23946
GEESEBAL,2010-06-01,9-033,9-033,COASTAL PLAIN OF SAN DIEGO,COASTAL PLAIN OF SAN DIEGO,171.524665,3507
GEESEBAL,2010-06-01,6-072,6-072,COLES FLAT,COLES FLAT,,0
GEESEBAL,2010-06-01,5-019,5-019,COLLAYOMI VALLEY,COLLAYOMI VALLEY,54.230169,3845
GEESEBAL,2010-06-01,7-055,7-055,COLLINS VALLEY,COLLINS VALLEY,,0
GEESEBAL,2010-06-01,4-010,4-010,CONEJO,CONEJO,170.572289,498
GEESEBAL,2010-06-01,7-011,7-011,COPPER MOUNTAIN VALLEY,COPPER MOUNTAIN VALLEY,,0
GEESEBAL,2010-06-01,3-002.01,3-002,CORRALITOS,CORRALITOS - PAJARO VALLEY,120.082497,109156
GEESEBAL,2010-06-01,3-002.02,3-002,CORRALITOS,CORRALITOS - PURISIMA HIGHLANDS,122.079741,464
GEESEBAL,2010-06-01,6-055,6-055,COSO VALLEY,COSO VALLEY,,0
GEESEBAL,2010-06-01,1-037,1-037,COTTONEVA CREEK VALLEY,COTTONEVA CREEK VALLEY,,0
GEESEBAL,2010-06-01,9-027,9-027,COTTONWOOD VALLEY,COTTONWOOD VALLEY,59.3,70
GEESEBAL,2010-06-01,1-011,1-011,COVELO ROUND VALLEY,COVELO ROUND VALLEY,124.905402,36576
GEESEBAL,2010-06-01,6-091,6-091,COW HEAD LAKE VALLEY,COW HEAD LAKE VALLEY,112.503741,15639
GEESEBAL,2010-06-01,6-037,6-037,COYOTE LAKE VALLEY,COYOTE LAKE VALLEY,1.680041,972
GEESEBAL,2010-06-01,5-018,5-018,COYOTE VALLEY,COYOTE VALLEY,59.273493,6534
GEESEBAL,2010-06-01,7-029,7-029,COYOTE WELLS VALLEY,COYOTE WELLS VALLEY,0.0,80
GEESEBAL,2010-06-01,6-035,6-035,CRONISE VALLEY,CRONISE VALLEY,,0
GEESEBAL,2010-06-01,6-050,6-050,CUDDEBACK VALLEY,CUDDEBACK VALLEY,,0
GEESEBAL,2010-06-01,5-082,5-082,CUDDY CANYON VALLEY,CUDDY CANYON VALLEY,,0
GEESEBAL,2010-06-01,5-083,5-083,CUDDY RANCH AREA,CUDDY RANCH AREA,,0
GEESEBAL,2010-06-01,5-084,5-084,CUDDY VALLEY,CUDDY VALLEY,34.0,16
GEESEBAL,2010-06-01,5-027,5-027,CUMMINGS VALLEY,CUMMINGS VALLEY,104.291696,11464
GEESEBAL,2010-06-01,3-013,3-013,CUYAMA VALLEY,CUYAMA VALLEY,49.637758,153773
GEESEBAL,2010-06-01,7-009,7-009,DALE VALLEY,DALE VALLEY,7.151316,152
GEESEBAL,2010-06-01,6-057,6-057,DARWIN VALLEY,DARWIN VALLEY,,0
GEESEBAL,2010-06-01,7-061,7-061,DAVIES VALLEY,DAVIES VALLEY,,0
GEESEBAL,2010-06-01,7-013.01,7-013,DEADMAN VALLEY,DEADMAN VALLEY - DEADMAN LAKE,,0
GEESEBAL,2010-06-01,7-013.02,7-013,DEADMAN VALLEY,DEADMAN VALLEY - SURPRISE SPRING,,0
GEESEBAL,2010-06-01,6-018,6-018,DEATH VALLEY,DEATH VALLEY,80.055556,18
GEESEBAL,2010-06-01,6-015,6-015,DEEP SPRINGS VALLEY,DEEP SPRINGS VALLEY,142.771654,635
GEESEBAL,2010-06-01,6-078,6-078,DENNING SPRING VALLEY,DENNING SPRING VALLEY,,0
GEESEBAL,2010-06-01,1-034,1-034,DINSMORES TOWN AREA,DINSMORES TOWN AREA,31.55814,86
GEESEBAL,2010-06-01,5-053,5-053,DIXIE VALLEY,DIXIE VALLEY,46.792122,11449
GEESEBAL,2010-06-01,2-040,2-040,DOWNTOWN,DOWNTOWN,,0
GEESEBAL,2010-06-01,5-049,5-049,DRY BURNEY CREEK VALLEY,DRY BURNEY CREEK VALLEY,,0
GEESEBAL,2010-06-01,3-029,3-029,DRY LAKE VALLEY,DRY LAKE VALLEY,33.727778,540
GEESEBAL,2010-06-01,6-095,6-095,DRY VALLEY,DRY VALLEY,,0
GEESEBAL,2010-06-01,6-096,6-096,EAGLE LAKE AREA,EAGLE LAKE AREA,,0
GEESEBAL,2010-06-01,7-033,7-033,EAST SALTON SEA,EAST SALTON SEA,48.586558,40262
GEESEBAL,2010-06-01,1-044,1-044,EDEN VALLEY,EDEN VALLEY,75.978839,1654
GEESEBAL,2010-06-01,1-010,1-010,EEL RIVER VALLEY,EEL RIVER VALLEY,140.985807,118088
GEESEBAL,2010-06-01,5-041,5-041,EGG LAKE VALLEY,EGG LAKE VALLEY,,0
GEESEBAL,2010-06-01,9-016,9-016,EL CAJON VALLEY,EL CAJON VALLEY,115.580645,31
GEESEBAL,2010-06-01,6-043,6-043,EL MIRAGE VALLEY,EL MIRAGE VALLEY,45.865295,3207
GEESEBAL,2010-06-01,5-062,5-062,ELK CREEK AREA,ELK CREEK AREA,53.468531,143
GEESEBAL,2010-06-01,8-004.02,8-004,ELSINORE,ELSINORE - BEDFORD-COLDWATER,151.702073,1158
GEESEBAL,2010-06-01,8-004.01,8-004,ELSINORE,ELSINORE - ELSINORE VALLEY,89.373832,107
GEESEBAL,2010-06-01,9-009,9-009,ESCONDIDO VALLEY,ESCONDIDO VALLEY,129.147059,34
GEESEBAL,2010-06-01,1-009,1-009,EUREKA PLAIN,EUREKA PLAIN,146.215753,20936
GEESEBAL,2010-06-01,6-016,6-016,EUREKA VALLEY,EUREKA VALLEY,,0
GEESEBAL,2010-06-01,1-022,1-022,FAIRCHILD SWAMP VALLEY,FAIRCHILD SWAMP VALLEY,,0
GEESEBAL,2010-06-01,5-005,5-005,FALL RIVER VALLEY,FALL RIVER VALLEY,138.713404,134098
GEESEBAL,2010-06-01,7-002,7-002,FENNER VALLEY,FENNER VALLEY,,0
GEESEBAL,2010-06-01,6-014,6-014,FISH LAKE VALLEY,FISH LAKE VALLEY,153.158926,14340
GEESEBAL,2010-06-01,3-053,3-053,FOOTHILL,FOOTHILL,157.257143,35
GEESEBAL,2010-06-01,1-021,1-021,FORT BRAGG TERRACE AREA,FORT BRAGG TERRACE AREA,186.480588,9530
GEESEBAL,2010-06-01,1-061,1-061,FORT ROSS TERRACE DEPOSITS,FORT ROSS TERRACE DEPOSITS,169.541318,1077
GEESEBAL,2010-06-01,6-046,6-046,FREMONT VALLEY,FREMONT VALLEY,22.237045,1949
GEESEBAL,2010-06-01,5-090,5-090,FUNKS CREEK,FUNKS CREEK,10.967053,3278
GEESEBAL,2010-06-01,1-032,1-032,GARBERVILLE TOWN AREA,GARBERVILLE TOWN AREA,116.244403,536
GEESEBAL,2010-06-01,1-020,1-020,GARCIA RIVER VALLEY,GARCIA RIVER VALLEY,185.635842,2790
GEESEBAL,2010-06-01,3-003.01,3-003,GILROY-HOLLISTER VALLEY,GILROY-HOLLISTER VALLEY - LLAGAS AREA,69.020523,76695
GEESEBAL,2010-06-01,3-003.05,3-003,GILROY-HOLLISTER VALLEY,GILROY-HOLLISTER VALLEY - NORTH SAN BENITO,81.530006,195075
GEESEBAL,2010-06-01,6-085,6-085,GOLD VALLEY,GOLD VALLEY,,0
GEESEBAL,2010-06-01,6-048,6-048,GOLDSTONE VALLEY,GOLDSTONE VALLEY,,0
GEESEBAL,2010-06-01,3-016,3-016,GOLETA,GOLETA,146.398212,3355
GEESEBAL,2010-06-01,5-001.02,5-001,GOOSE LAKE,GOOSE LAKE - FANDANGO VALLEY,145.816247,29126
GEESEBAL,2010-06-01,5-001.01,5-001,GOOSE LAKE,GOOSE LAKE - GOOSE VALLEY,138.807065,55936
GEESEBAL,2010-06-01,5-047,5-047,GOOSE VALLEY,GOOSE VALLEY,166.223178,15463
GEESEBAL,2010-06-01,6-077,6-077,GRASS VALLEY,GRASS VALLEY,,0
GEESEBAL,2010-06-01,6-094,6-094,GRASSHOPPER VALLEY,GRASSHOPPER VALLEY,54.832887,3734
GEESEBAL,2010-06-01,1-048,1-048,GRAVELLY VALLEY,GRAVELLY VALLEY,,0
GEESEBAL,2010-06-01,5-052,5-052,GRAYS VALLEY,GRAYS VALLEY,,0
GEESEBAL,2010-06-01,6-084,6-084,GREENWATER VALLEY,GREENWATER VALLEY,,0
GEESEBAL,2010-06-01,5-059,5-059,GRIZZLY VALLEY,GRIZZLY VALLEY,,0
GEESEBAL,2010-06-01,2-022,2-022,HALF MOON BAY TERRACE,HALF MOON BAY TERRACE,124.956575,8935
GEESEBAL,2010-06-01,1-015,1-015,HAPPY CAMP TOWN AREA,HAPPY CAMP TOWN AREA,132.505051,99
GEESEBAL,2010-06-01,6-047,6-047,HARPER VALLEY,HARPER VALLEY,40.869212,5658
GEESEBAL,2010-06-01,6-074,6-074,HARRISBURG FLATS,HARRISBURG FLATS,,0
GEESEBAL,2010-06-01,6-093,6-093,HARVEY VALLEY,HARVEY VALLEY,,0
GEESEBAL,2010-06-01,1-006,1-006,HAYFORK VALLEY,HAYFORK VALLEY,76.878973,3115
GEESEBAL,2010-06-01,7-048,7-048,HELENDALE FAULT VALLEY,HELENDALE FAULT VALLEY,,0
GEESEBAL,2010-06-01,8-006,8-006,HEMET LAKE VALLEY,HEMET LAKE VALLEY,,0
GEESEBAL,2010-06-01,3-031,3-031,HERNANDEZ VALLEY,HERNANDEZ VALLEY,52.493573,389
GEESEBAL,2010-06-01,1-036,1-036,HETTENSHAW VALLEY,HETTENSHAW VALLEY,81.920527,2202
GEESEBAL,2010-06-01,7-053,7-053,HEXIE MOUNTAIN AREA,HEXIE MOUNTAIN AREA,,0
GEESEBAL,2010-06-01,6-063,6-063,HIDDEN VALLEY,HIDDEN VALLEY,,0
GEESEBAL,2010-06-01,4-016,4-016,HIDDEN VALLEY,HIDDEN VALLEY,119.825856,3767
GEESEBAL,2010-06-01,5-016,5-016,HIGH VALLEY,HIGH VALLEY,59.063287,2781
GEESEBAL,2010-06-01,6-004,6-004,HONEY LAKE VALLEY,HONEY LAKE VALLEY,78.815493,188784
GEESEBAL,2010-06-01,1-029,1-029,HONEYDEW TOWN AREA,HONEYDEW TOWN AREA,80.852916,1183
GEESEBAL,2010-06-01,1-007,1-007,HOOPA VALLEY,HOOPA VALLEY,171.909784,787
GEESEBAL,2010-06-01,6-097,6-097,HORSE LAKE VALLEY,HORSE LAKE VALLEY,118.147405,4335
GEESEBAL,2010-06-01,5-040,5-040,HOT SPRINGS VALLEY,HOT SPRINGS VALLEY,120.934476,3266
GEESEBAL,2010-06-01,3-045,3-045,HUASNA VALLEY,HUASNA VALLEY,66.347594,3366
GEESEBAL,2010-06-01,5-060,5-060,HUMBUG VALLEY,HUMBUG VALLEY,121.913413,1178
GEESEBAL,2010-06-01,4-018,4-018,HUNGRY VALLEY,HUNGRY VALLEY,,0
GEESEBAL,2010-06-01,1-035,1-035,HYAMPOM VALLEY,HYAMPOM VALLEY,86.509921,504
GEESEBAL,2010-06-01,7-030,7-030,IMPERIAL VALLEY,IMPERIAL VALLEY,104.859918,1787557
GEESEBAL,2010-06-01,5-009,5-009,INDIAN VALLEY,INDIAN VALLEY,147.532006,44586
GEESEBAL,2010-06-01,6-054,6-054,INDIAN WELLS VALLEY,INDIAN WELLS VALLEY,38.369321,14616
GEESEBAL,2010-06-01,7-050,7-050,IRON RIDGE AREA,IRON RIDGE AREA,,0
GEESEBAL,2010-06-01,2-033,2-033,ISLAIS VALLEY,ISLAIS VALLEY,,0
GEESEBAL,2010-06-01,6-030,6-030,IVANPAH VALLEY,IVANPAH VALLEY,110.409586,918
GEESEBAL,2010-06-01,7-047,7-047,JACUMBA VALLEY,JACUMBA VALLEY,,0
GEESEBAL,2010-06-01,5-003,5-003,JESS VALLEY,JESS VALLEY,163.127347,15658
GEESEBAL,2010-06-01,7-018.01,7-018,JOHNSON VALLEY,JOHNSON VALLEY - SOGGY LAKE,0.0,60
GEESEBAL,2010-06-01,7-018.02,7-018,JOHNSON VALLEY,JOHNSON VALLEY - UPPER JOHNSON VALLEY,,0
GEESEBAL,2010-06-01,5-086,5-086,JOSEPH CREEK,JOSEPH CREEK,133.921036,4673
GEESEBAL,2010-06-01,7-062,7-062,JOSHUA TREE,JOSHUA TREE,,0
GEESEBAL,2010-06-01,6-089,6-089,KANE WASH AREA,KANE WASH AREA,,0
GEESEBAL,2010-06-01,6-069,6-069,KELSO LANDER VALLEY,KELSO LANDER VALLEY,,0
GEESEBAL,2010-06-01,6-031,6-031,KELSO VALLEY,KELSO VALLEY,,0
GEESEBAL,2010-06-01,2-019,2-019,KENWOOD VALLEY,KENWOOD VALLEY,65.991893,5674
GEESEBAL,2010-06-01,5-025,5-025,KERN RIVER VALLEY,KERN RIVER VALLEY,114.208928,15077
GEESEBAL,2010-06-01,1-002.02,1-002,KLAMATH RIVER VALLEY,KLAMATH RIVER VALLEY - LOWER KLAMATH,100.172193,93343
GEESEBAL,2010-06-01,1-002.01,1-002,KLAMATH RIVER VALLEY,KLAMATH RIVER VALLEY - TULELAKE,107.9199,296556
GEESEBAL,2010-06-01,1-050,1-050,KNIGHTS VALLEY,KNIGHTS VALLEY,65.68301,7322
GEESEBAL,2010-06-01,5-007,5-007,LAKE ALMANOR VALLEY,LAKE ALMANOR VALLEY,118.323675,2623
GEESEBAL,2010-06-01,5-046,5-046,LAKE BRITTON AREA,LAKE BRITTON AREA,112.124717,441
GEESEBAL,2010-06-01,7-001,7-001,LANFAIR VALLEY,LANFAIR VALLEY,,0
GEESEBAL,2010-06-01,6-036.02,6-036,LANGFORD VALLEY,LANGFORD VALLEY - IRWIN,,0
GEESEBAL,2010-06-01,6-036.01,6-036,LANGFORD VALLEY,LANGFORD VALLEY - LANGFORD WELL LAKE,,0
GEESEBAL,2010-06-01,1-033,1-033,LARABEE VALLEY,LARABEE VALLEY,70.587678,211
GEESEBAL,2010-06-01,4-008,4-008,LAS POSAS VALLEY,LAS POSAS VALLEY,161.830441,90830
GEESEBAL,2010-06-01,5-057,5-057,LAST CHANCE CREEK VALLEY,LAST CHANCE CREEK VALLEY,,0
GEESEBAL,2010-06-01,7-014,7-014,LAVIC VALLEY,LAVIC VALLEY,,0
GEESEBAL,2010-06-01,1-012,1-012,LAYTONVILLE VALLEY,LAYTONVILLE VALLEY,95.448475,5017
GEESEBAL,2010-06-01,6-027,6-027,LEACH VALLEY,LEACH VALLEY,,0
GEESEBAL,2010-06-01,6-066,6-066,LEE FLAT,LEE FLAT,,0
GEESEBAL,2010-06-01,6-106,6-106,LITTLE ANTELOPE VALLEY,LITTLE ANTELOPE VALLEY,77.187534,1829
GEESEBAL,2010-06-01,5-065,5-065,LITTLE INDIAN VALLEY,LITTLE INDIAN VALLEY,44.555556,18
GEESEBAL,2010-06-01,1-013,1-013,LITTLE LAKE VALLEY,LITTLE LAKE VALLEY,133.236106,16230
GEESEBAL,2010-06-01,1-041,1-041,LITTLE VALLEY,LITTLE VALLEY,201.171309,718
GEESEBAL,2010-06-01,2-010,2-010,LIVERMORE VALLEY,LIVERMORE VALLEY,55.980393,31366
GEESEBAL,2010-06-01,2-038,2-038,LOBOS,LOBOS,144.343666,742
GEESEBAL,2010-06-01,3-006,3-006,LOCKWOOD VALLEY,LOCKWOOD VALLEY,33.020291,22966
GEESEBAL,2010-06-01,4-017,4-017,LOCKWOOD VALLEY,LOCKWOOD VALLEY,10.708333,120
GEESEBAL,2010-06-01,6-011,6-011,LONG VALLEY,LONG VALLEY,79.869501,28621
GEESEBAL,2010-06-01,5-044,5-044,LONG VALLEY,LONG VALLEY,,0
GEESEBAL,2010-06-01,6-104,6-104,LONG VALLEY,LONG VALLEY,87.920752,6486
GEESEBAL,2010-06-01,5-031,5-031,LONG VALLEY,LONG VALLEY,50.914307,2719
GEESEBAL,2010-06-01,5-070,5-070,LOS BANOS CREEK VALLEY,LOS BANOS CREEK VALLEY,,0
GEESEBAL,2010-06-01,3-008.01,3-008,LOS OSOS VALLEY,LOS OSOS VALLEY - LOS OSOS AREA,136.127827,1901
GEESEBAL,2010-06-01,3-008.02,3-008,LOS OSOS VALLEY,LOS OSOS VALLEY - WARDEN CREEK,117.035183,4235
GEESEBAL,2010-06-01,7-051,7-051,LOST HORSE VALLEY,LOST HORSE VALLEY,,0
GEESEBAL,2010-06-01,6-071,6-071,LOST LAKE VALLEY,LOST LAKE VALLEY,,0
GEESEBAL,2010-06-01,6-021,6-021,LOWER KINGSTON VALLEY,LOWER KINGSTON VALLEY,,0
GEESEBAL,2010-06-01,1-014,1-014,LOWER KLAMATH RIVER VALLEY,LOWER KLAMATH RIVER VALLEY,204.03268,1377
GEESEBAL,2010-06-01,5-030,5-030,LOWER LAKE VALLEY,LOWER LAKE VALLEY,65.737008,635
GEESEBAL,2010-06-01,1-038,1-038,LOWER LAYTONVILLE VALLEY,LOWER LAYTONVILLE VALLEY,44.562648,423
GEESEBAL,2010-06-01,6-040,6-040,LOWER MOJAVE RIVER VALLEY,LOWER MOJAVE RIVER VALLEY,64.959194,17375
GEESEBAL,2010-06-01,1-060,1-060,LOWER RUSSIAN RIVER VALLEY,LOWER RUSSIAN RIVER VALLEY,87.003668,5453
GEESEBAL,2010-06-01,7-019,7-019,LUCERNE VALLEY,LUCERNE VALLEY,41.934752,9962
GEESEBAL,2010-06-01,1-008.02,1-008,MAD RIVER VALLEY,MAD RIVER VALLEY - DOWS PRAIRIE SCHOOL AREA,148.289934,5891
GEESEBAL,2010-06-01,1-008.01,1-008,MAD RIVER VALLEY,MAD RIVER VALLEY - MAD RIVER LOWLAND,150.971219,27657
GEESEBAL,2010-06-01,6-002,6-002,MADELINE PLAINS,MADELINE PLAINS,87.035614,97657
GEESEBAL,2010-06-01,3-051,3-051,MAJORS CREEK,MAJORS CREEK,125.09863,730
GEESEBAL,2010-06-01,4-022,4-022,MALIBU VALLEY,MALIBU VALLEY,129.875,40
GEESEBAL,2010-06-01,6-064,6-064,MARBLE CANYON AREA,MARBLE CANYON AREA,,0
GEESEBAL,2010-06-01,2-039,2-039,MARINA,MARINA,,0
GEESEBAL,2010-06-01,6-067,6-067,MARTIS VALLEY,MARTIS VALLEY,80.806039,3444
GEESEBAL,2010-06-01,7-059,7-059,MASON VALLEY,MASON VALLEY,,0
GEESEBAL,2010-06-01,1-028,1-028,MATTOLE RIVER VALLEY,MATTOLE RIVER VALLEY,96.390418,2797
GEESEBAL,2010-06-01,5-035,5-035,MCCLOUD AREA,MCCLOUD AREA,156.818182,187
GEESEBAL,2010-06-01,5-095,5-095,MEADOW VALLEY,MEADOW VALLEY,104.726486,925
GEESEBAL,2010-06-01,7-017,7-017,MEANS VALLEY,MEANS VALLEY,0.0,42
GEESEBAL,2010-06-01,6-029,6-029,MESQUITE VALLEY,MESQUITE VALLEY,165.681718,9058
GEESEBAL,2010-06-01,6-020,6-020,MIDDLE AMARGOSA VALLEY,MIDDLE AMARGOSA VALLEY,126.247706,109
GEESEBAL,2010-06-01,5-094,5-094,MIDDLE CREEK,MIDDLE CREEK,145.185185,135
GEESEBAL,2010-06-01,5-087,5-087,MIDDLE FORK FEATHER RIVER,MIDDLE FORK FEATHER RIVER,140.340557,646
GEESEBAL,2010-06-01,6-041,6-041,MIDDLE MOJAVE RIVER VALLEY,MIDDLE MOJAVE RIVER VALLEY,86.104957,3268
GEESEBAL,2010-06-01,6-080,6-080,MIDDLE PARK CANYON,MIDDLE PARK CANYON,,0
GEESEBAL,2010-06-01,5-085,5-085,MIL POTRERO AREA,MIL POTRERO AREA,91.848214,112
GEESEBAL,2010-06-01,9-014,9-014,MISSION VALLEY,MISSION VALLEY,176.551267,829
GEESEBAL,2010-06-01,5-011,5-011,MOHAWK VALLEY,MOHAWK VALLEY,131.205328,6531
GEESEBAL,2010-06-01,6-009,6-009,MONO VALLEY,MONO VALLEY,19.368201,239
GEESEBAL,2010-06-01,3-049,3-049,MONTECITO,MONTECITO,151.875654,1721
GEESEBAL,2010-06-01,7-020,7-020,MORONGO VALLEY,MORONGO VALLEY,0.142857,21
GEESEBAL,2010-06-01,3-041,3-041,MORRO VALLEY,MORRO VALLEY,153.056406,1241
GEESEBAL,2010-06-01,5-008,5-008,MOUNTAIN MEADOWS VALLEY,MOUNTAIN MEADOWS VALLEY,115.366198,23845
GEESEBAL,2010-06-01,1-056,1-056,McDOWELL VALLEY,McDOWELL VALLEY,53.78281,2804
GEESEBAL,2010-06-01,2-002.01,2-002,NAPA-SONOMA VALLEY,NAPA-SONOMA VALLEY - NAPA VALLEY,78.528796,93416
GEESEBAL,2010-06-01,2-002.03,2-002,NAPA-SONOMA VALLEY,NAPA-SONOMA VALLEY - NAPA-SONOMA LOWLANDS,73.072204,23572
GEESEBAL,2010-06-01,2-002.02,2-002,NAPA-SONOMA VALLEY,NAPA-SONOMA VALLEY - SONOMA VALLEY,71.32038,80598
GEESEBAL,2010-06-01,1-046,1-046,NAVARRO RIVER VALLEY,NAVARRO RIVER VALLEY,,0
GEESEBAL,2010-06-01,3-052,3-052,NEEDLE ROCK POINT,NEEDLE ROCK POINT,98.450163,1535
GEESEBAL,2010-06-01,7-044,7-044,NEEDLES VALLEY,NEEDLES VALLEY,95.194365,16397
GEESEBAL,2010-06-01,5-050,5-050,NORTH FORK BATTLE CREEK,NORTH FORK BATTLE CREEK,146.294516,2808
GEESEBAL,2010-06-01,2-030,2-030,NOVATO VALLEY,NOVATO VALLEY,93.89689,14596
GEESEBAL,2010-06-01,7-025,7-025,OCOTILLO-CLARK VALLEY,OCOTILLO-CLARK VALLEY,59.588152,37509
GEESEBAL,2010-06-01,7-035,7-035,OGILBY VALLEY,OGILBY VALLEY,46.441168,3357
GEESEBAL,2010-06-01,4-002,4-002,OJAI VALLEY,OJAI VALLEY,155.115578,9327
GEESEBAL,2010-06-01,3-039,3-039,OLD VALLEY,OLD VALLEY,121.804878,205
GEESEBAL,2010-06-01,6-108,6-108,OLYMPIC VALLEY,OLYMPIC VALLEY,119.759076,303
GEESEBAL,2010-06-01,7-031,7-031,OROCOPIA VALLEY,OROCOPIA VALLEY,0.0,161
GEESEBAL,2010-06-01,6-012.02,6-012,OWENS VALLEY,OWENS VALLEY - FISH SLOUGH,,0
GEESEBAL,2010-06-01,6-012.01,6-012,OWENS VALLEY,OWENS VALLEY - OWENS VALLEY,99.622349,93070
GEESEBAL,2010-06-01,6-088,6-088,OWL LAKE VALLEY,OWL LAKE VALLEY,,0
GEESEBAL,2010-06-01,6-028,6-028,PAHRUMP VALLEY,PAHRUMP VALLEY,,0
GEESEBAL,2010-06-01,6-099,6-099,PAINTERS FLAT,PAINTERS FLAT,38.279788,1133
GEESEBAL,2010-06-01,7-039,7-039,PALO VERDE MESA,PALO VERDE MESA,99.89866,161308
GEESEBAL,2010-06-01,7-038,7-038,PALO VERDE VALLEY,PALO VERDE VALLEY,108.193225,224174
GEESEBAL,2010-06-01,9-024,9-024,PAMO VALLEY,PAMO VALLEY,,0
GEESEBAL,2010-06-01,6-058,6-058,PANAMINT VALLEY,PANAMINT VALLEY,,0
GEESEBAL,2010-06-01,5-023,5-023,PANOCHE VALLEY,PANOCHE VALLEY,9.752798,1966
GEESEBAL,2010-06-01,3-032,3-032,PEACH TREE VALLEY,PEACH TREE VALLEY,35.79653,1268
GEESEBAL,2010-06-01,1-030,1-030,PEPPERWOOD TOWN AREA,PEPPERWOOD TOWN AREA,149.531365,3523
GEESEBAL,2010-06-01,2-026,2-026,PESCADERO VALLEY,PESCADERO VALLEY,120.261776,2399
GEESEBAL,2010-06-01,2-001,2-001,PETALUMA VALLEY,PETALUMA VALLEY,72.437355,46221
GEESEBAL,2010-06-01,6-051,6-051,PILOT KNOB VALLEY,PILOT KNOB VALLEY,,0
GEESEBAL,2010-06-01,6-092,6-092,PINE CREEK VALLEY,PINE CREEK VALLEY,172.078125,64
GEESEBAL,2010-06-01,7-006,7-006,PINTO VALLEY,PINTO VALLEY,,0
GEESEBAL,2010-06-01,7-049,7-049,PIPES CANYON FAULT VALLEY,PIPES CANYON FAULT VALLEY,,0
GEESEBAL,2010-06-01,2-004,2-004,PITTSBURG PLAIN,PITTSBURG PLAIN,,0
GEESEBAL,2010-06-01,7-045,7-045,PIUTE VALLEY,PIUTE VALLEY,,0
GEESEBAL,2010-06-01,7-052,7-052,PLEASANT VALLEY,PLEASANT VALLEY,,0
GEESEBAL,2010-06-01,4-006,4-006,PLEASANT VALLEY,PLEASANT VALLEY,152.97816,33196
GEESEBAL,2010-06-01,5-038,5-038,PONDOSA TOWN AREA,PONDOSA TOWN AREA,,0
GEESEBAL,2010-06-01,5-068,5-068,POPE VALLEY,POPE VALLEY,63.929299,12659
GEESEBAL,2010-06-01,9-029,9-029,POTRERO VALLEY,POTRERO VALLEY,56.296496,371
GEESEBAL,2010-06-01,1-051,1-051,POTTER VALLEY,POTTER VALLEY,98.289822,20554
GEESEBAL,2010-06-01,9-013,9-013,POWAY VALLEY,POWAY VALLEY,,0
GEESEBAL,2010-06-01,3-044,3-044,POZO VALLEY,POZO VALLEY,48.911906,2713
GEESEBAL,2010-06-01,1-025,1-025,PRAIRIE CREEK AREA,PRAIRIE CREEK AREA,,0
GEESEBAL,2010-06-01,7-040,7-040,QUIEN SABE POINT VALLEY,QUIEN SABE POINT VALLEY,102.911017,708
GEESEBAL,2010-06-01,3-024,3-024,QUIEN SABE VALLEY,QUIEN SABE VALLEY,71.469438,11403
GEESEBAL,2010-06-01,6-062,6-062,RACE TRACK VALLEY,RACE TRACK VALLEY,,0
GEESEBAL,2010-06-01,3-046,3-046,RAFAEL VALLEY,RAFAEL VALLEY,50.0,1
GEESEBAL,2010-06-01,9-025,9-025,RANCHITA TOWN AREA,RANCHITA TOWN AREA,8.522727,44
GEESEBAL,2010-06-01,4-023,4-023,RAYMOND,RAYMOND,150.570181,1717
GEESEBAL,2010-06-01,6-024,6-024,RED PASS VALLEY,RED PASS VALLEY,,0
GEESEBAL,2010-06-01,1-018,1-018,RED ROCK VALLEY,RED ROCK VALLEY,135.865035,22680
GEESEBAL,2010-06-01,5-006.03,5-006,REDDING AREA,REDDING AREA - ANDERSON,121.749459,42951
GEESEBAL,2010-06-01,5-006.01,5-006,REDDING AREA,REDDING AREA - BOWMAN,141.108294,18219
GEESEBAL,2010-06-01,5-006.04,5-006,REDDING AREA,REDDING AREA - ENTERPRISE,100.608382,22476
GEESEBAL,2010-06-01,5-006.05,5-006,REDDING AREA,REDDING AREA - MILLVILLE,120.516626,9082
GEESEBAL,2010-06-01,5-006.06,5-006,REDDING AREA,REDDING AREA - SOUTH BATTLE CREEK,123.290028,7982
GEESEBAL,2010-06-01,1-026,1-026,REDWOOD CREEK AREA,REDWOOD CREEK AREA,195.782817,2712
GEESEBAL,2010-06-01,6-086,6-086,RHODES HILL AREA,RHODES HILL AREA,,0
GEESEBAL,2010-06-01,7-004,7-004,RICE VALLEY,RICE VALLEY,146.862682,619
GEESEBAL,2010-06-01,6-023,6-023,RIGGS VALLEY,RIGGS VALLEY,,0
GEESEBAL,2010-06-01,3-043,3-043,RINCONADA VALLEY,RINCONADA VALLEY,60.533196,2907
GEESEBAL,2010-06-01,5-043,5-043,ROCK PRAIRIE VALLEY,ROCK PRAIRIE VALLEY,,0
GEESEBAL,2010-06-01,6-056,6-056,ROSE VALLEY,ROSE VALLEY,,0
GEESEBAL,2010-06-01,2-028,2-028,ROSS VALLEY,ROSS VALLEY,,0
GEESEBAL,2010-06-01,5-036,5-036,ROUND VALLEY,ROUND VALLEY,82.550377,14312
GEESEBAL,2010-06-01,4-020,4-020,RUSSELL VALLEY,RUSSELL VALLEY,136.519084,131
GEESEBAL,2010-06-01,5-021.54,5-021,SACRAMENTO VALLEY,SACRAMENTO VALLEY - ANTELOPE,122.575738,37689
GEESEBAL,2010-06-01,5-021.53,5-021,SACRAMENTO VALLEY,SACRAMENTO VALLEY - BEND,79.931705,2621
GEESEBAL,2010-06-01,5-021.70,5-021,SACRAMENTO VALLEY,SACRAMENTO VALLEY - BUTTE,148.163842,817606
GEESEBAL,2010-06-01,5-021.52,5-021,SACRAMENTO VALLEY,SACRAMENTO VALLEY - COLUSA,129.93385,2198924
GEESEBAL,2010-06-01,5-021.51,5-021,SACRAMENTO VALLEY,SACRAMENTO VALLEY - CORNING,72.704264,348885
GEESEBAL,2010-06-01,5-021.56,5-021,SACRAMENTO VALLEY,SACRAMENTO VALLEY - LOS MOLINOS,95.637671,77700
GEESEBAL,2010-06-01,5-021.64,5-021,SACRAMENTO VALLEY,SACRAMENTO VALLEY - NORTH AMERICAN,131.974706,553454
GEESEBAL,2010-06-01,5-021.60,5-021,SACRAMENTO VALLEY,SACRAMENTO VALLEY - NORTH YUBA,160.849105,171444
GEESEBAL,2010-06-01,5-021.50,5-021,SACRAMENTO VALLEY,SACRAMENTO VALLEY - RED BLUFF,87.306817,175098
GEESEBAL,2010-06-01,5-021.66,5-021,SACRAMENTO VALLEY,SACRAMENTO VALLEY - SOLANO,108.206826,931583
GEESEBAL,2010-06-01,5-021.65,5-021,SACRAMENTO VALLEY,SACRAMENTO VALLEY - SOUTH AMERICAN,107.892687,248983
GEESEBAL,2010-06-01,5-021.61,5-021,SACRAMENTO VALLEY,SACRAMENTO VALLEY - SOUTH YUBA,139.274518,215148
GEESEBAL,2010-06-01,5-021.62,5-021,SACRAMENTO VALLEY,SACRAMENTO VALLEY - SUTTER,136.315543,862677
GEESEBAL,2010-06-01,5-021.57,5-021,SACRAMENTO VALLEY,SACRAMENTO VALLEY - VINA,132.702051,355464
GEESEBAL,2010-06-01,5-021.69,5-021,SACRAMENTO VALLEY,SACRAMENTO VALLEY - WYANDOTTE CREEK,106.093412,72218
GEESEBAL,2010-06-01,5-021.67,5-021,SACRAMENTO VALLEY,SACRAMENTO VALLEY - YOLO,111.413014,1423435
GEESEBAL,2010-06-01,3-004.01,3-004,SALINAS VALLEY,SALINAS VALLEY - 180/400 FOOT AQUIFER,114.183844,244952
GEESEBAL,2010-06-01,3-004.11,3-004,SALINAS VALLEY,SALINAS VALLEY - ATASCADERO AREA,51.815798,25586
GEESEBAL,2010-06-01,3-004.02,3-004,SALINAS VALLEY,SALINAS VALLEY - EAST SIDE AQUIFER,106.354752,155489
GEESEBAL,2010-06-01,3-004.04,3-004,SALINAS VALLEY,SALINAS VALLEY - FOREBAY AQUIFER,96.333131,261975
GEESEBAL,2010-06-01,3-004.09,3-004,SALINAS VALLEY,SALINAS VALLEY - LANGLEY AREA,103.431158,8396
GEESEBAL,2010-06-01,3-004.10,3-004,SALINAS VALLEY,SALINAS VALLEY - MONTEREY,106.558193,3033
GEESEBAL,2010-06-01,3-004.06,3-004,SALINAS VALLEY,SALINAS VALLEY - PASO ROBLES AREA,47.983949,339924
GEESEBAL,2010-06-01,3-004.08,3-004,SALINAS VALLEY,SALINAS VALLEY - SEASIDE,117.257456,1643
GEESEBAL,2010-06-01,3-004.05,3-004,SALINAS VALLEY,SALINAS VALLEY - UPPER VALLEY AQUIFER,88.347875,280181
GEESEBAL,2010-06-01,6-017,6-017,SALINE VALLEY,SALINE VALLEY,,0
GEESEBAL,2010-06-01,6-053,6-053,SALT WELLS VALLEY,SALT WELLS VALLEY,,0
GEESEBAL,2010-06-01,3-014,3-014,SAN ANTONIO CREEK VALLEY,SAN ANTONIO CREEK VALLEY,81.23203,63229
GEESEBAL,2010-06-01,3-028,3-028,SAN BENITO RIVER VALLEY,SAN BENITO RIVER VALLEY,60.598758,4187
GEESEBAL,2010-06-01,3-033,3-033,SAN CARPOFORO VALLEY,SAN CARPOFORO VALLEY,,0
GEESEBAL,2010-06-01,9-015,9-015,SAN DIEGO RIVER VALLEY,SAN DIEGO RIVER VALLEY,174.561896,1139
GEESEBAL,2010-06-01,9-012,9-012,SAN DIEGUITO CREEK,SAN DIEGUITO CREEK,176.968323,1610
GEESEBAL,2010-06-01,9-023,9-023,SAN ELIJO VALLEY,SAN ELIJO VALLEY,170.44,25
GEESEBAL,2010-06-01,7-027,7-027,SAN FELIPE VALLEY,SAN FELIPE VALLEY,26.716216,74
GEESEBAL,2010-06-01,4-012,4-012,SAN FERNANDO VALLEY,SAN FERNANDO VALLEY,161.631242,8431
GEESEBAL,2010-06-01,4-013,4-013,SAN GABRIEL VALLEY,SAN GABRIEL VALLEY,160.741766,9139
GEESEBAL,2010-06-01,2-024,2-024,SAN GREGORIO VALLEY,SAN GREGORIO VALLEY,125.185841,1130
GEESEBAL,2010-06-01,8-005,8-005,SAN JACINTO,SAN JACINTO,63.05763,135450
GEESEBAL,2010-06-01,5-022.05,5-022,SAN JOAQUIN VALLEY,SAN JOAQUIN VALLEY - CHOWCHILLA,111.139745,545902
GEESEBAL,2010-06-01,5-022.16,5-022,SAN JOAQUIN VALLEY,SAN JOAQUIN VALLEY - COSUMNES,99.984172,250879
GEESEBAL,2010-06-01,5-022.07,5-022,SAN JOAQUIN VALLEY,SAN JOAQUIN VALLEY - DELTA-MENDOTA,101.932981,2031921
GEESEBAL,2010-06-01,5-022.19,5-022,SAN JOAQUIN VALLEY,SAN JOAQUIN VALLEY - EAST CONTRA COSTA,100.45567,180148
GEESEBAL,2010-06-01,5-022.01,5-022,SAN JOAQUIN VALLEY,SAN JOAQUIN VALLEY - EASTERN SAN JOAQUIN,100.763793,1846579
GEESEBAL,2010-06-01,5-022.11,5-022,SAN JOAQUIN VALLEY,SAN JOAQUIN VALLEY - KAWEAH,122.260243,1384351
GEESEBAL,2010-06-01,5-022.14,5-022,SAN JOAQUIN VALLEY,SAN JOAQUIN VALLEY - KERN COUNTY,108.880791,3709439
GEESEBAL,2010-06-01,5-022.17,5-022,SAN JOAQUIN VALLEY,SAN JOAQUIN VALLEY - KETTLEMAN PLAIN,21.21971,135911
GEESEBAL,2010-06-01,5-022.08,5-022,SAN JOAQUIN VALLEY,SAN JOAQUIN VALLEY - KINGS,110.961286,2980360
GEESEBAL,2010-06-01,5-022.06,5-022,SAN JOAQUIN VALLEY,SAN JOAQUIN VALLEY - MADERA,104.930022,953242
GEESEBAL,2010-06-01,5-022.04,5-022,SAN JOAQUIN VALLEY,SAN JOAQUIN VALLEY - MERCED,95.816911,1185008
GEESEBAL,2010-06-01,5-022.02,5-022,SAN JOAQUIN VALLEY,SAN JOAQUIN VALLEY - MODESTO,101.983903,583344
GEESEBAL,2010-06-01,5-022.10,5-022,SAN JOAQUIN VALLEY,SAN JOAQUIN VALLEY - PLEASANT VALLEY,32.090813,120709
GEESEBAL,2010-06-01,5-022.15,5-022,SAN JOAQUIN VALLEY,SAN JOAQUIN VALLEY - TRACY,103.703398,626628
GEESEBAL,2010-06-01,5-022.12,5-022,SAN JOAQUIN VALLEY,SAN JOAQUIN VALLEY - TULARE LAKE,100.436958,1573381
GEESEBAL,2010-06-01,5-022.13,5-022,SAN JOAQUIN VALLEY,SAN JOAQUIN VALLEY - TULE,93.830685,1579986
GEESEBAL,2010-06-01,5-022.03,5-022,SAN JOAQUIN VALLEY,SAN JOAQUIN VALLEY - TURLOCK,105.573116,1022516
GEESEBAL,2010-06-01,5-022.09,5-022,SAN JOAQUIN VALLEY,SAN JOAQUIN VALLEY - WESTSIDE,87.8964,2400590
GEESEBAL,2010-06-01,5-022.18,5-022,SAN JOAQUIN VALLEY,SAN JOAQUIN VALLEY - WHITE WOLF,109.461737,162939
GEESEBAL,2010-06-01,9-001,9-001,SAN JUAN VALLEY,SAN JUAN VALLEY,140.604313,2272
GEESEBAL,2010-06-01,3-009,3-009,SAN LUIS OBISPO VALLEY,SAN LUIS OBISPO VALLEY,100.394174,16683
GEESEBAL,2010-06-01,9-007.02,9-007,SAN LUIS REY VALLEY,SAN LUIS REY VALLEY - LOWER SAN LUIS REY VALLEY,149.720695,2764
GEESEBAL,2010-06-01,9-007.01,9-007,SAN LUIS REY VALLEY,SAN LUIS REY VALLEY - UPPER SAN LUIS REY VALLEY,154.936243,25597
GEESEBAL,2010-06-01,9-032,9-032,SAN MARCOS AREA,SAN MARCOS AREA,186.481481,27
GEESEBAL,2010-06-01,9-002,9-002,SAN MATEO VALLEY,SAN MATEO VALLEY,161.555556,9
GEESEBAL,2010-06-01,9-003,9-003,SAN ONOFRE VALLEY,SAN ONOFRE VALLEY,,0
GEESEBAL,2010-06-01,9-010,9-010,SAN PASQUAL VALLEY,SAN PASQUAL VALLEY,151.274678,7689
GEESEBAL,2010-06-01,2-036,2-036,SAN PEDRO VALLEY,SAN PEDRO VALLEY,138.458333,24
GEESEBAL,2010-06-01,2-029,2-029,SAN RAFAEL VALLEY,SAN RAFAEL VALLEY,,0
GEESEBAL,2010-06-01,2-007,2-007,SAN RAMON VALLEY,SAN RAMON VALLEY,115.285714,378
GEESEBAL,2010-06-01,3-035,3-035,SAN SIMEON VALLEY,SAN SIMEON VALLEY,152.722222,216
GEESEBAL,2010-06-01,2-027,2-027,SAND POINT AREA,SAND POINT AREA,136.911204,20564
GEESEBAL,2010-06-01,1-053,1-053,SANEL VALLEY,SANEL VALLEY,44.613529,11812
GEESEBAL,2010-06-01,3-022,3-022,SANTA ANA VALLEY,SANTA ANA VALLEY,55.670299,7158
GEESEBAL,2010-06-01,3-017,3-017,SANTA BARBARA,SANTA BARBARA,159.146974,694
GEESEBAL,2010-06-01,4-004.05,4-004,SANTA CLARA RIVER VALLEY,SANTA CLARA RIVER VALLEY - FILLMORE,165.372678,50121
GEESEBAL,2010-06-01,4-004.03,4-004,SANTA CLARA RIVER VALLEY,SANTA CLARA RIVER VALLEY - MOUND,135.270478,9498
GEESEBAL,2010-06-01,4-004.02,4-004,SANTA CLARA RIVER VALLEY,SANTA CLARA RIVER VALLEY - OXNARD,139.048679,106699
GEESEBAL,2010-06-01,4-004.06,4-004,SANTA CLARA RIVER VALLEY,SANTA CLARA RIVER VALLEY - PIRU,151.398344,23073
GEESEBAL,2010-06-01,4-004.07,4-004,SANTA CLARA RIVER VALLEY,SANTA CLARA RIVER VALLEY - SANTA CLARA RIVER VALLEY EAST,138.065815,6807
GEESEBAL,2010-06-01,4-004.04,4-004,SANTA CLARA RIVER VALLEY,SANTA CLARA RIVER VALLEY - SANTA PAULA,167.445886,40609
GEESEBAL,2010-06-01,2-009.04,2-009,SANTA CLARA VALLEY,SANTA CLARA VALLEY - EAST BAY PLAIN,130.675477,2989
GEESEBAL,2010-06-01,2-009.01,2-009,SANTA CLARA VALLEY,SANTA CLARA VALLEY - NILES CONE,87.819095,1791
GEESEBAL,2010-06-01,2-009.03,2-009,SANTA CLARA VALLEY,SANTA CLARA VALLEY - SAN MATEO PLAIN,107.743741,1358
GEESEBAL,2010-06-01,2-009.02,2-009,SANTA CLARA VALLEY,SANTA CLARA VALLEY - SANTA CLARA,75.87596,25790
GEESEBAL,2010-06-01,3-001,3-001,SANTA CRUZ MID-COUNTY,SANTA CRUZ MID-COUNTY,112.809201,3978
GEESEBAL,2010-06-01,3-027,3-027,SANTA MARGARITA,SANTA MARGARITA,85.322148,298
GEESEBAL,2010-06-01,9-004,9-004,SANTA MARGARITA VALLEY,SANTA MARGARITA VALLEY,,0
GEESEBAL,2010-06-01,3-012.02,3-012,SANTA MARIA RIVER VALLEY,SANTA MARIA RIVER VALLEY - ARROYO GRANDE,103.59294,6176
GEESEBAL,2010-06-01,3-012.01,3-012,SANTA MARIA RIVER VALLEY,SANTA MARIA RIVER VALLEY - SANTA MARIA,115.205954,262758
GEESEBAL,2010-06-01,9-011,9-011,SANTA MARIA VALLEY,SANTA MARIA VALLEY,94.740869,3176
GEESEBAL,2010-06-01,6-068,6-068,SANTA ROSA FLAT,SANTA ROSA FLAT,,0
GEESEBAL,2010-06-01,3-036,3-036,SANTA ROSA VALLEY,SANTA ROSA VALLEY,139.730321,2744
GEESEBAL,2010-06-01,1-055.02,1-055,SANTA ROSA VALLEY,SANTA ROSA VALLEY - HEALDSBURG AREA,62.162192,31401
GEESEBAL,2010-06-01,1-055.03,1-055,SANTA ROSA VALLEY,SANTA ROSA VALLEY - RINCON VALLEY,80.135972,581
GEESEBAL,2010-06-01,1-055.01,1-055,SANTA ROSA VALLEY,SANTA ROSA VALLEY - SANTA ROSA PLAIN,79.885282,81016
GEESEBAL,2010-06-01,3-015,3-015,SANTA YNEZ RIVER VALLEY,SANTA YNEZ RIVER VALLEY,103.738283,118162
GEESEBAL,2010-06-01,1-005,1-005,SCOTT RIVER VALLEY,SCOTT RIVER VALLEY,141.18598,147258
GEESEBAL,2010-06-01,5-014,5-014,SCOTTS VALLEY,SCOTTS VALLEY,89.707468,7271
GEESEBAL,2010-06-01,6-052,6-052,SEARLES VALLEY,SEARLES VALLEY,,0
GEESEBAL,2010-06-01,6-100,6-100,SECRET VALLEY,SECRET VALLEY,104.848049,12379
GEESEBAL,2010-06-01,1-016,1-016,SEIAD VALLEY,SEIAD VALLEY,154.314351,439
GEESEBAL,2010-06-01,8-008,8-008,SEVEN OAKS VALLEY,SEVEN OAKS VALLEY,,0
GEESEBAL,2010-06-01,1-004,1-004,SHASTA VALLEY,SHASTA VALLEY,138.868565,257678
GEESEBAL,2010-06-01,1-042,1-042,SHERWOOD VALLEY,SHERWOOD VALLEY,,0
GEESEBAL,2010-06-01,5-012.02,5-012,SIERRA VALLEY,SIERRA VALLEY - CHILCOOT,141.669028,5505
GEESEBAL,2010-06-01,5-012.01,5-012,SIERRA VALLEY,SIERRA VALLEY - SIERRA VALLEY,105.099913,213275
GEESEBAL,2010-06-01,6-034,6-034,SILVER LAKE VALLEY,SILVER LAKE VALLEY,,0
GEESEBAL,2010-06-01,4-009,4-009,SIMI VALLEY,SIMI VALLEY,165.101773,1297
GEESEBAL,2010-06-01,6-105,6-105,SLINKARD VALLEY,SLINKARD VALLEY,,0
GEESEBAL,2010-06-01,1-001,1-001,SMITH RIVER PLAIN,SMITH RIVER PLAIN,202.684336,36352
GEESEBAL,2010-06-01,6-033,6-033,SODA LAKE VALLEY,SODA LAKE VALLEY,,0
GEESEBAL,2010-06-01,2-037,2-037,SOUTH SAN FRANCISCO,SOUTH SAN FRANCISCO,,0
GEESEBAL,2010-06-01,6-082,6-082,SPRING CANYON VALLEY,SPRING CANYON VALLEY,,0
GEESEBAL,2010-06-01,5-089,5-089,SQUAW FLAT,SQUAW FLAT,,0
GEESEBAL,2010-06-01,5-088,5-088,STONY GORGE RESERVOIR,STONY GORGE RESERVOIR,48.945021,964
GEESEBAL,2010-06-01,5-063,5-063,STONYFORD TOWN AREA,STONYFORD TOWN AREA,67.309048,3857
GEESEBAL,2010-06-01,2-003,2-003,SUISUN-FAIRFIELD VALLEY,SUISUN-FAIRFIELD VALLEY,77.751948,91868
GEESEBAL,2010-06-01,2-011,2-011,SUNOL VALLEY,SUNOL VALLEY,79.603261,1656
GEESEBAL,2010-06-01,6-049,6-049,SUPERIOR VALLEY,SUPERIOR VALLEY,,0
GEESEBAL,2010-06-01,6-001,6-001,SURPRISE VALLEY,SURPRISE VALLEY,117.069741,234180
GEESEBAL,2010-06-01,6-107,6-107,SWEETWATER FLAT,SWEETWATER FLAT,116.666667,324
GEESEBAL,2010-06-01,6-005.03,6-005,TAHOE VALLEY,TAHOE VALLEY - TAHOE NORTH,139.357143,210
GEESEBAL,2010-06-01,6-005.01,6-005,TAHOE VALLEY,TAHOE VALLEY - TAHOE SOUTH,129.333775,755
GEESEBAL,2010-06-01,6-005.02,6-005,TAHOE VALLEY,TAHOE VALLEY - TAHOE WEST,61.982456,171
GEESEBAL,2010-06-01,6-045,6-045,TEHACHAPI VALLEY EAST,TEHACHAPI VALLEY EAST,43.580512,3397
GEESEBAL,2010-06-01,5-028,5-028,TEHACHAPI VALLEY WEST,TEHACHAPI VALLEY WEST,30.833921,4540
GEESEBAL,2010-06-01,9-005,9-005,TEMECULA VALLEY,TEMECULA VALLEY,93.502023,20517
GEESEBAL,2010-06-01,1-040,1-040,TEN MILE RIVER VALLEY,TEN MILE RIVER VALLEY,195.861244,209
GEESEBAL,2010-06-01,7-026,7-026,TERWILLIGER VALLEY,TERWILLIGER VALLEY,47.798817,169
GEESEBAL,2010-06-01,4-019,4-019,THOUSAND OAKS AREA,THOUSAND OAKS AREA,167.72987,385
GEESEBAL,2010-06-01,4-015,4-015,TIERRA REJADA,TIERRA REJADA,155.934995,4092
GEESEBAL,2010-06-01,5-037,5-037,TOAD WELL AREA,TOAD WELL AREA,,0
GEESEBAL,2010-06-01,3-040,3-040,TORO VALLEY,TORO VALLEY,119.262162,370
GEESEBAL,2010-06-01,6-098,6-098,TULEDAD CANYON VALLEY,TULEDAD CANYON VALLEY,32.864516,310
GEESEBAL,2010-06-01,7-010,7-010,TWENTYNINE PALMS VALLEY,TWENTYNINE PALMS VALLEY,50.514056,747
GEESEBAL,2010-06-01,1-052,1-052,UKIAH VALLEY,UKIAH VALLEY,83.297543,43476
GEESEBAL,2010-06-01,6-022,6-022,UPPER KINGSTON VALLEY,UPPER KINGSTON VALLEY,,0
GEESEBAL,2010-06-01,5-013,5-013,UPPER LAKE VALLEY,UPPER LAKE VALLEY,99.740997,12413
GEESEBAL,2010-06-01,6-042,6-042,UPPER MOJAVE RIVER VALLEY,UPPER MOJAVE RIVER VALLEY,50.338619,6748
GEESEBAL,2010-06-01,4-001,4-001,UPPER OJAI VALLEY,UPPER OJAI VALLEY,108.714026,3294
GEESEBAL,2010-06-01,3-023,3-023,UPPER SANTA ANA VALLEY,UPPER SANTA ANA VALLEY,56.285714,7
GEESEBAL,2010-06-01,8-002.05,8-002,UPPER SANTA ANA VALLEY,UPPER SANTA ANA VALLEY - CAJON,35.558824,170
GEESEBAL,2010-06-01,8-002.01,8-002,UPPER SANTA ANA VALLEY,UPPER SANTA ANA VALLEY - CHINO,107.628499,29440
GEESEBAL,2010-06-01,8-002.02,8-002,UPPER SANTA ANA VALLEY,UPPER SANTA ANA VALLEY - CUCAMONGA,150.146269,670
GEESEBAL,2010-06-01,8-002.04,8-002,UPPER SANTA ANA VALLEY,UPPER SANTA ANA VALLEY - RIALTO-COLTON,106.553871,1253
GEESEBAL,2010-06-01,8-002.03,8-002,UPPER SANTA ANA VALLEY,UPPER SANTA ANA VALLEY - RIVERSIDE-ARLINGTON,127.781756,13966
GEESEBAL,2010-06-01,8-002.06,8-002,UPPER SANTA ANA VALLEY,UPPER SANTA ANA VALLEY - SAN BERNARDINO,106.447923,15554
GEESEBAL,2010-06-01,8-002.08,8-002,UPPER SANTA ANA VALLEY,UPPER SANTA ANA VALLEY - SAN TIMOTEO,112.958646,4667
GEESEBAL,2010-06-01,8-002.09,8-002,UPPER SANTA ANA VALLEY,UPPER SANTA ANA VALLEY - TEMESCAL,147.357396,845
GEESEBAL,2010-06-01,8-002.07,8-002,UPPER SANTA ANA VALLEY,UPPER SANTA ANA VALLEY - YUCAIPA,92.315605,2858
GEESEBAL,2010-06-01,7-028,7-028,VALLECITO-CARRIZO VALLEY,VALLECITO-CARRIZO VALLEY,,0
GEESEBAL,2010-06-01,5-071,5-071,VALLECITOS CREEK VALLEY,VALLECITOS CREEK VALLEY,,0
GEESEBAL,2010-06-01,7-063,7-063,VANDEVENTER FLAT,VANDEVENTER FLAT,,0
GEESEBAL,2010-06-01,4-003.02,4-003,VENTURA RIVER VALLEY,VENTURA RIVER VALLEY - LOWER VENTURA RIVER,145.983625,1771
GEESEBAL,2010-06-01,4-003.01,4-003,VENTURA RIVER VALLEY,VENTURA RIVER VALLEY - UPPER VENTURA RIVER,153.315652,2300
GEESEBAL,2010-06-01,7-042,7-042,VIDAL VALLEY,VIDAL VALLEY,,0
GEESEBAL,2010-06-01,3-037,3-037,VILLA VALLEY,VILLA VALLEY,107.871194,854
GEESEBAL,2010-06-01,2-032,2-032,VISITACION VALLEY,VISITACION VALLEY,142.691011,178
GEESEBAL,2010-06-01,5-026,5-026,WALKER BASIN CREEK VALLEY,WALKER BASIN CREEK VALLEY,75.018475,6387
GEESEBAL,2010-06-01,7-003,7-003,WARD VALLEY,WARD VALLEY,,0
GEESEBAL,2010-06-01,9-008,9-008,WARNER VALLEY,WARNER VALLEY,86.346939,343
GEESEBAL,2010-06-01,7-012,7-012,WARREN VALLEY,WARREN VALLEY,6.872464,345
GEESEBAL,2010-06-01,1-031,1-031,WEOTT TOWN AREA,WEOTT TOWN AREA,154.497132,523
GEESEBAL,2010-06-01,7-022,7-022,WEST SALTON SEA,WEST SALTON SEA,,0
GEESEBAL,2010-06-01,3-026,3-026,WEST SANTA CRUZ TERRACE,WEST SANTA CRUZ TERRACE,103.420888,1599
GEESEBAL,2010-06-01,2-035,2-035,WESTSIDE,WESTSIDE,142.6875,3808
GEESEBAL,2010-06-01,6-073,6-073,WILD HORSE MESA AREA,WILD HORSE MESA AREA,,0
GEESEBAL,2010-06-01,6-075,6-075,WILDROSE CANYON,WILDROSE CANYON,,0
GEESEBAL,2010-06-01,1-043,1-043,WILLIAMS VALLEY,WILLIAMS VALLEY,120.57732,485
GEESEBAL,2010-06-01,6-003,6-003,WILLOW CREEK VALLEY,WILLOW CREEK VALLEY,134.649284,26463
GEESEBAL,2010-06-01,1-059,1-059,WILSON GROVE FORMATION HIGHLANDS,WILSON GROVE FORMATION HIGHLANDS,100.49003,70610
GEESEBAL,2010-06-01,1-062,1-062,WILSON POINT AREA,WILSON POINT AREA,85.0,9
GEESEBAL,2010-06-01,6-019,6-019,WINGATE VALLEY,WINGATE VALLEY,,0
GEESEBAL,2010-06-01,7-056,7-056,YAQUI WELL AREA,YAQUI WELL AREA,,0
GEESEBAL,2010-06-01,5-056,5-056,YELLOW CREEK VALLEY,YELLOW CREEK VALLEY,104.525508,5861
GEESEBAL,2010-06-01,2-006,2-006,YGNACIO VALLEY,YGNACIO VALLEY,125.424691,405
GEESEBAL,2010-06-01,5-069,5-069,YOSEMITE VALLEY,YOSEMITE VALLEY,,0
GEESEBAL,2010-06-01,7-036,7-036,YUMA VALLEY,YUMA VALLEY,119.702462,66610
