Model,Date,Basin_Subb,Basin_Numb,Basin_Name,Basin_Su_1,ET,Pixel_Count
PTJPL,2010-03-01,4-005,4-005,ACTON VALLEY,ACTON VALLEY,62.274312,37173
PTJPL,2010-03-01,6-010,6-010,ADOBE LAKE VALLEY,ADOBE LAKE VALLEY,35.249618,144032
PTJPL,2010-03-01,1-054.01,1-054,ALEXANDER VALLEY,ALEXANDER VALLEY - ALEXANDER AREA,73.486635,110099
PTJPL,2010-03-01,1-054.02,1-054,ALEXANDER VALLEY,ALEXANDER VALLEY - CLOVERDALE AREA,72.226154,29365
PTJPL,2010-03-01,5-002.01,5-002,ALTURAS AREA,ALTURAS AREA - SOUTH FORK PITT RIVER,48.40628,513171
PTJPL,2010-03-01,5-002.02,5-002,ALTURAS AREA,ALTURAS AREA - WARM SPRINGS VALLEY,50.231449,305817
PTJPL,2010-03-01,5-010,5-010,AMERICAN VALLEY,AMERICAN VALLEY,56.298639,30572
PTJPL,2010-03-01,7-016,7-016,AMES VALLEY,AMES VALLEY,22.531758,487562
PTJPL,2010-03-01,7-034,7-034,AMOS VALLEY,AMOS VALLEY,19.173242,584286
PTJPL,2010-03-01,1-019,1-019,ANDERSON VALLEY,ANDERSON VALLEY,74.803752,22283
PTJPL,2010-03-01,1-049,1-049,ANNAPOLIS OHLSON RANCH FORMATION HIGHLANDS,ANNAPOLIS OHLSON RANCH FORMATION HIGHLANDS,85.850206,38900
PTJPL,2010-03-01,5-091,5-091,ANTELOPE CREEK,ANTELOPE CREEK,67.244033,9175
PTJPL,2010-03-01,6-044,6-044,ANTELOPE VALLEY,ANTELOPE VALLEY,47.134802,4541067
PTJPL,2010-03-01,6-007,6-007,ANTELOPE VALLEY,ANTELOPE VALLEY,32.129619,89655
PTJPL,2010-03-01,3-034,3-034,ARROYO DE LA CRUZ VALLEY,ARROYO DE LA CRUZ VALLEY,85.02312,3590
PTJPL,2010-03-01,2-031,2-031,ARROYO DEL HAMBRE VALLEY,ARROYO DEL HAMBRE VALLEY,82.221845,3534
PTJPL,2010-03-01,4-007,4-007,ARROYO SANTA ROSA VALLEY,ARROYO SANTA ROSA VALLEY,66.694322,17646
PTJPL,2010-03-01,7-037,7-037,ARROYO SECO VALLEY,ARROYO SECO VALLEY,26.402918,1152313
PTJPL,2010-03-01,5-054,5-054,ASH VALLEY,ASH VALLEY,44.710938,27015
PTJPL,2010-03-01,6-026,6-026,AVAWATZ VALLEY,AVAWATZ VALLEY,29.568811,124166
PTJPL,2010-03-01,3-020,3-020,A�O NUEVO AREA,A�O NUEVO AREA,76.518502,8972
PTJPL,2010-03-01,9-022,9-022,BATIQUITOS LAGOON VALLEY,BATIQUITOS LAGOON VALLEY,84.265747,3334
PTJPL,2010-03-01,8-009,8-009,BEAR VALLEY,BEAR VALLEY,52.331416,28514
PTJPL,2010-03-01,5-064,5-064,BEAR VALLEY,BEAR VALLEY,62.453511,40934
PTJPL,2010-03-01,5-020,5-020,BERRYESSA VALLEY,BERRYESSA VALLEY,65.557745,6191
PTJPL,2010-03-01,7-015,7-015,BESSEMER VALLEY,BESSEMER VALLEY,21.291794,175679
PTJPL,2010-03-01,6-025,6-025,BICYCLE VALLEY,BICYCLE VALLEY,26.746519,402232
PTJPL,2010-03-01,1-027,1-027,BIG LAGOON AREA,BIG LAGOON AREA,96.170674,57314
PTJPL,2010-03-01,8-007,8-007,BIG MEADOWS VALLEY,BIG MEADOWS VALLEY,32.395394,17977
PTJPL,2010-03-01,1-045,1-045,BIG RIVER VALLEY,BIG RIVER VALLEY,84.604007,7038
PTJPL,2010-03-01,3-047,3-047,BIG SPRING AREA,BIG SPRING AREA,75.755631,32897
PTJPL,2010-03-01,5-015,5-015,BIG VALLEY,BIG VALLEY,69.99004,108936
PTJPL,2010-03-01,5-004,5-004,BIG VALLEY,BIG VALLEY,53.4415,413986
PTJPL,2010-03-01,3-030,3-030,BITTER WATER VALLEY,BITTER WATER VALLEY,84.99688,144867
PTJPL,2010-03-01,6-013,6-013,BLACK SPRINGS VALLEY,BLACK SPRINGS VALLEY,22.4471,138327
PTJPL,2010-03-01,5-092,5-092,BLANCHARD VALLEY,BLANCHARD VALLEY,64.603262,9994
PTJPL,2010-03-01,1-057,1-057,BODEGA BAY AREA,BODEGA BAY AREA,85.635813,10069
PTJPL,2010-03-01,7-024.01,7-024,BORREGO VALLEY,BORREGO VALLEY - BORREGO SPRINGS,35.672134,282155
PTJPL,2010-03-01,7-024.02,7-024,BORREGO VALLEY,BORREGO VALLEY - OCOTILLO WELLS,23.945228,405078
PTJPL,2010-03-01,1-039,1-039,BRANSCOMB TOWN AREA,BRANSCOMB TOWN AREA,67.98984,6201
PTJPL,2010-03-01,1-017,1-017,BRAY TOWN AREA,BRAY TOWN AREA,55.471004,29263
PTJPL,2010-03-01,6-008,6-008,BRIDGEPORT VALLEY,BRIDGEPORT VALLEY,25.262426,30420
PTJPL,2010-03-01,7-008,7-008,BRISTOL VALLEY,BRISTOL VALLEY,21.248243,2234028
PTJPL,2010-03-01,5-080,5-080,BRITE VALLEY,BRITE VALLEY,57.130129,14209
PTJPL,2010-03-01,6-032,6-032,BROADWELL VALLEY,BROADWELL VALLEY,23.702,413087
PTJPL,2010-03-01,6-076,6-076,BROWN MOUNTAIN VALLEY,BROWN MOUNTAIN VALLEY,33.436825,97673
PTJPL,2010-03-01,7-054,7-054,BUCK RIDGE FAULT VALLEY,BUCK RIDGE FAULT VALLEY,42.585468,31076
PTJPL,2010-03-01,6-101,6-101,BULL FLAT,BULL FLAT,40.614273,78457
PTJPL,2010-03-01,5-048,5-048,BURNEY CREEK VALLEY,BURNEY CREEK VALLEY,64.645808,10579
PTJPL,2010-03-01,5-017,5-017,BURNS VALLEY,BURNS VALLEY,64.817858,12924
PTJPL,2010-03-01,5-051,5-051,BUTTE CREEK VALLEY,BUTTE CREEK VALLEY,42.973911,4523
PTJPL,2010-03-01,1-003,1-003,BUTTE VALLEY,BUTTE VALLEY,52.448742,352797
PTJPL,2010-03-01,6-081,6-081,BUTTE VALLEY,BUTTE VALLEY,32.356813,39581
PTJPL,2010-03-01,6-070,6-070,CACTUS FLAT,CACTUS FLAT,29.345741,31593
PTJPL,2010-03-01,7-007,7-007,CADIZ VALLEY,CADIZ VALLEY,17.923022,1213316
PTJPL,2010-03-01,6-090,6-090,CADY FAULT AREA,CADY FAULT AREA,31.975303,35753
PTJPL,2010-03-01,9-006,9-006,CAHUILLA VALLEY,CAHUILLA VALLEY,49.527478,81848
PTJPL,2010-03-01,6-079,6-079,CALIFORNIA VALLEY,CALIFORNIA VALLEY,31.277577,261304
PTJPL,2010-03-01,7-041,7-041,CALZONA VALLEY,CALZONA VALLEY,29.140796,340869
PTJPL,2010-03-01,6-061,6-061,CAMEO AREA,CAMEO AREA,19.833995,41842
PTJPL,2010-03-01,9-028,9-028,CAMPO VALLEY,CAMPO VALLEY,60.688781,15902
PTJPL,2010-03-01,7-046,7-046,CANEBRAKE VALLEY,CANEBRAKE VALLEY,34.615673,24310
PTJPL,2010-03-01,3-007,3-007,CARMEL VALLEY,CARMEL VALLEY,78.415639,18978
PTJPL,2010-03-01,3-018,3-018,CARPINTERIA,CARPINTERIA,68.056031,33892
PTJPL,2010-03-01,3-019,3-019,CARRIZO PLAIN,CARRIZO PLAIN,79.67326,942624
PTJPL,2010-03-01,6-006,6-006,CARSON VALLEY,CARSON VALLEY,39.887437,41701
PTJPL,2010-03-01,5-029,5-029,CASTAC LAKE VALLEY,CASTAC LAKE VALLEY,71.988572,16013
PTJPL,2010-03-01,2-008,2-008,CASTRO VALLEY,CASTRO VALLEY,68.175394,8193
PTJPL,2010-03-01,6-038,6-038,CAVES CANYON VALLEY,CAVES CANYON VALLEY,23.388237,328088
PTJPL,2010-03-01,5-045,5-045,CAYTON VALLEY,CAYTON VALLEY,68.248042,5874
PTJPL,2010-03-01,3-038,3-038,CAYUCOS VALLEY,CAYUCOS VALLEY,81.507903,949
PTJPL,2010-03-01,7-043,7-043,CHEMEHUEVI VALLEY,CHEMEHUEVI VALLEY,29.827831,1221349
PTJPL,2010-03-01,7-032,7-032,CHOCOLATE VALLEY,CHOCOLATE VALLEY,27.336786,580540
PTJPL,2010-03-01,3-005,3-005,CHOLAME VALLEY,CHOLAME VALLEY,81.370827,179070
PTJPL,2010-03-01,3-042,3-042,CHORRO VALLEY,CHORRO VALLEY,77.872981,6377
PTJPL,2010-03-01,5-061,5-061,CHROME TOWN AREA,CHROME TOWN AREA,64.469214,6334
PTJPL,2010-03-01,7-005,7-005,CHUCKWALLA VALLEY,CHUCKWALLA VALLEY,23.247906,2704920
PTJPL,2010-03-01,2-005,2-005,CLAYTON VALLEY,CLAYTON VALLEY,82.171576,80250
PTJPL,2010-03-01,5-066,5-066,CLEAR LAKE CACHE FORMATION,CLEAR LAKE CACHE FORMATION,69.736215,133749
PTJPL,2010-03-01,5-058,5-058,CLOVER VALLEY,CLOVER VALLEY,44.601966,11396
PTJPL,2010-03-01,7-021.03,7-021,COACHELLA VALLEY,COACHELLA VALLEY - DESERT HOT SPRINGS,25.876816,453937
PTJPL,2010-03-01,7-021.01,7-021,COACHELLA VALLEY,COACHELLA VALLEY - INDIO,45.908843,1336106
PTJPL,2010-03-01,7-021.02,7-021,COACHELLA VALLEY,COACHELLA VALLEY - MISSION CREEK,32.14047,218231
PTJPL,2010-03-01,7-021.04,7-021,COACHELLA VALLEY,COACHELLA VALLEY - SAN GORGONIO PASS,51.062287,172074
PTJPL,2010-03-01,4-011.04,4-011,COASTAL PLAIN OF LOS ANGELES,COASTAL PLAIN OF LOS ANGELES - CENTRAL,78.170198,799371
PTJPL,2010-03-01,4-011.02,4-011,COASTAL PLAIN OF LOS ANGELES,COASTAL PLAIN OF LOS ANGELES - HOLLYWOOD,67.849997,45279
PTJPL,2010-03-01,4-011.01,4-011,COASTAL PLAIN OF LOS ANGELES,COASTAL PLAIN OF LOS ANGELES - SANTA MONICA,85.462424,135804
PTJPL,2010-03-01,4-011.03,4-011,COASTAL PLAIN OF LOS ANGELES,COASTAL PLAIN OF LOS ANGELES - WEST COAST,98.169716,399903
PTJPL,2010-03-01,8-001,8-001,COASTAL PLAIN OF ORANGE COUNTY,COASTAL PLAIN OF ORANGE COUNTY,71.167338,999376
PTJPL,2010-03-01,9-033,9-033,COASTAL PLAIN OF SAN DIEGO,COASTAL PLAIN OF SAN DIEGO,80.552835,240969
PTJPL,2010-03-01,6-072,6-072,COLES FLAT,COLES FLAT,29.239958,13244
PTJPL,2010-03-01,5-019,5-019,COLLAYOMI VALLEY,COLLAYOMI VALLEY,61.575821,29240
PTJPL,2010-03-01,7-055,7-055,COLLINS VALLEY,COLLINS VALLEY,39.823218,31751
PTJPL,2010-03-01,4-010,4-010,CONEJO,CONEJO,63.643823,84503
PTJPL,2010-03-01,7-011,7-011,COPPER MOUNTAIN VALLEY,COPPER MOUNTAIN VALLEY,26.342536,136155
PTJPL,2010-03-01,3-002.01,3-002,CORRALITOS,CORRALITOS - PAJARO VALLEY,74.345559,332288
PTJPL,2010-03-01,3-002.02,3-002,CORRALITOS,CORRALITOS - PURISIMA HIGHLANDS,82.964066,58134
PTJPL,2010-03-01,6-055,6-055,COSO VALLEY,COSO VALLEY,29.964291,114929
PTJPL,2010-03-01,1-037,1-037,COTTONEVA CREEK VALLEY,COTTONEVA CREEK VALLEY,77.923458,3436
PTJPL,2010-03-01,9-027,9-027,COTTONWOOD VALLEY,COTTONWOOD VALLEY,50.857259,17262
PTJPL,2010-03-01,1-011,1-011,COVELO ROUND VALLEY,COVELO ROUND VALLEY,69.890814,40005
PTJPL,2010-03-01,6-091,6-091,COW HEAD LAKE VALLEY,COW HEAD LAKE VALLEY,44.695284,25148
PTJPL,2010-03-01,6-037,6-037,COYOTE LAKE VALLEY,COYOTE LAKE VALLEY,24.385287,396167
PTJPL,2010-03-01,5-018,5-018,COYOTE VALLEY,COYOTE VALLEY,62.945319,29352
PTJPL,2010-03-01,7-029,7-029,COYOTE WELLS VALLEY,COYOTE WELLS VALLEY,20.526888,648415
PTJPL,2010-03-01,6-035,6-035,CRONISE VALLEY,CRONISE VALLEY,20.78541,567907
PTJPL,2010-03-01,6-050,6-050,CUDDEBACK VALLEY,CUDDEBACK VALLEY,31.833958,426688
PTJPL,2010-03-01,5-082,5-082,CUDDY CANYON VALLEY,CUDDY CANYON VALLEY,57.398624,14826
PTJPL,2010-03-01,5-083,5-083,CUDDY RANCH AREA,CUDDY RANCH AREA,65.72349,18842
PTJPL,2010-03-01,5-084,5-084,CUDDY VALLEY,CUDDY VALLEY,65.103749,15576
PTJPL,2010-03-01,5-027,5-027,CUMMINGS VALLEY,CUMMINGS VALLEY,62.405658,44217
PTJPL,2010-03-01,3-013,3-013,CUYAMA VALLEY,CUYAMA VALLEY,73.739919,1086493
PTJPL,2010-03-01,7-009,7-009,DALE VALLEY,DALE VALLEY,22.18965,955404
PTJPL,2010-03-01,6-057,6-057,DARWIN VALLEY,DARWIN VALLEY,25.913537,198536
PTJPL,2010-03-01,7-061,7-061,DAVIES VALLEY,DAVIES VALLEY,26.102011,15214
PTJPL,2010-03-01,7-013.01,7-013,DEADMAN VALLEY,DEADMAN VALLEY - DEADMAN LAKE,20.622086,400268
PTJPL,2010-03-01,7-013.02,7-013,DEADMAN VALLEY,DEADMAN VALLEY - SURPRISE SPRING,19.435074,131543
PTJPL,2010-03-01,6-018,6-018,DEATH VALLEY,DEATH VALLEY,20.027607,4133611
PTJPL,2010-03-01,6-015,6-015,DEEP SPRINGS VALLEY,DEEP SPRINGS VALLEY,26.427654,133103
PTJPL,2010-03-01,6-078,6-078,DENNING SPRING VALLEY,DENNING SPRING VALLEY,35.816672,32521
PTJPL,2010-03-01,1-034,1-034,DINSMORES TOWN AREA,DINSMORES TOWN AREA,56.897161,10249
PTJPL,2010-03-01,5-053,5-053,DIXIE VALLEY,DIXIE VALLEY,53.344957,21881
PTJPL,2010-03-01,2-040,2-040,DOWNTOWN,DOWNTOWN,84.208048,34343
PTJPL,2010-03-01,5-049,5-049,DRY BURNEY CREEK VALLEY,DRY BURNEY CREEK VALLEY,75.707329,3943
PTJPL,2010-03-01,3-029,3-029,DRY LAKE VALLEY,DRY LAKE VALLEY,80.023899,6360
PTJPL,2010-03-01,6-095,6-095,DRY VALLEY,DRY VALLEY,43.441567,29153
PTJPL,2010-03-01,6-096,6-096,EAGLE LAKE AREA,EAGLE LAKE AREA,47.672999,52058
PTJPL,2010-03-01,7-033,7-033,EAST SALTON SEA,EAST SALTON SEA,25.614228,876191
PTJPL,2010-03-01,1-044,1-044,EDEN VALLEY,EDEN VALLEY,52.86699,6195
PTJPL,2010-03-01,1-010,1-010,EEL RIVER VALLEY,EEL RIVER VALLEY,77.033908,324529
PTJPL,2010-03-01,5-041,5-041,EGG LAKE VALLEY,EGG LAKE VALLEY,54.613779,18448
PTJPL,2010-03-01,9-016,9-016,EL CAJON VALLEY,EL CAJON VALLEY,59.616853,32160
PTJPL,2010-03-01,6-043,6-043,EL MIRAGE VALLEY,EL MIRAGE VALLEY,36.244714,340540
PTJPL,2010-03-01,5-062,5-062,ELK CREEK AREA,ELK CREEK AREA,62.630677,6474
PTJPL,2010-03-01,8-004.02,8-004,ELSINORE,ELSINORE - BEDFORD-COLDWATER,55.983322,31599
PTJPL,2010-03-01,8-004.01,8-004,ELSINORE,ELSINORE - ELSINORE VALLEY,68.831453,106083
PTJPL,2010-03-01,9-009,9-009,ESCONDIDO VALLEY,ESCONDIDO VALLEY,62.395415,12956
PTJPL,2010-03-01,1-009,1-009,EUREKA PLAIN,EUREKA PLAIN,88.183545,153663
PTJPL,2010-03-01,6-016,6-016,EUREKA VALLEY,EUREKA VALLEY,20.145267,577627
PTJPL,2010-03-01,1-022,1-022,FAIRCHILD SWAMP VALLEY,FAIRCHILD SWAMP VALLEY,45.701547,14736
PTJPL,2010-03-01,5-005,5-005,FALL RIVER VALLEY,FALL RIVER VALLEY,64.074263,246556
PTJPL,2010-03-01,7-002,7-002,FENNER VALLEY,FENNER VALLEY,30.011364,2034583
PTJPL,2010-03-01,6-014,6-014,FISH LAKE VALLEY,FISH LAKE VALLEY,29.305744,204730
PTJPL,2010-03-01,3-053,3-053,FOOTHILL,FOOTHILL,85.997562,14765
PTJPL,2010-03-01,1-021,1-021,FORT BRAGG TERRACE AREA,FORT BRAGG TERRACE AREA,83.455163,96438
PTJPL,2010-03-01,1-061,1-061,FORT ROSS TERRACE DEPOSITS,FORT ROSS TERRACE DEPOSITS,84.998466,28023
PTJPL,2010-03-01,6-046,6-046,FREMONT VALLEY,FREMONT VALLEY,41.066333,1507390
PTJPL,2010-03-01,5-090,5-090,FUNKS CREEK,FUNKS CREEK,68.524845,13564
PTJPL,2010-03-01,1-032,1-032,GARBERVILLE TOWN AREA,GARBERVILLE TOWN AREA,87.717267,8577
PTJPL,2010-03-01,1-020,1-020,GARCIA RIVER VALLEY,GARCIA RIVER VALLEY,77.587312,9174
PTJPL,2010-03-01,3-003.01,3-003,GILROY-HOLLISTER VALLEY,GILROY-HOLLISTER VALLEY - LLAGAS AREA,77.000709,212923
PTJPL,2010-03-01,3-003.05,3-003,GILROY-HOLLISTER VALLEY,GILROY-HOLLISTER VALLEY - NORTH SAN BENITO,79.810482,589157
PTJPL,2010-03-01,6-085,6-085,GOLD VALLEY,GOLD VALLEY,33.477625,14436
PTJPL,2010-03-01,6-048,6-048,GOLDSTONE VALLEY,GOLDSTONE VALLEY,30.628993,126294
PTJPL,2010-03-01,3-016,3-016,GOLETA,GOLETA,81.517809,41440
PTJPL,2010-03-01,5-001.02,5-001,GOOSE LAKE,GOOSE LAKE - FANDANGO VALLEY,48.420588,82758
PTJPL,2010-03-01,5-001.01,5-001,GOOSE LAKE,GOOSE LAKE - GOOSE VALLEY,44.860679,161677
PTJPL,2010-03-01,5-047,5-047,GOOSE VALLEY,GOOSE VALLEY,69.188224,18462
PTJPL,2010-03-01,6-077,6-077,GRASS VALLEY,GRASS VALLEY,34.10539,44881
PTJPL,2010-03-01,6-094,6-094,GRASSHOPPER VALLEY,GRASSHOPPER VALLEY,44.737266,78783
PTJPL,2010-03-01,1-048,1-048,GRAVELLY VALLEY,GRAVELLY VALLEY,55.069635,13384
PTJPL,2010-03-01,5-052,5-052,GRAYS VALLEY,GRAYS VALLEY,65.990203,2654
PTJPL,2010-03-01,6-084,6-084,GREENWATER VALLEY,GREENWATER VALLEY,32.96334,268934
PTJPL,2010-03-01,5-059,5-059,GRIZZLY VALLEY,GRIZZLY VALLEY,60.183817,2138
PTJPL,2010-03-01,2-022,2-022,HALF MOON BAY TERRACE,HALF MOON BAY TERRACE,71.416944,36945
PTJPL,2010-03-01,1-015,1-015,HAPPY CAMP TOWN AREA,HAPPY CAMP TOWN AREA,77.279641,12466
PTJPL,2010-03-01,6-047,6-047,HARPER VALLEY,HARPER VALLEY,31.113015,1841340
PTJPL,2010-03-01,6-074,6-074,HARRISBURG FLATS,HARRISBURG FLATS,24.732495,112054
PTJPL,2010-03-01,6-093,6-093,HARVEY VALLEY,HARVEY VALLEY,46.363265,2205
PTJPL,2010-03-01,1-006,1-006,HAYFORK VALLEY,HAYFORK VALLEY,57.22444,14828
PTJPL,2010-03-01,7-048,7-048,HELENDALE FAULT VALLEY,HELENDALE FAULT VALLEY,29.601771,11403
PTJPL,2010-03-01,8-006,8-006,HEMET LAKE VALLEY,HEMET LAKE VALLEY,51.293594,74988
PTJPL,2010-03-01,3-031,3-031,HERNANDEZ VALLEY,HERNANDEZ VALLEY,74.62365,12871
PTJPL,2010-03-01,1-036,1-036,HETTENSHAW VALLEY,HETTENSHAW VALLEY,59.187648,3805
PTJPL,2010-03-01,7-053,7-053,HEXIE MOUNTAIN AREA,HEXIE MOUNTAIN AREA,28.081474,50053
PTJPL,2010-03-01,6-063,6-063,HIDDEN VALLEY,HIDDEN VALLEY,20.495513,80228
PTJPL,2010-03-01,4-016,4-016,HIDDEN VALLEY,HIDDEN VALLEY,83.848814,9948
PTJPL,2010-03-01,5-016,5-016,HIGH VALLEY,HIGH VALLEY,65.988294,10593
PTJPL,2010-03-01,6-004,6-004,HONEY LAKE VALLEY,HONEY LAKE VALLEY,48.116123,1392704
PTJPL,2010-03-01,1-029,1-029,HONEYDEW TOWN AREA,HONEYDEW TOWN AREA,81.077212,10659
PTJPL,2010-03-01,1-007,1-007,HOOPA VALLEY,HOOPA VALLEY,66.822741,17528
PTJPL,2010-03-01,6-097,6-097,HORSE LAKE VALLEY,HORSE LAKE VALLEY,44.426287,17195
PTJPL,2010-03-01,5-040,5-040,HOT SPRINGS VALLEY,HOT SPRINGS VALLEY,61.173873,10824
PTJPL,2010-03-01,3-045,3-045,HUASNA VALLEY,HUASNA VALLEY,84.298766,21147
PTJPL,2010-03-01,5-060,5-060,HUMBUG VALLEY,HUMBUG VALLEY,53.019004,40412
PTJPL,2010-03-01,4-018,4-018,HUNGRY VALLEY,HUNGRY VALLEY,57.301396,23859
PTJPL,2010-03-01,1-035,1-035,HYAMPOM VALLEY,HYAMPOM VALLEY,57.567421,6096
PTJPL,2010-03-01,7-030,7-030,IMPERIAL VALLEY,IMPERIAL VALLEY,61.981401,4263234
PTJPL,2010-03-01,5-009,5-009,INDIAN VALLEY,INDIAN VALLEY,60.167422,131327
PTJPL,2010-03-01,6-054,6-054,INDIAN WELLS VALLEY,INDIAN WELLS VALLEY,30.857162,1716255
PTJPL,2010-03-01,7-050,7-050,IRON RIDGE AREA,IRON RIDGE AREA,24.218456,23570
PTJPL,2010-03-01,2-033,2-033,ISLAIS VALLEY,ISLAIS VALLEY,81.681237,26606
PTJPL,2010-03-01,6-030,6-030,IVANPAH VALLEY,IVANPAH VALLEY,28.990552,882708
PTJPL,2010-03-01,7-047,7-047,JACUMBA VALLEY,JACUMBA VALLEY,45.844303,8979
PTJPL,2010-03-01,5-003,5-003,JESS VALLEY,JESS VALLEY,36.16267,30147
PTJPL,2010-03-01,7-018.01,7-018,JOHNSON VALLEY,JOHNSON VALLEY - SOGGY LAKE,15.83945,347399
PTJPL,2010-03-01,7-018.02,7-018,JOHNSON VALLEY,JOHNSON VALLEY - UPPER JOHNSON VALLEY,16.907148,156367
PTJPL,2010-03-01,5-086,5-086,JOSEPH CREEK,JOSEPH CREEK,40.73952,19990
PTJPL,2010-03-01,7-062,7-062,JOSHUA TREE,JOSHUA TREE,26.454355,150378
PTJPL,2010-03-01,6-089,6-089,KANE WASH AREA,KANE WASH AREA,34.372379,26755
PTJPL,2010-03-01,6-069,6-069,KELSO LANDER VALLEY,KELSO LANDER VALLEY,46.121775,50191
PTJPL,2010-03-01,6-031,6-031,KELSO VALLEY,KELSO VALLEY,24.446802,1145203
PTJPL,2010-03-01,2-019,2-019,KENWOOD VALLEY,KENWOOD VALLEY,69.102744,23106
PTJPL,2010-03-01,5-025,5-025,KERN RIVER VALLEY,KERN RIVER VALLEY,55.751096,356993
PTJPL,2010-03-01,1-002.02,1-002,KLAMATH RIVER VALLEY,KLAMATH RIVER VALLEY - LOWER KLAMATH,52.932872,337205
PTJPL,2010-03-01,1-002.01,1-002,KLAMATH RIVER VALLEY,KLAMATH RIVER VALLEY - TULELAKE,51.321784,496979
PTJPL,2010-03-01,1-050,1-050,KNIGHTS VALLEY,KNIGHTS VALLEY,69.098298,18393
PTJPL,2010-03-01,5-007,5-007,LAKE ALMANOR VALLEY,LAKE ALMANOR VALLEY,48.891266,3366
PTJPL,2010-03-01,5-046,5-046,LAKE BRITTON AREA,LAKE BRITTON AREA,67.531058,63221
PTJPL,2010-03-01,7-001,7-001,LANFAIR VALLEY,LANFAIR VALLEY,33.507031,703570
PTJPL,2010-03-01,6-036.02,6-036,LANGFORD VALLEY,LANGFORD VALLEY - IRWIN,25.980926,47132
PTJPL,2010-03-01,6-036.01,6-036,LANGFORD VALLEY,LANGFORD VALLEY - LANGFORD WELL LAKE,22.547411,86847
PTJPL,2010-03-01,1-033,1-033,LARABEE VALLEY,LARABEE VALLEY,58.833487,4342
PTJPL,2010-03-01,4-008,4-008,LAS POSAS VALLEY,LAS POSAS VALLEY,69.423037,200649
PTJPL,2010-03-01,5-057,5-057,LAST CHANCE CREEK VALLEY,LAST CHANCE CREEK VALLEY,46.65806,10844
PTJPL,2010-03-01,7-014,7-014,LAVIC VALLEY,LAVIC VALLEY,25.556221,459882
PTJPL,2010-03-01,1-012,1-012,LAYTONVILLE VALLEY,LAYTONVILLE VALLEY,62.342158,22589
PTJPL,2010-03-01,6-027,6-027,LEACH VALLEY,LEACH VALLEY,27.753051,275049
PTJPL,2010-03-01,6-066,6-066,LEE FLAT,LEE FLAT,25.069049,90559
PTJPL,2010-03-01,6-106,6-106,LITTLE ANTELOPE VALLEY,LITTLE ANTELOPE VALLEY,29.073807,10121
PTJPL,2010-03-01,5-065,5-065,LITTLE INDIAN VALLEY,LITTLE INDIAN VALLEY,65.16839,5707
PTJPL,2010-03-01,1-013,1-013,LITTLE LAKE VALLEY,LITTLE LAKE VALLEY,61.537633,44934
PTJPL,2010-03-01,1-041,1-041,LITTLE VALLEY,LITTLE VALLEY,78.015595,3655
PTJPL,2010-03-01,2-010,2-010,LIVERMORE VALLEY,LIVERMORE VALLEY,74.242981,312654
PTJPL,2010-03-01,2-038,2-038,LOBOS,LOBOS,86.650702,10607
PTJPL,2010-03-01,3-006,3-006,LOCKWOOD VALLEY,LOCKWOOD VALLEY,89.971564,269554
PTJPL,2010-03-01,4-017,4-017,LOCKWOOD VALLEY,LOCKWOOD VALLEY,50.110198,97987
PTJPL,2010-03-01,6-011,6-011,LONG VALLEY,LONG VALLEY,32.100106,5634
PTJPL,2010-03-01,5-044,5-044,LONG VALLEY,LONG VALLEY,,0
PTJPL,2010-03-01,6-104,6-104,LONG VALLEY,LONG VALLEY,45.274231,209141
PTJPL,2010-03-01,5-031,5-031,LONG VALLEY,LONG VALLEY,67.849734,12611
PTJPL,2010-03-01,5-070,5-070,LOS BANOS CREEK VALLEY,LOS BANOS CREEK VALLEY,87.525244,21748
PTJPL,2010-03-01,3-008.01,3-008,LOS OSOS VALLEY,LOS OSOS VALLEY - LOS OSOS AREA,78.36849,19010
PTJPL,2010-03-01,3-008.02,3-008,LOS OSOS VALLEY,LOS OSOS VALLEY - WARDEN CREEK,76.092777,7933
PTJPL,2010-03-01,7-051,7-051,LOST HORSE VALLEY,LOST HORSE VALLEY,29.567884,77794
PTJPL,2010-03-01,6-071,6-071,LOST LAKE VALLEY,LOST LAKE VALLEY,29.112551,104530
PTJPL,2010-03-01,6-021,6-021,LOWER KINGSTON VALLEY,LOWER KINGSTON VALLEY,25.7342,1078042
PTJPL,2010-03-01,1-014,1-014,LOWER KLAMATH RIVER VALLEY,LOWER KLAMATH RIVER VALLEY,91.762276,31301
PTJPL,2010-03-01,5-030,5-030,LOWER LAKE VALLEY,LOWER LAKE VALLEY,63.393987,10810
PTJPL,2010-03-01,1-038,1-038,LOWER LAYTONVILLE VALLEY,LOWER LAYTONVILLE VALLEY,71.105084,9678
PTJPL,2010-03-01,6-040,6-040,LOWER MOJAVE RIVER VALLEY,LOWER MOJAVE RIVER VALLEY,28.595985,1283345
PTJPL,2010-03-01,1-060,1-060,LOWER RUSSIAN RIVER VALLEY,LOWER RUSSIAN RIVER VALLEY,78.985749,29822
PTJPL,2010-03-01,7-019,7-019,LUCERNE VALLEY,LUCERNE VALLEY,21.291087,662558
PTJPL,2010-03-01,1-008.02,1-008,MAD RIVER VALLEY,MAD RIVER VALLEY - DOWS PRAIRIE SCHOOL AREA,96.307876,67800
PTJPL,2010-03-01,1-008.01,1-008,MAD RIVER VALLEY,MAD RIVER VALLEY - MAD RIVER LOWLAND,87.092437,104114
PTJPL,2010-03-01,6-002,6-002,MADELINE PLAINS,MADELINE PLAINS,40.209681,701237
PTJPL,2010-03-01,3-051,3-051,MAJORS CREEK,MAJORS CREEK,74.866785,1689
PTJPL,2010-03-01,4-022,4-022,MALIBU VALLEY,MALIBU VALLEY,88.282751,2603
PTJPL,2010-03-01,6-064,6-064,MARBLE CANYON AREA,MARBLE CANYON AREA,22.500472,46600
PTJPL,2010-03-01,2-039,2-039,MARINA,MARINA,87.337332,9836
PTJPL,2010-03-01,6-067,6-067,MARTIS VALLEY,MARTIS VALLEY,31.082846,8558
PTJPL,2010-03-01,7-059,7-059,MASON VALLEY,MASON VALLEY,45.471988,24829
PTJPL,2010-03-01,1-028,1-028,MATTOLE RIVER VALLEY,MATTOLE RIVER VALLEY,83.877038,13923
PTJPL,2010-03-01,5-035,5-035,MCCLOUD AREA,MCCLOUD AREA,65.453522,46549
PTJPL,2010-03-01,5-095,5-095,MEADOW VALLEY,MEADOW VALLEY,59.02586,25483
PTJPL,2010-03-01,7-017,7-017,MEANS VALLEY,MEANS VALLEY,17.020295,67158
PTJPL,2010-03-01,6-029,6-029,MESQUITE VALLEY,MESQUITE VALLEY,30.378962,384627
PTJPL,2010-03-01,6-020,6-020,MIDDLE AMARGOSA VALLEY,MIDDLE AMARGOSA VALLEY,28.047672,1741060
PTJPL,2010-03-01,5-094,5-094,MIDDLE CREEK,MIDDLE CREEK,57.003781,3174
PTJPL,2010-03-01,5-087,5-087,MIDDLE FORK FEATHER RIVER,MIDDLE FORK FEATHER RIVER,53.986628,19444
PTJPL,2010-03-01,6-041,6-041,MIDDLE MOJAVE RIVER VALLEY,MIDDLE MOJAVE RIVER VALLEY,33.757212,950090
PTJPL,2010-03-01,6-080,6-080,MIDDLE PARK CANYON,MIDDLE PARK CANYON,28.695863,7615
PTJPL,2010-03-01,5-085,5-085,MIL POTRERO AREA,MIL POTRERO AREA,69.175233,10312
PTJPL,2010-03-01,9-014,9-014,MISSION VALLEY,MISSION VALLEY,76.836961,31839
PTJPL,2010-03-01,5-011,5-011,MOHAWK VALLEY,MOHAWK VALLEY,56.451175,73887
PTJPL,2010-03-01,6-009,6-009,MONO VALLEY,MONO VALLEY,85.26853,101713
PTJPL,2010-03-01,3-049,3-049,MONTECITO,MONTECITO,71.056176,27307
PTJPL,2010-03-01,7-020,7-020,MORONGO VALLEY,MORONGO VALLEY,31.718304,32496
PTJPL,2010-03-01,3-041,3-041,MORRO VALLEY,MORRO VALLEY,77.796,2500
PTJPL,2010-03-01,5-008,5-008,MOUNTAIN MEADOWS VALLEY,MOUNTAIN MEADOWS VALLEY,50.596795,19221
PTJPL,2010-03-01,1-056,1-056,McDOWELL VALLEY,McDOWELL VALLEY,73.005982,6687
PTJPL,2010-03-01,2-002.01,2-002,NAPA-SONOMA VALLEY,NAPA-SONOMA VALLEY - NAPA VALLEY,73.527359,206535
PTJPL,2010-03-01,2-002.03,2-002,NAPA-SONOMA VALLEY,NAPA-SONOMA VALLEY - NAPA-SONOMA LOWLANDS,84.074025,181127
PTJPL,2010-03-01,2-002.02,2-002,NAPA-SONOMA VALLEY,NAPA-SONOMA VALLEY - SONOMA VALLEY,75.968602,201639
PTJPL,2010-03-01,1-046,1-046,NAVARRO RIVER VALLEY,NAVARRO RIVER VALLEY,83.337838,2812
PTJPL,2010-03-01,3-052,3-052,NEEDLE ROCK POINT,NEEDLE ROCK POINT,76.543997,3057
PTJPL,2010-03-01,7-044,7-044,NEEDLES VALLEY,NEEDLES VALLEY,35.265652,384721
PTJPL,2010-03-01,5-050,5-050,NORTH FORK BATTLE CREEK,NORTH FORK BATTLE CREEK,57.439871,56196
PTJPL,2010-03-01,2-030,2-030,NOVATO VALLEY,NOVATO VALLEY,82.237244,92327
PTJPL,2010-03-01,7-025,7-025,OCOTILLO-CLARK VALLEY,OCOTILLO-CLARK VALLEY,25.480956,999504
PTJPL,2010-03-01,7-035,7-035,OGILBY VALLEY,OGILBY VALLEY,17.977825,592059
PTJPL,2010-03-01,4-002,4-002,OJAI VALLEY,OJAI VALLEY,72.024898,26588
PTJPL,2010-03-01,3-039,3-039,OLD VALLEY,OLD VALLEY,83.239342,5043
PTJPL,2010-03-01,6-108,6-108,OLYMPIC VALLEY,OLYMPIC VALLEY,40.428571,35
PTJPL,2010-03-01,7-031,7-031,OROCOPIA VALLEY,OROCOPIA VALLEY,29.106608,432652
PTJPL,2010-03-01,6-012.02,6-012,OWENS VALLEY,OWENS VALLEY - FISH SLOUGH,34.644296,14498
PTJPL,2010-03-01,6-012.01,6-012,OWENS VALLEY,OWENS VALLEY - OWENS VALLEY,31.190211,2930983
PTJPL,2010-03-01,6-088,6-088,OWL LAKE VALLEY,OWL LAKE VALLEY,25.295408,100004
PTJPL,2010-03-01,6-028,6-028,PAHRUMP VALLEY,PAHRUMP VALLEY,27.83515,407322
PTJPL,2010-03-01,6-099,6-099,PAINTERS FLAT,PAINTERS FLAT,39.390744,28113
PTJPL,2010-03-01,7-039,7-039,PALO VERDE MESA,PALO VERDE MESA,32.666902,1011292
PTJPL,2010-03-01,7-038,7-038,PALO VERDE VALLEY,PALO VERDE VALLEY,67.474262,302116
PTJPL,2010-03-01,9-024,9-024,PAMO VALLEY,PAMO VALLEY,69.198788,6766
PTJPL,2010-03-01,6-058,6-058,PANAMINT VALLEY,PANAMINT VALLEY,24.266177,1165855
PTJPL,2010-03-01,5-023,5-023,PANOCHE VALLEY,PANOCHE VALLEY,79.826066,148758
PTJPL,2010-03-01,3-032,3-032,PEACH TREE VALLEY,PEACH TREE VALLEY,80.749466,44038
PTJPL,2010-03-01,1-030,1-030,PEPPERWOOD TOWN AREA,PEPPERWOOD TOWN AREA,83.856582,28260
PTJPL,2010-03-01,2-026,2-026,PESCADERO VALLEY,PESCADERO VALLEY,70.784806,13058
PTJPL,2010-03-01,2-001,2-001,PETALUMA VALLEY,PETALUMA VALLEY,76.60691,209830
PTJPL,2010-03-01,6-051,6-051,PILOT KNOB VALLEY,PILOT KNOB VALLEY,29.552402,623272
PTJPL,2010-03-01,6-092,6-092,PINE CREEK VALLEY,PINE CREEK VALLEY,64.0,4
PTJPL,2010-03-01,7-006,7-006,PINTO VALLEY,PINTO VALLEY,25.642345,820363
PTJPL,2010-03-01,7-049,7-049,PIPES CANYON FAULT VALLEY,PIPES CANYON FAULT VALLEY,23.380267,15213
PTJPL,2010-03-01,2-004,2-004,PITTSBURG PLAIN,PITTSBURG PLAIN,86.083553,51955
PTJPL,2010-03-01,7-045,7-045,PIUTE VALLEY,PIUTE VALLEY,36.594041,782230
PTJPL,2010-03-01,7-052,7-052,PLEASANT VALLEY,PLEASANT VALLEY,28.602432,43336
PTJPL,2010-03-01,4-006,4-006,PLEASANT VALLEY,PLEASANT VALLEY,58.563517,89204
PTJPL,2010-03-01,5-038,5-038,PONDOSA TOWN AREA,PONDOSA TOWN AREA,63.080634,5618
PTJPL,2010-03-01,5-068,5-068,POPE VALLEY,POPE VALLEY,70.923282,32313
PTJPL,2010-03-01,9-029,9-029,POTRERO VALLEY,POTRERO VALLEY,68.171639,9083
PTJPL,2010-03-01,1-051,1-051,POTTER VALLEY,POTTER VALLEY,62.6834,37031
PTJPL,2010-03-01,9-013,9-013,POWAY VALLEY,POWAY VALLEY,73.553069,11080
PTJPL,2010-03-01,3-044,3-044,POZO VALLEY,POZO VALLEY,81.743211,30784
PTJPL,2010-03-01,1-025,1-025,PRAIRIE CREEK AREA,PRAIRIE CREEK AREA,95.461882,91032
PTJPL,2010-03-01,7-040,7-040,QUIEN SABE POINT VALLEY,QUIEN SABE POINT VALLEY,28.819458,99694
PTJPL,2010-03-01,3-024,3-024,QUIEN SABE VALLEY,QUIEN SABE VALLEY,79.401549,21173
PTJPL,2010-03-01,6-062,6-062,RACE TRACK VALLEY,RACE TRACK VALLEY,19.415175,63448
PTJPL,2010-03-01,3-046,3-046,RAFAEL VALLEY,RAFAEL VALLEY,77.310506,13230
PTJPL,2010-03-01,9-025,9-025,RANCHITA TOWN AREA,RANCHITA TOWN AREA,48.032355,14032
PTJPL,2010-03-01,4-023,4-023,RAYMOND,RAYMOND,59.549982,117113
PTJPL,2010-03-01,6-024,6-024,RED PASS VALLEY,RED PASS VALLEY,23.999797,433105
PTJPL,2010-03-01,1-018,1-018,RED ROCK VALLEY,RED ROCK VALLEY,54.108849,40478
PTJPL,2010-03-01,5-006.03,5-006,REDDING AREA,REDDING AREA - ANDERSON,78.131075,443775
PTJPL,2010-03-01,5-006.01,5-006,REDDING AREA,REDDING AREA - BOWMAN,76.454694,550977
PTJPL,2010-03-01,5-006.04,5-006,REDDING AREA,REDDING AREA - ENTERPRISE,77.788859,275589
PTJPL,2010-03-01,5-006.05,5-006,REDDING AREA,REDDING AREA - MILLVILLE,79.904768,295058
PTJPL,2010-03-01,5-006.06,5-006,REDDING AREA,REDDING AREA - SOUTH BATTLE CREEK,80.976246,151596
PTJPL,2010-03-01,1-026,1-026,REDWOOD CREEK AREA,REDWOOD CREEK AREA,82.768249,8932
PTJPL,2010-03-01,6-086,6-086,RHODES HILL AREA,RHODES HILL AREA,28.891222,70069
PTJPL,2010-03-01,7-004,7-004,RICE VALLEY,RICE VALLEY,23.148657,841014
PTJPL,2010-03-01,6-023,6-023,RIGGS VALLEY,RIGGS VALLEY,24.252803,393528
PTJPL,2010-03-01,3-043,3-043,RINCONADA VALLEY,RINCONADA VALLEY,83.014419,11582
PTJPL,2010-03-01,5-043,5-043,ROCK PRAIRIE VALLEY,ROCK PRAIRIE VALLEY,45.652788,25506
PTJPL,2010-03-01,6-056,6-056,ROSE VALLEY,ROSE VALLEY,31.067723,191219
PTJPL,2010-03-01,2-028,2-028,ROSS VALLEY,ROSS VALLEY,81.285372,7930
PTJPL,2010-03-01,5-036,5-036,ROUND VALLEY,ROUND VALLEY,48.264358,32664
PTJPL,2010-03-01,4-020,4-020,RUSSELL VALLEY,RUSSELL VALLEY,58.857762,13836
PTJPL,2010-03-01,5-021.54,5-021,SACRAMENTO VALLEY,SACRAMENTO VALLEY - ANTELOPE,86.242504,85850
PTJPL,2010-03-01,5-021.53,5-021,SACRAMENTO VALLEY,SACRAMENTO VALLEY - BEND,81.955442,101956
PTJPL,2010-03-01,5-021.70,5-021,SACRAMENTO VALLEY,SACRAMENTO VALLEY - BUTTE,77.533891,1198510
PTJPL,2010-03-01,5-021.52,5-021,SACRAMENTO VALLEY,SACRAMENTO VALLEY - COLUSA,76.734022,3249755
PTJPL,2010-03-01,5-021.51,5-021,SACRAMENTO VALLEY,SACRAMENTO VALLEY - CORNING,80.703103,932328
PTJPL,2010-03-01,5-021.56,5-021,SACRAMENTO VALLEY,SACRAMENTO VALLEY - LOS MOLINOS,82.144153,447052
PTJPL,2010-03-01,5-021.64,5-021,SACRAMENTO VALLEY,SACRAMENTO VALLEY - NORTH AMERICAN,80.480501,1537850
PTJPL,2010-03-01,5-021.60,5-021,SACRAMENTO VALLEY,SACRAMENTO VALLEY - NORTH YUBA,78.208678,273575
PTJPL,2010-03-01,5-021.50,5-021,SACRAMENTO VALLEY,SACRAMENTO VALLEY - RED BLUFF,79.457173,1221801
PTJPL,2010-03-01,5-021.66,5-021,SACRAMENTO VALLEY,SACRAMENTO VALLEY - SOLANO,94.074722,1593500
PTJPL,2010-03-01,5-021.65,5-021,SACRAMENTO VALLEY,SACRAMENTO VALLEY - SOUTH AMERICAN,82.900325,1116433
PTJPL,2010-03-01,5-021.61,5-021,SACRAMENTO VALLEY,SACRAMENTO VALLEY - SOUTH YUBA,79.513909,489896
PTJPL,2010-03-01,5-021.62,5-021,SACRAMENTO VALLEY,SACRAMENTO VALLEY - SUTTER,78.544435,1284709
PTJPL,2010-03-01,5-021.57,5-021,SACRAMENTO VALLEY,SACRAMENTO VALLEY - VINA,78.884722,831431
PTJPL,2010-03-01,5-021.69,5-021,SACRAMENTO VALLEY,SACRAMENTO VALLEY - WYANDOTTE CREEK,77.599734,266635
PTJPL,2010-03-01,5-021.67,5-021,SACRAMENTO VALLEY,SACRAMENTO VALLEY - YOLO,84.702845,2429710
PTJPL,2010-03-01,3-004.01,3-004,SALINAS VALLEY,SALINAS VALLEY - 180/400 FOOT AQUIFER,73.948882,402461
PTJPL,2010-03-01,3-004.11,3-004,SALINAS VALLEY,SALINAS VALLEY - ATASCADERO AREA,83.005543,88757
PTJPL,2010-03-01,3-004.02,3-004,SALINAS VALLEY,SALINAS VALLEY - EAST SIDE AQUIFER,72.057953,258451
PTJPL,2010-03-01,3-004.04,3-004,SALINAS VALLEY,SALINAS VALLEY - FOREBAY AQUIFER,82.265619,422801
PTJPL,2010-03-01,3-004.09,3-004,SALINAS VALLEY,SALINAS VALLEY - LANGLEY AREA,84.8814,79216
PTJPL,2010-03-01,3-004.10,3-004,SALINAS VALLEY,SALINAS VALLEY - MONTEREY,84.599983,138524
PTJPL,2010-03-01,3-004.06,3-004,SALINAS VALLEY,SALINAS VALLEY - PASO ROBLES AREA,83.205629,1959408
PTJPL,2010-03-01,3-004.08,3-004,SALINAS VALLEY,SALINAS VALLEY - SEASIDE,82.964658,65106
PTJPL,2010-03-01,3-004.05,3-004,SALINAS VALLEY,SALINAS VALLEY - UPPER VALLEY AQUIFER,85.071314,1070293
PTJPL,2010-03-01,6-017,6-017,SALINE VALLEY,SALINE VALLEY,18.656207,657094
PTJPL,2010-03-01,6-053,6-053,SALT WELLS VALLEY,SALT WELLS VALLEY,24.767188,132519
PTJPL,2010-03-01,3-014,3-014,SAN ANTONIO CREEK VALLEY,SAN ANTONIO CREEK VALLEY,95.471062,303230
PTJPL,2010-03-01,3-028,3-028,SAN BENITO RIVER VALLEY,SAN BENITO RIVER VALLEY,82.598647,108949
PTJPL,2010-03-01,3-033,3-033,SAN CARPOFORO VALLEY,SAN CARPOFORO VALLEY,86.855255,4691
PTJPL,2010-03-01,9-015,9-015,SAN DIEGO RIVER VALLEY,SAN DIEGO RIVER VALLEY,72.052222,38030
PTJPL,2010-03-01,9-012,9-012,SAN DIEGUITO CREEK,SAN DIEGUITO CREEK,93.301417,15457
PTJPL,2010-03-01,9-023,9-023,SAN ELIJO VALLEY,SAN ELIJO VALLEY,91.239607,3969
PTJPL,2010-03-01,7-027,7-027,SAN FELIPE VALLEY,SAN FELIPE VALLEY,45.269954,105140
PTJPL,2010-03-01,4-012,4-012,SAN FERNANDO VALLEY,SAN FERNANDO VALLEY,57.68831,651275
PTJPL,2010-03-01,4-013,4-013,SAN GABRIEL VALLEY,SAN GABRIEL VALLEY,50.484402,568282
PTJPL,2010-03-01,2-024,2-024,SAN GREGORIO VALLEY,SAN GREGORIO VALLEY,72.372953,4762
PTJPL,2010-03-01,8-005,8-005,SAN JACINTO,SAN JACINTO,64.370108,712756
PTJPL,2010-03-01,5-022.05,5-022,SAN JOAQUIN VALLEY,SAN JOAQUIN VALLEY - CHOWCHILLA,100.137278,654592
PTJPL,2010-03-01,5-022.16,5-022,SAN JOAQUIN VALLEY,SAN JOAQUIN VALLEY - COSUMNES,83.025676,945540
PTJPL,2010-03-01,5-022.07,5-022,SAN JOAQUIN VALLEY,SAN JOAQUIN VALLEY - DELTA-MENDOTA,96.500523,3439617
PTJPL,2010-03-01,5-022.19,5-022,SAN JOAQUIN VALLEY,SAN JOAQUIN VALLEY - EAST CONTRA COSTA,92.586574,483601
PTJPL,2010-03-01,5-022.01,5-022,SAN JOAQUIN VALLEY,SAN JOAQUIN VALLEY - EASTERN SAN JOAQUIN,89.562914,3437421
PTJPL,2010-03-01,5-022.11,5-022,SAN JOAQUIN VALLEY,SAN JOAQUIN VALLEY - KAWEAH,92.084622,1882878
PTJPL,2010-03-01,5-022.14,5-022,SAN JOAQUIN VALLEY,SAN JOAQUIN VALLEY - KERN COUNTY,81.233163,7869093
PTJPL,2010-03-01,5-022.17,5-022,SAN JOAQUIN VALLEY,SAN JOAQUIN VALLEY - KETTLEMAN PLAIN,81.794839,285244
PTJPL,2010-03-01,5-022.08,5-022,SAN JOAQUIN VALLEY,SAN JOAQUIN VALLEY - KINGS,90.111393,3708757
PTJPL,2010-03-01,5-022.06,5-022,SAN JOAQUIN VALLEY,SAN JOAQUIN VALLEY - MADERA,93.829444,1562945
PTJPL,2010-03-01,5-022.04,5-022,SAN JOAQUIN VALLEY,SAN JOAQUIN VALLEY - MERCED,98.108404,2304019
PTJPL,2010-03-01,5-022.02,5-022,SAN JOAQUIN VALLEY,SAN JOAQUIN VALLEY - MODESTO,96.939983,1102393
PTJPL,2010-03-01,5-022.10,5-022,SAN JOAQUIN VALLEY,SAN JOAQUIN VALLEY - PLEASANT VALLEY,75.533541,216677
PTJPL,2010-03-01,5-022.15,5-022,SAN JOAQUIN VALLEY,SAN JOAQUIN VALLEY - TRACY,92.893357,1070036
PTJPL,2010-03-01,5-022.12,5-022,SAN JOAQUIN VALLEY,SAN JOAQUIN VALLEY - TULARE LAKE,85.842183,2135587
PTJPL,2010-03-01,5-022.13,5-022,SAN JOAQUIN VALLEY,SAN JOAQUIN VALLEY - TULE,90.853467,2053327
PTJPL,2010-03-01,5-022.03,5-022,SAN JOAQUIN VALLEY,SAN JOAQUIN VALLEY - TURLOCK,102.855009,1564374
PTJPL,2010-03-01,5-022.09,5-022,SAN JOAQUIN VALLEY,SAN JOAQUIN VALLEY - WESTSIDE,89.015934,2796663
PTJPL,2010-03-01,5-022.18,5-022,SAN JOAQUIN VALLEY,SAN JOAQUIN VALLEY - WHITE WOLF,79.288824,483575
PTJPL,2010-03-01,9-001,9-001,SAN JUAN VALLEY,SAN JUAN VALLEY,78.906901,73255
PTJPL,2010-03-01,3-009,3-009,SAN LUIS OBISPO VALLEY,SAN LUIS OBISPO VALLEY,82.854791,57221
PTJPL,2010-03-01,9-007.02,9-007,SAN LUIS REY VALLEY,SAN LUIS REY VALLEY - LOWER SAN LUIS REY VALLEY,83.047688,46175
PTJPL,2010-03-01,9-007.01,9-007,SAN LUIS REY VALLEY,SAN LUIS REY VALLEY - UPPER SAN LUIS REY VALLEY,73.309218,86570
PTJPL,2010-03-01,9-032,9-032,SAN MARCOS AREA,SAN MARCOS AREA,71.328628,9564
PTJPL,2010-03-01,9-002,9-002,SAN MATEO VALLEY,SAN MATEO VALLEY,79.485491,13164
PTJPL,2010-03-01,9-003,9-003,SAN ONOFRE VALLEY,SAN ONOFRE VALLEY,80.862763,5516
PTJPL,2010-03-01,9-010,9-010,SAN PASQUAL VALLEY,SAN PASQUAL VALLEY,77.500763,15720
PTJPL,2010-03-01,2-036,2-036,SAN PEDRO VALLEY,SAN PEDRO VALLEY,73.988065,2765
PTJPL,2010-03-01,2-029,2-029,SAN RAFAEL VALLEY,SAN RAFAEL VALLEY,74.132757,3932
PTJPL,2010-03-01,2-007,2-007,SAN RAMON VALLEY,SAN RAMON VALLEY,77.13558,31745
PTJPL,2010-03-01,3-035,3-035,SAN SIMEON VALLEY,SAN SIMEON VALLEY,86.00128,2344
PTJPL,2010-03-01,2-027,2-027,SAND POINT AREA,SAND POINT AREA,74.317492,100075
PTJPL,2010-03-01,1-053,1-053,SANEL VALLEY,SANEL VALLEY,75.207525,25038
PTJPL,2010-03-01,3-022,3-022,SANTA ANA VALLEY,SANTA ANA VALLEY,78.8715,12249
PTJPL,2010-03-01,3-017,3-017,SANTA BARBARA,SANTA BARBARA,78.979589,26897
PTJPL,2010-03-01,4-004.05,4-004,SANTA CLARA RIVER VALLEY,SANTA CLARA RIVER VALLEY - FILLMORE,71.977375,101526
PTJPL,2010-03-01,4-004.03,4-004,SANTA CLARA RIVER VALLEY,SANTA CLARA RIVER VALLEY - MOUND,65.042275,61597
PTJPL,2010-03-01,4-004.02,4-004,SANTA CLARA RIVER VALLEY,SANTA CLARA RIVER VALLEY - OXNARD,59.957364,250493
PTJPL,2010-03-01,4-004.06,4-004,SANTA CLARA RIVER VALLEY,SANTA CLARA RIVER VALLEY - PIRU,67.102738,49008
PTJPL,2010-03-01,4-004.07,4-004,SANTA CLARA RIVER VALLEY,SANTA CLARA RIVER VALLEY - SANTA CLARA RIVER VALLEY EAST,66.664525,303957
PTJPL,2010-03-01,4-004.04,4-004,SANTA CLARA RIVER VALLEY,SANTA CLARA RIVER VALLEY - SANTA PAULA,69.985227,99438
PTJPL,2010-03-01,2-009.04,2-009,SANTA CLARA VALLEY,SANTA CLARA VALLEY - EAST BAY PLAIN,74.93637,320572
PTJPL,2010-03-01,2-009.01,2-009,SANTA CLARA VALLEY,SANTA CLARA VALLEY - NILES CONE,79.104034,293241
PTJPL,2010-03-01,2-009.03,2-009,SANTA CLARA VALLEY,SANTA CLARA VALLEY - SAN MATEO PLAIN,77.507616,170241
PTJPL,2010-03-01,2-009.02,2-009,SANTA CLARA VALLEY,SANTA CLARA VALLEY - SANTA CLARA,69.896798,851748
PTJPL,2010-03-01,3-001,3-001,SANTA CRUZ MID-COUNTY,SANTA CRUZ MID-COUNTY,79.943553,159955
PTJPL,2010-03-01,3-027,3-027,SANTA MARGARITA,SANTA MARGARITA,79.904947,100049
PTJPL,2010-03-01,9-004,9-004,SANTA MARGARITA VALLEY,SANTA MARGARITA VALLEY,82.263472,22473
PTJPL,2010-03-01,3-012.02,3-012,SANTA MARIA RIVER VALLEY,SANTA MARIA RIVER VALLEY - ARROYO GRANDE,79.317313,13025
PTJPL,2010-03-01,3-012.01,3-012,SANTA MARIA RIVER VALLEY,SANTA MARIA RIVER VALLEY - SANTA MARIA,85.832877,762121
PTJPL,2010-03-01,9-011,9-011,SANTA MARIA VALLEY,SANTA MARIA VALLEY,73.810626,55261
PTJPL,2010-03-01,6-068,6-068,SANTA ROSA FLAT,SANTA ROSA FLAT,22.881458,75450
PTJPL,2010-03-01,3-036,3-036,SANTA ROSA VALLEY,SANTA ROSA VALLEY,84.940568,15379
PTJPL,2010-03-01,1-055.02,1-055,SANTA ROSA VALLEY,SANTA ROSA VALLEY - HEALDSBURG AREA,75.568353,69295
PTJPL,2010-03-01,1-055.03,1-055,SANTA ROSA VALLEY,SANTA ROSA VALLEY - RINCON VALLEY,69.324545,24958
PTJPL,2010-03-01,1-055.01,1-055,SANTA ROSA VALLEY,SANTA ROSA VALLEY - SANTA ROSA PLAIN,73.14221,365509
PTJPL,2010-03-01,3-015,3-015,SANTA YNEZ RIVER VALLEY,SANTA YNEZ RIVER VALLEY,91.062846,911581
PTJPL,2010-03-01,1-005,1-005,SCOTT RIVER VALLEY,SCOTT RIVER VALLEY,67.782028,286964
PTJPL,2010-03-01,5-014,5-014,SCOTTS VALLEY,SCOTTS VALLEY,69.668733,32916
PTJPL,2010-03-01,6-052,6-052,SEARLES VALLEY,SEARLES VALLEY,27.389963,885853
PTJPL,2010-03-01,6-100,6-100,SECRET VALLEY,SECRET VALLEY,45.891226,151387
PTJPL,2010-03-01,1-016,1-016,SEIAD VALLEY,SEIAD VALLEY,73.184265,10105
PTJPL,2010-03-01,8-008,8-008,SEVEN OAKS VALLEY,SEVEN OAKS VALLEY,42.060819,17363
PTJPL,2010-03-01,1-004,1-004,SHASTA VALLEY,SHASTA VALLEY,68.887889,967760
PTJPL,2010-03-01,1-042,1-042,SHERWOOD VALLEY,SHERWOOD VALLEY,66.445981,5063
PTJPL,2010-03-01,5-012.02,5-012,SIERRA VALLEY,SIERRA VALLEY - CHILCOOT,44.917724,33570
PTJPL,2010-03-01,5-012.01,5-012,SIERRA VALLEY,SIERRA VALLEY - SIERRA VALLEY,49.006513,508200
PTJPL,2010-03-01,6-034,6-034,SILVER LAKE VALLEY,SILVER LAKE VALLEY,22.713805,158273
PTJPL,2010-03-01,4-009,4-009,SIMI VALLEY,SIMI VALLEY,55.029051,54663
PTJPL,2010-03-01,6-105,6-105,SLINKARD VALLEY,SLINKARD VALLEY,30.863855,9960
PTJPL,2010-03-01,1-001,1-001,SMITH RIVER PLAIN,SMITH RIVER PLAIN,92.0525,168286
PTJPL,2010-03-01,6-033,6-033,SODA LAKE VALLEY,SODA LAKE VALLEY,22.968123,1708397
PTJPL,2010-03-01,2-037,2-037,SOUTH SAN FRANCISCO,SOUTH SAN FRANCISCO,82.403437,9776
PTJPL,2010-03-01,6-082,6-082,SPRING CANYON VALLEY,SPRING CANYON VALLEY,30.800361,21584
PTJPL,2010-03-01,5-089,5-089,SQUAW FLAT,SQUAW FLAT,67.981421,5813
PTJPL,2010-03-01,5-088,5-088,STONY GORGE RESERVOIR,STONY GORGE RESERVOIR,66.845656,4788
PTJPL,2010-03-01,5-063,5-063,STONYFORD TOWN AREA,STONYFORD TOWN AREA,63.120497,28955
PTJPL,2010-03-01,2-003,2-003,SUISUN-FAIRFIELD VALLEY,SUISUN-FAIRFIELD VALLEY,90.4305,600492
PTJPL,2010-03-01,2-011,2-011,SUNOL VALLEY,SUNOL VALLEY,77.161243,74769
PTJPL,2010-03-01,6-049,6-049,SUPERIOR VALLEY,SUPERIOR VALLEY,30.401621,540968
PTJPL,2010-03-01,6-001,6-001,SURPRISE VALLEY,SURPRISE VALLEY,37.625622,1014437
PTJPL,2010-03-01,6-107,6-107,SWEETWATER FLAT,SWEETWATER FLAT,25.004438,8563
PTJPL,2010-03-01,6-005.03,6-005,TAHOE VALLEY,TAHOE VALLEY - TAHOE NORTH,36.187348,822
PTJPL,2010-03-01,6-005.01,6-005,TAHOE VALLEY,TAHOE VALLEY - TAHOE SOUTH,39.165151,2089
PTJPL,2010-03-01,6-005.02,6-005,TAHOE VALLEY,TAHOE VALLEY - TAHOE WEST,57.302219,2614
PTJPL,2010-03-01,6-045,6-045,TEHACHAPI VALLEY EAST,TEHACHAPI VALLEY EAST,55.477997,107645
PTJPL,2010-03-01,5-028,5-028,TEHACHAPI VALLEY WEST,TEHACHAPI VALLEY WEST,54.243629,65571
PTJPL,2010-03-01,9-005,9-005,TEMECULA VALLEY,TEMECULA VALLEY,66.292302,394588
PTJPL,2010-03-01,1-040,1-040,TEN MILE RIVER VALLEY,TEN MILE RIVER VALLEY,80.830422,6699
PTJPL,2010-03-01,7-026,7-026,TERWILLIGER VALLEY,TERWILLIGER VALLEY,48.234973,36068
PTJPL,2010-03-01,4-019,4-019,THOUSAND OAKS AREA,THOUSAND OAKS AREA,55.814057,13972
PTJPL,2010-03-01,4-015,4-015,TIERRA REJADA,TIERRA REJADA,70.260312,20679
PTJPL,2010-03-01,5-037,5-037,TOAD WELL AREA,TOAD WELL AREA,77.193291,626
PTJPL,2010-03-01,3-040,3-040,TORO VALLEY,TORO VALLEY,84.485626,3235
PTJPL,2010-03-01,6-098,6-098,TULEDAD CANYON VALLEY,TULEDAD CANYON VALLEY,35.798514,23019
PTJPL,2010-03-01,7-010,7-010,TWENTYNINE PALMS VALLEY,TWENTYNINE PALMS VALLEY,20.846556,279940
PTJPL,2010-03-01,1-052,1-052,UKIAH VALLEY,UKIAH VALLEY,71.016739,167456
PTJPL,2010-03-01,6-022,6-022,UPPER KINGSTON VALLEY,UPPER KINGSTON VALLEY,29.776263,794700
PTJPL,2010-03-01,5-013,5-013,UPPER LAKE VALLEY,UPPER LAKE VALLEY,64.340331,32583
PTJPL,2010-03-01,6-042,6-042,UPPER MOJAVE RIVER VALLEY,UPPER MOJAVE RIVER VALLEY,34.949346,1847083
PTJPL,2010-03-01,4-001,4-001,UPPER OJAI VALLEY,UPPER OJAI VALLEY,76.70912,17117
PTJPL,2010-03-01,3-023,3-023,UPPER SANTA ANA VALLEY,UPPER SANTA ANA VALLEY,80.398198,6439
PTJPL,2010-03-01,8-002.05,8-002,UPPER SANTA ANA VALLEY,UPPER SANTA ANA VALLEY - CAJON,42.490068,104061
PTJPL,2010-03-01,8-002.01,8-002,UPPER SANTA ANA VALLEY,UPPER SANTA ANA VALLEY - CHINO,51.647637,690765
PTJPL,2010-03-01,8-002.02,8-002,UPPER SANTA ANA VALLEY,UPPER SANTA ANA VALLEY - CUCAMONGA,45.461406,40576
PTJPL,2010-03-01,8-002.04,8-002,UPPER SANTA ANA VALLEY,UPPER SANTA ANA VALLEY - RIALTO-COLTON,48.58541,111105
PTJPL,2010-03-01,8-002.03,8-002,UPPER SANTA ANA VALLEY,UPPER SANTA ANA VALLEY - RIVERSIDE-ARLINGTON,53.550305,254079
PTJPL,2010-03-01,8-002.06,8-002,UPPER SANTA ANA VALLEY,UPPER SANTA ANA VALLEY - SAN BERNARDINO,44.864344,414496
PTJPL,2010-03-01,8-002.08,8-002,UPPER SANTA ANA VALLEY,UPPER SANTA ANA VALLEY - SAN TIMOTEO,57.340504,144859
PTJPL,2010-03-01,8-002.09,8-002,UPPER SANTA ANA VALLEY,UPPER SANTA ANA VALLEY - TEMESCAL,57.778612,103262
PTJPL,2010-03-01,8-002.07,8-002,UPPER SANTA ANA VALLEY,UPPER SANTA ANA VALLEY - YUCAIPA,52.693489,99804
PTJPL,2010-03-01,7-028,7-028,VALLECITO-CARRIZO VALLEY,VALLECITO-CARRIZO VALLEY,27.612418,547699
PTJPL,2010-03-01,5-071,5-071,VALLECITOS CREEK VALLEY,VALLECITOS CREEK VALLEY,77.589224,67930
PTJPL,2010-03-01,7-063,7-063,VANDEVENTER FLAT,VANDEVENTER FLAT,52.666645,30274
PTJPL,2010-03-01,4-003.02,4-003,VENTURA RIVER VALLEY,VENTURA RIVER VALLEY - LOWER VENTURA RIVER,69.341663,21489
PTJPL,2010-03-01,4-003.01,4-003,VENTURA RIVER VALLEY,VENTURA RIVER VALLEY - UPPER VENTURA RIVER,69.106396,23732
PTJPL,2010-03-01,7-042,7-042,VIDAL VALLEY,VIDAL VALLEY,26.254173,618941
PTJPL,2010-03-01,3-037,3-037,VILLA VALLEY,VILLA VALLEY,81.78086,6092
PTJPL,2010-03-01,2-032,2-032,VISITACION VALLEY,VISITACION VALLEY,80.078223,26220
PTJPL,2010-03-01,5-026,5-026,WALKER BASIN CREEK VALLEY,WALKER BASIN CREEK VALLEY,56.781653,34468
PTJPL,2010-03-01,7-003,7-003,WARD VALLEY,WARD VALLEY,25.294941,2505611
PTJPL,2010-03-01,9-008,9-008,WARNER VALLEY,WARNER VALLEY,57.184066,107755
PTJPL,2010-03-01,7-012,7-012,WARREN VALLEY,WARREN VALLEY,31.43629,78583
PTJPL,2010-03-01,1-031,1-031,WEOTT TOWN AREA,WEOTT TOWN AREA,88.399048,16389
PTJPL,2010-03-01,7-022,7-022,WEST SALTON SEA,WEST SALTON SEA,23.868804,473862
PTJPL,2010-03-01,3-026,3-026,WEST SANTA CRUZ TERRACE,WEST SANTA CRUZ TERRACE,79.225358,30010
PTJPL,2010-03-01,2-035,2-035,WESTSIDE,WESTSIDE,78.600391,111649
PTJPL,2010-03-01,6-073,6-073,WILD HORSE MESA AREA,WILD HORSE MESA AREA,30.44332,14926
PTJPL,2010-03-01,6-075,6-075,WILDROSE CANYON,WILDROSE CANYON,30.124611,22831
PTJPL,2010-03-01,1-043,1-043,WILLIAMS VALLEY,WILLIAMS VALLEY,62.605447,5287
PTJPL,2010-03-01,6-003,6-003,WILLOW CREEK VALLEY,WILLOW CREEK VALLEY,48.912626,52430
PTJPL,2010-03-01,1-059,1-059,WILSON GROVE FORMATION HIGHLANDS,WILSON GROVE FORMATION HIGHLANDS,75.855427,287046
PTJPL,2010-03-01,1-062,1-062,WILSON POINT AREA,WILSON POINT AREA,62.161765,2788
PTJPL,2010-03-01,6-019,6-019,WINGATE VALLEY,WINGATE VALLEY,31.117035,320536
PTJPL,2010-03-01,7-056,7-056,YAQUI WELL AREA,YAQUI WELL AREA,34.013558,67265
PTJPL,2010-03-01,5-056,5-056,YELLOW CREEK VALLEY,YELLOW CREEK VALLEY,58.765403,422
PTJPL,2010-03-01,2-006,2-006,YGNACIO VALLEY,YGNACIO VALLEY,81.091975,69519
PTJPL,2010-03-01,5-069,5-069,YOSEMITE VALLEY,YOSEMITE VALLEY,54.068632,30904
PTJPL,2010-03-01,7-036,7-036,YUMA VALLEY,YUMA VALLEY,34.949687,536338
