Model,Date,Basin_Subb,Basin_Numb,Basin_Name,Basin_Su_1,ET,Pixel_Count
PTJPL,2014-08-01,4-005,4-005,ACTON VALLEY,ACTON VALLEY,38.218949,37173
PTJPL,2014-08-01,6-010,6-010,ADOBE LAKE VALLEY,ADOBE LAKE VALLEY,13.739838,179273
PTJPL,2014-08-01,1-054.01,1-054,ALEXANDER VALLEY,ALEXANDER VALLEY - ALEXANDER AREA,84.934441,110099
PTJPL,2014-08-01,1-054.02,1-054,ALEXANDER VALLEY,ALEXANDER VALLEY - CLOVERDALE AREA,69.568276,29366
PTJPL,2014-08-01,5-002.01,5-002,ALTURAS AREA,ALTURAS AREA - SOUTH FORK PITT RIVER,51.381674,513210
PTJPL,2014-08-01,5-002.02,5-002,ALTURAS AREA,ALTURAS AREA - WARM SPRINGS VALLEY,38.222924,305817
PTJPL,2014-08-01,5-010,5-010,AMERICAN VALLEY,AMERICAN VALLEY,80.616185,30572
PTJPL,2014-08-01,7-016,7-016,AMES VALLEY,AMES VALLEY,17.543078,487562
PTJPL,2014-08-01,7-034,7-034,AMOS VALLEY,AMOS VALLEY,8.280645,584286
PTJPL,2014-08-01,1-019,1-019,ANDERSON VALLEY,ANDERSON VALLEY,74.936064,22366
PTJPL,2014-08-01,1-049,1-049,ANNAPOLIS OHLSON RANCH FORMATION HIGHLANDS,ANNAPOLIS OHLSON RANCH FORMATION HIGHLANDS,113.032159,38900
PTJPL,2014-08-01,5-091,5-091,ANTELOPE CREEK,ANTELOPE CREEK,26.27346,9175
PTJPL,2014-08-01,6-044,6-044,ANTELOPE VALLEY,ANTELOPE VALLEY,20.745814,4542456
PTJPL,2014-08-01,6-007,6-007,ANTELOPE VALLEY,ANTELOPE VALLEY,73.079618,89741
PTJPL,2014-08-01,3-034,3-034,ARROYO DE LA CRUZ VALLEY,ARROYO DE LA CRUZ VALLEY,107.789911,3489
PTJPL,2014-08-01,2-031,2-031,ARROYO DEL HAMBRE VALLEY,ARROYO DEL HAMBRE VALLEY,78.06678,3534
PTJPL,2014-08-01,4-007,4-007,ARROYO SANTA ROSA VALLEY,ARROYO SANTA ROSA VALLEY,84.640542,17646
PTJPL,2014-08-01,7-037,7-037,ARROYO SECO VALLEY,ARROYO SECO VALLEY,13.051996,1152313
PTJPL,2014-08-01,5-054,5-054,ASH VALLEY,ASH VALLEY,56.980085,27015
PTJPL,2014-08-01,6-026,6-026,AVAWATZ VALLEY,AVAWATZ VALLEY,15.028309,124166
PTJPL,2014-08-01,3-020,3-020,A�O NUEVO AREA,A�O NUEVO AREA,83.221348,8638
PTJPL,2014-08-01,9-022,9-022,BATIQUITOS LAGOON VALLEY,BATIQUITOS LAGOON VALLEY,122.682064,3334
PTJPL,2014-08-01,8-009,8-009,BEAR VALLEY,BEAR VALLEY,84.054079,86226
PTJPL,2014-08-01,5-064,5-064,BEAR VALLEY,BEAR VALLEY,30.019348,40934
PTJPL,2014-08-01,5-020,5-020,BERRYESSA VALLEY,BERRYESSA VALLEY,40.121144,6191
PTJPL,2014-08-01,7-015,7-015,BESSEMER VALLEY,BESSEMER VALLEY,15.105533,175679
PTJPL,2014-08-01,6-025,6-025,BICYCLE VALLEY,BICYCLE VALLEY,12.36999,402232
PTJPL,2014-08-01,1-027,1-027,BIG LAGOON AREA,BIG LAGOON AREA,136.71782,52711
PTJPL,2014-08-01,8-007,8-007,BIG MEADOWS VALLEY,BIG MEADOWS VALLEY,94.076393,63396
PTJPL,2014-08-01,1-045,1-045,BIG RIVER VALLEY,BIG RIVER VALLEY,122.89053,7582
PTJPL,2014-08-01,3-047,3-047,BIG SPRING AREA,BIG SPRING AREA,19.584309,32897
PTJPL,2014-08-01,5-015,5-015,BIG VALLEY,BIG VALLEY,74.208936,108957
PTJPL,2014-08-01,5-004,5-004,BIG VALLEY,BIG VALLEY,50.306514,413987
PTJPL,2014-08-01,3-030,3-030,BITTER WATER VALLEY,BITTER WATER VALLEY,26.643128,144867
PTJPL,2014-08-01,6-013,6-013,BLACK SPRINGS VALLEY,BLACK SPRINGS VALLEY,11.577646,138327
PTJPL,2014-08-01,5-092,5-092,BLANCHARD VALLEY,BLANCHARD VALLEY,34.518911,9994
PTJPL,2014-08-01,1-057,1-057,BODEGA BAY AREA,BODEGA BAY AREA,101.577613,9818
PTJPL,2014-08-01,7-024.01,7-024,BORREGO VALLEY,BORREGO VALLEY - BORREGO SPRINGS,19.495008,282155
PTJPL,2014-08-01,7-024.02,7-024,BORREGO VALLEY,BORREGO VALLEY - OCOTILLO WELLS,4.625055,405078
PTJPL,2014-08-01,1-039,1-039,BRANSCOMB TOWN AREA,BRANSCOMB TOWN AREA,116.307047,6201
PTJPL,2014-08-01,1-017,1-017,BRAY TOWN AREA,BRAY TOWN AREA,67.693402,36119
PTJPL,2014-08-01,6-008,6-008,BRIDGEPORT VALLEY,BRIDGEPORT VALLEY,69.38547,146102
PTJPL,2014-08-01,7-008,7-008,BRISTOL VALLEY,BRISTOL VALLEY,6.982426,2234028
PTJPL,2014-08-01,5-080,5-080,BRITE VALLEY,BRITE VALLEY,52.214055,14244
PTJPL,2014-08-01,6-032,6-032,BROADWELL VALLEY,BROADWELL VALLEY,10.90816,413087
PTJPL,2014-08-01,6-076,6-076,BROWN MOUNTAIN VALLEY,BROWN MOUNTAIN VALLEY,10.747699,97673
PTJPL,2014-08-01,7-054,7-054,BUCK RIDGE FAULT VALLEY,BUCK RIDGE FAULT VALLEY,30.894227,31076
PTJPL,2014-08-01,6-101,6-101,BULL FLAT,BULL FLAT,20.657621,78457
PTJPL,2014-08-01,5-048,5-048,BURNEY CREEK VALLEY,BURNEY CREEK VALLEY,50.764723,10579
PTJPL,2014-08-01,5-017,5-017,BURNS VALLEY,BURNS VALLEY,57.102909,12924
PTJPL,2014-08-01,5-051,5-051,BUTTE CREEK VALLEY,BUTTE CREEK VALLEY,54.536066,14515
PTJPL,2014-08-01,1-003,1-003,BUTTE VALLEY,BUTTE VALLEY,51.973753,358135
PTJPL,2014-08-01,6-081,6-081,BUTTE VALLEY,BUTTE VALLEY,23.481014,39581
PTJPL,2014-08-01,6-070,6-070,CACTUS FLAT,CACTUS FLAT,19.8958,31593
PTJPL,2014-08-01,7-007,7-007,CADIZ VALLEY,CADIZ VALLEY,4.894458,1213316
PTJPL,2014-08-01,6-090,6-090,CADY FAULT AREA,CADY FAULT AREA,16.568931,35753
PTJPL,2014-08-01,9-006,9-006,CAHUILLA VALLEY,CAHUILLA VALLEY,53.366118,81848
PTJPL,2014-08-01,6-079,6-079,CALIFORNIA VALLEY,CALIFORNIA VALLEY,21.034883,261304
PTJPL,2014-08-01,7-041,7-041,CALZONA VALLEY,CALZONA VALLEY,12.729544,340869
PTJPL,2014-08-01,6-061,6-061,CAMEO AREA,CAMEO AREA,7.696286,41842
PTJPL,2014-08-01,9-028,9-028,CAMPO VALLEY,CAMPO VALLEY,47.952396,15902
PTJPL,2014-08-01,7-046,7-046,CANEBRAKE VALLEY,CANEBRAKE VALLEY,17.291526,24310
PTJPL,2014-08-01,3-007,3-007,CARMEL VALLEY,CARMEL VALLEY,119.076299,18978
PTJPL,2014-08-01,3-018,3-018,CARPINTERIA,CARPINTERIA,73.337839,33957
PTJPL,2014-08-01,3-019,3-019,CARRIZO PLAIN,CARRIZO PLAIN,14.49485,946901
PTJPL,2014-08-01,6-006,6-006,CARSON VALLEY,CARSON VALLEY,58.63301,44241
PTJPL,2014-08-01,5-029,5-029,CASTAC LAKE VALLEY,CASTAC LAKE VALLEY,54.783752,16014
PTJPL,2014-08-01,2-008,2-008,CASTRO VALLEY,CASTRO VALLEY,54.144636,8193
PTJPL,2014-08-01,6-038,6-038,CAVES CANYON VALLEY,CAVES CANYON VALLEY,10.313882,328088
PTJPL,2014-08-01,5-045,5-045,CAYTON VALLEY,CAYTON VALLEY,95.873851,5874
PTJPL,2014-08-01,3-038,3-038,CAYUCOS VALLEY,CAYUCOS VALLEY,82.59431,949
PTJPL,2014-08-01,7-043,7-043,CHEMEHUEVI VALLEY,CHEMEHUEVI VALLEY,13.240044,1221349
PTJPL,2014-08-01,7-032,7-032,CHOCOLATE VALLEY,CHOCOLATE VALLEY,10.323607,580540
PTJPL,2014-08-01,3-005,3-005,CHOLAME VALLEY,CHOLAME VALLEY,33.463411,179070
PTJPL,2014-08-01,3-042,3-042,CHORRO VALLEY,CHORRO VALLEY,111.135016,6377
PTJPL,2014-08-01,5-061,5-061,CHROME TOWN AREA,CHROME TOWN AREA,24.126145,6334
PTJPL,2014-08-01,7-005,7-005,CHUCKWALLA VALLEY,CHUCKWALLA VALLEY,11.042879,2704920
PTJPL,2014-08-01,2-005,2-005,CLAYTON VALLEY,CLAYTON VALLEY,75.844387,80257
PTJPL,2014-08-01,5-066,5-066,CLEAR LAKE CACHE FORMATION,CLEAR LAKE CACHE FORMATION,78.801075,133749
PTJPL,2014-08-01,5-058,5-058,CLOVER VALLEY,CLOVER VALLEY,49.475585,75444
PTJPL,2014-08-01,7-021.03,7-021,COACHELLA VALLEY,COACHELLA VALLEY - DESERT HOT SPRINGS,9.993752,453937
PTJPL,2014-08-01,7-021.01,7-021,COACHELLA VALLEY,COACHELLA VALLEY - INDIO,42.074808,1336106
PTJPL,2014-08-01,7-021.02,7-021,COACHELLA VALLEY,COACHELLA VALLEY - MISSION CREEK,17.183149,218418
PTJPL,2014-08-01,7-021.04,7-021,COACHELLA VALLEY,COACHELLA VALLEY - SAN GORGONIO PASS,38.901027,173279
PTJPL,2014-08-01,4-011.04,4-011,COASTAL PLAIN OF LOS ANGELES,COASTAL PLAIN OF LOS ANGELES - CENTRAL,98.066548,799394
PTJPL,2014-08-01,4-011.02,4-011,COASTAL PLAIN OF LOS ANGELES,COASTAL PLAIN OF LOS ANGELES - HOLLYWOOD,85.765211,45279
PTJPL,2014-08-01,4-011.01,4-011,COASTAL PLAIN OF LOS ANGELES,COASTAL PLAIN OF LOS ANGELES - SANTA MONICA,122.086533,135809
PTJPL,2014-08-01,4-011.03,4-011,COASTAL PLAIN OF LOS ANGELES,COASTAL PLAIN OF LOS ANGELES - WEST COAST,132.500431,399959
PTJPL,2014-08-01,8-001,8-001,COASTAL PLAIN OF ORANGE COUNTY,COASTAL PLAIN OF ORANGE COUNTY,108.739742,999363
PTJPL,2014-08-01,9-033,9-033,COASTAL PLAIN OF SAN DIEGO,COASTAL PLAIN OF SAN DIEGO,98.584162,240969
PTJPL,2014-08-01,6-072,6-072,COLES FLAT,COLES FLAT,20.754228,13244
PTJPL,2014-08-01,5-019,5-019,COLLAYOMI VALLEY,COLLAYOMI VALLEY,53.436354,29240
PTJPL,2014-08-01,7-055,7-055,COLLINS VALLEY,COLLINS VALLEY,30.264464,31751
PTJPL,2014-08-01,4-010,4-010,CONEJO,CONEJO,68.628771,84503
PTJPL,2014-08-01,7-011,7-011,COPPER MOUNTAIN VALLEY,COPPER MOUNTAIN VALLEY,16.973398,136155
PTJPL,2014-08-01,3-002.01,3-002,CORRALITOS,CORRALITOS - PAJARO VALLEY,88.212875,332280
PTJPL,2014-08-01,3-002.02,3-002,CORRALITOS,CORRALITOS - PURISIMA HIGHLANDS,146.565177,58134
PTJPL,2014-08-01,6-055,6-055,COSO VALLEY,COSO VALLEY,17.508662,114929
PTJPL,2014-08-01,1-037,1-037,COTTONEVA CREEK VALLEY,COTTONEVA CREEK VALLEY,132.122817,3436
PTJPL,2014-08-01,9-027,9-027,COTTONWOOD VALLEY,COTTONWOOD VALLEY,59.266307,17262
PTJPL,2014-08-01,1-011,1-011,COVELO ROUND VALLEY,COVELO ROUND VALLEY,58.608413,73792
PTJPL,2014-08-01,6-091,6-091,COW HEAD LAKE VALLEY,COW HEAD LAKE VALLEY,46.324901,25180
PTJPL,2014-08-01,6-037,6-037,COYOTE LAKE VALLEY,COYOTE LAKE VALLEY,9.183958,396167
PTJPL,2014-08-01,5-018,5-018,COYOTE VALLEY,COYOTE VALLEY,58.15447,29352
PTJPL,2014-08-01,7-029,7-029,COYOTE WELLS VALLEY,COYOTE WELLS VALLEY,4.078693,648419
PTJPL,2014-08-01,6-035,6-035,CRONISE VALLEY,CRONISE VALLEY,8.97342,567907
PTJPL,2014-08-01,6-050,6-050,CUDDEBACK VALLEY,CUDDEBACK VALLEY,10.021409,426688
PTJPL,2014-08-01,5-082,5-082,CUDDY CANYON VALLEY,CUDDY CANYON VALLEY,36.243291,14830
PTJPL,2014-08-01,5-083,5-083,CUDDY RANCH AREA,CUDDY RANCH AREA,64.083571,18906
PTJPL,2014-08-01,5-084,5-084,CUDDY VALLEY,CUDDY VALLEY,60.359784,15576
PTJPL,2014-08-01,5-027,5-027,CUMMINGS VALLEY,CUMMINGS VALLEY,42.999889,45053
PTJPL,2014-08-01,3-013,3-013,CUYAMA VALLEY,CUYAMA VALLEY,34.891588,1086945
PTJPL,2014-08-01,7-009,7-009,DALE VALLEY,DALE VALLEY,8.31168,955636
PTJPL,2014-08-01,6-057,6-057,DARWIN VALLEY,DARWIN VALLEY,12.491981,198536
PTJPL,2014-08-01,7-061,7-061,DAVIES VALLEY,DAVIES VALLEY,7.927238,15214
PTJPL,2014-08-01,7-013.01,7-013,DEADMAN VALLEY,DEADMAN VALLEY - DEADMAN LAKE,10.592496,400268
PTJPL,2014-08-01,7-013.02,7-013,DEADMAN VALLEY,DEADMAN VALLEY - SURPRISE SPRING,10.914613,131543
PTJPL,2014-08-01,6-018,6-018,DEATH VALLEY,DEATH VALLEY,10.201955,4133615
PTJPL,2014-08-01,6-015,6-015,DEEP SPRINGS VALLEY,DEEP SPRINGS VALLEY,24.240966,134596
PTJPL,2014-08-01,6-078,6-078,DENNING SPRING VALLEY,DENNING SPRING VALLEY,21.420713,32521
PTJPL,2014-08-01,1-034,1-034,DINSMORES TOWN AREA,DINSMORES TOWN AREA,83.523856,10249
PTJPL,2014-08-01,5-053,5-053,DIXIE VALLEY,DIXIE VALLEY,44.826562,21881
PTJPL,2014-08-01,2-040,2-040,DOWNTOWN,DOWNTOWN,80.905599,33898
PTJPL,2014-08-01,5-049,5-049,DRY BURNEY CREEK VALLEY,DRY BURNEY CREEK VALLEY,114.31758,13817
PTJPL,2014-08-01,3-029,3-029,DRY LAKE VALLEY,DRY LAKE VALLEY,28.542296,6360
PTJPL,2014-08-01,6-095,6-095,DRY VALLEY,DRY VALLEY,29.945819,29217
PTJPL,2014-08-01,6-096,6-096,EAGLE LAKE AREA,EAGLE LAKE AREA,58.563611,57089
PTJPL,2014-08-01,7-033,7-033,EAST SALTON SEA,EAST SALTON SEA,13.463514,876191
PTJPL,2014-08-01,1-044,1-044,EDEN VALLEY,EDEN VALLEY,70.389992,6195
PTJPL,2014-08-01,1-010,1-010,EEL RIVER VALLEY,EEL RIVER VALLEY,99.02841,324252
PTJPL,2014-08-01,5-041,5-041,EGG LAKE VALLEY,EGG LAKE VALLEY,35.995501,18448
PTJPL,2014-08-01,9-016,9-016,EL CAJON VALLEY,EL CAJON VALLEY,58.51334,32160
PTJPL,2014-08-01,6-043,6-043,EL MIRAGE VALLEY,EL MIRAGE VALLEY,18.463104,341252
PTJPL,2014-08-01,5-062,5-062,ELK CREEK AREA,ELK CREEK AREA,40.40485,6474
PTJPL,2014-08-01,8-004.02,8-004,ELSINORE,ELSINORE - BEDFORD-COLDWATER,57.688028,31599
PTJPL,2014-08-01,8-004.01,8-004,ELSINORE,ELSINORE - ELSINORE VALLEY,74.921571,106147
PTJPL,2014-08-01,9-009,9-009,ESCONDIDO VALLEY,ESCONDIDO VALLEY,73.306499,12956
PTJPL,2014-08-01,1-009,1-009,EUREKA PLAIN,EUREKA PLAIN,111.901427,150497
PTJPL,2014-08-01,6-016,6-016,EUREKA VALLEY,EUREKA VALLEY,9.985649,578991
PTJPL,2014-08-01,1-022,1-022,FAIRCHILD SWAMP VALLEY,FAIRCHILD SWAMP VALLEY,35.221634,14736
PTJPL,2014-08-01,5-005,5-005,FALL RIVER VALLEY,FALL RIVER VALLEY,86.023758,246566
PTJPL,2014-08-01,7-002,7-002,FENNER VALLEY,FENNER VALLEY,13.696736,2034583
PTJPL,2014-08-01,6-014,6-014,FISH LAKE VALLEY,FISH LAKE VALLEY,26.163516,206078
PTJPL,2014-08-01,3-053,3-053,FOOTHILL,FOOTHILL,72.66231,14765
PTJPL,2014-08-01,1-021,1-021,FORT BRAGG TERRACE AREA,FORT BRAGG TERRACE AREA,92.5224,101851
PTJPL,2014-08-01,1-061,1-061,FORT ROSS TERRACE DEPOSITS,FORT ROSS TERRACE DEPOSITS,99.068463,29578
PTJPL,2014-08-01,6-046,6-046,FREMONT VALLEY,FREMONT VALLEY,9.687884,1507399
PTJPL,2014-08-01,5-090,5-090,FUNKS CREEK,FUNKS CREEK,24.750295,13564
PTJPL,2014-08-01,1-032,1-032,GARBERVILLE TOWN AREA,GARBERVILLE TOWN AREA,101.719941,9498
PTJPL,2014-08-01,1-020,1-020,GARCIA RIVER VALLEY,GARCIA RIVER VALLEY,80.55836,9390
PTJPL,2014-08-01,3-003.01,3-003,GILROY-HOLLISTER VALLEY,GILROY-HOLLISTER VALLEY - LLAGAS AREA,69.080447,213011
PTJPL,2014-08-01,3-003.05,3-003,GILROY-HOLLISTER VALLEY,GILROY-HOLLISTER VALLEY - NORTH SAN BENITO,51.805784,589157
PTJPL,2014-08-01,6-085,6-085,GOLD VALLEY,GOLD VALLEY,19.872333,14436
PTJPL,2014-08-01,6-048,6-048,GOLDSTONE VALLEY,GOLDSTONE VALLEY,13.95398,126294
PTJPL,2014-08-01,3-016,3-016,GOLETA,GOLETA,72.2625,41440
PTJPL,2014-08-01,5-001.02,5-001,GOOSE LAKE,GOOSE LAKE - FANDANGO VALLEY,50.035251,82919
PTJPL,2014-08-01,5-001.01,5-001,GOOSE LAKE,GOOSE LAKE - GOOSE VALLEY,41.76684,161679
PTJPL,2014-08-01,5-047,5-047,GOOSE VALLEY,GOOSE VALLEY,92.56317,18941
PTJPL,2014-08-01,6-077,6-077,GRASS VALLEY,GRASS VALLEY,18.868653,44881
PTJPL,2014-08-01,6-094,6-094,GRASSHOPPER VALLEY,GRASSHOPPER VALLEY,32.984223,79418
PTJPL,2014-08-01,1-048,1-048,GRAVELLY VALLEY,GRAVELLY VALLEY,82.33032,13384
PTJPL,2014-08-01,5-052,5-052,GRAYS VALLEY,GRAYS VALLEY,32.425371,24461
PTJPL,2014-08-01,6-084,6-084,GREENWATER VALLEY,GREENWATER VALLEY,23.258796,268934
PTJPL,2014-08-01,5-059,5-059,GRIZZLY VALLEY,GRIZZLY VALLEY,105.243869,60426
PTJPL,2014-08-01,2-022,2-022,HALF MOON BAY TERRACE,HALF MOON BAY TERRACE,68.779139,33048
PTJPL,2014-08-01,1-015,1-015,HAPPY CAMP TOWN AREA,HAPPY CAMP TOWN AREA,93.033371,12466
PTJPL,2014-08-01,6-047,6-047,HARPER VALLEY,HARPER VALLEY,10.66127,1841343
PTJPL,2014-08-01,6-074,6-074,HARRISBURG FLATS,HARRISBURG FLATS,23.808776,112083
PTJPL,2014-08-01,6-093,6-093,HARVEY VALLEY,HARVEY VALLEY,33.227116,20254
PTJPL,2014-08-01,1-006,1-006,HAYFORK VALLEY,HAYFORK VALLEY,65.425113,14829
PTJPL,2014-08-01,7-048,7-048,HELENDALE FAULT VALLEY,HELENDALE FAULT VALLEY,51.648552,11777
PTJPL,2014-08-01,8-006,8-006,HEMET LAKE VALLEY,HEMET LAKE VALLEY,72.70946,74988
PTJPL,2014-08-01,3-031,3-031,HERNANDEZ VALLEY,HERNANDEZ VALLEY,39.400124,12871
PTJPL,2014-08-01,1-036,1-036,HETTENSHAW VALLEY,HETTENSHAW VALLEY,50.047807,3807
PTJPL,2014-08-01,7-053,7-053,HEXIE MOUNTAIN AREA,HEXIE MOUNTAIN AREA,21.187801,50053
PTJPL,2014-08-01,6-063,6-063,HIDDEN VALLEY,HIDDEN VALLEY,11.924554,80667
PTJPL,2014-08-01,4-016,4-016,HIDDEN VALLEY,HIDDEN VALLEY,72.066345,9948
PTJPL,2014-08-01,5-016,5-016,HIGH VALLEY,HIGH VALLEY,53.731049,10593
PTJPL,2014-08-01,6-004,6-004,HONEY LAKE VALLEY,HONEY LAKE VALLEY,24.664228,1394546
PTJPL,2014-08-01,1-029,1-029,HONEYDEW TOWN AREA,HONEYDEW TOWN AREA,101.910311,10659
PTJPL,2014-08-01,1-007,1-007,HOOPA VALLEY,HOOPA VALLEY,92.913909,17528
PTJPL,2014-08-01,6-097,6-097,HORSE LAKE VALLEY,HORSE LAKE VALLEY,42.527356,17199
PTJPL,2014-08-01,5-040,5-040,HOT SPRINGS VALLEY,HOT SPRINGS VALLEY,52.952513,10824
PTJPL,2014-08-01,3-045,3-045,HUASNA VALLEY,HUASNA VALLEY,54.801201,21147
PTJPL,2014-08-01,5-060,5-060,HUMBUG VALLEY,HUMBUG VALLEY,76.592318,44834
PTJPL,2014-08-01,4-018,4-018,HUNGRY VALLEY,HUNGRY VALLEY,33.458779,23859
PTJPL,2014-08-01,1-035,1-035,HYAMPOM VALLEY,HYAMPOM VALLEY,67.505906,6096
PTJPL,2014-08-01,7-030,7-030,IMPERIAL VALLEY,IMPERIAL VALLEY,50.541309,4263234
PTJPL,2014-08-01,5-009,5-009,INDIAN VALLEY,INDIAN VALLEY,95.467709,132281
PTJPL,2014-08-01,6-054,6-054,INDIAN WELLS VALLEY,INDIAN WELLS VALLEY,12.026318,1716255
PTJPL,2014-08-01,7-050,7-050,IRON RIDGE AREA,IRON RIDGE AREA,15.167289,23570
PTJPL,2014-08-01,2-033,2-033,ISLAIS VALLEY,ISLAIS VALLEY,87.265551,26526
PTJPL,2014-08-01,6-030,6-030,IVANPAH VALLEY,IVANPAH VALLEY,20.469697,882708
PTJPL,2014-08-01,7-047,7-047,JACUMBA VALLEY,JACUMBA VALLEY,29.62791,8979
PTJPL,2014-08-01,5-003,5-003,JESS VALLEY,JESS VALLEY,77.808074,30147
PTJPL,2014-08-01,7-018.01,7-018,JOHNSON VALLEY,JOHNSON VALLEY - SOGGY LAKE,19.264875,347541
PTJPL,2014-08-01,7-018.02,7-018,JOHNSON VALLEY,JOHNSON VALLEY - UPPER JOHNSON VALLEY,13.481527,156367
PTJPL,2014-08-01,5-086,5-086,JOSEPH CREEK,JOSEPH CREEK,49.862434,20034
PTJPL,2014-08-01,7-062,7-062,JOSHUA TREE,JOSHUA TREE,18.915387,150378
PTJPL,2014-08-01,6-089,6-089,KANE WASH AREA,KANE WASH AREA,21.836068,26755
PTJPL,2014-08-01,6-069,6-069,KELSO LANDER VALLEY,KELSO LANDER VALLEY,26.197426,50191
PTJPL,2014-08-01,6-031,6-031,KELSO VALLEY,KELSO VALLEY,15.474082,1145203
PTJPL,2014-08-01,2-019,2-019,KENWOOD VALLEY,KENWOOD VALLEY,81.053925,23106
PTJPL,2014-08-01,5-025,5-025,KERN RIVER VALLEY,KERN RIVER VALLEY,46.22045,356993
PTJPL,2014-08-01,1-002.02,1-002,KLAMATH RIVER VALLEY,KLAMATH RIVER VALLEY - LOWER KLAMATH,58.042306,337208
PTJPL,2014-08-01,1-002.01,1-002,KLAMATH RIVER VALLEY,KLAMATH RIVER VALLEY - TULELAKE,86.956073,496979
PTJPL,2014-08-01,1-050,1-050,KNIGHTS VALLEY,KNIGHTS VALLEY,65.979394,18393
PTJPL,2014-08-01,5-007,5-007,LAKE ALMANOR VALLEY,LAKE ALMANOR VALLEY,81.067991,32166
PTJPL,2014-08-01,5-046,5-046,LAKE BRITTON AREA,LAKE BRITTON AREA,94.956233,63221
PTJPL,2014-08-01,7-001,7-001,LANFAIR VALLEY,LANFAIR VALLEY,23.756821,703571
PTJPL,2014-08-01,6-036.02,6-036,LANGFORD VALLEY,LANGFORD VALLEY - IRWIN,13.588008,47132
PTJPL,2014-08-01,6-036.01,6-036,LANGFORD VALLEY,LANGFORD VALLEY - LANGFORD WELL LAKE,9.961565,86847
PTJPL,2014-08-01,1-033,1-033,LARABEE VALLEY,LARABEE VALLEY,72.694841,4342
PTJPL,2014-08-01,4-008,4-008,LAS POSAS VALLEY,LAS POSAS VALLEY,78.411246,200649
PTJPL,2014-08-01,5-057,5-057,LAST CHANCE CREEK VALLEY,LAST CHANCE CREEK VALLEY,58.918499,20920
PTJPL,2014-08-01,7-014,7-014,LAVIC VALLEY,LAVIC VALLEY,16.215536,459882
PTJPL,2014-08-01,1-012,1-012,LAYTONVILLE VALLEY,LAYTONVILLE VALLEY,80.646908,22589
PTJPL,2014-08-01,6-027,6-027,LEACH VALLEY,LEACH VALLEY,11.437627,275049
PTJPL,2014-08-01,6-066,6-066,LEE FLAT,LEE FLAT,14.429325,91213
PTJPL,2014-08-01,6-106,6-106,LITTLE ANTELOPE VALLEY,LITTLE ANTELOPE VALLEY,35.974176,11191
PTJPL,2014-08-01,5-065,5-065,LITTLE INDIAN VALLEY,LITTLE INDIAN VALLEY,38.992991,5707
PTJPL,2014-08-01,1-013,1-013,LITTLE LAKE VALLEY,LITTLE LAKE VALLEY,61.321383,45074
PTJPL,2014-08-01,1-041,1-041,LITTLE VALLEY,LITTLE VALLEY,113.492202,3655
PTJPL,2014-08-01,2-010,2-010,LIVERMORE VALLEY,LIVERMORE VALLEY,49.227969,312810
PTJPL,2014-08-01,2-038,2-038,LOBOS,LOBOS,89.063503,10598
PTJPL,2014-08-01,3-006,3-006,LOCKWOOD VALLEY,LOCKWOOD VALLEY,46.630189,269554
PTJPL,2014-08-01,4-017,4-017,LOCKWOOD VALLEY,LOCKWOOD VALLEY,48.246625,97987
PTJPL,2014-08-01,6-011,6-011,LONG VALLEY,LONG VALLEY,39.430514,323037
PTJPL,2014-08-01,5-044,5-044,LONG VALLEY,LONG VALLEY,72.470094,4882
PTJPL,2014-08-01,6-104,6-104,LONG VALLEY,LONG VALLEY,28.28046,210294
PTJPL,2014-08-01,5-031,5-031,LONG VALLEY,LONG VALLEY,68.945682,12611
PTJPL,2014-08-01,5-070,5-070,LOS BANOS CREEK VALLEY,LOS BANOS CREEK VALLEY,16.569708,21748
PTJPL,2014-08-01,3-008.01,3-008,LOS OSOS VALLEY,LOS OSOS VALLEY - LOS OSOS AREA,123.95555,19010
PTJPL,2014-08-01,3-008.02,3-008,LOS OSOS VALLEY,LOS OSOS VALLEY - WARDEN CREEK,110.524266,7933
PTJPL,2014-08-01,7-051,7-051,LOST HORSE VALLEY,LOST HORSE VALLEY,24.809034,77794
PTJPL,2014-08-01,6-071,6-071,LOST LAKE VALLEY,LOST LAKE VALLEY,11.863168,104530
PTJPL,2014-08-01,6-021,6-021,LOWER KINGSTON VALLEY,LOWER KINGSTON VALLEY,12.883343,1078042
PTJPL,2014-08-01,1-014,1-014,LOWER KLAMATH RIVER VALLEY,LOWER KLAMATH RIVER VALLEY,133.158659,31281
PTJPL,2014-08-01,5-030,5-030,LOWER LAKE VALLEY,LOWER LAKE VALLEY,69.601203,10810
PTJPL,2014-08-01,1-038,1-038,LOWER LAYTONVILLE VALLEY,LOWER LAYTONVILLE VALLEY,102.272577,9678
PTJPL,2014-08-01,6-040,6-040,LOWER MOJAVE RIVER VALLEY,LOWER MOJAVE RIVER VALLEY,15.846312,1283611
PTJPL,2014-08-01,1-060,1-060,LOWER RUSSIAN RIVER VALLEY,LOWER RUSSIAN RIVER VALLEY,110.512832,29887
PTJPL,2014-08-01,7-019,7-019,LUCERNE VALLEY,LUCERNE VALLEY,17.492156,662912
PTJPL,2014-08-01,1-008.02,1-008,MAD RIVER VALLEY,MAD RIVER VALLEY - DOWS PRAIRIE SCHOOL AREA,129.860159,61048
PTJPL,2014-08-01,1-008.01,1-008,MAD RIVER VALLEY,MAD RIVER VALLEY - MAD RIVER LOWLAND,112.941284,97128
PTJPL,2014-08-01,6-002,6-002,MADELINE PLAINS,MADELINE PLAINS,31.566515,701902
PTJPL,2014-08-01,3-051,3-051,MAJORS CREEK,MAJORS CREEK,90.552913,1682
PTJPL,2014-08-01,4-022,4-022,MALIBU VALLEY,MALIBU VALLEY,112.384111,2593
PTJPL,2014-08-01,6-064,6-064,MARBLE CANYON AREA,MARBLE CANYON AREA,12.334421,46600
PTJPL,2014-08-01,2-039,2-039,MARINA,MARINA,89.960337,9505
PTJPL,2014-08-01,6-067,6-067,MARTIS VALLEY,MARTIS VALLEY,81.670722,163488
PTJPL,2014-08-01,7-059,7-059,MASON VALLEY,MASON VALLEY,28.886544,24829
PTJPL,2014-08-01,1-028,1-028,MATTOLE RIVER VALLEY,MATTOLE RIVER VALLEY,113.124819,13780
PTJPL,2014-08-01,5-035,5-035,MCCLOUD AREA,MCCLOUD AREA,119.69974,95917
PTJPL,2014-08-01,5-095,5-095,MEADOW VALLEY,MEADOW VALLEY,111.673661,25783
PTJPL,2014-08-01,7-017,7-017,MEANS VALLEY,MEANS VALLEY,14.583817,67158
PTJPL,2014-08-01,6-029,6-029,MESQUITE VALLEY,MESQUITE VALLEY,21.360677,384627
PTJPL,2014-08-01,6-020,6-020,MIDDLE AMARGOSA VALLEY,MIDDLE AMARGOSA VALLEY,18.113523,1741060
PTJPL,2014-08-01,5-094,5-094,MIDDLE CREEK,MIDDLE CREEK,67.687776,3174
PTJPL,2014-08-01,5-087,5-087,MIDDLE FORK FEATHER RIVER,MIDDLE FORK FEATHER RIVER,91.433646,19509
PTJPL,2014-08-01,6-041,6-041,MIDDLE MOJAVE RIVER VALLEY,MIDDLE MOJAVE RIVER VALLEY,15.507756,950207
PTJPL,2014-08-01,6-080,6-080,MIDDLE PARK CANYON,MIDDLE PARK CANYON,32.388023,7832
PTJPL,2014-08-01,5-085,5-085,MIL POTRERO AREA,MIL POTRERO AREA,86.88237,10380
PTJPL,2014-08-01,9-014,9-014,MISSION VALLEY,MISSION VALLEY,112.554858,31709
PTJPL,2014-08-01,5-011,5-011,MOHAWK VALLEY,MOHAWK VALLEY,101.374694,85339
PTJPL,2014-08-01,6-009,6-009,MONO VALLEY,MONO VALLEY,61.255031,775118
PTJPL,2014-08-01,3-049,3-049,MONTECITO,MONTECITO,84.193894,27087
PTJPL,2014-08-01,7-020,7-020,MORONGO VALLEY,MORONGO VALLEY,26.515756,32496
PTJPL,2014-08-01,3-041,3-041,MORRO VALLEY,MORRO VALLEY,108.7028,2500
PTJPL,2014-08-01,5-008,5-008,MOUNTAIN MEADOWS VALLEY,MOUNTAIN MEADOWS VALLEY,63.479119,36613
PTJPL,2014-08-01,1-056,1-056,McDOWELL VALLEY,McDOWELL VALLEY,74.157604,6694
PTJPL,2014-08-01,2-002.01,2-002,NAPA-SONOMA VALLEY,NAPA-SONOMA VALLEY - NAPA VALLEY,86.340601,206535
PTJPL,2014-08-01,2-002.03,2-002,NAPA-SONOMA VALLEY,NAPA-SONOMA VALLEY - NAPA-SONOMA LOWLANDS,98.487053,181196
PTJPL,2014-08-01,2-002.02,2-002,NAPA-SONOMA VALLEY,NAPA-SONOMA VALLEY - SONOMA VALLEY,72.532052,201644
PTJPL,2014-08-01,1-046,1-046,NAVARRO RIVER VALLEY,NAVARRO RIVER VALLEY,121.876611,3104
PTJPL,2014-08-01,3-052,3-052,NEEDLE ROCK POINT,NEEDLE ROCK POINT,85.7979,3048
PTJPL,2014-08-01,7-044,7-044,NEEDLES VALLEY,NEEDLES VALLEY,19.863323,384797
PTJPL,2014-08-01,5-050,5-050,NORTH FORK BATTLE CREEK,NORTH FORK BATTLE CREEK,101.333275,57394
PTJPL,2014-08-01,2-030,2-030,NOVATO VALLEY,NOVATO VALLEY,90.641145,92327
PTJPL,2014-08-01,7-025,7-025,OCOTILLO-CLARK VALLEY,OCOTILLO-CLARK VALLEY,8.540117,999504
PTJPL,2014-08-01,7-035,7-035,OGILBY VALLEY,OGILBY VALLEY,9.395131,592059
PTJPL,2014-08-01,4-002,4-002,OJAI VALLEY,OJAI VALLEY,88.404431,26588
PTJPL,2014-08-01,3-039,3-039,OLD VALLEY,OLD VALLEY,74.682729,5043
PTJPL,2014-08-01,6-108,6-108,OLYMPIC VALLEY,OLYMPIC VALLEY,80.626426,3156
PTJPL,2014-08-01,7-031,7-031,OROCOPIA VALLEY,OROCOPIA VALLEY,9.277049,432652
PTJPL,2014-08-01,6-012.02,6-012,OWENS VALLEY,OWENS VALLEY - FISH SLOUGH,32.913022,14498
PTJPL,2014-08-01,6-012.01,6-012,OWENS VALLEY,OWENS VALLEY - OWENS VALLEY,26.728224,2966284
PTJPL,2014-08-01,6-088,6-088,OWL LAKE VALLEY,OWL LAKE VALLEY,9.98987,100004
PTJPL,2014-08-01,6-028,6-028,PAHRUMP VALLEY,PAHRUMP VALLEY,16.674078,407322
PTJPL,2014-08-01,6-099,6-099,PAINTERS FLAT,PAINTERS FLAT,24.060079,28113
PTJPL,2014-08-01,7-039,7-039,PALO VERDE MESA,PALO VERDE MESA,29.937883,1011292
PTJPL,2014-08-01,7-038,7-038,PALO VERDE VALLEY,PALO VERDE VALLEY,123.272442,302116
PTJPL,2014-08-01,9-024,9-024,PAMO VALLEY,PAMO VALLEY,54.074047,6766
PTJPL,2014-08-01,6-058,6-058,PANAMINT VALLEY,PANAMINT VALLEY,13.198175,1165899
PTJPL,2014-08-01,5-023,5-023,PANOCHE VALLEY,PANOCHE VALLEY,17.622951,148758
PTJPL,2014-08-01,3-032,3-032,PEACH TREE VALLEY,PEACH TREE VALLEY,23.921,44038
PTJPL,2014-08-01,1-030,1-030,PEPPERWOOD TOWN AREA,PEPPERWOOD TOWN AREA,112.749947,28266
PTJPL,2014-08-01,2-026,2-026,PESCADERO VALLEY,PESCADERO VALLEY,86.6735,10585
PTJPL,2014-08-01,2-001,2-001,PETALUMA VALLEY,PETALUMA VALLEY,74.133384,209830
PTJPL,2014-08-01,6-051,6-051,PILOT KNOB VALLEY,PILOT KNOB VALLEY,11.488116,623272
PTJPL,2014-08-01,6-092,6-092,PINE CREEK VALLEY,PINE CREEK VALLEY,41.491585,42839
PTJPL,2014-08-01,7-006,7-006,PINTO VALLEY,PINTO VALLEY,8.83976,820363
PTJPL,2014-08-01,7-049,7-049,PIPES CANYON FAULT VALLEY,PIPES CANYON FAULT VALLEY,26.351081,15213
PTJPL,2014-08-01,2-004,2-004,PITTSBURG PLAIN,PITTSBURG PLAIN,71.867561,52228
PTJPL,2014-08-01,7-045,7-045,PIUTE VALLEY,PIUTE VALLEY,13.567207,782230
PTJPL,2014-08-01,7-052,7-052,PLEASANT VALLEY,PLEASANT VALLEY,20.062558,43336
PTJPL,2014-08-01,4-006,4-006,PLEASANT VALLEY,PLEASANT VALLEY,62.700439,89204
PTJPL,2014-08-01,5-038,5-038,PONDOSA TOWN AREA,PONDOSA TOWN AREA,114.240406,9355
PTJPL,2014-08-01,5-068,5-068,POPE VALLEY,POPE VALLEY,66.85037,32313
PTJPL,2014-08-01,9-029,9-029,POTRERO VALLEY,POTRERO VALLEY,52.439502,9083
PTJPL,2014-08-01,1-051,1-051,POTTER VALLEY,POTTER VALLEY,82.421061,37054
PTJPL,2014-08-01,9-013,9-013,POWAY VALLEY,POWAY VALLEY,81.074639,11080
PTJPL,2014-08-01,3-044,3-044,POZO VALLEY,POZO VALLEY,51.350734,30784
PTJPL,2014-08-01,1-025,1-025,PRAIRIE CREEK AREA,PRAIRIE CREEK AREA,149.78168,89419
PTJPL,2014-08-01,7-040,7-040,QUIEN SABE POINT VALLEY,QUIEN SABE POINT VALLEY,15.301533,99694
PTJPL,2014-08-01,3-024,3-024,QUIEN SABE VALLEY,QUIEN SABE VALLEY,24.522694,21173
PTJPL,2014-08-01,6-062,6-062,RACE TRACK VALLEY,RACE TRACK VALLEY,8.183662,63448
PTJPL,2014-08-01,3-046,3-046,RAFAEL VALLEY,RAFAEL VALLEY,31.728347,13451
PTJPL,2014-08-01,9-025,9-025,RANCHITA TOWN AREA,RANCHITA TOWN AREA,43.978905,14032
PTJPL,2014-08-01,4-023,4-023,RAYMOND,RAYMOND,81.619299,117113
PTJPL,2014-08-01,6-024,6-024,RED PASS VALLEY,RED PASS VALLEY,11.309244,433105
PTJPL,2014-08-01,1-018,1-018,RED ROCK VALLEY,RED ROCK VALLEY,69.562948,40478
PTJPL,2014-08-01,5-006.03,5-006,REDDING AREA,REDDING AREA - ANDERSON,78.000176,443787
PTJPL,2014-08-01,5-006.01,5-006,REDDING AREA,REDDING AREA - BOWMAN,69.240234,550983
PTJPL,2014-08-01,5-006.04,5-006,REDDING AREA,REDDING AREA - ENTERPRISE,70.507455,275589
PTJPL,2014-08-01,5-006.05,5-006,REDDING AREA,REDDING AREA - MILLVILLE,60.635245,295058
PTJPL,2014-08-01,5-006.06,5-006,REDDING AREA,REDDING AREA - SOUTH BATTLE CREEK,51.07483,151596
PTJPL,2014-08-01,1-026,1-026,REDWOOD CREEK AREA,REDWOOD CREEK AREA,112.611154,7764
PTJPL,2014-08-01,6-086,6-086,RHODES HILL AREA,RHODES HILL AREA,14.320413,70069
PTJPL,2014-08-01,7-004,7-004,RICE VALLEY,RICE VALLEY,8.292751,841014
PTJPL,2014-08-01,6-023,6-023,RIGGS VALLEY,RIGGS VALLEY,11.772883,393528
PTJPL,2014-08-01,3-043,3-043,RINCONADA VALLEY,RINCONADA VALLEY,57.494906,11582
PTJPL,2014-08-01,5-043,5-043,ROCK PRAIRIE VALLEY,ROCK PRAIRIE VALLEY,33.052856,25806
PTJPL,2014-08-01,6-056,6-056,ROSE VALLEY,ROSE VALLEY,22.6596,191219
PTJPL,2014-08-01,2-028,2-028,ROSS VALLEY,ROSS VALLEY,93.469609,7930
PTJPL,2014-08-01,5-036,5-036,ROUND VALLEY,ROUND VALLEY,53.344508,32664
PTJPL,2014-08-01,4-020,4-020,RUSSELL VALLEY,RUSSELL VALLEY,71.187843,13836
PTJPL,2014-08-01,5-021.54,5-021,SACRAMENTO VALLEY,SACRAMENTO VALLEY - ANTELOPE,105.816284,85850
PTJPL,2014-08-01,5-021.53,5-021,SACRAMENTO VALLEY,SACRAMENTO VALLEY - BEND,53.15184,101956
PTJPL,2014-08-01,5-021.70,5-021,SACRAMENTO VALLEY,SACRAMENTO VALLEY - BUTTE,123.207261,1198613
PTJPL,2014-08-01,5-021.52,5-021,SACRAMENTO VALLEY,SACRAMENTO VALLEY - COLUSA,102.061868,3249958
PTJPL,2014-08-01,5-021.51,5-021,SACRAMENTO VALLEY,SACRAMENTO VALLEY - CORNING,67.380787,932334
PTJPL,2014-08-01,5-021.56,5-021,SACRAMENTO VALLEY,SACRAMENTO VALLEY - LOS MOLINOS,56.53845,447052
PTJPL,2014-08-01,5-021.64,5-021,SACRAMENTO VALLEY,SACRAMENTO VALLEY - NORTH AMERICAN,80.743995,1538890
PTJPL,2014-08-01,5-021.60,5-021,SACRAMENTO VALLEY,SACRAMENTO VALLEY - NORTH YUBA,120.117533,273575
PTJPL,2014-08-01,5-021.50,5-021,SACRAMENTO VALLEY,SACRAMENTO VALLEY - RED BLUFF,56.563866,1222106
PTJPL,2014-08-01,5-021.66,5-021,SACRAMENTO VALLEY,SACRAMENTO VALLEY - SOLANO,106.759361,1594738
PTJPL,2014-08-01,5-021.65,5-021,SACRAMENTO VALLEY,SACRAMENTO VALLEY - SOUTH AMERICAN,74.618535,1116954
PTJPL,2014-08-01,5-021.61,5-021,SACRAMENTO VALLEY,SACRAMENTO VALLEY - SOUTH YUBA,86.889361,490205
PTJPL,2014-08-01,5-021.62,5-021,SACRAMENTO VALLEY,SACRAMENTO VALLEY - SUTTER,100.55245,1285060
PTJPL,2014-08-01,5-021.57,5-021,SACRAMENTO VALLEY,SACRAMENTO VALLEY - VINA,87.311908,831432
PTJPL,2014-08-01,5-021.69,5-021,SACRAMENTO VALLEY,SACRAMENTO VALLEY - WYANDOTTE CREEK,71.124171,266978
PTJPL,2014-08-01,5-021.67,5-021,SACRAMENTO VALLEY,SACRAMENTO VALLEY - YOLO,78.741784,2431239
PTJPL,2014-08-01,3-004.01,3-004,SALINAS VALLEY,SALINAS VALLEY - 180/400 FOOT AQUIFER,89.090471,402461
PTJPL,2014-08-01,3-004.11,3-004,SALINAS VALLEY,SALINAS VALLEY - ATASCADERO AREA,50.91123,88757
PTJPL,2014-08-01,3-004.02,3-004,SALINAS VALLEY,SALINAS VALLEY - EAST SIDE AQUIFER,78.733865,258455
PTJPL,2014-08-01,3-004.04,3-004,SALINAS VALLEY,SALINAS VALLEY - FOREBAY AQUIFER,78.693903,422898
PTJPL,2014-08-01,3-004.09,3-004,SALINAS VALLEY,SALINAS VALLEY - LANGLEY AREA,101.330737,79223
PTJPL,2014-08-01,3-004.10,3-004,SALINAS VALLEY,SALINAS VALLEY - MONTEREY,118.7021,138523
PTJPL,2014-08-01,3-004.06,3-004,SALINAS VALLEY,SALINAS VALLEY - PASO ROBLES AREA,35.758103,1961133
PTJPL,2014-08-01,3-004.08,3-004,SALINAS VALLEY,SALINAS VALLEY - SEASIDE,121.494409,65104
PTJPL,2014-08-01,3-004.05,3-004,SALINAS VALLEY,SALINAS VALLEY - UPPER VALLEY AQUIFER,50.405939,1070293
PTJPL,2014-08-01,6-017,6-017,SALINE VALLEY,SALINE VALLEY,9.443198,657298
PTJPL,2014-08-01,6-053,6-053,SALT WELLS VALLEY,SALT WELLS VALLEY,7.941797,132519
PTJPL,2014-08-01,3-014,3-014,SAN ANTONIO CREEK VALLEY,SAN ANTONIO CREEK VALLEY,89.614883,303230
PTJPL,2014-08-01,3-028,3-028,SAN BENITO RIVER VALLEY,SAN BENITO RIVER VALLEY,53.549945,108949
PTJPL,2014-08-01,3-033,3-033,SAN CARPOFORO VALLEY,SAN CARPOFORO VALLEY,120.283027,4413
PTJPL,2014-08-01,9-015,9-015,SAN DIEGO RIVER VALLEY,SAN DIEGO RIVER VALLEY,73.654667,38030
PTJPL,2014-08-01,9-012,9-012,SAN DIEGUITO CREEK,SAN DIEGUITO CREEK,109.881801,15457
PTJPL,2014-08-01,9-023,9-023,SAN ELIJO VALLEY,SAN ELIJO VALLEY,113.723608,3969
PTJPL,2014-08-01,7-027,7-027,SAN FELIPE VALLEY,SAN FELIPE VALLEY,35.533413,105140
PTJPL,2014-08-01,4-012,4-012,SAN FERNANDO VALLEY,SAN FERNANDO VALLEY,64.075922,651275
PTJPL,2014-08-01,4-013,4-013,SAN GABRIEL VALLEY,SAN GABRIEL VALLEY,62.769579,568282
PTJPL,2014-08-01,2-024,2-024,SAN GREGORIO VALLEY,SAN GREGORIO VALLEY,85.415,3800
PTJPL,2014-08-01,8-005,8-005,SAN JACINTO,SAN JACINTO,52.004575,712864
PTJPL,2014-08-01,5-022.05,5-022,SAN JOAQUIN VALLEY,SAN JOAQUIN VALLEY - CHOWCHILLA,100.492056,654608
PTJPL,2014-08-01,5-022.16,5-022,SAN JOAQUIN VALLEY,SAN JOAQUIN VALLEY - COSUMNES,66.678884,945540
PTJPL,2014-08-01,5-022.07,5-022,SAN JOAQUIN VALLEY,SAN JOAQUIN VALLEY - DELTA-MENDOTA,87.95017,3439751
PTJPL,2014-08-01,5-022.19,5-022,SAN JOAQUIN VALLEY,SAN JOAQUIN VALLEY - EAST CONTRA COSTA,106.954148,483817
PTJPL,2014-08-01,5-022.01,5-022,SAN JOAQUIN VALLEY,SAN JOAQUIN VALLEY - EASTERN SAN JOAQUIN,90.285876,3438927
PTJPL,2014-08-01,5-022.11,5-022,SAN JOAQUIN VALLEY,SAN JOAQUIN VALLEY - KAWEAH,94.971588,1982976
PTJPL,2014-08-01,5-022.14,5-022,SAN JOAQUIN VALLEY,SAN JOAQUIN VALLEY - KERN COUNTY,59.382932,8014112
PTJPL,2014-08-01,5-022.17,5-022,SAN JOAQUIN VALLEY,SAN JOAQUIN VALLEY - KETTLEMAN PLAIN,18.060043,286610
PTJPL,2014-08-01,5-022.08,5-022,SAN JOAQUIN VALLEY,SAN JOAQUIN VALLEY - KINGS,92.811274,4412320
PTJPL,2014-08-01,5-022.06,5-022,SAN JOAQUIN VALLEY,SAN JOAQUIN VALLEY - MADERA,79.398728,1562954
PTJPL,2014-08-01,5-022.04,5-022,SAN JOAQUIN VALLEY,SAN JOAQUIN VALLEY - MERCED,75.494537,2304911
PTJPL,2014-08-01,5-022.02,5-022,SAN JOAQUIN VALLEY,SAN JOAQUIN VALLEY - MODESTO,88.943874,1102748
PTJPL,2014-08-01,5-022.10,5-022,SAN JOAQUIN VALLEY,SAN JOAQUIN VALLEY - PLEASANT VALLEY,31.917656,216677
PTJPL,2014-08-01,5-022.15,5-022,SAN JOAQUIN VALLEY,SAN JOAQUIN VALLEY - TRACY,100.199275,1072071
PTJPL,2014-08-01,5-022.12,5-022,SAN JOAQUIN VALLEY,SAN JOAQUIN VALLEY - TULARE LAKE,67.109053,2409736
PTJPL,2014-08-01,5-022.13,5-022,SAN JOAQUIN VALLEY,SAN JOAQUIN VALLEY - TULE,81.149601,2147515
PTJPL,2014-08-01,5-022.03,5-022,SAN JOAQUIN VALLEY,SAN JOAQUIN VALLEY - TURLOCK,107.313654,1565660
PTJPL,2014-08-01,5-022.09,5-022,SAN JOAQUIN VALLEY,SAN JOAQUIN VALLEY - WESTSIDE,63.62686,2797567
PTJPL,2014-08-01,5-022.18,5-022,SAN JOAQUIN VALLEY,SAN JOAQUIN VALLEY - WHITE WOLF,48.28482,483575
PTJPL,2014-08-01,9-001,9-001,SAN JUAN VALLEY,SAN JUAN VALLEY,120.524087,73255
PTJPL,2014-08-01,3-009,3-009,SAN LUIS OBISPO VALLEY,SAN LUIS OBISPO VALLEY,87.548767,57221
PTJPL,2014-08-01,9-007.02,9-007,SAN LUIS REY VALLEY,SAN LUIS REY VALLEY - LOWER SAN LUIS REY VALLEY,119.486151,46175
PTJPL,2014-08-01,9-007.01,9-007,SAN LUIS REY VALLEY,SAN LUIS REY VALLEY - UPPER SAN LUIS REY VALLEY,87.756336,86570
PTJPL,2014-08-01,9-032,9-032,SAN MARCOS AREA,SAN MARCOS AREA,103.449603,9564
PTJPL,2014-08-01,9-002,9-002,SAN MATEO VALLEY,SAN MATEO VALLEY,119.879283,13163
PTJPL,2014-08-01,9-003,9-003,SAN ONOFRE VALLEY,SAN ONOFRE VALLEY,128.600435,5516
PTJPL,2014-08-01,9-010,9-010,SAN PASQUAL VALLEY,SAN PASQUAL VALLEY,90.372137,15720
PTJPL,2014-08-01,2-036,2-036,SAN PEDRO VALLEY,SAN PEDRO VALLEY,106.381424,2724
PTJPL,2014-08-01,2-029,2-029,SAN RAFAEL VALLEY,SAN RAFAEL VALLEY,73.868006,3932
PTJPL,2014-08-01,2-007,2-007,SAN RAMON VALLEY,SAN RAMON VALLEY,86.172027,31745
PTJPL,2014-08-01,3-035,3-035,SAN SIMEON VALLEY,SAN SIMEON VALLEY,103.242321,2344
PTJPL,2014-08-01,2-027,2-027,SAND POINT AREA,SAND POINT AREA,84.378706,100075
PTJPL,2014-08-01,1-053,1-053,SANEL VALLEY,SANEL VALLEY,72.271661,25057
PTJPL,2014-08-01,3-022,3-022,SANTA ANA VALLEY,SANTA ANA VALLEY,32.682668,12249
PTJPL,2014-08-01,3-017,3-017,SANTA BARBARA,SANTA BARBARA,67.249897,26623
PTJPL,2014-08-01,4-004.05,4-004,SANTA CLARA RIVER VALLEY,SANTA CLARA RIVER VALLEY - FILLMORE,89.499212,101526
PTJPL,2014-08-01,4-004.03,4-004,SANTA CLARA RIVER VALLEY,SANTA CLARA RIVER VALLEY - MOUND,59.798863,61550
PTJPL,2014-08-01,4-004.02,4-004,SANTA CLARA RIVER VALLEY,SANTA CLARA RIVER VALLEY - OXNARD,52.978593,249735
PTJPL,2014-08-01,4-004.06,4-004,SANTA CLARA RIVER VALLEY,SANTA CLARA RIVER VALLEY - PIRU,68.642222,49008
PTJPL,2014-08-01,4-004.07,4-004,SANTA CLARA RIVER VALLEY,SANTA CLARA RIVER VALLEY - SANTA CLARA RIVER VALLEY EAST,56.417362,304359
PTJPL,2014-08-01,4-004.04,4-004,SANTA CLARA RIVER VALLEY,SANTA CLARA RIVER VALLEY - SANTA PAULA,76.654247,99438
PTJPL,2014-08-01,2-009.04,2-009,SANTA CLARA VALLEY,SANTA CLARA VALLEY - EAST BAY PLAIN,62.816125,320217
PTJPL,2014-08-01,2-009.01,2-009,SANTA CLARA VALLEY,SANTA CLARA VALLEY - NILES CONE,83.279994,293078
PTJPL,2014-08-01,2-009.03,2-009,SANTA CLARA VALLEY,SANTA CLARA VALLEY - SAN MATEO PLAIN,95.82266,170125
PTJPL,2014-08-01,2-009.02,2-009,SANTA CLARA VALLEY,SANTA CLARA VALLEY - SANTA CLARA,71.563802,852434
PTJPL,2014-08-01,3-001,3-001,SANTA CRUZ MID-COUNTY,SANTA CRUZ MID-COUNTY,112.635533,159872
PTJPL,2014-08-01,3-027,3-027,SANTA MARGARITA,SANTA MARGARITA,122.139662,100049
PTJPL,2014-08-01,9-004,9-004,SANTA MARGARITA VALLEY,SANTA MARGARITA VALLEY,124.362791,22473
PTJPL,2014-08-01,3-012.02,3-012,SANTA MARIA RIVER VALLEY,SANTA MARIA RIVER VALLEY - ARROYO GRANDE,84.419731,13025
PTJPL,2014-08-01,3-012.01,3-012,SANTA MARIA RIVER VALLEY,SANTA MARIA RIVER VALLEY - SANTA MARIA,90.758743,761005
PTJPL,2014-08-01,9-011,9-011,SANTA MARIA VALLEY,SANTA MARIA VALLEY,56.916053,55261
PTJPL,2014-08-01,6-068,6-068,SANTA ROSA FLAT,SANTA ROSA FLAT,11.072604,75450
PTJPL,2014-08-01,3-036,3-036,SANTA ROSA VALLEY,SANTA ROSA VALLEY,87.084791,15379
PTJPL,2014-08-01,1-055.02,1-055,SANTA ROSA VALLEY,SANTA ROSA VALLEY - HEALDSBURG AREA,82.835125,69295
PTJPL,2014-08-01,1-055.03,1-055,SANTA ROSA VALLEY,SANTA ROSA VALLEY - RINCON VALLEY,76.591474,24958
PTJPL,2014-08-01,1-055.01,1-055,SANTA ROSA VALLEY,SANTA ROSA VALLEY - SANTA ROSA PLAIN,74.310633,365509
PTJPL,2014-08-01,3-015,3-015,SANTA YNEZ RIVER VALLEY,SANTA YNEZ RIVER VALLEY,84.481756,911345
PTJPL,2014-08-01,1-005,1-005,SCOTT RIVER VALLEY,SCOTT RIVER VALLEY,82.579548,286977
PTJPL,2014-08-01,5-014,5-014,SCOTTS VALLEY,SCOTTS VALLEY,73.388643,32930
PTJPL,2014-08-01,6-052,6-052,SEARLES VALLEY,SEARLES VALLEY,9.553941,885853
PTJPL,2014-08-01,6-100,6-100,SECRET VALLEY,SECRET VALLEY,23.685977,151387
PTJPL,2014-08-01,1-016,1-016,SEIAD VALLEY,SEIAD VALLEY,115.141811,10105
PTJPL,2014-08-01,8-008,8-008,SEVEN OAKS VALLEY,SEVEN OAKS VALLEY,103.977964,18334
PTJPL,2014-08-01,1-004,1-004,SHASTA VALLEY,SHASTA VALLEY,49.771579,981219
PTJPL,2014-08-01,1-042,1-042,SHERWOOD VALLEY,SHERWOOD VALLEY,92.744438,5169
PTJPL,2014-08-01,5-012.02,5-012,SIERRA VALLEY,SIERRA VALLEY - CHILCOOT,41.95446,33948
PTJPL,2014-08-01,5-012.01,5-012,SIERRA VALLEY,SIERRA VALLEY - SIERRA VALLEY,48.843957,527445
PTJPL,2014-08-01,6-034,6-034,SILVER LAKE VALLEY,SILVER LAKE VALLEY,9.476082,158273
PTJPL,2014-08-01,4-009,4-009,SIMI VALLEY,SIMI VALLEY,60.520407,54663
PTJPL,2014-08-01,6-105,6-105,SLINKARD VALLEY,SLINKARD VALLEY,41.177562,20269
PTJPL,2014-08-01,1-001,1-001,SMITH RIVER PLAIN,SMITH RIVER PLAIN,137.186351,173817
PTJPL,2014-08-01,6-033,6-033,SODA LAKE VALLEY,SODA LAKE VALLEY,10.113462,1708930
PTJPL,2014-08-01,2-037,2-037,SOUTH SAN FRANCISCO,SOUTH SAN FRANCISCO,100.548727,9666
PTJPL,2014-08-01,6-082,6-082,SPRING CANYON VALLEY,SPRING CANYON VALLEY,15.086731,21584
PTJPL,2014-08-01,5-089,5-089,SQUAW FLAT,SQUAW FLAT,22.527783,5813
PTJPL,2014-08-01,5-088,5-088,STONY GORGE RESERVOIR,STONY GORGE RESERVOIR,60.034461,4788
PTJPL,2014-08-01,5-063,5-063,STONYFORD TOWN AREA,STONYFORD TOWN AREA,53.883233,28955
PTJPL,2014-08-01,2-003,2-003,SUISUN-FAIRFIELD VALLEY,SUISUN-FAIRFIELD VALLEY,85.671473,600651
PTJPL,2014-08-01,2-011,2-011,SUNOL VALLEY,SUNOL VALLEY,56.418783,74769
PTJPL,2014-08-01,6-049,6-049,SUPERIOR VALLEY,SUPERIOR VALLEY,12.407151,541018
PTJPL,2014-08-01,6-001,6-001,SURPRISE VALLEY,SURPRISE VALLEY,30.60807,1026748
PTJPL,2014-08-01,6-107,6-107,SWEETWATER FLAT,SWEETWATER FLAT,50.544306,17966
PTJPL,2014-08-01,6-005.03,6-005,TAHOE VALLEY,TAHOE VALLEY - TAHOE NORTH,87.925674,8678
PTJPL,2014-08-01,6-005.01,6-005,TAHOE VALLEY,TAHOE VALLEY - TAHOE SOUTH,85.335841,65254
PTJPL,2014-08-01,6-005.02,6-005,TAHOE VALLEY,TAHOE VALLEY - TAHOE WEST,103.970668,27751
PTJPL,2014-08-01,6-045,6-045,TEHACHAPI VALLEY EAST,TEHACHAPI VALLEY EAST,39.294143,107747
PTJPL,2014-08-01,5-028,5-028,TEHACHAPI VALLEY WEST,TEHACHAPI VALLEY WEST,37.72023,66551
PTJPL,2014-08-01,9-005,9-005,TEMECULA VALLEY,TEMECULA VALLEY,64.371929,394594
PTJPL,2014-08-01,1-040,1-040,TEN MILE RIVER VALLEY,TEN MILE RIVER VALLEY,110.091004,6703
PTJPL,2014-08-01,7-026,7-026,TERWILLIGER VALLEY,TERWILLIGER VALLEY,47.554619,36068
PTJPL,2014-08-01,4-019,4-019,THOUSAND OAKS AREA,THOUSAND OAKS AREA,75.362869,13972
PTJPL,2014-08-01,4-015,4-015,TIERRA REJADA,TIERRA REJADA,62.255815,20679
PTJPL,2014-08-01,5-037,5-037,TOAD WELL AREA,TOAD WELL AREA,90.021188,15103
PTJPL,2014-08-01,3-040,3-040,TORO VALLEY,TORO VALLEY,97.440185,3235
PTJPL,2014-08-01,6-098,6-098,TULEDAD CANYON VALLEY,TULEDAD CANYON VALLEY,32.815975,23111
PTJPL,2014-08-01,7-010,7-010,TWENTYNINE PALMS VALLEY,TWENTYNINE PALMS VALLEY,13.496392,279940
PTJPL,2014-08-01,1-052,1-052,UKIAH VALLEY,UKIAH VALLEY,79.163679,168751
PTJPL,2014-08-01,6-022,6-022,UPPER KINGSTON VALLEY,UPPER KINGSTON VALLEY,27.774787,794700
PTJPL,2014-08-01,5-013,5-013,UPPER LAKE VALLEY,UPPER LAKE VALLEY,72.818917,32659
PTJPL,2014-08-01,6-042,6-042,UPPER MOJAVE RIVER VALLEY,UPPER MOJAVE RIVER VALLEY,23.033499,1856356
PTJPL,2014-08-01,4-001,4-001,UPPER OJAI VALLEY,UPPER OJAI VALLEY,71.022551,17117
PTJPL,2014-08-01,3-023,3-023,UPPER SANTA ANA VALLEY,UPPER SANTA ANA VALLEY,30.334679,6439
PTJPL,2014-08-01,8-002.05,8-002,UPPER SANTA ANA VALLEY,UPPER SANTA ANA VALLEY - CAJON,61.616523,104061
PTJPL,2014-08-01,8-002.01,8-002,UPPER SANTA ANA VALLEY,UPPER SANTA ANA VALLEY - CHINO,59.316113,691429
PTJPL,2014-08-01,8-002.02,8-002,UPPER SANTA ANA VALLEY,UPPER SANTA ANA VALLEY - CUCAMONGA,69.481861,40576
PTJPL,2014-08-01,8-002.04,8-002,UPPER SANTA ANA VALLEY,UPPER SANTA ANA VALLEY - RIALTO-COLTON,52.926617,111497
PTJPL,2014-08-01,8-002.03,8-002,UPPER SANTA ANA VALLEY,UPPER SANTA ANA VALLEY - RIVERSIDE-ARLINGTON,62.116448,254388
PTJPL,2014-08-01,8-002.06,8-002,UPPER SANTA ANA VALLEY,UPPER SANTA ANA VALLEY - SAN BERNARDINO,57.942163,415895
PTJPL,2014-08-01,8-002.08,8-002,UPPER SANTA ANA VALLEY,UPPER SANTA ANA VALLEY - SAN TIMOTEO,51.484629,145175
PTJPL,2014-08-01,8-002.09,8-002,UPPER SANTA ANA VALLEY,UPPER SANTA ANA VALLEY - TEMESCAL,69.482055,103262
PTJPL,2014-08-01,8-002.07,8-002,UPPER SANTA ANA VALLEY,UPPER SANTA ANA VALLEY - YUCAIPA,57.672506,99901
PTJPL,2014-08-01,7-028,7-028,VALLECITO-CARRIZO VALLEY,VALLECITO-CARRIZO VALLEY,7.928639,547711
PTJPL,2014-08-01,5-071,5-071,VALLECITOS CREEK VALLEY,VALLECITOS CREEK VALLEY,18.761563,67930
PTJPL,2014-08-01,7-063,7-063,VANDEVENTER FLAT,VANDEVENTER FLAT,73.062331,30274
PTJPL,2014-08-01,4-003.02,4-003,VENTURA RIVER VALLEY,VENTURA RIVER VALLEY - LOWER VENTURA RIVER,63.469117,21436
PTJPL,2014-08-01,4-003.01,4-003,VENTURA RIVER VALLEY,VENTURA RIVER VALLEY - UPPER VENTURA RIVER,68.683255,23732
PTJPL,2014-08-01,7-042,7-042,VIDAL VALLEY,VIDAL VALLEY,8.257173,618941
PTJPL,2014-08-01,3-037,3-037,VILLA VALLEY,VILLA VALLEY,85.496798,6089
PTJPL,2014-08-01,2-032,2-032,VISITACION VALLEY,VISITACION VALLEY,110.552256,25461
PTJPL,2014-08-01,5-026,5-026,WALKER BASIN CREEK VALLEY,WALKER BASIN CREEK VALLEY,42.237554,34468
PTJPL,2014-08-01,7-003,7-003,WARD VALLEY,WARD VALLEY,9.913922,2507114
PTJPL,2014-08-01,9-008,9-008,WARNER VALLEY,WARNER VALLEY,50.263097,107755
PTJPL,2014-08-01,7-012,7-012,WARREN VALLEY,WARREN VALLEY,27.064605,78585
PTJPL,2014-08-01,1-031,1-031,WEOTT TOWN AREA,WEOTT TOWN AREA,114.511843,16423
PTJPL,2014-08-01,7-022,7-022,WEST SALTON SEA,WEST SALTON SEA,4.508021,473862
PTJPL,2014-08-01,3-026,3-026,WEST SANTA CRUZ TERRACE,WEST SANTA CRUZ TERRACE,91.788485,30012
PTJPL,2014-08-01,2-035,2-035,WESTSIDE,WESTSIDE,100.172921,110559
PTJPL,2014-08-01,6-073,6-073,WILD HORSE MESA AREA,WILD HORSE MESA AREA,22.618317,14926
PTJPL,2014-08-01,6-075,6-075,WILDROSE CANYON,WILDROSE CANYON,35.90104,23181
PTJPL,2014-08-01,1-043,1-043,WILLIAMS VALLEY,WILLIAMS VALLEY,69.05729,7401
PTJPL,2014-08-01,6-003,6-003,WILLOW CREEK VALLEY,WILLOW CREEK VALLEY,75.716195,52589
PTJPL,2014-08-01,1-059,1-059,WILSON GROVE FORMATION HIGHLANDS,WILSON GROVE FORMATION HIGHLANDS,88.927242,287046
PTJPL,2014-08-01,1-062,1-062,WILSON POINT AREA,WILSON POINT AREA,104.937461,3198
PTJPL,2014-08-01,6-019,6-019,WINGATE VALLEY,WINGATE VALLEY,11.672171,320536
PTJPL,2014-08-01,7-056,7-056,YAQUI WELL AREA,YAQUI WELL AREA,20.59169,67265
PTJPL,2014-08-01,5-056,5-056,YELLOW CREEK VALLEY,YELLOW CREEK VALLEY,76.850144,10390
PTJPL,2014-08-01,2-006,2-006,YGNACIO VALLEY,YGNACIO VALLEY,77.108937,69545
PTJPL,2014-08-01,5-069,5-069,YOSEMITE VALLEY,YOSEMITE VALLEY,99.693781,33512
PTJPL,2014-08-01,7-036,7-036,YUMA VALLEY,YUMA VALLEY,23.651639,536338
