Model,Date,Basin_Subb,Basin_Numb,Basin_Name,Basin_Su_1,ET,Pixel_Count
PTJPL,2010-02-01,4-005,4-005,ACTON VALLEY,ACTON VALLEY,33.916203,37173
PTJPL,2010-02-01,6-010,6-010,ADOBE LAKE VALLEY,ADOBE LAKE VALLEY,13.918068,29256
PTJPL,2010-02-01,1-054.01,1-054,ALEXANDER VALLEY,ALEXANDER VALLEY - ALEXANDER AREA,53.050742,73450
PTJPL,2010-02-01,1-054.02,1-054,ALEXANDER VALLEY,ALEXANDER VALLEY - CLOVERDALE AREA,46.257081,24856
PTJPL,2010-02-01,5-002.01,5-002,ALTURAS AREA,ALTURAS AREA - SOUTH FORK PITT RIVER,34.96042,513034
PTJPL,2010-02-01,5-002.02,5-002,ALTURAS AREA,ALTURAS AREA - WARM SPRINGS VALLEY,33.420109,305740
PTJPL,2010-02-01,5-010,5-010,AMERICAN VALLEY,AMERICAN VALLEY,40.919798,23952
PTJPL,2010-02-01,7-016,7-016,AMES VALLEY,AMES VALLEY,23.632877,487562
PTJPL,2010-02-01,7-034,7-034,AMOS VALLEY,AMOS VALLEY,23.473506,584286
PTJPL,2010-02-01,1-019,1-019,ANDERSON VALLEY,ANDERSON VALLEY,40.081108,19431
PTJPL,2010-02-01,1-049,1-049,ANNAPOLIS OHLSON RANCH FORMATION HIGHLANDS,ANNAPOLIS OHLSON RANCH FORMATION HIGHLANDS,42.21528,13076
PTJPL,2010-02-01,5-091,5-091,ANTELOPE CREEK,ANTELOPE CREEK,56.519231,52
PTJPL,2010-02-01,6-044,6-044,ANTELOPE VALLEY,ANTELOPE VALLEY,32.733442,4538939
PTJPL,2010-02-01,6-007,6-007,ANTELOPE VALLEY,ANTELOPE VALLEY,19.049861,87283
PTJPL,2010-02-01,3-034,3-034,ARROYO DE LA CRUZ VALLEY,ARROYO DE LA CRUZ VALLEY,57.709192,3590
PTJPL,2010-02-01,2-031,2-031,ARROYO DEL HAMBRE VALLEY,ARROYO DEL HAMBRE VALLEY,,0
PTJPL,2010-02-01,4-007,4-007,ARROYO SANTA ROSA VALLEY,ARROYO SANTA ROSA VALLEY,41.205486,17646
PTJPL,2010-02-01,7-037,7-037,ARROYO SECO VALLEY,ARROYO SECO VALLEY,27.924488,1152313
PTJPL,2010-02-01,5-054,5-054,ASH VALLEY,ASH VALLEY,35.214566,27008
PTJPL,2010-02-01,6-026,6-026,AVAWATZ VALLEY,AVAWATZ VALLEY,26.518338,124166
PTJPL,2010-02-01,3-020,3-020,A�O NUEVO AREA,A�O NUEVO AREA,50.457846,8979
PTJPL,2010-02-01,9-022,9-022,BATIQUITOS LAGOON VALLEY,BATIQUITOS LAGOON VALLEY,43.862328,3334
PTJPL,2010-02-01,8-009,8-009,BEAR VALLEY,BEAR VALLEY,38.055109,11940
PTJPL,2010-02-01,5-064,5-064,BEAR VALLEY,BEAR VALLEY,52.91876,1194
PTJPL,2010-02-01,5-020,5-020,BERRYESSA VALLEY,BERRYESSA VALLEY,54.725248,404
PTJPL,2010-02-01,7-015,7-015,BESSEMER VALLEY,BESSEMER VALLEY,25.617205,175679
PTJPL,2010-02-01,6-025,6-025,BICYCLE VALLEY,BICYCLE VALLEY,24.580133,402232
PTJPL,2010-02-01,1-027,1-027,BIG LAGOON AREA,BIG LAGOON AREA,53.154347,57617
PTJPL,2010-02-01,8-007,8-007,BIG MEADOWS VALLEY,BIG MEADOWS VALLEY,17.397137,13620
PTJPL,2010-02-01,1-045,1-045,BIG RIVER VALLEY,BIG RIVER VALLEY,,0
PTJPL,2010-02-01,3-047,3-047,BIG SPRING AREA,BIG SPRING AREA,45.065082,32897
PTJPL,2010-02-01,5-015,5-015,BIG VALLEY,BIG VALLEY,,0
PTJPL,2010-02-01,5-004,5-004,BIG VALLEY,BIG VALLEY,40.419551,413442
PTJPL,2010-02-01,3-030,3-030,BITTER WATER VALLEY,BITTER WATER VALLEY,52.973859,144867
PTJPL,2010-02-01,6-013,6-013,BLACK SPRINGS VALLEY,BLACK SPRINGS VALLEY,19.826756,137817
PTJPL,2010-02-01,5-092,5-092,BLANCHARD VALLEY,BLANCHARD VALLEY,54.174107,672
PTJPL,2010-02-01,1-057,1-057,BODEGA BAY AREA,BODEGA BAY AREA,,0
PTJPL,2010-02-01,7-024.01,7-024,BORREGO VALLEY,BORREGO VALLEY - BORREGO SPRINGS,29.699013,282155
PTJPL,2010-02-01,7-024.02,7-024,BORREGO VALLEY,BORREGO VALLEY - OCOTILLO WELLS,23.868154,405078
PTJPL,2010-02-01,1-039,1-039,BRANSCOMB TOWN AREA,BRANSCOMB TOWN AREA,41.135623,6201
PTJPL,2010-02-01,1-017,1-017,BRAY TOWN AREA,BRAY TOWN AREA,36.149042,13721
PTJPL,2010-02-01,6-008,6-008,BRIDGEPORT VALLEY,BRIDGEPORT VALLEY,14.715302,2248
PTJPL,2010-02-01,7-008,7-008,BRISTOL VALLEY,BRISTOL VALLEY,28.343585,2234028
PTJPL,2010-02-01,5-080,5-080,BRITE VALLEY,BRITE VALLEY,31.753763,9633
PTJPL,2010-02-01,6-032,6-032,BROADWELL VALLEY,BROADWELL VALLEY,33.809282,413087
PTJPL,2010-02-01,6-076,6-076,BROWN MOUNTAIN VALLEY,BROWN MOUNTAIN VALLEY,25.60979,97673
PTJPL,2010-02-01,7-054,7-054,BUCK RIDGE FAULT VALLEY,BUCK RIDGE FAULT VALLEY,34.095218,31076
PTJPL,2010-02-01,6-101,6-101,BULL FLAT,BULL FLAT,27.450463,78457
PTJPL,2010-02-01,5-048,5-048,BURNEY CREEK VALLEY,BURNEY CREEK VALLEY,46.56338,10579
PTJPL,2010-02-01,5-017,5-017,BURNS VALLEY,BURNS VALLEY,50.18107,243
PTJPL,2010-02-01,5-051,5-051,BUTTE CREEK VALLEY,BUTTE CREEK VALLEY,39.682353,85
PTJPL,2010-02-01,1-003,1-003,BUTTE VALLEY,BUTTE VALLEY,37.803609,92377
PTJPL,2010-02-01,6-081,6-081,BUTTE VALLEY,BUTTE VALLEY,22.674945,39581
PTJPL,2010-02-01,6-070,6-070,CACTUS FLAT,CACTUS FLAT,21.71193,31593
PTJPL,2010-02-01,7-007,7-007,CADIZ VALLEY,CADIZ VALLEY,24.5872,1213316
PTJPL,2010-02-01,6-090,6-090,CADY FAULT AREA,CADY FAULT AREA,35.205689,35753
PTJPL,2010-02-01,9-006,9-006,CAHUILLA VALLEY,CAHUILLA VALLEY,35.114114,81848
PTJPL,2010-02-01,6-079,6-079,CALIFORNIA VALLEY,CALIFORNIA VALLEY,32.608238,261304
PTJPL,2010-02-01,7-041,7-041,CALZONA VALLEY,CALZONA VALLEY,32.611009,340869
PTJPL,2010-02-01,6-061,6-061,CAMEO AREA,CAMEO AREA,18.453503,41841
PTJPL,2010-02-01,9-028,9-028,CAMPO VALLEY,CAMPO VALLEY,40.252798,15902
PTJPL,2010-02-01,7-046,7-046,CANEBRAKE VALLEY,CANEBRAKE VALLEY,27.96919,24310
PTJPL,2010-02-01,3-007,3-007,CARMEL VALLEY,CARMEL VALLEY,59.451906,18942
PTJPL,2010-02-01,3-018,3-018,CARPINTERIA,CARPINTERIA,42.574165,33877
PTJPL,2010-02-01,3-019,3-019,CARRIZO PLAIN,CARRIZO PLAIN,44.565719,946862
PTJPL,2010-02-01,6-006,6-006,CARSON VALLEY,CARSON VALLEY,19.400375,34158
PTJPL,2010-02-01,5-029,5-029,CASTAC LAKE VALLEY,CASTAC LAKE VALLEY,39.724849,16013
PTJPL,2010-02-01,2-008,2-008,CASTRO VALLEY,CASTRO VALLEY,48.665527,8186
PTJPL,2010-02-01,6-038,6-038,CAVES CANYON VALLEY,CAVES CANYON VALLEY,31.983605,328088
PTJPL,2010-02-01,5-045,5-045,CAYTON VALLEY,CAYTON VALLEY,48.871297,5874
PTJPL,2010-02-01,3-038,3-038,CAYUCOS VALLEY,CAYUCOS VALLEY,49.825079,949
PTJPL,2010-02-01,7-043,7-043,CHEMEHUEVI VALLEY,CHEMEHUEVI VALLEY,28.509144,1221349
PTJPL,2010-02-01,7-032,7-032,CHOCOLATE VALLEY,CHOCOLATE VALLEY,28.768717,580540
PTJPL,2010-02-01,3-005,3-005,CHOLAME VALLEY,CHOLAME VALLEY,45.928682,179070
PTJPL,2010-02-01,3-042,3-042,CHORRO VALLEY,CHORRO VALLEY,53.089697,6377
PTJPL,2010-02-01,5-061,5-061,CHROME TOWN AREA,CHROME TOWN AREA,42.682946,6245
PTJPL,2010-02-01,7-005,7-005,CHUCKWALLA VALLEY,CHUCKWALLA VALLEY,25.940688,2704918
PTJPL,2010-02-01,2-005,2-005,CLAYTON VALLEY,CLAYTON VALLEY,51.21617,47717
PTJPL,2010-02-01,5-066,5-066,CLEAR LAKE CACHE FORMATION,CLEAR LAKE CACHE FORMATION,53.024946,12948
PTJPL,2010-02-01,5-058,5-058,CLOVER VALLEY,CLOVER VALLEY,43.103955,885
PTJPL,2010-02-01,7-021.03,7-021,COACHELLA VALLEY,COACHELLA VALLEY - DESERT HOT SPRINGS,28.259673,453937
PTJPL,2010-02-01,7-021.01,7-021,COACHELLA VALLEY,COACHELLA VALLEY - INDIO,39.143015,1336106
PTJPL,2010-02-01,7-021.02,7-021,COACHELLA VALLEY,COACHELLA VALLEY - MISSION CREEK,31.501516,217714
PTJPL,2010-02-01,7-021.04,7-021,COACHELLA VALLEY,COACHELLA VALLEY - SAN GORGONIO PASS,35.97566,172225
PTJPL,2010-02-01,4-011.04,4-011,COASTAL PLAIN OF LOS ANGELES,COASTAL PLAIN OF LOS ANGELES - CENTRAL,42.83873,799134
PTJPL,2010-02-01,4-011.02,4-011,COASTAL PLAIN OF LOS ANGELES,COASTAL PLAIN OF LOS ANGELES - HOLLYWOOD,38.683827,45279
PTJPL,2010-02-01,4-011.01,4-011,COASTAL PLAIN OF LOS ANGELES,COASTAL PLAIN OF LOS ANGELES - SANTA MONICA,49.55045,135809
PTJPL,2010-02-01,4-011.03,4-011,COASTAL PLAIN OF LOS ANGELES,COASTAL PLAIN OF LOS ANGELES - WEST COAST,53.511562,399832
PTJPL,2010-02-01,8-001,8-001,COASTAL PLAIN OF ORANGE COUNTY,COASTAL PLAIN OF ORANGE COUNTY,43.040648,999374
PTJPL,2010-02-01,9-033,9-033,COASTAL PLAIN OF SAN DIEGO,COASTAL PLAIN OF SAN DIEGO,42.32395,240969
PTJPL,2010-02-01,6-072,6-072,COLES FLAT,COLES FLAT,25.72606,12970
PTJPL,2010-02-01,5-019,5-019,COLLAYOMI VALLEY,COLLAYOMI VALLEY,,0
PTJPL,2010-02-01,7-055,7-055,COLLINS VALLEY,COLLINS VALLEY,31.364681,31751
PTJPL,2010-02-01,4-010,4-010,CONEJO,CONEJO,37.516526,84503
PTJPL,2010-02-01,7-011,7-011,COPPER MOUNTAIN VALLEY,COPPER MOUNTAIN VALLEY,24.93218,136155
PTJPL,2010-02-01,3-002.01,3-002,CORRALITOS,CORRALITOS - PAJARO VALLEY,53.231311,317304
PTJPL,2010-02-01,3-002.02,3-002,CORRALITOS,CORRALITOS - PURISIMA HIGHLANDS,53.294028,56464
PTJPL,2010-02-01,6-055,6-055,COSO VALLEY,COSO VALLEY,21.541978,114929
PTJPL,2010-02-01,1-037,1-037,COTTONEVA CREEK VALLEY,COTTONEVA CREEK VALLEY,46.6141,3234
PTJPL,2010-02-01,9-027,9-027,COTTONWOOD VALLEY,COTTONWOOD VALLEY,35.756575,17262
PTJPL,2010-02-01,1-011,1-011,COVELO ROUND VALLEY,COVELO ROUND VALLEY,44.370775,9143
PTJPL,2010-02-01,6-091,6-091,COW HEAD LAKE VALLEY,COW HEAD LAKE VALLEY,38.587186,22584
PTJPL,2010-02-01,6-037,6-037,COYOTE LAKE VALLEY,COYOTE LAKE VALLEY,28.619754,396167
PTJPL,2010-02-01,5-018,5-018,COYOTE VALLEY,COYOTE VALLEY,52.937587,3573
PTJPL,2010-02-01,7-029,7-029,COYOTE WELLS VALLEY,COYOTE WELLS VALLEY,24.851166,648413
PTJPL,2010-02-01,6-035,6-035,CRONISE VALLEY,CRONISE VALLEY,28.372174,567907
PTJPL,2010-02-01,6-050,6-050,CUDDEBACK VALLEY,CUDDEBACK VALLEY,27.229186,426688
PTJPL,2010-02-01,5-082,5-082,CUDDY CANYON VALLEY,CUDDY CANYON VALLEY,31.670839,14221
PTJPL,2010-02-01,5-083,5-083,CUDDY RANCH AREA,CUDDY RANCH AREA,37.383969,16069
PTJPL,2010-02-01,5-084,5-084,CUDDY VALLEY,CUDDY VALLEY,39.136908,14696
PTJPL,2010-02-01,5-027,5-027,CUMMINGS VALLEY,CUMMINGS VALLEY,35.311397,43231
PTJPL,2010-02-01,3-013,3-013,CUYAMA VALLEY,CUYAMA VALLEY,38.129537,1084277
PTJPL,2010-02-01,7-009,7-009,DALE VALLEY,DALE VALLEY,25.56591,955636
PTJPL,2010-02-01,6-057,6-057,DARWIN VALLEY,DARWIN VALLEY,21.011456,195005
PTJPL,2010-02-01,7-061,7-061,DAVIES VALLEY,DAVIES VALLEY,27.026357,15214
PTJPL,2010-02-01,7-013.01,7-013,DEADMAN VALLEY,DEADMAN VALLEY - DEADMAN LAKE,24.947752,400263
PTJPL,2010-02-01,7-013.02,7-013,DEADMAN VALLEY,DEADMAN VALLEY - SURPRISE SPRING,22.262811,131543
PTJPL,2010-02-01,6-018,6-018,DEATH VALLEY,DEATH VALLEY,27.975982,4130410
PTJPL,2010-02-01,6-015,6-015,DEEP SPRINGS VALLEY,DEEP SPRINGS VALLEY,13.371007,120572
PTJPL,2010-02-01,6-078,6-078,DENNING SPRING VALLEY,DENNING SPRING VALLEY,33.782418,32521
PTJPL,2010-02-01,1-034,1-034,DINSMORES TOWN AREA,DINSMORES TOWN AREA,38.468241,10249
PTJPL,2010-02-01,5-053,5-053,DIXIE VALLEY,DIXIE VALLEY,35.372469,21881
PTJPL,2010-02-01,2-040,2-040,DOWNTOWN,DOWNTOWN,,0
PTJPL,2010-02-01,5-049,5-049,DRY BURNEY CREEK VALLEY,DRY BURNEY CREEK VALLEY,47.012944,6335
PTJPL,2010-02-01,3-029,3-029,DRY LAKE VALLEY,DRY LAKE VALLEY,50.39261,6360
PTJPL,2010-02-01,6-095,6-095,DRY VALLEY,DRY VALLEY,36.168601,27651
PTJPL,2010-02-01,6-096,6-096,EAGLE LAKE AREA,EAGLE LAKE AREA,32.900814,11554
PTJPL,2010-02-01,7-033,7-033,EAST SALTON SEA,EAST SALTON SEA,28.000702,876191
PTJPL,2010-02-01,1-044,1-044,EDEN VALLEY,EDEN VALLEY,,0
PTJPL,2010-02-01,1-010,1-010,EEL RIVER VALLEY,EEL RIVER VALLEY,45.874944,313347
PTJPL,2010-02-01,5-041,5-041,EGG LAKE VALLEY,EGG LAKE VALLEY,41.848784,18424
PTJPL,2010-02-01,9-016,9-016,EL CAJON VALLEY,EL CAJON VALLEY,36.274627,32160
PTJPL,2010-02-01,6-043,6-043,EL MIRAGE VALLEY,EL MIRAGE VALLEY,32.820064,337520
PTJPL,2010-02-01,5-062,5-062,ELK CREEK AREA,ELK CREEK AREA,49.681319,91
PTJPL,2010-02-01,8-004.02,8-004,ELSINORE,ELSINORE - BEDFORD-COLDWATER,37.880661,31599
PTJPL,2010-02-01,8-004.01,8-004,ELSINORE,ELSINORE - ELSINORE VALLEY,48.418838,106060
PTJPL,2010-02-01,9-009,9-009,ESCONDIDO VALLEY,ESCONDIDO VALLEY,31.850726,12956
PTJPL,2010-02-01,1-009,1-009,EUREKA PLAIN,EUREKA PLAIN,52.217613,153061
PTJPL,2010-02-01,6-016,6-016,EUREKA VALLEY,EUREKA VALLEY,13.482267,576032
PTJPL,2010-02-01,1-022,1-022,FAIRCHILD SWAMP VALLEY,FAIRCHILD SWAMP VALLEY,32.326004,14736
PTJPL,2010-02-01,5-005,5-005,FALL RIVER VALLEY,FALL RIVER VALLEY,47.15491,243496
PTJPL,2010-02-01,7-002,7-002,FENNER VALLEY,FENNER VALLEY,29.874074,2034583
PTJPL,2010-02-01,6-014,6-014,FISH LAKE VALLEY,FISH LAKE VALLEY,14.423463,194926
PTJPL,2010-02-01,3-053,3-053,FOOTHILL,FOOTHILL,52.918524,14765
PTJPL,2010-02-01,1-021,1-021,FORT BRAGG TERRACE AREA,FORT BRAGG TERRACE AREA,45.371033,28108
PTJPL,2010-02-01,1-061,1-061,FORT ROSS TERRACE DEPOSITS,FORT ROSS TERRACE DEPOSITS,,0
PTJPL,2010-02-01,6-046,6-046,FREMONT VALLEY,FREMONT VALLEY,29.900876,1506149
PTJPL,2010-02-01,5-090,5-090,FUNKS CREEK,FUNKS CREEK,55.694514,9169
PTJPL,2010-02-01,1-032,1-032,GARBERVILLE TOWN AREA,GARBERVILLE TOWN AREA,47.964777,4656
PTJPL,2010-02-01,1-020,1-020,GARCIA RIVER VALLEY,GARCIA RIVER VALLEY,,0
PTJPL,2010-02-01,3-003.01,3-003,GILROY-HOLLISTER VALLEY,GILROY-HOLLISTER VALLEY - LLAGAS AREA,56.376052,212920
PTJPL,2010-02-01,3-003.05,3-003,GILROY-HOLLISTER VALLEY,GILROY-HOLLISTER VALLEY - NORTH SAN BENITO,54.396385,589157
PTJPL,2010-02-01,6-085,6-085,GOLD VALLEY,GOLD VALLEY,32.625104,14436
PTJPL,2010-02-01,6-048,6-048,GOLDSTONE VALLEY,GOLDSTONE VALLEY,26.944827,126294
PTJPL,2010-02-01,3-016,3-016,GOLETA,GOLETA,57.343678,41440
PTJPL,2010-02-01,5-001.02,5-001,GOOSE LAKE,GOOSE LAKE - FANDANGO VALLEY,36.647781,81807
PTJPL,2010-02-01,5-001.01,5-001,GOOSE LAKE,GOOSE LAKE - GOOSE VALLEY,33.930148,161585
PTJPL,2010-02-01,5-047,5-047,GOOSE VALLEY,GOOSE VALLEY,48.626798,17591
PTJPL,2010-02-01,6-077,6-077,GRASS VALLEY,GRASS VALLEY,26.897395,44881
PTJPL,2010-02-01,6-094,6-094,GRASSHOPPER VALLEY,GRASSHOPPER VALLEY,36.441381,75769
PTJPL,2010-02-01,1-048,1-048,GRAVELLY VALLEY,GRAVELLY VALLEY,,0
PTJPL,2010-02-01,5-052,5-052,GRAYS VALLEY,GRAYS VALLEY,41.25,4
PTJPL,2010-02-01,6-084,6-084,GREENWATER VALLEY,GREENWATER VALLEY,27.344932,268934
PTJPL,2010-02-01,5-059,5-059,GRIZZLY VALLEY,GRIZZLY VALLEY,41.497614,3143
PTJPL,2010-02-01,2-022,2-022,HALF MOON BAY TERRACE,HALF MOON BAY TERRACE,46.509145,15035
PTJPL,2010-02-01,1-015,1-015,HAPPY CAMP TOWN AREA,HAPPY CAMP TOWN AREA,51.611966,10463
PTJPL,2010-02-01,6-047,6-047,HARPER VALLEY,HARPER VALLEY,28.946913,1841342
PTJPL,2010-02-01,6-074,6-074,HARRISBURG FLATS,HARRISBURG FLATS,24.474843,105100
PTJPL,2010-02-01,6-093,6-093,HARVEY VALLEY,HARVEY VALLEY,,0
PTJPL,2010-02-01,1-006,1-006,HAYFORK VALLEY,HAYFORK VALLEY,40.03025,11339
PTJPL,2010-02-01,7-048,7-048,HELENDALE FAULT VALLEY,HELENDALE FAULT VALLEY,19.057335,8023
PTJPL,2010-02-01,8-006,8-006,HEMET LAKE VALLEY,HEMET LAKE VALLEY,34.848016,74975
PTJPL,2010-02-01,3-031,3-031,HERNANDEZ VALLEY,HERNANDEZ VALLEY,51.786574,12871
PTJPL,2010-02-01,1-036,1-036,HETTENSHAW VALLEY,HETTENSHAW VALLEY,36.595269,3805
PTJPL,2010-02-01,7-053,7-053,HEXIE MOUNTAIN AREA,HEXIE MOUNTAIN AREA,27.609973,50053
PTJPL,2010-02-01,6-063,6-063,HIDDEN VALLEY,HIDDEN VALLEY,21.74813,76758
PTJPL,2010-02-01,4-016,4-016,HIDDEN VALLEY,HIDDEN VALLEY,46.803378,9948
PTJPL,2010-02-01,5-016,5-016,HIGH VALLEY,HIGH VALLEY,49.533333,150
PTJPL,2010-02-01,6-004,6-004,HONEY LAKE VALLEY,HONEY LAKE VALLEY,29.450971,1363384
PTJPL,2010-02-01,1-029,1-029,HONEYDEW TOWN AREA,HONEYDEW TOWN AREA,43.344122,10659
PTJPL,2010-02-01,1-007,1-007,HOOPA VALLEY,HOOPA VALLEY,46.97357,17480
PTJPL,2010-02-01,6-097,6-097,HORSE LAKE VALLEY,HORSE LAKE VALLEY,30.993711,16856
PTJPL,2010-02-01,5-040,5-040,HOT SPRINGS VALLEY,HOT SPRINGS VALLEY,45.881837,10824
PTJPL,2010-02-01,3-045,3-045,HUASNA VALLEY,HUASNA VALLEY,54.626756,21147
PTJPL,2010-02-01,5-060,5-060,HUMBUG VALLEY,HUMBUG VALLEY,44.894935,15419
PTJPL,2010-02-01,4-018,4-018,HUNGRY VALLEY,HUNGRY VALLEY,30.524708,23859
PTJPL,2010-02-01,1-035,1-035,HYAMPOM VALLEY,HYAMPOM VALLEY,42.568241,6096
PTJPL,2010-02-01,7-030,7-030,IMPERIAL VALLEY,IMPERIAL VALLEY,47.660667,4263234
PTJPL,2010-02-01,5-009,5-009,INDIAN VALLEY,INDIAN VALLEY,44.692169,127960
PTJPL,2010-02-01,6-054,6-054,INDIAN WELLS VALLEY,INDIAN WELLS VALLEY,23.445014,1716255
PTJPL,2010-02-01,7-050,7-050,IRON RIDGE AREA,IRON RIDGE AREA,26.944548,23570
PTJPL,2010-02-01,2-033,2-033,ISLAIS VALLEY,ISLAIS VALLEY,,0
PTJPL,2010-02-01,6-030,6-030,IVANPAH VALLEY,IVANPAH VALLEY,31.181837,882698
PTJPL,2010-02-01,7-047,7-047,JACUMBA VALLEY,JACUMBA VALLEY,39.649404,8979
PTJPL,2010-02-01,5-003,5-003,JESS VALLEY,JESS VALLEY,25.779514,30147
PTJPL,2010-02-01,7-018.01,7-018,JOHNSON VALLEY,JOHNSON VALLEY - SOGGY LAKE,15.883797,347229
PTJPL,2010-02-01,7-018.02,7-018,JOHNSON VALLEY,JOHNSON VALLEY - UPPER JOHNSON VALLEY,19.361739,156367
PTJPL,2010-02-01,5-086,5-086,JOSEPH CREEK,JOSEPH CREEK,29.741449,19911
PTJPL,2010-02-01,7-062,7-062,JOSHUA TREE,JOSHUA TREE,25.603113,150378
PTJPL,2010-02-01,6-089,6-089,KANE WASH AREA,KANE WASH AREA,30.437301,26755
PTJPL,2010-02-01,6-069,6-069,KELSO LANDER VALLEY,KELSO LANDER VALLEY,27.200056,50191
PTJPL,2010-02-01,6-031,6-031,KELSO VALLEY,KELSO VALLEY,28.716999,1145203
PTJPL,2010-02-01,2-019,2-019,KENWOOD VALLEY,KENWOOD VALLEY,52.912155,6261
PTJPL,2010-02-01,5-025,5-025,KERN RIVER VALLEY,KERN RIVER VALLEY,32.865872,356988
PTJPL,2010-02-01,1-002.02,1-002,KLAMATH RIVER VALLEY,KLAMATH RIVER VALLEY - LOWER KLAMATH,37.33379,337077
PTJPL,2010-02-01,1-002.01,1-002,KLAMATH RIVER VALLEY,KLAMATH RIVER VALLEY - TULELAKE,36.107008,496970
PTJPL,2010-02-01,1-050,1-050,KNIGHTS VALLEY,KNIGHTS VALLEY,52.350834,11028
PTJPL,2010-02-01,5-007,5-007,LAKE ALMANOR VALLEY,LAKE ALMANOR VALLEY,43.916981,795
PTJPL,2010-02-01,5-046,5-046,LAKE BRITTON AREA,LAKE BRITTON AREA,49.169026,63221
PTJPL,2010-02-01,7-001,7-001,LANFAIR VALLEY,LANFAIR VALLEY,30.537863,703567
PTJPL,2010-02-01,6-036.02,6-036,LANGFORD VALLEY,LANGFORD VALLEY - IRWIN,26.662565,47132
PTJPL,2010-02-01,6-036.01,6-036,LANGFORD VALLEY,LANGFORD VALLEY - LANGFORD WELL LAKE,27.947056,86847
PTJPL,2010-02-01,1-033,1-033,LARABEE VALLEY,LARABEE VALLEY,38.800092,4342
PTJPL,2010-02-01,4-008,4-008,LAS POSAS VALLEY,LAS POSAS VALLEY,42.244093,200649
PTJPL,2010-02-01,5-057,5-057,LAST CHANCE CREEK VALLEY,LAST CHANCE CREEK VALLEY,38.589096,1504
PTJPL,2010-02-01,7-014,7-014,LAVIC VALLEY,LAVIC VALLEY,32.76205,459882
PTJPL,2010-02-01,1-012,1-012,LAYTONVILLE VALLEY,LAYTONVILLE VALLEY,38.15813,22589
PTJPL,2010-02-01,6-027,6-027,LEACH VALLEY,LEACH VALLEY,27.703715,275049
PTJPL,2010-02-01,6-066,6-066,LEE FLAT,LEE FLAT,22.386715,78285
PTJPL,2010-02-01,6-106,6-106,LITTLE ANTELOPE VALLEY,LITTLE ANTELOPE VALLEY,19.471324,5353
PTJPL,2010-02-01,5-065,5-065,LITTLE INDIAN VALLEY,LITTLE INDIAN VALLEY,,0
PTJPL,2010-02-01,1-013,1-013,LITTLE LAKE VALLEY,LITTLE LAKE VALLEY,,0
PTJPL,2010-02-01,1-041,1-041,LITTLE VALLEY,LITTLE VALLEY,45.487551,3655
PTJPL,2010-02-01,2-010,2-010,LIVERMORE VALLEY,LIVERMORE VALLEY,50.634977,309748
PTJPL,2010-02-01,2-038,2-038,LOBOS,LOBOS,,0
PTJPL,2010-02-01,3-006,3-006,LOCKWOOD VALLEY,LOCKWOOD VALLEY,59.857573,269065
PTJPL,2010-02-01,4-017,4-017,LOCKWOOD VALLEY,LOCKWOOD VALLEY,26.185143,97530
PTJPL,2010-02-01,6-011,6-011,LONG VALLEY,LONG VALLEY,23.385087,979
PTJPL,2010-02-01,5-044,5-044,LONG VALLEY,LONG VALLEY,,0
PTJPL,2010-02-01,6-104,6-104,LONG VALLEY,LONG VALLEY,27.056532,203299
PTJPL,2010-02-01,5-031,5-031,LONG VALLEY,LONG VALLEY,53.114286,35
PTJPL,2010-02-01,5-070,5-070,LOS BANOS CREEK VALLEY,LOS BANOS CREEK VALLEY,50.169993,21748
PTJPL,2010-02-01,3-008.01,3-008,LOS OSOS VALLEY,LOS OSOS VALLEY - LOS OSOS AREA,56.291215,19010
PTJPL,2010-02-01,3-008.02,3-008,LOS OSOS VALLEY,LOS OSOS VALLEY - WARDEN CREEK,51.672129,7933
PTJPL,2010-02-01,7-051,7-051,LOST HORSE VALLEY,LOST HORSE VALLEY,29.34833,77794
PTJPL,2010-02-01,6-071,6-071,LOST LAKE VALLEY,LOST LAKE VALLEY,31.773797,104530
PTJPL,2010-02-01,6-021,6-021,LOWER KINGSTON VALLEY,LOWER KINGSTON VALLEY,28.866828,1078042
PTJPL,2010-02-01,1-014,1-014,LOWER KLAMATH RIVER VALLEY,LOWER KLAMATH RIVER VALLEY,49.855856,31295
PTJPL,2010-02-01,5-030,5-030,LOWER LAKE VALLEY,LOWER LAKE VALLEY,52.424252,6185
PTJPL,2010-02-01,1-038,1-038,LOWER LAYTONVILLE VALLEY,LOWER LAYTONVILLE VALLEY,42.78043,9678
PTJPL,2010-02-01,6-040,6-040,LOWER MOJAVE RIVER VALLEY,LOWER MOJAVE RIVER VALLEY,31.100483,1283365
PTJPL,2010-02-01,1-060,1-060,LOWER RUSSIAN RIVER VALLEY,LOWER RUSSIAN RIVER VALLEY,48.534416,4925
PTJPL,2010-02-01,7-019,7-019,LUCERNE VALLEY,LUCERNE VALLEY,20.310085,662022
PTJPL,2010-02-01,1-008.02,1-008,MAD RIVER VALLEY,MAD RIVER VALLEY - DOWS PRAIRIE SCHOOL AREA,52.332304,67998
PTJPL,2010-02-01,1-008.01,1-008,MAD RIVER VALLEY,MAD RIVER VALLEY - MAD RIVER LOWLAND,49.801085,104522
PTJPL,2010-02-01,6-002,6-002,MADELINE PLAINS,MADELINE PLAINS,32.358475,698271
PTJPL,2010-02-01,3-051,3-051,MAJORS CREEK,MAJORS CREEK,49.176436,1689
PTJPL,2010-02-01,4-022,4-022,MALIBU VALLEY,MALIBU VALLEY,48.684979,2603
PTJPL,2010-02-01,6-064,6-064,MARBLE CANYON AREA,MARBLE CANYON AREA,28.467918,46600
PTJPL,2010-02-01,2-039,2-039,MARINA,MARINA,,0
PTJPL,2010-02-01,6-067,6-067,MARTIS VALLEY,MARTIS VALLEY,26.169082,207
PTJPL,2010-02-01,7-059,7-059,MASON VALLEY,MASON VALLEY,32.556446,24829
PTJPL,2010-02-01,1-028,1-028,MATTOLE RIVER VALLEY,MATTOLE RIVER VALLEY,43.746993,13968
PTJPL,2010-02-01,5-035,5-035,MCCLOUD AREA,MCCLOUD AREA,45.094087,22426
PTJPL,2010-02-01,5-095,5-095,MEADOW VALLEY,MEADOW VALLEY,45.842105,114
PTJPL,2010-02-01,7-017,7-017,MEANS VALLEY,MEANS VALLEY,20.110962,67158
PTJPL,2010-02-01,6-029,6-029,MESQUITE VALLEY,MESQUITE VALLEY,31.880768,384627
PTJPL,2010-02-01,6-020,6-020,MIDDLE AMARGOSA VALLEY,MIDDLE AMARGOSA VALLEY,34.184478,1741059
PTJPL,2010-02-01,5-094,5-094,MIDDLE CREEK,MIDDLE CREEK,42.84466,103
PTJPL,2010-02-01,5-087,5-087,MIDDLE FORK FEATHER RIVER,MIDDLE FORK FEATHER RIVER,46.352613,19208
PTJPL,2010-02-01,6-041,6-041,MIDDLE MOJAVE RIVER VALLEY,MIDDLE MOJAVE RIVER VALLEY,31.195934,950061
PTJPL,2010-02-01,6-080,6-080,MIDDLE PARK CANYON,MIDDLE PARK CANYON,18.343156,4683
PTJPL,2010-02-01,5-085,5-085,MIL POTRERO AREA,MIL POTRERO AREA,35.263846,8179
PTJPL,2010-02-01,9-014,9-014,MISSION VALLEY,MISSION VALLEY,37.446339,31839
PTJPL,2010-02-01,5-011,5-011,MOHAWK VALLEY,MOHAWK VALLEY,42.352568,51176
PTJPL,2010-02-01,6-009,6-009,MONO VALLEY,MONO VALLEY,43.607248,193598
PTJPL,2010-02-01,3-049,3-049,MONTECITO,MONTECITO,48.389461,27307
PTJPL,2010-02-01,7-020,7-020,MORONGO VALLEY,MORONGO VALLEY,28.63814,32496
PTJPL,2010-02-01,3-041,3-041,MORRO VALLEY,MORRO VALLEY,51.1432,2500
PTJPL,2010-02-01,5-008,5-008,MOUNTAIN MEADOWS VALLEY,MOUNTAIN MEADOWS VALLEY,46.77405,2921
PTJPL,2010-02-01,1-056,1-056,McDOWELL VALLEY,McDOWELL VALLEY,,0
PTJPL,2010-02-01,2-002.01,2-002,NAPA-SONOMA VALLEY,NAPA-SONOMA VALLEY - NAPA VALLEY,53.376198,6680
PTJPL,2010-02-01,2-002.03,2-002,NAPA-SONOMA VALLEY,NAPA-SONOMA VALLEY - NAPA-SONOMA LOWLANDS,,0
PTJPL,2010-02-01,2-002.02,2-002,NAPA-SONOMA VALLEY,NAPA-SONOMA VALLEY - SONOMA VALLEY,53.243205,8462
PTJPL,2010-02-01,1-046,1-046,NAVARRO RIVER VALLEY,NAVARRO RIVER VALLEY,,0
PTJPL,2010-02-01,3-052,3-052,NEEDLE ROCK POINT,NEEDLE ROCK POINT,49.514706,3060
PTJPL,2010-02-01,7-044,7-044,NEEDLES VALLEY,NEEDLES VALLEY,33.618934,384705
PTJPL,2010-02-01,5-050,5-050,NORTH FORK BATTLE CREEK,NORTH FORK BATTLE CREEK,41.32527,37372
PTJPL,2010-02-01,2-030,2-030,NOVATO VALLEY,NOVATO VALLEY,,0
PTJPL,2010-02-01,7-025,7-025,OCOTILLO-CLARK VALLEY,OCOTILLO-CLARK VALLEY,25.748711,999504
PTJPL,2010-02-01,7-035,7-035,OGILBY VALLEY,OGILBY VALLEY,23.08514,592059
PTJPL,2010-02-01,4-002,4-002,OJAI VALLEY,OJAI VALLEY,44.493945,26588
PTJPL,2010-02-01,3-039,3-039,OLD VALLEY,OLD VALLEY,54.846123,5043
PTJPL,2010-02-01,6-108,6-108,OLYMPIC VALLEY,OLYMPIC VALLEY,22.15,40
PTJPL,2010-02-01,7-031,7-031,OROCOPIA VALLEY,OROCOPIA VALLEY,29.30436,432652
PTJPL,2010-02-01,6-012.02,6-012,OWENS VALLEY,OWENS VALLEY - FISH SLOUGH,19.947158,14496
PTJPL,2010-02-01,6-012.01,6-012,OWENS VALLEY,OWENS VALLEY - OWENS VALLEY,20.095331,2835381
PTJPL,2010-02-01,6-088,6-088,OWL LAKE VALLEY,OWL LAKE VALLEY,34.146814,100004
PTJPL,2010-02-01,6-028,6-028,PAHRUMP VALLEY,PAHRUMP VALLEY,31.295683,407166
PTJPL,2010-02-01,6-099,6-099,PAINTERS FLAT,PAINTERS FLAT,29.62379,24699
PTJPL,2010-02-01,7-039,7-039,PALO VERDE MESA,PALO VERDE MESA,30.832746,1011292
PTJPL,2010-02-01,7-038,7-038,PALO VERDE VALLEY,PALO VERDE VALLEY,51.984724,302116
PTJPL,2010-02-01,9-024,9-024,PAMO VALLEY,PAMO VALLEY,41.261307,6766
PTJPL,2010-02-01,6-058,6-058,PANAMINT VALLEY,PANAMINT VALLEY,22.777028,1160891
PTJPL,2010-02-01,5-023,5-023,PANOCHE VALLEY,PANOCHE VALLEY,47.824299,148758
PTJPL,2010-02-01,3-032,3-032,PEACH TREE VALLEY,PEACH TREE VALLEY,50.470185,44038
PTJPL,2010-02-01,1-030,1-030,PEPPERWOOD TOWN AREA,PEPPERWOOD TOWN AREA,50.237613,28134
PTJPL,2010-02-01,2-026,2-026,PESCADERO VALLEY,PESCADERO VALLEY,46.058884,11616
PTJPL,2010-02-01,2-001,2-001,PETALUMA VALLEY,PETALUMA VALLEY,53.001529,654
PTJPL,2010-02-01,6-051,6-051,PILOT KNOB VALLEY,PILOT KNOB VALLEY,25.930531,623272
PTJPL,2010-02-01,6-092,6-092,PINE CREEK VALLEY,PINE CREEK VALLEY,43.764706,17
PTJPL,2010-02-01,7-006,7-006,PINTO VALLEY,PINTO VALLEY,27.0927,820363
PTJPL,2010-02-01,7-049,7-049,PIPES CANYON FAULT VALLEY,PIPES CANYON FAULT VALLEY,16.758152,14997
PTJPL,2010-02-01,2-004,2-004,PITTSBURG PLAIN,PITTSBURG PLAIN,53.249847,44015
PTJPL,2010-02-01,7-045,7-045,PIUTE VALLEY,PIUTE VALLEY,31.537313,782230
PTJPL,2010-02-01,7-052,7-052,PLEASANT VALLEY,PLEASANT VALLEY,28.061496,43336
PTJPL,2010-02-01,4-006,4-006,PLEASANT VALLEY,PLEASANT VALLEY,37.307273,89204
PTJPL,2010-02-01,5-038,5-038,PONDOSA TOWN AREA,PONDOSA TOWN AREA,46.570342,2367
PTJPL,2010-02-01,5-068,5-068,POPE VALLEY,POPE VALLEY,53.636,250
PTJPL,2010-02-01,9-029,9-029,POTRERO VALLEY,POTRERO VALLEY,42.573929,9083
PTJPL,2010-02-01,1-051,1-051,POTTER VALLEY,POTTER VALLEY,39.6,5
PTJPL,2010-02-01,9-013,9-013,POWAY VALLEY,POWAY VALLEY,43.613628,11080
PTJPL,2010-02-01,3-044,3-044,POZO VALLEY,POZO VALLEY,50.422785,30784
PTJPL,2010-02-01,1-025,1-025,PRAIRIE CREEK AREA,PRAIRIE CREEK AREA,54.807585,91079
PTJPL,2010-02-01,7-040,7-040,QUIEN SABE POINT VALLEY,QUIEN SABE POINT VALLEY,30.726493,99694
PTJPL,2010-02-01,3-024,3-024,QUIEN SABE VALLEY,QUIEN SABE VALLEY,46.062344,21173
PTJPL,2010-02-01,6-062,6-062,RACE TRACK VALLEY,RACE TRACK VALLEY,19.979779,63448
PTJPL,2010-02-01,3-046,3-046,RAFAEL VALLEY,RAFAEL VALLEY,41.192922,13451
PTJPL,2010-02-01,9-025,9-025,RANCHITA TOWN AREA,RANCHITA TOWN AREA,35.764111,14032
PTJPL,2010-02-01,4-023,4-023,RAYMOND,RAYMOND,33.504188,117111
PTJPL,2010-02-01,6-024,6-024,RED PASS VALLEY,RED PASS VALLEY,25.936011,433105
PTJPL,2010-02-01,1-018,1-018,RED ROCK VALLEY,RED ROCK VALLEY,41.265696,40471
PTJPL,2010-02-01,5-006.03,5-006,REDDING AREA,REDDING AREA - ANDERSON,47.307264,443729
PTJPL,2010-02-01,5-006.01,5-006,REDDING AREA,REDDING AREA - BOWMAN,47.585703,518391
PTJPL,2010-02-01,5-006.04,5-006,REDDING AREA,REDDING AREA - ENTERPRISE,46.499051,275589
PTJPL,2010-02-01,5-006.05,5-006,REDDING AREA,REDDING AREA - MILLVILLE,49.55351,294544
PTJPL,2010-02-01,5-006.06,5-006,REDDING AREA,REDDING AREA - SOUTH BATTLE CREEK,51.223382,151127
PTJPL,2010-02-01,1-026,1-026,REDWOOD CREEK AREA,REDWOOD CREEK AREA,47.569691,8961
PTJPL,2010-02-01,6-086,6-086,RHODES HILL AREA,RHODES HILL AREA,34.774836,70069
PTJPL,2010-02-01,7-004,7-004,RICE VALLEY,RICE VALLEY,26.262417,841014
PTJPL,2010-02-01,6-023,6-023,RIGGS VALLEY,RIGGS VALLEY,26.851909,393528
PTJPL,2010-02-01,3-043,3-043,RINCONADA VALLEY,RINCONADA VALLEY,48.188741,11582
PTJPL,2010-02-01,5-043,5-043,ROCK PRAIRIE VALLEY,ROCK PRAIRIE VALLEY,33.756223,25388
PTJPL,2010-02-01,6-056,6-056,ROSE VALLEY,ROSE VALLEY,22.932418,191219
PTJPL,2010-02-01,2-028,2-028,ROSS VALLEY,ROSS VALLEY,,0
PTJPL,2010-02-01,5-036,5-036,ROUND VALLEY,ROUND VALLEY,35.114839,32663
PTJPL,2010-02-01,4-020,4-020,RUSSELL VALLEY,RUSSELL VALLEY,34.189578,13836
PTJPL,2010-02-01,5-021.54,5-021,SACRAMENTO VALLEY,SACRAMENTO VALLEY - ANTELOPE,55.207021,84687
PTJPL,2010-02-01,5-021.53,5-021,SACRAMENTO VALLEY,SACRAMENTO VALLEY - BEND,52.433009,101633
PTJPL,2010-02-01,5-021.70,5-021,SACRAMENTO VALLEY,SACRAMENTO VALLEY - BUTTE,47.820465,448431
PTJPL,2010-02-01,5-021.52,5-021,SACRAMENTO VALLEY,SACRAMENTO VALLEY - COLUSA,55.488483,1061086
PTJPL,2010-02-01,5-021.51,5-021,SACRAMENTO VALLEY,SACRAMENTO VALLEY - CORNING,52.717995,757547
PTJPL,2010-02-01,5-021.56,5-021,SACRAMENTO VALLEY,SACRAMENTO VALLEY - LOS MOLINOS,52.729527,324310
PTJPL,2010-02-01,5-021.64,5-021,SACRAMENTO VALLEY,SACRAMENTO VALLEY - NORTH AMERICAN,51.721231,960099
PTJPL,2010-02-01,5-021.60,5-021,SACRAMENTO VALLEY,SACRAMENTO VALLEY - NORTH YUBA,49.115092,36171
PTJPL,2010-02-01,5-021.50,5-021,SACRAMENTO VALLEY,SACRAMENTO VALLEY - RED BLUFF,50.488071,1187376
PTJPL,2010-02-01,5-021.66,5-021,SACRAMENTO VALLEY,SACRAMENTO VALLEY - SOLANO,54.464998,1504472
PTJPL,2010-02-01,5-021.65,5-021,SACRAMENTO VALLEY,SACRAMENTO VALLEY - SOUTH AMERICAN,52.647007,1109695
PTJPL,2010-02-01,5-021.61,5-021,SACRAMENTO VALLEY,SACRAMENTO VALLEY - SOUTH YUBA,49.753131,191709
PTJPL,2010-02-01,5-021.62,5-021,SACRAMENTO VALLEY,SACRAMENTO VALLEY - SUTTER,46.778915,250239
PTJPL,2010-02-01,5-021.57,5-021,SACRAMENTO VALLEY,SACRAMENTO VALLEY - VINA,51.13618,227632
PTJPL,2010-02-01,5-021.69,5-021,SACRAMENTO VALLEY,SACRAMENTO VALLEY - WYANDOTTE CREEK,40.407852,147181
PTJPL,2010-02-01,5-021.67,5-021,SACRAMENTO VALLEY,SACRAMENTO VALLEY - YOLO,53.328308,1234712
PTJPL,2010-02-01,3-004.01,3-004,SALINAS VALLEY,SALINAS VALLEY - 180/400 FOOT AQUIFER,56.421106,402170
PTJPL,2010-02-01,3-004.11,3-004,SALINAS VALLEY,SALINAS VALLEY - ATASCADERO AREA,50.15476,88621
PTJPL,2010-02-01,3-004.02,3-004,SALINAS VALLEY,SALINAS VALLEY - EAST SIDE AQUIFER,57.049961,258440
PTJPL,2010-02-01,3-004.04,3-004,SALINAS VALLEY,SALINAS VALLEY - FOREBAY AQUIFER,60.80454,422895
PTJPL,2010-02-01,3-004.09,3-004,SALINAS VALLEY,SALINAS VALLEY - LANGLEY AREA,56.056175,79217
PTJPL,2010-02-01,3-004.10,3-004,SALINAS VALLEY,SALINAS VALLEY - MONTEREY,59.132194,137631
PTJPL,2010-02-01,3-004.06,3-004,SALINAS VALLEY,SALINAS VALLEY - PASO ROBLES AREA,48.51774,1956701
PTJPL,2010-02-01,3-004.08,3-004,SALINAS VALLEY,SALINAS VALLEY - SEASIDE,58.660938,64118
PTJPL,2010-02-01,3-004.05,3-004,SALINAS VALLEY,SALINAS VALLEY - UPPER VALLEY AQUIFER,51.058083,1030155
PTJPL,2010-02-01,6-017,6-017,SALINE VALLEY,SALINE VALLEY,18.238019,654662
PTJPL,2010-02-01,6-053,6-053,SALT WELLS VALLEY,SALT WELLS VALLEY,22.571178,132519
PTJPL,2010-02-01,3-014,3-014,SAN ANTONIO CREEK VALLEY,SAN ANTONIO CREEK VALLEY,64.372293,303132
PTJPL,2010-02-01,3-028,3-028,SAN BENITO RIVER VALLEY,SAN BENITO RIVER VALLEY,55.002194,108949
PTJPL,2010-02-01,3-033,3-033,SAN CARPOFORO VALLEY,SAN CARPOFORO VALLEY,61.745579,4693
PTJPL,2010-02-01,9-015,9-015,SAN DIEGO RIVER VALLEY,SAN DIEGO RIVER VALLEY,43.032001,38030
PTJPL,2010-02-01,9-012,9-012,SAN DIEGUITO CREEK,SAN DIEGUITO CREEK,50.355761,15457
PTJPL,2010-02-01,9-023,9-023,SAN ELIJO VALLEY,SAN ELIJO VALLEY,48.412446,3969
PTJPL,2010-02-01,7-027,7-027,SAN FELIPE VALLEY,SAN FELIPE VALLEY,33.865256,105140
PTJPL,2010-02-01,4-012,4-012,SAN FERNANDO VALLEY,SAN FERNANDO VALLEY,32.599871,651265
PTJPL,2010-02-01,4-013,4-013,SAN GABRIEL VALLEY,SAN GABRIEL VALLEY,33.436023,568282
PTJPL,2010-02-01,2-024,2-024,SAN GREGORIO VALLEY,SAN GREGORIO VALLEY,45.669207,4199
PTJPL,2010-02-01,8-005,8-005,SAN JACINTO,SAN JACINTO,43.608002,712414
PTJPL,2010-02-01,5-022.05,5-022,SAN JOAQUIN VALLEY,SAN JOAQUIN VALLEY - CHOWCHILLA,53.11251,654172
PTJPL,2010-02-01,5-022.16,5-022,SAN JOAQUIN VALLEY,SAN JOAQUIN VALLEY - COSUMNES,52.554264,945495
PTJPL,2010-02-01,5-022.07,5-022,SAN JOAQUIN VALLEY,SAN JOAQUIN VALLEY - DELTA-MENDOTA,56.035012,3439236
PTJPL,2010-02-01,5-022.19,5-022,SAN JOAQUIN VALLEY,SAN JOAQUIN VALLEY - EAST CONTRA COSTA,55.064468,466557
PTJPL,2010-02-01,5-022.01,5-022,SAN JOAQUIN VALLEY,SAN JOAQUIN VALLEY - EASTERN SAN JOAQUIN,55.889179,3406739
PTJPL,2010-02-01,5-022.11,5-022,SAN JOAQUIN VALLEY,SAN JOAQUIN VALLEY - KAWEAH,52.79245,1975093
PTJPL,2010-02-01,5-022.14,5-022,SAN JOAQUIN VALLEY,SAN JOAQUIN VALLEY - KERN COUNTY,51.62251,7892857
PTJPL,2010-02-01,5-022.17,5-022,SAN JOAQUIN VALLEY,SAN JOAQUIN VALLEY - KETTLEMAN PLAIN,50.264891,286155
PTJPL,2010-02-01,5-022.08,5-022,SAN JOAQUIN VALLEY,SAN JOAQUIN VALLEY - KINGS,53.593722,3905040
PTJPL,2010-02-01,5-022.06,5-022,SAN JOAQUIN VALLEY,SAN JOAQUIN VALLEY - MADERA,52.004357,1562438
PTJPL,2010-02-01,5-022.04,5-022,SAN JOAQUIN VALLEY,SAN JOAQUIN VALLEY - MERCED,52.983562,2303011
PTJPL,2010-02-01,5-022.02,5-022,SAN JOAQUIN VALLEY,SAN JOAQUIN VALLEY - MODESTO,55.116133,1099676
PTJPL,2010-02-01,5-022.10,5-022,SAN JOAQUIN VALLEY,SAN JOAQUIN VALLEY - PLEASANT VALLEY,52.579557,216548
PTJPL,2010-02-01,5-022.15,5-022,SAN JOAQUIN VALLEY,SAN JOAQUIN VALLEY - TRACY,57.461461,1064047
PTJPL,2010-02-01,5-022.12,5-022,SAN JOAQUIN VALLEY,SAN JOAQUIN VALLEY - TULARE LAKE,53.589543,2313170
PTJPL,2010-02-01,5-022.13,5-022,SAN JOAQUIN VALLEY,SAN JOAQUIN VALLEY - TULE,53.657124,2127431
PTJPL,2010-02-01,5-022.03,5-022,SAN JOAQUIN VALLEY,SAN JOAQUIN VALLEY - TURLOCK,55.769503,1562183
PTJPL,2010-02-01,5-022.09,5-022,SAN JOAQUIN VALLEY,SAN JOAQUIN VALLEY - WESTSIDE,55.130534,2797455
PTJPL,2010-02-01,5-022.18,5-022,SAN JOAQUIN VALLEY,SAN JOAQUIN VALLEY - WHITE WOLF,47.823967,482382
PTJPL,2010-02-01,9-001,9-001,SAN JUAN VALLEY,SAN JUAN VALLEY,45.556071,73255
PTJPL,2010-02-01,3-009,3-009,SAN LUIS OBISPO VALLEY,SAN LUIS OBISPO VALLEY,54.980374,57221
PTJPL,2010-02-01,9-007.02,9-007,SAN LUIS REY VALLEY,SAN LUIS REY VALLEY - LOWER SAN LUIS REY VALLEY,48.430038,46175
PTJPL,2010-02-01,9-007.01,9-007,SAN LUIS REY VALLEY,SAN LUIS REY VALLEY - UPPER SAN LUIS REY VALLEY,47.441908,86570
PTJPL,2010-02-01,9-032,9-032,SAN MARCOS AREA,SAN MARCOS AREA,37.483689,9564
PTJPL,2010-02-01,9-002,9-002,SAN MATEO VALLEY,SAN MATEO VALLEY,45.762838,13164
PTJPL,2010-02-01,9-003,9-003,SAN ONOFRE VALLEY,SAN ONOFRE VALLEY,45.850073,5516
PTJPL,2010-02-01,9-010,9-010,SAN PASQUAL VALLEY,SAN PASQUAL VALLEY,41.314377,15720
PTJPL,2010-02-01,2-036,2-036,SAN PEDRO VALLEY,SAN PEDRO VALLEY,,0
PTJPL,2010-02-01,2-029,2-029,SAN RAFAEL VALLEY,SAN RAFAEL VALLEY,,0
PTJPL,2010-02-01,2-007,2-007,SAN RAMON VALLEY,SAN RAMON VALLEY,52.051001,31529
PTJPL,2010-02-01,3-035,3-035,SAN SIMEON VALLEY,SAN SIMEON VALLEY,61.300341,2344
PTJPL,2010-02-01,2-027,2-027,SAND POINT AREA,SAND POINT AREA,48.54082,9591
PTJPL,2010-02-01,1-053,1-053,SANEL VALLEY,SANEL VALLEY,45.691355,8479
PTJPL,2010-02-01,3-022,3-022,SANTA ANA VALLEY,SANTA ANA VALLEY,51.864397,12249
PTJPL,2010-02-01,3-017,3-017,SANTA BARBARA,SANTA BARBARA,48.968993,26897
PTJPL,2010-02-01,4-004.05,4-004,SANTA CLARA RIVER VALLEY,SANTA CLARA RIVER VALLEY - FILLMORE,43.734827,101526
PTJPL,2010-02-01,4-004.03,4-004,SANTA CLARA RIVER VALLEY,SANTA CLARA RIVER VALLEY - MOUND,39.756725,61597
PTJPL,2010-02-01,4-004.02,4-004,SANTA CLARA RIVER VALLEY,SANTA CLARA RIVER VALLEY - OXNARD,37.539692,250493
PTJPL,2010-02-01,4-004.06,4-004,SANTA CLARA RIVER VALLEY,SANTA CLARA RIVER VALLEY - PIRU,39.079477,49008
PTJPL,2010-02-01,4-004.07,4-004,SANTA CLARA RIVER VALLEY,SANTA CLARA RIVER VALLEY - SANTA CLARA RIVER VALLEY EAST,34.25749,303546
PTJPL,2010-02-01,4-004.04,4-004,SANTA CLARA RIVER VALLEY,SANTA CLARA RIVER VALLEY - SANTA PAULA,43.536425,99438
PTJPL,2010-02-01,2-009.04,2-009,SANTA CLARA VALLEY,SANTA CLARA VALLEY - EAST BAY PLAIN,48.843205,157377
PTJPL,2010-02-01,2-009.01,2-009,SANTA CLARA VALLEY,SANTA CLARA VALLEY - NILES CONE,51.494907,291590
PTJPL,2010-02-01,2-009.03,2-009,SANTA CLARA VALLEY,SANTA CLARA VALLEY - SAN MATEO PLAIN,51.468839,161337
PTJPL,2010-02-01,2-009.02,2-009,SANTA CLARA VALLEY,SANTA CLARA VALLEY - SANTA CLARA,51.174839,848834
PTJPL,2010-02-01,3-001,3-001,SANTA CRUZ MID-COUNTY,SANTA CRUZ MID-COUNTY,53.810483,126057
PTJPL,2010-02-01,3-027,3-027,SANTA MARGARITA,SANTA MARGARITA,53.425505,99987
PTJPL,2010-02-01,9-004,9-004,SANTA MARGARITA VALLEY,SANTA MARGARITA VALLEY,47.012326,22473
PTJPL,2010-02-01,3-012.02,3-012,SANTA MARIA RIVER VALLEY,SANTA MARIA RIVER VALLEY - ARROYO GRANDE,55.502726,13025
PTJPL,2010-02-01,3-012.01,3-012,SANTA MARIA RIVER VALLEY,SANTA MARIA RIVER VALLEY - SANTA MARIA,60.598688,762120
PTJPL,2010-02-01,9-011,9-011,SANTA MARIA VALLEY,SANTA MARIA VALLEY,42.920465,55259
PTJPL,2010-02-01,6-068,6-068,SANTA ROSA FLAT,SANTA ROSA FLAT,20.101174,75444
PTJPL,2010-02-01,3-036,3-036,SANTA ROSA VALLEY,SANTA ROSA VALLEY,56.245009,15379
PTJPL,2010-02-01,1-055.02,1-055,SANTA ROSA VALLEY,SANTA ROSA VALLEY - HEALDSBURG AREA,52.119315,39358
PTJPL,2010-02-01,1-055.03,1-055,SANTA ROSA VALLEY,SANTA ROSA VALLEY - RINCON VALLEY,53.160586,13924
PTJPL,2010-02-01,1-055.01,1-055,SANTA ROSA VALLEY,SANTA ROSA VALLEY - SANTA ROSA PLAIN,53.101416,46669
PTJPL,2010-02-01,3-015,3-015,SANTA YNEZ RIVER VALLEY,SANTA YNEZ RIVER VALLEY,60.068343,911304
PTJPL,2010-02-01,1-005,1-005,SCOTT RIVER VALLEY,SCOTT RIVER VALLEY,40.999051,207640
PTJPL,2010-02-01,5-014,5-014,SCOTTS VALLEY,SCOTTS VALLEY,,0
PTJPL,2010-02-01,6-052,6-052,SEARLES VALLEY,SEARLES VALLEY,24.011749,885853
PTJPL,2010-02-01,6-100,6-100,SECRET VALLEY,SECRET VALLEY,33.098139,151356
PTJPL,2010-02-01,1-016,1-016,SEIAD VALLEY,SEIAD VALLEY,48.46963,10010
PTJPL,2010-02-01,8-008,8-008,SEVEN OAKS VALLEY,SEVEN OAKS VALLEY,27.476463,16442
PTJPL,2010-02-01,1-004,1-004,SHASTA VALLEY,SHASTA VALLEY,36.369454,956196
PTJPL,2010-02-01,1-042,1-042,SHERWOOD VALLEY,SHERWOOD VALLEY,42.520084,3809
PTJPL,2010-02-01,5-012.02,5-012,SIERRA VALLEY,SIERRA VALLEY - CHILCOOT,30.823799,32917
PTJPL,2010-02-01,5-012.01,5-012,SIERRA VALLEY,SIERRA VALLEY - SIERRA VALLEY,37.278234,354087
PTJPL,2010-02-01,6-034,6-034,SILVER LAKE VALLEY,SILVER LAKE VALLEY,31.170503,158273
PTJPL,2010-02-01,4-009,4-009,SIMI VALLEY,SIMI VALLEY,30.352944,54663
PTJPL,2010-02-01,6-105,6-105,SLINKARD VALLEY,SLINKARD VALLEY,14.032581,798
PTJPL,2010-02-01,1-001,1-001,SMITH RIVER PLAIN,SMITH RIVER PLAIN,48.013801,168392
PTJPL,2010-02-01,6-033,6-033,SODA LAKE VALLEY,SODA LAKE VALLEY,31.287471,1708930
PTJPL,2010-02-01,2-037,2-037,SOUTH SAN FRANCISCO,SOUTH SAN FRANCISCO,,0
PTJPL,2010-02-01,6-082,6-082,SPRING CANYON VALLEY,SPRING CANYON VALLEY,29.539427,21584
PTJPL,2010-02-01,5-089,5-089,SQUAW FLAT,SQUAW FLAT,53.939035,4396
PTJPL,2010-02-01,5-088,5-088,STONY GORGE RESERVOIR,STONY GORGE RESERVOIR,53.784314,1377
PTJPL,2010-02-01,5-063,5-063,STONYFORD TOWN AREA,STONYFORD TOWN AREA,54.375839,298
PTJPL,2010-02-01,2-003,2-003,SUISUN-FAIRFIELD VALLEY,SUISUN-FAIRFIELD VALLEY,52.765466,382230
PTJPL,2010-02-01,2-011,2-011,SUNOL VALLEY,SUNOL VALLEY,49.184192,74759
PTJPL,2010-02-01,6-049,6-049,SUPERIOR VALLEY,SUPERIOR VALLEY,25.992089,541018
PTJPL,2010-02-01,6-001,6-001,SURPRISE VALLEY,SURPRISE VALLEY,32.107874,965416
PTJPL,2010-02-01,6-107,6-107,SWEETWATER FLAT,SWEETWATER FLAT,16.667767,2423
PTJPL,2010-02-01,6-005.03,6-005,TAHOE VALLEY,TAHOE VALLEY - TAHOE NORTH,22.655556,540
PTJPL,2010-02-01,6-005.01,6-005,TAHOE VALLEY,TAHOE VALLEY - TAHOE SOUTH,18.795971,3127
PTJPL,2010-02-01,6-005.02,6-005,TAHOE VALLEY,TAHOE VALLEY - TAHOE WEST,28.343581,3708
PTJPL,2010-02-01,6-045,6-045,TEHACHAPI VALLEY EAST,TEHACHAPI VALLEY EAST,30.700471,102481
PTJPL,2010-02-01,5-028,5-028,TEHACHAPI VALLEY WEST,TEHACHAPI VALLEY WEST,28.733684,64660
PTJPL,2010-02-01,9-005,9-005,TEMECULA VALLEY,TEMECULA VALLEY,46.299539,394420
PTJPL,2010-02-01,1-040,1-040,TEN MILE RIVER VALLEY,TEN MILE RIVER VALLEY,46.291439,6214
PTJPL,2010-02-01,7-026,7-026,TERWILLIGER VALLEY,TERWILLIGER VALLEY,35.426603,36064
PTJPL,2010-02-01,4-019,4-019,THOUSAND OAKS AREA,THOUSAND OAKS AREA,33.191669,13972
PTJPL,2010-02-01,4-015,4-015,TIERRA REJADA,TIERRA REJADA,40.791769,20679
PTJPL,2010-02-01,5-037,5-037,TOAD WELL AREA,TOAD WELL AREA,47.245679,810
PTJPL,2010-02-01,3-040,3-040,TORO VALLEY,TORO VALLEY,56.768779,3235
PTJPL,2010-02-01,6-098,6-098,TULEDAD CANYON VALLEY,TULEDAD CANYON VALLEY,22.099723,22011
PTJPL,2010-02-01,7-010,7-010,TWENTYNINE PALMS VALLEY,TWENTYNINE PALMS VALLEY,22.30479,279940
PTJPL,2010-02-01,1-052,1-052,UKIAH VALLEY,UKIAH VALLEY,47.0,2
PTJPL,2010-02-01,6-022,6-022,UPPER KINGSTON VALLEY,UPPER KINGSTON VALLEY,29.540896,794700
PTJPL,2010-02-01,5-013,5-013,UPPER LAKE VALLEY,UPPER LAKE VALLEY,47.824584,7639
PTJPL,2010-02-01,6-042,6-042,UPPER MOJAVE RIVER VALLEY,UPPER MOJAVE RIVER VALLEY,30.080091,1844488
PTJPL,2010-02-01,4-001,4-001,UPPER OJAI VALLEY,UPPER OJAI VALLEY,44.88935,17117
PTJPL,2010-02-01,3-023,3-023,UPPER SANTA ANA VALLEY,UPPER SANTA ANA VALLEY,50.371331,6439
PTJPL,2010-02-01,8-002.05,8-002,UPPER SANTA ANA VALLEY,UPPER SANTA ANA VALLEY - CAJON,29.538211,103818
PTJPL,2010-02-01,8-002.01,8-002,UPPER SANTA ANA VALLEY,UPPER SANTA ANA VALLEY - CHINO,34.74233,691109
PTJPL,2010-02-01,8-002.02,8-002,UPPER SANTA ANA VALLEY,UPPER SANTA ANA VALLEY - CUCAMONGA,28.776321,40576
PTJPL,2010-02-01,8-002.04,8-002,UPPER SANTA ANA VALLEY,UPPER SANTA ANA VALLEY - RIALTO-COLTON,34.698954,111375
PTJPL,2010-02-01,8-002.03,8-002,UPPER SANTA ANA VALLEY,UPPER SANTA ANA VALLEY - RIVERSIDE-ARLINGTON,38.964025,254318
PTJPL,2010-02-01,8-002.06,8-002,UPPER SANTA ANA VALLEY,UPPER SANTA ANA VALLEY - SAN BERNARDINO,34.79442,411052
PTJPL,2010-02-01,8-002.08,8-002,UPPER SANTA ANA VALLEY,UPPER SANTA ANA VALLEY - SAN TIMOTEO,40.098375,144946
PTJPL,2010-02-01,8-002.09,8-002,UPPER SANTA ANA VALLEY,UPPER SANTA ANA VALLEY - TEMESCAL,37.905164,103262
PTJPL,2010-02-01,8-002.07,8-002,UPPER SANTA ANA VALLEY,UPPER SANTA ANA VALLEY - YUCAIPA,38.089841,99709
PTJPL,2010-02-01,7-028,7-028,VALLECITO-CARRIZO VALLEY,VALLECITO-CARRIZO VALLEY,26.847765,547711
PTJPL,2010-02-01,5-071,5-071,VALLECITOS CREEK VALLEY,VALLECITOS CREEK VALLEY,46.525659,67930
PTJPL,2010-02-01,7-063,7-063,VANDEVENTER FLAT,VANDEVENTER FLAT,36.978331,30274
PTJPL,2010-02-01,4-003.02,4-003,VENTURA RIVER VALLEY,VENTURA RIVER VALLEY - LOWER VENTURA RIVER,40.759505,21489
PTJPL,2010-02-01,4-003.01,4-003,VENTURA RIVER VALLEY,VENTURA RIVER VALLEY - UPPER VENTURA RIVER,42.142255,23732
PTJPL,2010-02-01,7-042,7-042,VIDAL VALLEY,VIDAL VALLEY,29.621705,618941
PTJPL,2010-02-01,3-037,3-037,VILLA VALLEY,VILLA VALLEY,53.127873,6092
PTJPL,2010-02-01,2-032,2-032,VISITACION VALLEY,VISITACION VALLEY,49.183544,158
PTJPL,2010-02-01,5-026,5-026,WALKER BASIN CREEK VALLEY,WALKER BASIN CREEK VALLEY,30.101369,34468
PTJPL,2010-02-01,7-003,7-003,WARD VALLEY,WARD VALLEY,26.099711,2507114
PTJPL,2010-02-01,9-008,9-008,WARNER VALLEY,WARNER VALLEY,38.953478,107755
PTJPL,2010-02-01,7-012,7-012,WARREN VALLEY,WARREN VALLEY,30.122097,78585
PTJPL,2010-02-01,1-031,1-031,WEOTT TOWN AREA,WEOTT TOWN AREA,49.348154,16059
PTJPL,2010-02-01,7-022,7-022,WEST SALTON SEA,WEST SALTON SEA,25.87149,473862
PTJPL,2010-02-01,3-026,3-026,WEST SANTA CRUZ TERRACE,WEST SANTA CRUZ TERRACE,53.441278,24948
PTJPL,2010-02-01,2-035,2-035,WESTSIDE,WESTSIDE,50.415442,5854
PTJPL,2010-02-01,6-073,6-073,WILD HORSE MESA AREA,WILD HORSE MESA AREA,21.473134,14926
PTJPL,2010-02-01,6-075,6-075,WILDROSE CANYON,WILDROSE CANYON,25.143461,20814
PTJPL,2010-02-01,1-043,1-043,WILLIAMS VALLEY,WILLIAMS VALLEY,,0
PTJPL,2010-02-01,6-003,6-003,WILLOW CREEK VALLEY,WILLOW CREEK VALLEY,31.559645,49040
PTJPL,2010-02-01,1-059,1-059,WILSON GROVE FORMATION HIGHLANDS,WILSON GROVE FORMATION HIGHLANDS,50.800957,57676
PTJPL,2010-02-01,1-062,1-062,WILSON POINT AREA,WILSON POINT AREA,39.586362,2449
PTJPL,2010-02-01,6-019,6-019,WINGATE VALLEY,WINGATE VALLEY,29.209889,320536
PTJPL,2010-02-01,7-056,7-056,YAQUI WELL AREA,YAQUI WELL AREA,29.642474,67265
PTJPL,2010-02-01,5-056,5-056,YELLOW CREEK VALLEY,YELLOW CREEK VALLEY,47.065574,244
PTJPL,2010-02-01,2-006,2-006,YGNACIO VALLEY,YGNACIO VALLEY,53.216534,30471
PTJPL,2010-02-01,5-069,5-069,YOSEMITE VALLEY,YOSEMITE VALLEY,28.04052,31984
PTJPL,2010-02-01,7-036,7-036,YUMA VALLEY,YUMA VALLEY,33.009915,536338
