Model,Date,Basin_Subb,Basin_Numb,Basin_Name,Basin_Su_1,ET,Pixel_Count
PTJPL,2010-01-01,4-005,4-005,ACTON VALLEY,ACTON VALLEY,21.658508,36812
PTJPL,2010-01-01,6-010,6-010,ADOBE LAKE VALLEY,ADOBE LAKE VALLEY,10.865992,1679
PTJPL,2010-01-01,1-054.01,1-054,ALEXANDER VALLEY,ALEXANDER VALLEY - ALEXANDER AREA,33.573459,42486
PTJPL,2010-01-01,1-054.02,1-054,ALEXANDER VALLEY,ALEXANDER VALLEY - CLOVERDALE AREA,,0
PTJPL,2010-01-01,5-002.01,5-002,ALTURAS AREA,ALTURAS AREA - SOUTH FORK PITT RIVER,33.260117,160105
PTJPL,2010-01-01,5-002.02,5-002,ALTURAS AREA,ALTURAS AREA - WARM SPRINGS VALLEY,,0
PTJPL,2010-01-01,5-010,5-010,AMERICAN VALLEY,AMERICAN VALLEY,20.449628,18433
PTJPL,2010-01-01,7-016,7-016,AMES VALLEY,AMES VALLEY,17.761335,487562
PTJPL,2010-01-01,7-034,7-034,AMOS VALLEY,AMOS VALLEY,20.421624,584286
PTJPL,2010-01-01,1-019,1-019,ANDERSON VALLEY,ANDERSON VALLEY,,0
PTJPL,2010-01-01,1-049,1-049,ANNAPOLIS OHLSON RANCH FORMATION HIGHLANDS,ANNAPOLIS OHLSON RANCH FORMATION HIGHLANDS,,0
PTJPL,2010-01-01,5-091,5-091,ANTELOPE CREEK,ANTELOPE CREEK,28.38,50
PTJPL,2010-01-01,6-044,6-044,ANTELOPE VALLEY,ANTELOPE VALLEY,28.195635,4440119
PTJPL,2010-01-01,6-007,6-007,ANTELOPE VALLEY,ANTELOPE VALLEY,19.855577,32841
PTJPL,2010-01-01,3-034,3-034,ARROYO DE LA CRUZ VALLEY,ARROYO DE LA CRUZ VALLEY,42.504959,3428
PTJPL,2010-01-01,2-031,2-031,ARROYO DEL HAMBRE VALLEY,ARROYO DEL HAMBRE VALLEY,,0
PTJPL,2010-01-01,4-007,4-007,ARROYO SANTA ROSA VALLEY,ARROYO SANTA ROSA VALLEY,52.879328,17618
PTJPL,2010-01-01,7-037,7-037,ARROYO SECO VALLEY,ARROYO SECO VALLEY,23.458368,1152313
PTJPL,2010-01-01,5-054,5-054,ASH VALLEY,ASH VALLEY,33.25,4
PTJPL,2010-01-01,6-026,6-026,AVAWATZ VALLEY,AVAWATZ VALLEY,12.739812,123968
PTJPL,2010-01-01,3-020,3-020,A�O NUEVO AREA,A�O NUEVO AREA,38.448936,8979
PTJPL,2010-01-01,9-022,9-022,BATIQUITOS LAGOON VALLEY,BATIQUITOS LAGOON VALLEY,58.786443,3334
PTJPL,2010-01-01,8-009,8-009,BEAR VALLEY,BEAR VALLEY,16.471837,32365
PTJPL,2010-01-01,5-064,5-064,BEAR VALLEY,BEAR VALLEY,26.712891,512
PTJPL,2010-01-01,5-020,5-020,BERRYESSA VALLEY,BERRYESSA VALLEY,28.213904,374
PTJPL,2010-01-01,7-015,7-015,BESSEMER VALLEY,BESSEMER VALLEY,19.555485,175679
PTJPL,2010-01-01,6-025,6-025,BICYCLE VALLEY,BICYCLE VALLEY,13.907386,402033
PTJPL,2010-01-01,1-027,1-027,BIG LAGOON AREA,BIG LAGOON AREA,44.537496,57420
PTJPL,2010-01-01,8-007,8-007,BIG MEADOWS VALLEY,BIG MEADOWS VALLEY,11.313653,43140
PTJPL,2010-01-01,1-045,1-045,BIG RIVER VALLEY,BIG RIVER VALLEY,,0
PTJPL,2010-01-01,3-047,3-047,BIG SPRING AREA,BIG SPRING AREA,28.625863,32897
PTJPL,2010-01-01,5-015,5-015,BIG VALLEY,BIG VALLEY,,0
PTJPL,2010-01-01,5-004,5-004,BIG VALLEY,BIG VALLEY,31.772727,506
PTJPL,2010-01-01,3-030,3-030,BITTER WATER VALLEY,BITTER WATER VALLEY,40.15878,144867
PTJPL,2010-01-01,6-013,6-013,BLACK SPRINGS VALLEY,BLACK SPRINGS VALLEY,13.317746,125978
PTJPL,2010-01-01,5-092,5-092,BLANCHARD VALLEY,BLANCHARD VALLEY,27.367188,384
PTJPL,2010-01-01,1-057,1-057,BODEGA BAY AREA,BODEGA BAY AREA,,0
PTJPL,2010-01-01,7-024.01,7-024,BORREGO VALLEY,BORREGO VALLEY - BORREGO SPRINGS,20.900838,282155
PTJPL,2010-01-01,7-024.02,7-024,BORREGO VALLEY,BORREGO VALLEY - OCOTILLO WELLS,17.826675,405078
PTJPL,2010-01-01,1-039,1-039,BRANSCOMB TOWN AREA,BRANSCOMB TOWN AREA,32.627212,5652
PTJPL,2010-01-01,1-017,1-017,BRAY TOWN AREA,BRAY TOWN AREA,,0
PTJPL,2010-01-01,6-008,6-008,BRIDGEPORT VALLEY,BRIDGEPORT VALLEY,13.673123,1239
PTJPL,2010-01-01,7-008,7-008,BRISTOL VALLEY,BRISTOL VALLEY,20.188706,2234028
PTJPL,2010-01-01,5-080,5-080,BRITE VALLEY,BRITE VALLEY,18.270295,11850
PTJPL,2010-01-01,6-032,6-032,BROADWELL VALLEY,BROADWELL VALLEY,22.523786,413087
PTJPL,2010-01-01,6-076,6-076,BROWN MOUNTAIN VALLEY,BROWN MOUNTAIN VALLEY,15.562694,97673
PTJPL,2010-01-01,7-054,7-054,BUCK RIDGE FAULT VALLEY,BUCK RIDGE FAULT VALLEY,22.207523,31076
PTJPL,2010-01-01,6-101,6-101,BULL FLAT,BULL FLAT,15.907737,2753
PTJPL,2010-01-01,5-048,5-048,BURNEY CREEK VALLEY,BURNEY CREEK VALLEY,29.397484,7950
PTJPL,2010-01-01,5-017,5-017,BURNS VALLEY,BURNS VALLEY,26.619883,171
PTJPL,2010-01-01,5-051,5-051,BUTTE CREEK VALLEY,BUTTE CREEK VALLEY,26.952381,63
PTJPL,2010-01-01,1-003,1-003,BUTTE VALLEY,BUTTE VALLEY,,0
PTJPL,2010-01-01,6-081,6-081,BUTTE VALLEY,BUTTE VALLEY,12.543897,39581
PTJPL,2010-01-01,6-070,6-070,CACTUS FLAT,CACTUS FLAT,15.445313,30967
PTJPL,2010-01-01,7-007,7-007,CADIZ VALLEY,CADIZ VALLEY,18.399998,1213316
PTJPL,2010-01-01,6-090,6-090,CADY FAULT AREA,CADY FAULT AREA,25.364445,35753
PTJPL,2010-01-01,9-006,9-006,CAHUILLA VALLEY,CAHUILLA VALLEY,24.996836,81848
PTJPL,2010-01-01,6-079,6-079,CALIFORNIA VALLEY,CALIFORNIA VALLEY,21.015322,258908
PTJPL,2010-01-01,7-041,7-041,CALZONA VALLEY,CALZONA VALLEY,32.494498,340869
PTJPL,2010-01-01,6-061,6-061,CAMEO AREA,CAMEO AREA,13.538627,41266
PTJPL,2010-01-01,9-028,9-028,CAMPO VALLEY,CAMPO VALLEY,29.272859,15902
PTJPL,2010-01-01,7-046,7-046,CANEBRAKE VALLEY,CANEBRAKE VALLEY,19.831345,24310
PTJPL,2010-01-01,3-007,3-007,CARMEL VALLEY,CARMEL VALLEY,46.971745,18864
PTJPL,2010-01-01,3-018,3-018,CARPINTERIA,CARPINTERIA,43.279307,33866
PTJPL,2010-01-01,3-019,3-019,CARRIZO PLAIN,CARRIZO PLAIN,25.813375,942565
PTJPL,2010-01-01,6-006,6-006,CARSON VALLEY,CARSON VALLEY,14.408887,13390
PTJPL,2010-01-01,5-029,5-029,CASTAC LAKE VALLEY,CASTAC LAKE VALLEY,30.914005,15966
PTJPL,2010-01-01,2-008,2-008,CASTRO VALLEY,CASTRO VALLEY,32.098339,8186
PTJPL,2010-01-01,6-038,6-038,CAVES CANYON VALLEY,CAVES CANYON VALLEY,23.771833,328088
PTJPL,2010-01-01,5-045,5-045,CAYTON VALLEY,CAYTON VALLEY,30.607012,4364
PTJPL,2010-01-01,3-038,3-038,CAYUCOS VALLEY,CAYUCOS VALLEY,41.786091,949
PTJPL,2010-01-01,7-043,7-043,CHEMEHUEVI VALLEY,CHEMEHUEVI VALLEY,26.47081,1221349
PTJPL,2010-01-01,7-032,7-032,CHOCOLATE VALLEY,CHOCOLATE VALLEY,20.783576,580540
PTJPL,2010-01-01,3-005,3-005,CHOLAME VALLEY,CHOLAME VALLEY,32.071944,178806
PTJPL,2010-01-01,3-042,3-042,CHORRO VALLEY,CHORRO VALLEY,41.513251,6377
PTJPL,2010-01-01,5-061,5-061,CHROME TOWN AREA,CHROME TOWN AREA,24.497621,3573
PTJPL,2010-01-01,7-005,7-005,CHUCKWALLA VALLEY,CHUCKWALLA VALLEY,21.679249,2704916
PTJPL,2010-01-01,2-005,2-005,CLAYTON VALLEY,CLAYTON VALLEY,30.231532,47717
PTJPL,2010-01-01,5-066,5-066,CLEAR LAKE CACHE FORMATION,CLEAR LAKE CACHE FORMATION,29.187625,7483
PTJPL,2010-01-01,5-058,5-058,CLOVER VALLEY,CLOVER VALLEY,15.54717,53
PTJPL,2010-01-01,7-021.03,7-021,COACHELLA VALLEY,COACHELLA VALLEY - DESERT HOT SPRINGS,19.698469,453937
PTJPL,2010-01-01,7-021.01,7-021,COACHELLA VALLEY,COACHELLA VALLEY - INDIO,28.049891,1335733
PTJPL,2010-01-01,7-021.02,7-021,COACHELLA VALLEY,COACHELLA VALLEY - MISSION CREEK,19.457993,218355
PTJPL,2010-01-01,7-021.04,7-021,COACHELLA VALLEY,COACHELLA VALLEY - SAN GORGONIO PASS,25.006669,172748
PTJPL,2010-01-01,4-011.04,4-011,COASTAL PLAIN OF LOS ANGELES,COASTAL PLAIN OF LOS ANGELES - CENTRAL,36.761795,708339
PTJPL,2010-01-01,4-011.02,4-011,COASTAL PLAIN OF LOS ANGELES,COASTAL PLAIN OF LOS ANGELES - HOLLYWOOD,33.648047,43054
PTJPL,2010-01-01,4-011.01,4-011,COASTAL PLAIN OF LOS ANGELES,COASTAL PLAIN OF LOS ANGELES - SANTA MONICA,56.354957,135715
PTJPL,2010-01-01,4-011.03,4-011,COASTAL PLAIN OF LOS ANGELES,COASTAL PLAIN OF LOS ANGELES - WEST COAST,58.519554,386054
PTJPL,2010-01-01,8-001,8-001,COASTAL PLAIN OF ORANGE COUNTY,COASTAL PLAIN OF ORANGE COUNTY,39.041403,997507
PTJPL,2010-01-01,9-033,9-033,COASTAL PLAIN OF SAN DIEGO,COASTAL PLAIN OF SAN DIEGO,62.117772,240541
PTJPL,2010-01-01,6-072,6-072,COLES FLAT,COLES FLAT,12.249609,11522
PTJPL,2010-01-01,5-019,5-019,COLLAYOMI VALLEY,COLLAYOMI VALLEY,,0
PTJPL,2010-01-01,7-055,7-055,COLLINS VALLEY,COLLINS VALLEY,20.703726,31751
PTJPL,2010-01-01,4-010,4-010,CONEJO,CONEJO,40.323544,76614
PTJPL,2010-01-01,7-011,7-011,COPPER MOUNTAIN VALLEY,COPPER MOUNTAIN VALLEY,18.410136,136155
PTJPL,2010-01-01,3-002.01,3-002,CORRALITOS,CORRALITOS - PAJARO VALLEY,43.565808,319545
PTJPL,2010-01-01,3-002.02,3-002,CORRALITOS,CORRALITOS - PURISIMA HIGHLANDS,41.095486,56825
PTJPL,2010-01-01,6-055,6-055,COSO VALLEY,COSO VALLEY,12.821356,102002
PTJPL,2010-01-01,1-037,1-037,COTTONEVA CREEK VALLEY,COTTONEVA CREEK VALLEY,38.763183,3205
PTJPL,2010-01-01,9-027,9-027,COTTONWOOD VALLEY,COTTONWOOD VALLEY,26.20942,17262
PTJPL,2010-01-01,1-011,1-011,COVELO ROUND VALLEY,COVELO ROUND VALLEY,,0
PTJPL,2010-01-01,6-091,6-091,COW HEAD LAKE VALLEY,COW HEAD LAKE VALLEY,33.782609,23
PTJPL,2010-01-01,6-037,6-037,COYOTE LAKE VALLEY,COYOTE LAKE VALLEY,19.754096,396167
PTJPL,2010-01-01,5-018,5-018,COYOTE VALLEY,COYOTE VALLEY,29.182297,2090
PTJPL,2010-01-01,7-029,7-029,COYOTE WELLS VALLEY,COYOTE WELLS VALLEY,19.284603,648378
PTJPL,2010-01-01,6-035,6-035,CRONISE VALLEY,CRONISE VALLEY,18.142021,567865
PTJPL,2010-01-01,6-050,6-050,CUDDEBACK VALLEY,CUDDEBACK VALLEY,20.442724,426688
PTJPL,2010-01-01,5-082,5-082,CUDDY CANYON VALLEY,CUDDY CANYON VALLEY,22.607004,13079
PTJPL,2010-01-01,5-083,5-083,CUDDY RANCH AREA,CUDDY RANCH AREA,26.481162,15766
PTJPL,2010-01-01,5-084,5-084,CUDDY VALLEY,CUDDY VALLEY,23.307664,13362
PTJPL,2010-01-01,5-027,5-027,CUMMINGS VALLEY,CUMMINGS VALLEY,21.019963,35566
PTJPL,2010-01-01,3-013,3-013,CUYAMA VALLEY,CUYAMA VALLEY,26.193657,1084074
PTJPL,2010-01-01,7-009,7-009,DALE VALLEY,DALE VALLEY,18.831289,955620
PTJPL,2010-01-01,6-057,6-057,DARWIN VALLEY,DARWIN VALLEY,13.524669,168205
PTJPL,2010-01-01,7-061,7-061,DAVIES VALLEY,DAVIES VALLEY,19.174313,15214
PTJPL,2010-01-01,7-013.01,7-013,DEADMAN VALLEY,DEADMAN VALLEY - DEADMAN LAKE,17.493264,400181
PTJPL,2010-01-01,7-013.02,7-013,DEADMAN VALLEY,DEADMAN VALLEY - SURPRISE SPRING,17.308378,131543
PTJPL,2010-01-01,6-018,6-018,DEATH VALLEY,DEATH VALLEY,17.082553,4059003
PTJPL,2010-01-01,6-015,6-015,DEEP SPRINGS VALLEY,DEEP SPRINGS VALLEY,14.291969,12402
PTJPL,2010-01-01,6-078,6-078,DENNING SPRING VALLEY,DENNING SPRING VALLEY,16.316257,32521
PTJPL,2010-01-01,1-034,1-034,DINSMORES TOWN AREA,DINSMORES TOWN AREA,24.585537,9417
PTJPL,2010-01-01,5-053,5-053,DIXIE VALLEY,DIXIE VALLEY,22.515694,3186
PTJPL,2010-01-01,2-040,2-040,DOWNTOWN,DOWNTOWN,,0
PTJPL,2010-01-01,5-049,5-049,DRY BURNEY CREEK VALLEY,DRY BURNEY CREEK VALLEY,22.419483,4527
PTJPL,2010-01-01,3-029,3-029,DRY LAKE VALLEY,DRY LAKE VALLEY,39.744718,6342
PTJPL,2010-01-01,6-095,6-095,DRY VALLEY,DRY VALLEY,32.142857,7
PTJPL,2010-01-01,6-096,6-096,EAGLE LAKE AREA,EAGLE LAKE AREA,,0
PTJPL,2010-01-01,7-033,7-033,EAST SALTON SEA,EAST SALTON SEA,20.813777,876191
PTJPL,2010-01-01,1-044,1-044,EDEN VALLEY,EDEN VALLEY,,0
PTJPL,2010-01-01,1-010,1-010,EEL RIVER VALLEY,EEL RIVER VALLEY,39.568036,304352
PTJPL,2010-01-01,5-041,5-041,EGG LAKE VALLEY,EGG LAKE VALLEY,,0
PTJPL,2010-01-01,9-016,9-016,EL CAJON VALLEY,EL CAJON VALLEY,44.838604,31401
PTJPL,2010-01-01,6-043,6-043,EL MIRAGE VALLEY,EL MIRAGE VALLEY,26.548284,340712
PTJPL,2010-01-01,5-062,5-062,ELK CREEK AREA,ELK CREEK AREA,26.660377,53
PTJPL,2010-01-01,8-004.02,8-004,ELSINORE,ELSINORE - BEDFORD-COLDWATER,36.776166,31577
PTJPL,2010-01-01,8-004.01,8-004,ELSINORE,ELSINORE - ELSINORE VALLEY,40.353751,106001
PTJPL,2010-01-01,9-009,9-009,ESCONDIDO VALLEY,ESCONDIDO VALLEY,40.331858,12882
PTJPL,2010-01-01,1-009,1-009,EUREKA PLAIN,EUREKA PLAIN,45.137159,152604
PTJPL,2010-01-01,6-016,6-016,EUREKA VALLEY,EUREKA VALLEY,10.687014,471290
PTJPL,2010-01-01,1-022,1-022,FAIRCHILD SWAMP VALLEY,FAIRCHILD SWAMP VALLEY,,0
PTJPL,2010-01-01,5-005,5-005,FALL RIVER VALLEY,FALL RIVER VALLEY,31.533057,170597
PTJPL,2010-01-01,7-002,7-002,FENNER VALLEY,FENNER VALLEY,18.451546,2034583
PTJPL,2010-01-01,6-014,6-014,FISH LAKE VALLEY,FISH LAKE VALLEY,11.408921,12599
PTJPL,2010-01-01,3-053,3-053,FOOTHILL,FOOTHILL,54.05723,14765
PTJPL,2010-01-01,1-021,1-021,FORT BRAGG TERRACE AREA,FORT BRAGG TERRACE AREA,39.900348,25609
PTJPL,2010-01-01,1-061,1-061,FORT ROSS TERRACE DEPOSITS,FORT ROSS TERRACE DEPOSITS,,0
PTJPL,2010-01-01,6-046,6-046,FREMONT VALLEY,FREMONT VALLEY,22.147701,1480128
PTJPL,2010-01-01,5-090,5-090,FUNKS CREEK,FUNKS CREEK,28.563113,4793
PTJPL,2010-01-01,1-032,1-032,GARBERVILLE TOWN AREA,GARBERVILLE TOWN AREA,37.54158,4341
PTJPL,2010-01-01,1-020,1-020,GARCIA RIVER VALLEY,GARCIA RIVER VALLEY,,0
PTJPL,2010-01-01,3-003.01,3-003,GILROY-HOLLISTER VALLEY,GILROY-HOLLISTER VALLEY - LLAGAS AREA,41.011237,212060
PTJPL,2010-01-01,3-003.05,3-003,GILROY-HOLLISTER VALLEY,GILROY-HOLLISTER VALLEY - NORTH SAN BENITO,41.334972,573266
PTJPL,2010-01-01,6-085,6-085,GOLD VALLEY,GOLD VALLEY,18.287614,14436
PTJPL,2010-01-01,6-048,6-048,GOLDSTONE VALLEY,GOLDSTONE VALLEY,17.280376,123331
PTJPL,2010-01-01,3-016,3-016,GOLETA,GOLETA,59.339745,41437
PTJPL,2010-01-01,5-001.02,5-001,GOOSE LAKE,GOOSE LAKE - FANDANGO VALLEY,39.71032,14913
PTJPL,2010-01-01,5-001.01,5-001,GOOSE LAKE,GOOSE LAKE - GOOSE VALLEY,34.213459,38265
PTJPL,2010-01-01,5-047,5-047,GOOSE VALLEY,GOOSE VALLEY,30.880673,12889
PTJPL,2010-01-01,6-077,6-077,GRASS VALLEY,GRASS VALLEY,17.200753,44881
PTJPL,2010-01-01,6-094,6-094,GRASSHOPPER VALLEY,GRASSHOPPER VALLEY,,0
PTJPL,2010-01-01,1-048,1-048,GRAVELLY VALLEY,GRAVELLY VALLEY,,0
PTJPL,2010-01-01,5-052,5-052,GRAYS VALLEY,GRAYS VALLEY,27.25,4
PTJPL,2010-01-01,6-084,6-084,GREENWATER VALLEY,GREENWATER VALLEY,14.045431,268934
PTJPL,2010-01-01,5-059,5-059,GRIZZLY VALLEY,GRIZZLY VALLEY,14.17129,1442
PTJPL,2010-01-01,2-022,2-022,HALF MOON BAY TERRACE,HALF MOON BAY TERRACE,34.231792,15035
PTJPL,2010-01-01,1-015,1-015,HAPPY CAMP TOWN AREA,HAPPY CAMP TOWN AREA,37.526049,10461
PTJPL,2010-01-01,6-047,6-047,HARPER VALLEY,HARPER VALLEY,22.822097,1838321
PTJPL,2010-01-01,6-074,6-074,HARRISBURG FLATS,HARRISBURG FLATS,11.820968,111980
PTJPL,2010-01-01,6-093,6-093,HARVEY VALLEY,HARVEY VALLEY,,0
PTJPL,2010-01-01,1-006,1-006,HAYFORK VALLEY,HAYFORK VALLEY,19.677614,3654
PTJPL,2010-01-01,7-048,7-048,HELENDALE FAULT VALLEY,HELENDALE FAULT VALLEY,13.685386,11503
PTJPL,2010-01-01,8-006,8-006,HEMET LAKE VALLEY,HEMET LAKE VALLEY,25.002307,74987
PTJPL,2010-01-01,3-031,3-031,HERNANDEZ VALLEY,HERNANDEZ VALLEY,43.334085,12868
PTJPL,2010-01-01,1-036,1-036,HETTENSHAW VALLEY,HETTENSHAW VALLEY,21.10596,2718
PTJPL,2010-01-01,7-053,7-053,HEXIE MOUNTAIN AREA,HEXIE MOUNTAIN AREA,16.657763,50053
PTJPL,2010-01-01,6-063,6-063,HIDDEN VALLEY,HIDDEN VALLEY,13.849022,70646
PTJPL,2010-01-01,4-016,4-016,HIDDEN VALLEY,HIDDEN VALLEY,57.250331,9831
PTJPL,2010-01-01,5-016,5-016,HIGH VALLEY,HIGH VALLEY,26.866667,150
PTJPL,2010-01-01,6-004,6-004,HONEY LAKE VALLEY,HONEY LAKE VALLEY,20.261233,957
PTJPL,2010-01-01,1-029,1-029,HONEYDEW TOWN AREA,HONEYDEW TOWN AREA,38.474069,10528
PTJPL,2010-01-01,1-007,1-007,HOOPA VALLEY,HOOPA VALLEY,34.758085,16853
PTJPL,2010-01-01,6-097,6-097,HORSE LAKE VALLEY,HORSE LAKE VALLEY,15.615385,130
PTJPL,2010-01-01,5-040,5-040,HOT SPRINGS VALLEY,HOT SPRINGS VALLEY,30.18225,2107
PTJPL,2010-01-01,3-045,3-045,HUASNA VALLEY,HUASNA VALLEY,42.561829,21147
PTJPL,2010-01-01,5-060,5-060,HUMBUG VALLEY,HUMBUG VALLEY,17.108696,1426
PTJPL,2010-01-01,4-018,4-018,HUNGRY VALLEY,HUNGRY VALLEY,24.713291,23836
PTJPL,2010-01-01,1-035,1-035,HYAMPOM VALLEY,HYAMPOM VALLEY,27.851767,4385
PTJPL,2010-01-01,7-030,7-030,IMPERIAL VALLEY,IMPERIAL VALLEY,35.372971,4263234
PTJPL,2010-01-01,5-009,5-009,INDIAN VALLEY,INDIAN VALLEY,19.823839,99721
PTJPL,2010-01-01,6-054,6-054,INDIAN WELLS VALLEY,INDIAN WELLS VALLEY,17.089747,1609410
PTJPL,2010-01-01,7-050,7-050,IRON RIDGE AREA,IRON RIDGE AREA,17.335554,23570
PTJPL,2010-01-01,2-033,2-033,ISLAIS VALLEY,ISLAIS VALLEY,,0
PTJPL,2010-01-01,6-030,6-030,IVANPAH VALLEY,IVANPAH VALLEY,19.692948,882708
PTJPL,2010-01-01,7-047,7-047,JACUMBA VALLEY,JACUMBA VALLEY,25.840183,8979
PTJPL,2010-01-01,5-003,5-003,JESS VALLEY,JESS VALLEY,24.726542,10828
PTJPL,2010-01-01,7-018.01,7-018,JOHNSON VALLEY,JOHNSON VALLEY - SOGGY LAKE,15.399191,347202
PTJPL,2010-01-01,7-018.02,7-018,JOHNSON VALLEY,JOHNSON VALLEY - UPPER JOHNSON VALLEY,18.575614,156367
PTJPL,2010-01-01,5-086,5-086,JOSEPH CREEK,JOSEPH CREEK,33.652247,5363
PTJPL,2010-01-01,7-062,7-062,JOSHUA TREE,JOSHUA TREE,18.287402,150378
PTJPL,2010-01-01,6-089,6-089,KANE WASH AREA,KANE WASH AREA,22.773463,26755
PTJPL,2010-01-01,6-069,6-069,KELSO LANDER VALLEY,KELSO LANDER VALLEY,18.233926,49302
PTJPL,2010-01-01,6-031,6-031,KELSO VALLEY,KELSO VALLEY,17.888646,1145203
PTJPL,2010-01-01,2-019,2-019,KENWOOD VALLEY,KENWOOD VALLEY,29.263391,2931
PTJPL,2010-01-01,5-025,5-025,KERN RIVER VALLEY,KERN RIVER VALLEY,23.209162,311711
PTJPL,2010-01-01,1-002.02,1-002,KLAMATH RIVER VALLEY,KLAMATH RIVER VALLEY - LOWER KLAMATH,,0
PTJPL,2010-01-01,1-002.01,1-002,KLAMATH RIVER VALLEY,KLAMATH RIVER VALLEY - TULELAKE,,0
PTJPL,2010-01-01,1-050,1-050,KNIGHTS VALLEY,KNIGHTS VALLEY,30.357504,7516
PTJPL,2010-01-01,5-007,5-007,LAKE ALMANOR VALLEY,LAKE ALMANOR VALLEY,28.094276,297
PTJPL,2010-01-01,5-046,5-046,LAKE BRITTON AREA,LAKE BRITTON AREA,32.137573,48258
PTJPL,2010-01-01,7-001,7-001,LANFAIR VALLEY,LANFAIR VALLEY,19.183201,703571
PTJPL,2010-01-01,6-036.02,6-036,LANGFORD VALLEY,LANGFORD VALLEY - IRWIN,15.741506,47119
PTJPL,2010-01-01,6-036.01,6-036,LANGFORD VALLEY,LANGFORD VALLEY - LANGFORD WELL LAKE,19.747844,86847
PTJPL,2010-01-01,1-033,1-033,LARABEE VALLEY,LARABEE VALLEY,27.61606,3873
PTJPL,2010-01-01,4-008,4-008,LAS POSAS VALLEY,LAS POSAS VALLEY,43.502242,193098
PTJPL,2010-01-01,5-057,5-057,LAST CHANCE CREEK VALLEY,LAST CHANCE CREEK VALLEY,23.5,2
PTJPL,2010-01-01,7-014,7-014,LAVIC VALLEY,LAVIC VALLEY,21.892442,459882
PTJPL,2010-01-01,1-012,1-012,LAYTONVILLE VALLEY,LAYTONVILLE VALLEY,26.143399,18996
PTJPL,2010-01-01,6-027,6-027,LEACH VALLEY,LEACH VALLEY,14.289905,275049
PTJPL,2010-01-01,6-066,6-066,LEE FLAT,LEE FLAT,13.091881,67239
PTJPL,2010-01-01,6-106,6-106,LITTLE ANTELOPE VALLEY,LITTLE ANTELOPE VALLEY,15.089728,847
PTJPL,2010-01-01,5-065,5-065,LITTLE INDIAN VALLEY,LITTLE INDIAN VALLEY,,0
PTJPL,2010-01-01,1-013,1-013,LITTLE LAKE VALLEY,LITTLE LAKE VALLEY,,0
PTJPL,2010-01-01,1-041,1-041,LITTLE VALLEY,LITTLE VALLEY,39.707633,3393
PTJPL,2010-01-01,2-010,2-010,LIVERMORE VALLEY,LIVERMORE VALLEY,32.095548,309644
PTJPL,2010-01-01,2-038,2-038,LOBOS,LOBOS,,0
PTJPL,2010-01-01,3-006,3-006,LOCKWOOD VALLEY,LOCKWOOD VALLEY,40.980632,253763
PTJPL,2010-01-01,4-017,4-017,LOCKWOOD VALLEY,LOCKWOOD VALLEY,27.484553,96072
PTJPL,2010-01-01,6-011,6-011,LONG VALLEY,LONG VALLEY,13.903785,634
PTJPL,2010-01-01,5-044,5-044,LONG VALLEY,LONG VALLEY,,0
PTJPL,2010-01-01,6-104,6-104,LONG VALLEY,LONG VALLEY,8.357143,98
PTJPL,2010-01-01,5-031,5-031,LONG VALLEY,LONG VALLEY,32.666667,21
PTJPL,2010-01-01,5-070,5-070,LOS BANOS CREEK VALLEY,LOS BANOS CREEK VALLEY,35.766231,21748
PTJPL,2010-01-01,3-008.01,3-008,LOS OSOS VALLEY,LOS OSOS VALLEY - LOS OSOS AREA,45.752604,19010
PTJPL,2010-01-01,3-008.02,3-008,LOS OSOS VALLEY,LOS OSOS VALLEY - WARDEN CREEK,41.096433,7933
PTJPL,2010-01-01,7-051,7-051,LOST HORSE VALLEY,LOST HORSE VALLEY,18.56827,77794
PTJPL,2010-01-01,6-071,6-071,LOST LAKE VALLEY,LOST LAKE VALLEY,17.794547,104530
PTJPL,2010-01-01,6-021,6-021,LOWER KINGSTON VALLEY,LOWER KINGSTON VALLEY,18.175289,1071419
PTJPL,2010-01-01,1-014,1-014,LOWER KLAMATH RIVER VALLEY,LOWER KLAMATH RIVER VALLEY,44.466071,30431
PTJPL,2010-01-01,5-030,5-030,LOWER LAKE VALLEY,LOWER LAKE VALLEY,28.526556,4387
PTJPL,2010-01-01,1-038,1-038,LOWER LAYTONVILLE VALLEY,LOWER LAYTONVILLE VALLEY,28.006385,8770
PTJPL,2010-01-01,6-040,6-040,LOWER MOJAVE RIVER VALLEY,LOWER MOJAVE RIVER VALLEY,24.398249,1283388
PTJPL,2010-01-01,1-060,1-060,LOWER RUSSIAN RIVER VALLEY,LOWER RUSSIAN RIVER VALLEY,33.968421,95
PTJPL,2010-01-01,7-019,7-019,LUCERNE VALLEY,LUCERNE VALLEY,18.513747,662472
PTJPL,2010-01-01,1-008.02,1-008,MAD RIVER VALLEY,MAD RIVER VALLEY - DOWS PRAIRIE SCHOOL AREA,44.381015,67832
PTJPL,2010-01-01,1-008.01,1-008,MAD RIVER VALLEY,MAD RIVER VALLEY - MAD RIVER LOWLAND,41.37609,103898
PTJPL,2010-01-01,6-002,6-002,MADELINE PLAINS,MADELINE PLAINS,18.785758,1629
PTJPL,2010-01-01,3-051,3-051,MAJORS CREEK,MAJORS CREEK,38.403197,1689
PTJPL,2010-01-01,4-022,4-022,MALIBU VALLEY,MALIBU VALLEY,40.027523,2398
PTJPL,2010-01-01,6-064,6-064,MARBLE CANYON AREA,MARBLE CANYON AREA,19.557059,43008
PTJPL,2010-01-01,2-039,2-039,MARINA,MARINA,,0
PTJPL,2010-01-01,6-067,6-067,MARTIS VALLEY,MARTIS VALLEY,21.280977,6061
PTJPL,2010-01-01,7-059,7-059,MASON VALLEY,MASON VALLEY,23.755286,24829
PTJPL,2010-01-01,1-028,1-028,MATTOLE RIVER VALLEY,MATTOLE RIVER VALLEY,41.999489,13708
PTJPL,2010-01-01,5-035,5-035,MCCLOUD AREA,MCCLOUD AREA,29.133806,4372
PTJPL,2010-01-01,5-095,5-095,MEADOW VALLEY,MEADOW VALLEY,22.927928,111
PTJPL,2010-01-01,7-017,7-017,MEANS VALLEY,MEANS VALLEY,15.226034,67158
PTJPL,2010-01-01,6-029,6-029,MESQUITE VALLEY,MESQUITE VALLEY,22.062596,384627
PTJPL,2010-01-01,6-020,6-020,MIDDLE AMARGOSA VALLEY,MIDDLE AMARGOSA VALLEY,19.205326,1741050
PTJPL,2010-01-01,5-094,5-094,MIDDLE CREEK,MIDDLE CREEK,,0
PTJPL,2010-01-01,5-087,5-087,MIDDLE FORK FEATHER RIVER,MIDDLE FORK FEATHER RIVER,17.550948,9284
PTJPL,2010-01-01,6-041,6-041,MIDDLE MOJAVE RIVER VALLEY,MIDDLE MOJAVE RIVER VALLEY,26.209688,949877
PTJPL,2010-01-01,6-080,6-080,MIDDLE PARK CANYON,MIDDLE PARK CANYON,12.330812,7799
PTJPL,2010-01-01,5-085,5-085,MIL POTRERO AREA,MIL POTRERO AREA,27.245573,9940
PTJPL,2010-01-01,9-014,9-014,MISSION VALLEY,MISSION VALLEY,62.949134,31750
PTJPL,2010-01-01,5-011,5-011,MOHAWK VALLEY,MOHAWK VALLEY,15.852845,17716
PTJPL,2010-01-01,6-009,6-009,MONO VALLEY,MONO VALLEY,38.844769,55530
PTJPL,2010-01-01,3-049,3-049,MONTECITO,MONTECITO,50.695719,27307
PTJPL,2010-01-01,7-020,7-020,MORONGO VALLEY,MORONGO VALLEY,18.893433,32496
PTJPL,2010-01-01,3-041,3-041,MORRO VALLEY,MORRO VALLEY,40.4376,2500
PTJPL,2010-01-01,5-008,5-008,MOUNTAIN MEADOWS VALLEY,MOUNTAIN MEADOWS VALLEY,20.58871,1116
PTJPL,2010-01-01,1-056,1-056,McDOWELL VALLEY,McDOWELL VALLEY,,0
PTJPL,2010-01-01,2-002.01,2-002,NAPA-SONOMA VALLEY,NAPA-SONOMA VALLEY - NAPA VALLEY,31.174444,3600
PTJPL,2010-01-01,2-002.03,2-002,NAPA-SONOMA VALLEY,NAPA-SONOMA VALLEY - NAPA-SONOMA LOWLANDS,,0
PTJPL,2010-01-01,2-002.02,2-002,NAPA-SONOMA VALLEY,NAPA-SONOMA VALLEY - SONOMA VALLEY,29.440035,4511
PTJPL,2010-01-01,1-046,1-046,NAVARRO RIVER VALLEY,NAVARRO RIVER VALLEY,,0
PTJPL,2010-01-01,3-052,3-052,NEEDLE ROCK POINT,NEEDLE ROCK POINT,39.340523,3060
PTJPL,2010-01-01,7-044,7-044,NEEDLES VALLEY,NEEDLES VALLEY,30.82271,384625
PTJPL,2010-01-01,5-050,5-050,NORTH FORK BATTLE CREEK,NORTH FORK BATTLE CREEK,25.50405,22224
PTJPL,2010-01-01,2-030,2-030,NOVATO VALLEY,NOVATO VALLEY,,0
PTJPL,2010-01-01,7-025,7-025,OCOTILLO-CLARK VALLEY,OCOTILLO-CLARK VALLEY,19.302303,999504
PTJPL,2010-01-01,7-035,7-035,OGILBY VALLEY,OGILBY VALLEY,21.731067,592059
PTJPL,2010-01-01,4-002,4-002,OJAI VALLEY,OJAI VALLEY,39.659383,26496
PTJPL,2010-01-01,3-039,3-039,OLD VALLEY,OLD VALLEY,41.696807,5043
PTJPL,2010-01-01,6-108,6-108,OLYMPIC VALLEY,OLYMPIC VALLEY,25.6375,80
PTJPL,2010-01-01,7-031,7-031,OROCOPIA VALLEY,OROCOPIA VALLEY,20.228627,432652
PTJPL,2010-01-01,6-012.02,6-012,OWENS VALLEY,OWENS VALLEY - FISH SLOUGH,18.884529,13380
PTJPL,2010-01-01,6-012.01,6-012,OWENS VALLEY,OWENS VALLEY - OWENS VALLEY,17.765612,2182512
PTJPL,2010-01-01,6-088,6-088,OWL LAKE VALLEY,OWL LAKE VALLEY,19.405294,100004
PTJPL,2010-01-01,6-028,6-028,PAHRUMP VALLEY,PAHRUMP VALLEY,20.863945,405975
PTJPL,2010-01-01,6-099,6-099,PAINTERS FLAT,PAINTERS FLAT,14.035714,28
PTJPL,2010-01-01,7-039,7-039,PALO VERDE MESA,PALO VERDE MESA,30.735587,1011292
PTJPL,2010-01-01,7-038,7-038,PALO VERDE VALLEY,PALO VERDE VALLEY,47.691726,302114
PTJPL,2010-01-01,9-024,9-024,PAMO VALLEY,PAMO VALLEY,36.580106,6766
PTJPL,2010-01-01,6-058,6-058,PANAMINT VALLEY,PANAMINT VALLEY,15.397765,1125853
PTJPL,2010-01-01,5-023,5-023,PANOCHE VALLEY,PANOCHE VALLEY,40.143872,147986
PTJPL,2010-01-01,3-032,3-032,PEACH TREE VALLEY,PEACH TREE VALLEY,40.63838,44038
PTJPL,2010-01-01,1-030,1-030,PEPPERWOOD TOWN AREA,PEPPERWOOD TOWN AREA,35.777901,20743
PTJPL,2010-01-01,2-026,2-026,PESCADERO VALLEY,PESCADERO VALLEY,35.797262,11616
PTJPL,2010-01-01,2-001,2-001,PETALUMA VALLEY,PETALUMA VALLEY,30.656716,402
PTJPL,2010-01-01,6-051,6-051,PILOT KNOB VALLEY,PILOT KNOB VALLEY,17.827466,623268
PTJPL,2010-01-01,6-092,6-092,PINE CREEK VALLEY,PINE CREEK VALLEY,27.5,6
PTJPL,2010-01-01,7-006,7-006,PINTO VALLEY,PINTO VALLEY,18.988675,820362
PTJPL,2010-01-01,7-049,7-049,PIPES CANYON FAULT VALLEY,PIPES CANYON FAULT VALLEY,12.932032,15213
PTJPL,2010-01-01,2-004,2-004,PITTSBURG PLAIN,PITTSBURG PLAIN,31.403771,44015
PTJPL,2010-01-01,7-045,7-045,PIUTE VALLEY,PIUTE VALLEY,23.048093,782230
PTJPL,2010-01-01,7-052,7-052,PLEASANT VALLEY,PLEASANT VALLEY,18.617362,43336
PTJPL,2010-01-01,4-006,4-006,PLEASANT VALLEY,PLEASANT VALLEY,47.560042,89204
PTJPL,2010-01-01,5-038,5-038,PONDOSA TOWN AREA,PONDOSA TOWN AREA,25.642042,1489
PTJPL,2010-01-01,5-068,5-068,POPE VALLEY,POPE VALLEY,31.08046,174
PTJPL,2010-01-01,9-029,9-029,POTRERO VALLEY,POTRERO VALLEY,32.229219,9083
PTJPL,2010-01-01,1-051,1-051,POTTER VALLEY,POTTER VALLEY,,0
PTJPL,2010-01-01,9-013,9-013,POWAY VALLEY,POWAY VALLEY,50.488267,11080
PTJPL,2010-01-01,3-044,3-044,POZO VALLEY,POZO VALLEY,36.975962,30784
PTJPL,2010-01-01,1-025,1-025,PRAIRIE CREEK AREA,PRAIRIE CREEK AREA,45.665033,90382
PTJPL,2010-01-01,7-040,7-040,QUIEN SABE POINT VALLEY,QUIEN SABE POINT VALLEY,32.021516,99694
PTJPL,2010-01-01,3-024,3-024,QUIEN SABE VALLEY,QUIEN SABE VALLEY,38.280102,19293
PTJPL,2010-01-01,6-062,6-062,RACE TRACK VALLEY,RACE TRACK VALLEY,14.269873,57327
PTJPL,2010-01-01,3-046,3-046,RAFAEL VALLEY,RAFAEL VALLEY,29.683444,13451
PTJPL,2010-01-01,9-025,9-025,RANCHITA TOWN AREA,RANCHITA TOWN AREA,24.701183,14032
PTJPL,2010-01-01,4-023,4-023,RAYMOND,RAYMOND,20.612665,98238
PTJPL,2010-01-01,6-024,6-024,RED PASS VALLEY,RED PASS VALLEY,14.44483,432367
PTJPL,2010-01-01,1-018,1-018,RED ROCK VALLEY,RED ROCK VALLEY,,0
PTJPL,2010-01-01,5-006.03,5-006,REDDING AREA,REDDING AREA - ANDERSON,30.335785,90132
PTJPL,2010-01-01,5-006.01,5-006,REDDING AREA,REDDING AREA - BOWMAN,28.841348,114685
PTJPL,2010-01-01,5-006.04,5-006,REDDING AREA,REDDING AREA - ENTERPRISE,29.241344,101258
PTJPL,2010-01-01,5-006.05,5-006,REDDING AREA,REDDING AREA - MILLVILLE,30.966036,181132
PTJPL,2010-01-01,5-006.06,5-006,REDDING AREA,REDDING AREA - SOUTH BATTLE CREEK,31.150739,98296
PTJPL,2010-01-01,1-026,1-026,REDWOOD CREEK AREA,REDWOOD CREEK AREA,39.568559,8613
PTJPL,2010-01-01,6-086,6-086,RHODES HILL AREA,RHODES HILL AREA,18.184461,70069
PTJPL,2010-01-01,7-004,7-004,RICE VALLEY,RICE VALLEY,26.315409,841014
PTJPL,2010-01-01,6-023,6-023,RIGGS VALLEY,RIGGS VALLEY,13.976881,393528
PTJPL,2010-01-01,3-043,3-043,RINCONADA VALLEY,RINCONADA VALLEY,39.261613,11582
PTJPL,2010-01-01,5-043,5-043,ROCK PRAIRIE VALLEY,ROCK PRAIRIE VALLEY,,0
PTJPL,2010-01-01,6-056,6-056,ROSE VALLEY,ROSE VALLEY,15.808825,191013
PTJPL,2010-01-01,2-028,2-028,ROSS VALLEY,ROSS VALLEY,,0
PTJPL,2010-01-01,5-036,5-036,ROUND VALLEY,ROUND VALLEY,,0
PTJPL,2010-01-01,4-020,4-020,RUSSELL VALLEY,RUSSELL VALLEY,32.530803,12174
PTJPL,2010-01-01,5-021.54,5-021,SACRAMENTO VALLEY,SACRAMENTO VALLEY - ANTELOPE,33.151494,54682
PTJPL,2010-01-01,5-021.53,5-021,SACRAMENTO VALLEY,SACRAMENTO VALLEY - BEND,31.479296,66462
PTJPL,2010-01-01,5-021.70,5-021,SACRAMENTO VALLEY,SACRAMENTO VALLEY - BUTTE,29.999373,433814
PTJPL,2010-01-01,5-021.52,5-021,SACRAMENTO VALLEY,SACRAMENTO VALLEY - COLUSA,32.537598,646448
PTJPL,2010-01-01,5-021.51,5-021,SACRAMENTO VALLEY,SACRAMENTO VALLEY - CORNING,30.549659,451995
PTJPL,2010-01-01,5-021.56,5-021,SACRAMENTO VALLEY,SACRAMENTO VALLEY - LOS MOLINOS,32.956114,206147
PTJPL,2010-01-01,5-021.64,5-021,SACRAMENTO VALLEY,SACRAMENTO VALLEY - NORTH AMERICAN,30.905995,953440
PTJPL,2010-01-01,5-021.60,5-021,SACRAMENTO VALLEY,SACRAMENTO VALLEY - NORTH YUBA,31.340743,36171
PTJPL,2010-01-01,5-021.50,5-021,SACRAMENTO VALLEY,SACRAMENTO VALLEY - RED BLUFF,28.264051,603977
PTJPL,2010-01-01,5-021.66,5-021,SACRAMENTO VALLEY,SACRAMENTO VALLEY - SOLANO,31.429351,1504472
PTJPL,2010-01-01,5-021.65,5-021,SACRAMENTO VALLEY,SACRAMENTO VALLEY - SOUTH AMERICAN,30.81255,1106207
PTJPL,2010-01-01,5-021.61,5-021,SACRAMENTO VALLEY,SACRAMENTO VALLEY - SOUTH YUBA,30.463359,191709
PTJPL,2010-01-01,5-021.62,5-021,SACRAMENTO VALLEY,SACRAMENTO VALLEY - SUTTER,27.936161,250239
PTJPL,2010-01-01,5-021.57,5-021,SACRAMENTO VALLEY,SACRAMENTO VALLEY - VINA,32.752195,183737
PTJPL,2010-01-01,5-021.69,5-021,SACRAMENTO VALLEY,SACRAMENTO VALLEY - WYANDOTTE CREEK,26.315557,147181
PTJPL,2010-01-01,5-021.67,5-021,SACRAMENTO VALLEY,SACRAMENTO VALLEY - YOLO,30.849401,1232209
PTJPL,2010-01-01,3-004.01,3-004,SALINAS VALLEY,SALINAS VALLEY - 180/400 FOOT AQUIFER,44.470974,401776
PTJPL,2010-01-01,3-004.11,3-004,SALINAS VALLEY,SALINAS VALLEY - ATASCADERO AREA,37.572611,88554
PTJPL,2010-01-01,3-004.02,3-004,SALINAS VALLEY,SALINAS VALLEY - EAST SIDE AQUIFER,43.882973,258326
PTJPL,2010-01-01,3-004.04,3-004,SALINAS VALLEY,SALINAS VALLEY - FOREBAY AQUIFER,42.512034,372471
PTJPL,2010-01-01,3-004.09,3-004,SALINAS VALLEY,SALINAS VALLEY - LANGLEY AREA,46.641845,79217
PTJPL,2010-01-01,3-004.10,3-004,SALINAS VALLEY,SALINAS VALLEY - MONTEREY,47.206496,137930
PTJPL,2010-01-01,3-004.06,3-004,SALINAS VALLEY,SALINAS VALLEY - PASO ROBLES AREA,33.927962,1950596
PTJPL,2010-01-01,3-004.08,3-004,SALINAS VALLEY,SALINAS VALLEY - SEASIDE,46.866316,62618
PTJPL,2010-01-01,3-004.05,3-004,SALINAS VALLEY,SALINAS VALLEY - UPPER VALLEY AQUIFER,38.341536,1053080
PTJPL,2010-01-01,6-017,6-017,SALINE VALLEY,SALINE VALLEY,13.914122,623127
PTJPL,2010-01-01,6-053,6-053,SALT WELLS VALLEY,SALT WELLS VALLEY,18.318529,132484
PTJPL,2010-01-01,3-014,3-014,SAN ANTONIO CREEK VALLEY,SAN ANTONIO CREEK VALLEY,49.484711,301165
PTJPL,2010-01-01,3-028,3-028,SAN BENITO RIVER VALLEY,SAN BENITO RIVER VALLEY,44.764212,105035
PTJPL,2010-01-01,3-033,3-033,SAN CARPOFORO VALLEY,SAN CARPOFORO VALLEY,47.567441,4693
PTJPL,2010-01-01,9-015,9-015,SAN DIEGO RIVER VALLEY,SAN DIEGO RIVER VALLEY,46.277386,38030
PTJPL,2010-01-01,9-012,9-012,SAN DIEGUITO CREEK,SAN DIEGUITO CREEK,62.432684,15457
PTJPL,2010-01-01,9-023,9-023,SAN ELIJO VALLEY,SAN ELIJO VALLEY,61.003779,3969
PTJPL,2010-01-01,7-027,7-027,SAN FELIPE VALLEY,SAN FELIPE VALLEY,24.580949,105140
PTJPL,2010-01-01,4-012,4-012,SAN FERNANDO VALLEY,SAN FERNANDO VALLEY,19.915466,628281
PTJPL,2010-01-01,4-013,4-013,SAN GABRIEL VALLEY,SAN GABRIEL VALLEY,24.596183,539051
PTJPL,2010-01-01,2-024,2-024,SAN GREGORIO VALLEY,SAN GREGORIO VALLEY,34.240057,4199
PTJPL,2010-01-01,8-005,8-005,SAN JACINTO,SAN JACINTO,36.343012,708582
PTJPL,2010-01-01,5-022.05,5-022,SAN JOAQUIN VALLEY,SAN JOAQUIN VALLEY - CHOWCHILLA,34.642112,539887
PTJPL,2010-01-01,5-022.16,5-022,SAN JOAQUIN VALLEY,SAN JOAQUIN VALLEY - COSUMNES,31.817502,945201
PTJPL,2010-01-01,5-022.07,5-022,SAN JOAQUIN VALLEY,SAN JOAQUIN VALLEY - DELTA-MENDOTA,38.713736,3433306
PTJPL,2010-01-01,5-022.19,5-022,SAN JOAQUIN VALLEY,SAN JOAQUIN VALLEY - EAST CONTRA COSTA,32.929735,466551
PTJPL,2010-01-01,5-022.01,5-022,SAN JOAQUIN VALLEY,SAN JOAQUIN VALLEY - EASTERN SAN JOAQUIN,34.106119,3350904
PTJPL,2010-01-01,5-022.11,5-022,SAN JOAQUIN VALLEY,SAN JOAQUIN VALLEY - KAWEAH,34.407393,1912561
PTJPL,2010-01-01,5-022.14,5-022,SAN JOAQUIN VALLEY,SAN JOAQUIN VALLEY - KERN COUNTY,41.125158,5389177
PTJPL,2010-01-01,5-022.17,5-022,SAN JOAQUIN VALLEY,SAN JOAQUIN VALLEY - KETTLEMAN PLAIN,33.203554,240521
PTJPL,2010-01-01,5-022.08,5-022,SAN JOAQUIN VALLEY,SAN JOAQUIN VALLEY - KINGS,33.846576,3048143
PTJPL,2010-01-01,5-022.06,5-022,SAN JOAQUIN VALLEY,SAN JOAQUIN VALLEY - MADERA,31.622501,1180158
PTJPL,2010-01-01,5-022.04,5-022,SAN JOAQUIN VALLEY,SAN JOAQUIN VALLEY - MERCED,37.446125,1823957
PTJPL,2010-01-01,5-022.02,5-022,SAN JOAQUIN VALLEY,SAN JOAQUIN VALLEY - MODESTO,36.863275,1002746
PTJPL,2010-01-01,5-022.10,5-022,SAN JOAQUIN VALLEY,SAN JOAQUIN VALLEY - PLEASANT VALLEY,35.661731,187008
PTJPL,2010-01-01,5-022.15,5-022,SAN JOAQUIN VALLEY,SAN JOAQUIN VALLEY - TRACY,35.425316,1062356
PTJPL,2010-01-01,5-022.12,5-022,SAN JOAQUIN VALLEY,SAN JOAQUIN VALLEY - TULARE LAKE,36.407483,1729627
PTJPL,2010-01-01,5-022.13,5-022,SAN JOAQUIN VALLEY,SAN JOAQUIN VALLEY - TULE,37.684814,2043793
PTJPL,2010-01-01,5-022.03,5-022,SAN JOAQUIN VALLEY,SAN JOAQUIN VALLEY - TURLOCK,38.340777,1369321
PTJPL,2010-01-01,5-022.09,5-022,SAN JOAQUIN VALLEY,SAN JOAQUIN VALLEY - WESTSIDE,38.435986,2362043
PTJPL,2010-01-01,5-022.18,5-022,SAN JOAQUIN VALLEY,SAN JOAQUIN VALLEY - WHITE WOLF,40.990138,460249
PTJPL,2010-01-01,9-001,9-001,SAN JUAN VALLEY,SAN JUAN VALLEY,50.091558,73254
PTJPL,2010-01-01,3-009,3-009,SAN LUIS OBISPO VALLEY,SAN LUIS OBISPO VALLEY,41.80065,57221
PTJPL,2010-01-01,9-007.02,9-007,SAN LUIS REY VALLEY,SAN LUIS REY VALLEY - LOWER SAN LUIS REY VALLEY,57.451716,46175
PTJPL,2010-01-01,9-007.01,9-007,SAN LUIS REY VALLEY,SAN LUIS REY VALLEY - UPPER SAN LUIS REY VALLEY,43.267056,86570
PTJPL,2010-01-01,9-032,9-032,SAN MARCOS AREA,SAN MARCOS AREA,52.926061,9562
PTJPL,2010-01-01,9-002,9-002,SAN MATEO VALLEY,SAN MATEO VALLEY,59.723925,13145
PTJPL,2010-01-01,9-003,9-003,SAN ONOFRE VALLEY,SAN ONOFRE VALLEY,59.060007,5516
PTJPL,2010-01-01,9-010,9-010,SAN PASQUAL VALLEY,SAN PASQUAL VALLEY,41.270165,15720
PTJPL,2010-01-01,2-036,2-036,SAN PEDRO VALLEY,SAN PEDRO VALLEY,,0
PTJPL,2010-01-01,2-029,2-029,SAN RAFAEL VALLEY,SAN RAFAEL VALLEY,,0
PTJPL,2010-01-01,2-007,2-007,SAN RAMON VALLEY,SAN RAMON VALLEY,31.457293,31529
PTJPL,2010-01-01,3-035,3-035,SAN SIMEON VALLEY,SAN SIMEON VALLEY,46.498294,2344
PTJPL,2010-01-01,2-027,2-027,SAND POINT AREA,SAND POINT AREA,33.15306,9591
PTJPL,2010-01-01,1-053,1-053,SANEL VALLEY,SANEL VALLEY,,0
PTJPL,2010-01-01,3-022,3-022,SANTA ANA VALLEY,SANTA ANA VALLEY,39.086783,12249
PTJPL,2010-01-01,3-017,3-017,SANTA BARBARA,SANTA BARBARA,50.304978,26897
PTJPL,2010-01-01,4-004.05,4-004,SANTA CLARA RIVER VALLEY,SANTA CLARA RIVER VALLEY - FILLMORE,43.990003,101435
PTJPL,2010-01-01,4-004.03,4-004,SANTA CLARA RIVER VALLEY,SANTA CLARA RIVER VALLEY - MOUND,44.499196,61595
PTJPL,2010-01-01,4-004.02,4-004,SANTA CLARA RIVER VALLEY,SANTA CLARA RIVER VALLEY - OXNARD,47.903215,250493
PTJPL,2010-01-01,4-004.06,4-004,SANTA CLARA RIVER VALLEY,SANTA CLARA RIVER VALLEY - PIRU,35.083258,42951
PTJPL,2010-01-01,4-004.07,4-004,SANTA CLARA RIVER VALLEY,SANTA CLARA RIVER VALLEY - SANTA CLARA RIVER VALLEY EAST,25.263986,277727
PTJPL,2010-01-01,4-004.04,4-004,SANTA CLARA RIVER VALLEY,SANTA CLARA RIVER VALLEY - SANTA PAULA,46.636085,99438
PTJPL,2010-01-01,2-009.04,2-009,SANTA CLARA VALLEY,SANTA CLARA VALLEY - EAST BAY PLAIN,32.519275,157377
PTJPL,2010-01-01,2-009.01,2-009,SANTA CLARA VALLEY,SANTA CLARA VALLEY - NILES CONE,35.277269,291590
PTJPL,2010-01-01,2-009.03,2-009,SANTA CLARA VALLEY,SANTA CLARA VALLEY - SAN MATEO PLAIN,35.873216,161337
PTJPL,2010-01-01,2-009.02,2-009,SANTA CLARA VALLEY,SANTA CLARA VALLEY - SANTA CLARA,36.369059,848596
PTJPL,2010-01-01,3-001,3-001,SANTA CRUZ MID-COUNTY,SANTA CRUZ MID-COUNTY,42.370678,126061
PTJPL,2010-01-01,3-027,3-027,SANTA MARGARITA,SANTA MARGARITA,41.369398,99987
PTJPL,2010-01-01,9-004,9-004,SANTA MARGARITA VALLEY,SANTA MARGARITA VALLEY,59.477414,22425
PTJPL,2010-01-01,3-012.02,3-012,SANTA MARIA RIVER VALLEY,SANTA MARIA RIVER VALLEY - ARROYO GRANDE,41.21666,13025
PTJPL,2010-01-01,3-012.01,3-012,SANTA MARIA RIVER VALLEY,SANTA MARIA RIVER VALLEY - SANTA MARIA,44.686818,762113
PTJPL,2010-01-01,9-011,9-011,SANTA MARIA VALLEY,SANTA MARIA VALLEY,41.871568,55259
PTJPL,2010-01-01,6-068,6-068,SANTA ROSA FLAT,SANTA ROSA FLAT,13.662755,65608
PTJPL,2010-01-01,3-036,3-036,SANTA ROSA VALLEY,SANTA ROSA VALLEY,41.227653,15304
PTJPL,2010-01-01,1-055.02,1-055,SANTA ROSA VALLEY,SANTA ROSA VALLEY - HEALDSBURG AREA,34.54659,10968
PTJPL,2010-01-01,1-055.03,1-055,SANTA ROSA VALLEY,SANTA ROSA VALLEY - RINCON VALLEY,30.401208,7283
PTJPL,2010-01-01,1-055.01,1-055,SANTA ROSA VALLEY,SANTA ROSA VALLEY - SANTA ROSA PLAIN,33.207308,33472
PTJPL,2010-01-01,3-015,3-015,SANTA YNEZ RIVER VALLEY,SANTA YNEZ RIVER VALLEY,48.167658,886227
PTJPL,2010-01-01,1-005,1-005,SCOTT RIVER VALLEY,SCOTT RIVER VALLEY,24.451173,93175
PTJPL,2010-01-01,5-014,5-014,SCOTTS VALLEY,SCOTTS VALLEY,,0
PTJPL,2010-01-01,6-052,6-052,SEARLES VALLEY,SEARLES VALLEY,17.795527,881546
PTJPL,2010-01-01,6-100,6-100,SECRET VALLEY,SECRET VALLEY,19.917226,447
PTJPL,2010-01-01,1-016,1-016,SEIAD VALLEY,SEIAD VALLEY,30.841311,9547
PTJPL,2010-01-01,8-008,8-008,SEVEN OAKS VALLEY,SEVEN OAKS VALLEY,16.012601,18014
PTJPL,2010-01-01,1-004,1-004,SHASTA VALLEY,SHASTA VALLEY,,0
PTJPL,2010-01-01,1-042,1-042,SHERWOOD VALLEY,SHERWOOD VALLEY,32.668859,2129
PTJPL,2010-01-01,5-012.02,5-012,SIERRA VALLEY,SIERRA VALLEY - CHILCOOT,,0
PTJPL,2010-01-01,5-012.01,5-012,SIERRA VALLEY,SIERRA VALLEY - SIERRA VALLEY,17.26349,1742
PTJPL,2010-01-01,6-034,6-034,SILVER LAKE VALLEY,SILVER LAKE VALLEY,18.017369,158273
PTJPL,2010-01-01,4-009,4-009,SIMI VALLEY,SIMI VALLEY,18.802543,46790
PTJPL,2010-01-01,6-105,6-105,SLINKARD VALLEY,SLINKARD VALLEY,14.177778,270
PTJPL,2010-01-01,1-001,1-001,SMITH RIVER PLAIN,SMITH RIVER PLAIN,46.062561,146480
PTJPL,2010-01-01,6-033,6-033,SODA LAKE VALLEY,SODA LAKE VALLEY,20.462108,1708930
PTJPL,2010-01-01,2-037,2-037,SOUTH SAN FRANCISCO,SOUTH SAN FRANCISCO,,0
PTJPL,2010-01-01,6-082,6-082,SPRING CANYON VALLEY,SPRING CANYON VALLEY,18.134451,21584
PTJPL,2010-01-01,5-089,5-089,SQUAW FLAT,SQUAW FLAT,28.422993,2279
PTJPL,2010-01-01,5-088,5-088,STONY GORGE RESERVOIR,STONY GORGE RESERVOIR,28.363208,1060
PTJPL,2010-01-01,5-063,5-063,STONYFORD TOWN AREA,STONYFORD TOWN AREA,27.190114,263
PTJPL,2010-01-01,2-003,2-003,SUISUN-FAIRFIELD VALLEY,SUISUN-FAIRFIELD VALLEY,30.394516,382230
PTJPL,2010-01-01,2-011,2-011,SUNOL VALLEY,SUNOL VALLEY,31.97397,74759
PTJPL,2010-01-01,6-049,6-049,SUPERIOR VALLEY,SUPERIOR VALLEY,17.334999,539903
PTJPL,2010-01-01,6-001,6-001,SURPRISE VALLEY,SURPRISE VALLEY,34.231294,718142
PTJPL,2010-01-01,6-107,6-107,SWEETWATER FLAT,SWEETWATER FLAT,15.662474,477
PTJPL,2010-01-01,6-005.03,6-005,TAHOE VALLEY,TAHOE VALLEY - TAHOE NORTH,13.741176,340
PTJPL,2010-01-01,6-005.01,6-005,TAHOE VALLEY,TAHOE VALLEY - TAHOE SOUTH,15.729949,8765
PTJPL,2010-01-01,6-005.02,6-005,TAHOE VALLEY,TAHOE VALLEY - TAHOE WEST,21.426151,7319
PTJPL,2010-01-01,6-045,6-045,TEHACHAPI VALLEY EAST,TEHACHAPI VALLEY EAST,19.737957,98606
PTJPL,2010-01-01,5-028,5-028,TEHACHAPI VALLEY WEST,TEHACHAPI VALLEY WEST,17.271983,55077
PTJPL,2010-01-01,9-005,9-005,TEMECULA VALLEY,TEMECULA VALLEY,39.903413,394142
PTJPL,2010-01-01,1-040,1-040,TEN MILE RIVER VALLEY,TEN MILE RIVER VALLEY,39.293958,5892
PTJPL,2010-01-01,7-026,7-026,TERWILLIGER VALLEY,TERWILLIGER VALLEY,24.537694,36067
PTJPL,2010-01-01,4-019,4-019,THOUSAND OAKS AREA,THOUSAND OAKS AREA,31.764019,12251
PTJPL,2010-01-01,4-015,4-015,TIERRA REJADA,TIERRA REJADA,41.663848,18923
PTJPL,2010-01-01,5-037,5-037,TOAD WELL AREA,TOAD WELL AREA,,0
PTJPL,2010-01-01,3-040,3-040,TORO VALLEY,TORO VALLEY,43.191963,3235
PTJPL,2010-01-01,6-098,6-098,TULEDAD CANYON VALLEY,TULEDAD CANYON VALLEY,18.785972,1939
PTJPL,2010-01-01,7-010,7-010,TWENTYNINE PALMS VALLEY,TWENTYNINE PALMS VALLEY,16.464274,279908
PTJPL,2010-01-01,1-052,1-052,UKIAH VALLEY,UKIAH VALLEY,,0
PTJPL,2010-01-01,6-022,6-022,UPPER KINGSTON VALLEY,UPPER KINGSTON VALLEY,19.250818,794700
PTJPL,2010-01-01,5-013,5-013,UPPER LAKE VALLEY,UPPER LAKE VALLEY,,0
PTJPL,2010-01-01,6-042,6-042,UPPER MOJAVE RIVER VALLEY,UPPER MOJAVE RIVER VALLEY,23.557004,1836321
PTJPL,2010-01-01,4-001,4-001,UPPER OJAI VALLEY,UPPER OJAI VALLEY,38.880879,17117
PTJPL,2010-01-01,3-023,3-023,UPPER SANTA ANA VALLEY,UPPER SANTA ANA VALLEY,38.102811,6439
PTJPL,2010-01-01,8-002.05,8-002,UPPER SANTA ANA VALLEY,UPPER SANTA ANA VALLEY - CAJON,23.297504,102587
PTJPL,2010-01-01,8-002.01,8-002,UPPER SANTA ANA VALLEY,UPPER SANTA ANA VALLEY - CHINO,28.738048,689904
PTJPL,2010-01-01,8-002.02,8-002,UPPER SANTA ANA VALLEY,UPPER SANTA ANA VALLEY - CUCAMONGA,24.021519,40569
PTJPL,2010-01-01,8-002.04,8-002,UPPER SANTA ANA VALLEY,UPPER SANTA ANA VALLEY - RIALTO-COLTON,30.508527,111296
PTJPL,2010-01-01,8-002.03,8-002,UPPER SANTA ANA VALLEY,UPPER SANTA ANA VALLEY - RIVERSIDE-ARLINGTON,35.645636,254185
PTJPL,2010-01-01,8-002.06,8-002,UPPER SANTA ANA VALLEY,UPPER SANTA ANA VALLEY - SAN BERNARDINO,31.172248,414408
PTJPL,2010-01-01,8-002.08,8-002,UPPER SANTA ANA VALLEY,UPPER SANTA ANA VALLEY - SAN TIMOTEO,31.046036,144951
PTJPL,2010-01-01,8-002.09,8-002,UPPER SANTA ANA VALLEY,UPPER SANTA ANA VALLEY - TEMESCAL,34.6998,103208
PTJPL,2010-01-01,8-002.07,8-002,UPPER SANTA ANA VALLEY,UPPER SANTA ANA VALLEY - YUCAIPA,28.768138,99887
PTJPL,2010-01-01,7-028,7-028,VALLECITO-CARRIZO VALLEY,VALLECITO-CARRIZO VALLEY,19.413488,547711
PTJPL,2010-01-01,5-071,5-071,VALLECITOS CREEK VALLEY,VALLECITOS CREEK VALLEY,39.734542,67359
PTJPL,2010-01-01,7-063,7-063,VANDEVENTER FLAT,VANDEVENTER FLAT,26.46208,30274
PTJPL,2010-01-01,4-003.02,4-003,VENTURA RIVER VALLEY,VENTURA RIVER VALLEY - LOWER VENTURA RIVER,39.846977,21487
PTJPL,2010-01-01,4-003.01,4-003,VENTURA RIVER VALLEY,VENTURA RIVER VALLEY - UPPER VENTURA RIVER,37.916811,23729
PTJPL,2010-01-01,7-042,7-042,VIDAL VALLEY,VIDAL VALLEY,27.27585,618941
PTJPL,2010-01-01,3-037,3-037,VILLA VALLEY,VILLA VALLEY,42.37738,6092
PTJPL,2010-01-01,2-032,2-032,VISITACION VALLEY,VISITACION VALLEY,33.012658,158
PTJPL,2010-01-01,5-026,5-026,WALKER BASIN CREEK VALLEY,WALKER BASIN CREEK VALLEY,20.535988,27898
PTJPL,2010-01-01,7-003,7-003,WARD VALLEY,WARD VALLEY,20.458104,2507114
PTJPL,2010-01-01,9-008,9-008,WARNER VALLEY,WARNER VALLEY,27.668554,107755
PTJPL,2010-01-01,7-012,7-012,WARREN VALLEY,WARREN VALLEY,19.64611,78564
PTJPL,2010-01-01,1-031,1-031,WEOTT TOWN AREA,WEOTT TOWN AREA,35.955536,10053
PTJPL,2010-01-01,7-022,7-022,WEST SALTON SEA,WEST SALTON SEA,18.802318,473862
PTJPL,2010-01-01,3-026,3-026,WEST SANTA CRUZ TERRACE,WEST SANTA CRUZ TERRACE,42.518078,24948
PTJPL,2010-01-01,2-035,2-035,WESTSIDE,WESTSIDE,35.464981,5854
PTJPL,2010-01-01,6-073,6-073,WILD HORSE MESA AREA,WILD HORSE MESA AREA,14.023402,12606
PTJPL,2010-01-01,6-075,6-075,WILDROSE CANYON,WILDROSE CANYON,12.620451,22424
PTJPL,2010-01-01,1-043,1-043,WILLIAMS VALLEY,WILLIAMS VALLEY,,0
PTJPL,2010-01-01,6-003,6-003,WILLOW CREEK VALLEY,WILLOW CREEK VALLEY,17.306818,88
PTJPL,2010-01-01,1-059,1-059,WILSON GROVE FORMATION HIGHLANDS,WILSON GROVE FORMATION HIGHLANDS,32.87476,44850
PTJPL,2010-01-01,1-062,1-062,WILSON POINT AREA,WILSON POINT AREA,,0
PTJPL,2010-01-01,6-019,6-019,WINGATE VALLEY,WINGATE VALLEY,17.428698,320536
PTJPL,2010-01-01,7-056,7-056,YAQUI WELL AREA,YAQUI WELL AREA,21.809604,67265
PTJPL,2010-01-01,5-056,5-056,YELLOW CREEK VALLEY,YELLOW CREEK VALLEY,25.213115,244
PTJPL,2010-01-01,2-006,2-006,YGNACIO VALLEY,YGNACIO VALLEY,32.249417,30471
PTJPL,2010-01-01,5-069,5-069,YOSEMITE VALLEY,YOSEMITE VALLEY,22.718202,29617
PTJPL,2010-01-01,7-036,7-036,YUMA VALLEY,YUMA VALLEY,42.249376,536338
