Model,Date,Basin_Subb,Basin_Numb,Basin_Name,Basin_Su_1,ET,Pixel_Count
PTJPL,2010-05-01,4-005,4-005,ACTON VALLEY,ACTON VALLEY,62.969978,37173
PTJPL,2010-05-01,6-010,6-010,ADOBE LAKE VALLEY,ADOBE LAKE VALLEY,42.105482,179273
PTJPL,2010-05-01,1-054.01,1-054,ALEXANDER VALLEY,ALEXANDER VALLEY - ALEXANDER AREA,102.717145,110099
PTJPL,2010-05-01,1-054.02,1-054,ALEXANDER VALLEY,ALEXANDER VALLEY - CLOVERDALE AREA,107.328645,29366
PTJPL,2010-05-01,5-002.01,5-002,ALTURAS AREA,ALTURAS AREA - SOUTH FORK PITT RIVER,91.75529,511670
PTJPL,2010-05-01,5-002.02,5-002,ALTURAS AREA,ALTURAS AREA - WARM SPRINGS VALLEY,96.310394,305202
PTJPL,2010-05-01,5-010,5-010,AMERICAN VALLEY,AMERICAN VALLEY,99.113775,30569
PTJPL,2010-05-01,7-016,7-016,AMES VALLEY,AMES VALLEY,16.619743,487562
PTJPL,2010-05-01,7-034,7-034,AMOS VALLEY,AMOS VALLEY,10.052675,584286
PTJPL,2010-05-01,1-019,1-019,ANDERSON VALLEY,ANDERSON VALLEY,118.844094,22366
PTJPL,2010-05-01,1-049,1-049,ANNAPOLIS OHLSON RANCH FORMATION HIGHLANDS,ANNAPOLIS OHLSON RANCH FORMATION HIGHLANDS,127.438226,38900
PTJPL,2010-05-01,5-091,5-091,ANTELOPE CREEK,ANTELOPE CREEK,95.065831,9175
PTJPL,2010-05-01,6-044,6-044,ANTELOPE VALLEY,ANTELOPE VALLEY,33.924242,4542056
PTJPL,2010-05-01,6-007,6-007,ANTELOPE VALLEY,ANTELOPE VALLEY,86.741122,89741
PTJPL,2010-05-01,3-034,3-034,ARROYO DE LA CRUZ VALLEY,ARROYO DE LA CRUZ VALLEY,130.801393,3590
PTJPL,2010-05-01,2-031,2-031,ARROYO DEL HAMBRE VALLEY,ARROYO DEL HAMBRE VALLEY,79.177985,3534
PTJPL,2010-05-01,4-007,4-007,ARROYO SANTA ROSA VALLEY,ARROYO SANTA ROSA VALLEY,80.581208,17646
PTJPL,2010-05-01,7-037,7-037,ARROYO SECO VALLEY,ARROYO SECO VALLEY,16.65646,1152313
PTJPL,2010-05-01,5-054,5-054,ASH VALLEY,ASH VALLEY,101.175082,26976
PTJPL,2010-05-01,6-026,6-026,AVAWATZ VALLEY,AVAWATZ VALLEY,19.793285,124166
PTJPL,2010-05-01,3-020,3-020,A�O NUEVO AREA,A�O NUEVO AREA,96.09689,8907
PTJPL,2010-05-01,9-022,9-022,BATIQUITOS LAGOON VALLEY,BATIQUITOS LAGOON VALLEY,125.336233,3334
PTJPL,2010-05-01,8-009,8-009,BEAR VALLEY,BEAR VALLEY,69.514858,85037
PTJPL,2010-05-01,5-064,5-064,BEAR VALLEY,BEAR VALLEY,82.670958,40934
PTJPL,2010-05-01,5-020,5-020,BERRYESSA VALLEY,BERRYESSA VALLEY,95.804555,6191
PTJPL,2010-05-01,7-015,7-015,BESSEMER VALLEY,BESSEMER VALLEY,12.20373,175679
PTJPL,2010-05-01,6-025,6-025,BICYCLE VALLEY,BICYCLE VALLEY,15.856289,402232
PTJPL,2010-05-01,1-027,1-027,BIG LAGOON AREA,BIG LAGOON AREA,137.534575,57758
PTJPL,2010-05-01,8-007,8-007,BIG MEADOWS VALLEY,BIG MEADOWS VALLEY,64.475421,59503
PTJPL,2010-05-01,1-045,1-045,BIG RIVER VALLEY,BIG RIVER VALLEY,130.169239,7581
PTJPL,2010-05-01,3-047,3-047,BIG SPRING AREA,BIG SPRING AREA,104.859622,32897
PTJPL,2010-05-01,5-015,5-015,BIG VALLEY,BIG VALLEY,113.048698,108957
PTJPL,2010-05-01,5-004,5-004,BIG VALLEY,BIG VALLEY,105.032508,413714
PTJPL,2010-05-01,3-030,3-030,BITTER WATER VALLEY,BITTER WATER VALLEY,105.039029,144867
PTJPL,2010-05-01,6-013,6-013,BLACK SPRINGS VALLEY,BLACK SPRINGS VALLEY,15.880074,138327
PTJPL,2010-05-01,5-092,5-092,BLANCHARD VALLEY,BLANCHARD VALLEY,89.446168,9994
PTJPL,2010-05-01,1-057,1-057,BODEGA BAY AREA,BODEGA BAY AREA,129.398832,10107
PTJPL,2010-05-01,7-024.01,7-024,BORREGO VALLEY,BORREGO VALLEY - BORREGO SPRINGS,25.283787,282155
PTJPL,2010-05-01,7-024.02,7-024,BORREGO VALLEY,BORREGO VALLEY - OCOTILLO WELLS,12.159359,405078
PTJPL,2010-05-01,1-039,1-039,BRANSCOMB TOWN AREA,BRANSCOMB TOWN AREA,136.327689,6201
PTJPL,2010-05-01,1-017,1-017,BRAY TOWN AREA,BRAY TOWN AREA,101.609347,36119
PTJPL,2010-05-01,6-008,6-008,BRIDGEPORT VALLEY,BRIDGEPORT VALLEY,72.028428,145879
PTJPL,2010-05-01,7-008,7-008,BRISTOL VALLEY,BRISTOL VALLEY,9.440358,2234028
PTJPL,2010-05-01,5-080,5-080,BRITE VALLEY,BRITE VALLEY,87.171721,14244
PTJPL,2010-05-01,6-032,6-032,BROADWELL VALLEY,BROADWELL VALLEY,11.958653,413087
PTJPL,2010-05-01,6-076,6-076,BROWN MOUNTAIN VALLEY,BROWN MOUNTAIN VALLEY,15.297308,97673
PTJPL,2010-05-01,7-054,7-054,BUCK RIDGE FAULT VALLEY,BUCK RIDGE FAULT VALLEY,44.60661,31076
PTJPL,2010-05-01,6-101,6-101,BULL FLAT,BULL FLAT,75.831513,78457
PTJPL,2010-05-01,5-048,5-048,BURNEY CREEK VALLEY,BURNEY CREEK VALLEY,105.732394,10579
PTJPL,2010-05-01,5-017,5-017,BURNS VALLEY,BURNS VALLEY,92.95164,12924
PTJPL,2010-05-01,5-051,5-051,BUTTE CREEK VALLEY,BUTTE CREEK VALLEY,106.063038,14515
PTJPL,2010-05-01,1-003,1-003,BUTTE VALLEY,BUTTE VALLEY,97.315584,357071
PTJPL,2010-05-01,6-081,6-081,BUTTE VALLEY,BUTTE VALLEY,29.464137,39581
PTJPL,2010-05-01,6-070,6-070,CACTUS FLAT,CACTUS FLAT,24.527427,31593
PTJPL,2010-05-01,7-007,7-007,CADIZ VALLEY,CADIZ VALLEY,7.636146,1213316
PTJPL,2010-05-01,6-090,6-090,CADY FAULT AREA,CADY FAULT AREA,18.805443,35753
PTJPL,2010-05-01,9-006,9-006,CAHUILLA VALLEY,CAHUILLA VALLEY,73.097388,81848
PTJPL,2010-05-01,6-079,6-079,CALIFORNIA VALLEY,CALIFORNIA VALLEY,18.518006,261304
PTJPL,2010-05-01,7-041,7-041,CALZONA VALLEY,CALZONA VALLEY,15.655982,340869
PTJPL,2010-05-01,6-061,6-061,CAMEO AREA,CAMEO AREA,8.325008,41842
PTJPL,2010-05-01,9-028,9-028,CAMPO VALLEY,CAMPO VALLEY,85.572004,15902
PTJPL,2010-05-01,7-046,7-046,CANEBRAKE VALLEY,CANEBRAKE VALLEY,29.787906,24310
PTJPL,2010-05-01,3-007,3-007,CARMEL VALLEY,CARMEL VALLEY,101.677152,18978
PTJPL,2010-05-01,3-018,3-018,CARPINTERIA,CARPINTERIA,82.208425,33921
PTJPL,2010-05-01,3-019,3-019,CARRIZO PLAIN,CARRIZO PLAIN,77.642023,946901
PTJPL,2010-05-01,6-006,6-006,CARSON VALLEY,CARSON VALLEY,84.59646,44241
PTJPL,2010-05-01,5-029,5-029,CASTAC LAKE VALLEY,CASTAC LAKE VALLEY,106.587548,16014
PTJPL,2010-05-01,2-008,2-008,CASTRO VALLEY,CASTRO VALLEY,67.472965,8193
PTJPL,2010-05-01,6-038,6-038,CAVES CANYON VALLEY,CAVES CANYON VALLEY,9.85902,328088
PTJPL,2010-05-01,5-045,5-045,CAYTON VALLEY,CAYTON VALLEY,116.935989,5874
PTJPL,2010-05-01,3-038,3-038,CAYUCOS VALLEY,CAYUCOS VALLEY,135.256059,949
PTJPL,2010-05-01,7-043,7-043,CHEMEHUEVI VALLEY,CHEMEHUEVI VALLEY,16.409374,1221349
PTJPL,2010-05-01,7-032,7-032,CHOCOLATE VALLEY,CHOCOLATE VALLEY,17.362773,580540
PTJPL,2010-05-01,3-005,3-005,CHOLAME VALLEY,CHOLAME VALLEY,109.609024,179070
PTJPL,2010-05-01,3-042,3-042,CHORRO VALLEY,CHORRO VALLEY,123.972401,6377
PTJPL,2010-05-01,5-061,5-061,CHROME TOWN AREA,CHROME TOWN AREA,100.254184,6334
PTJPL,2010-05-01,7-005,7-005,CHUCKWALLA VALLEY,CHUCKWALLA VALLEY,12.516306,2704920
PTJPL,2010-05-01,2-005,2-005,CLAYTON VALLEY,CLAYTON VALLEY,93.461492,80257
PTJPL,2010-05-01,5-066,5-066,CLEAR LAKE CACHE FORMATION,CLEAR LAKE CACHE FORMATION,103.793613,133749
PTJPL,2010-05-01,5-058,5-058,CLOVER VALLEY,CLOVER VALLEY,89.923174,75092
PTJPL,2010-05-01,7-021.03,7-021,COACHELLA VALLEY,COACHELLA VALLEY - DESERT HOT SPRINGS,14.083631,453937
PTJPL,2010-05-01,7-021.01,7-021,COACHELLA VALLEY,COACHELLA VALLEY - INDIO,48.12573,1336106
PTJPL,2010-05-01,7-021.02,7-021,COACHELLA VALLEY,COACHELLA VALLEY - MISSION CREEK,22.013758,218418
PTJPL,2010-05-01,7-021.04,7-021,COACHELLA VALLEY,COACHELLA VALLEY - SAN GORGONIO PASS,55.422262,173267
PTJPL,2010-05-01,4-011.04,4-011,COASTAL PLAIN OF LOS ANGELES,COASTAL PLAIN OF LOS ANGELES - CENTRAL,96.982372,799334
PTJPL,2010-05-01,4-011.02,4-011,COASTAL PLAIN OF LOS ANGELES,COASTAL PLAIN OF LOS ANGELES - HOLLYWOOD,80.6039,45279
PTJPL,2010-05-01,4-011.01,4-011,COASTAL PLAIN OF LOS ANGELES,COASTAL PLAIN OF LOS ANGELES - SANTA MONICA,112.051444,135661
PTJPL,2010-05-01,4-011.03,4-011,COASTAL PLAIN OF LOS ANGELES,COASTAL PLAIN OF LOS ANGELES - WEST COAST,124.440682,399635
PTJPL,2010-05-01,8-001,8-001,COASTAL PLAIN OF ORANGE COUNTY,COASTAL PLAIN OF ORANGE COUNTY,96.465634,999376
PTJPL,2010-05-01,9-033,9-033,COASTAL PLAIN OF SAN DIEGO,COASTAL PLAIN OF SAN DIEGO,120.31059,240819
PTJPL,2010-05-01,6-072,6-072,COLES FLAT,COLES FLAT,24.791679,13244
PTJPL,2010-05-01,5-019,5-019,COLLAYOMI VALLEY,COLLAYOMI VALLEY,96.318194,29240
PTJPL,2010-05-01,7-055,7-055,COLLINS VALLEY,COLLINS VALLEY,36.472898,31751
PTJPL,2010-05-01,4-010,4-010,CONEJO,CONEJO,73.544809,84503
PTJPL,2010-05-01,7-011,7-011,COPPER MOUNTAIN VALLEY,COPPER MOUNTAIN VALLEY,20.462157,136155
PTJPL,2010-05-01,3-002.01,3-002,CORRALITOS,CORRALITOS - PAJARO VALLEY,100.963182,332279
PTJPL,2010-05-01,3-002.02,3-002,CORRALITOS,CORRALITOS - PURISIMA HIGHLANDS,117.798586,58134
PTJPL,2010-05-01,6-055,6-055,COSO VALLEY,COSO VALLEY,13.445893,114929
PTJPL,2010-05-01,1-037,1-037,COTTONEVA CREEK VALLEY,COTTONEVA CREEK VALLEY,144.883295,3436
PTJPL,2010-05-01,9-027,9-027,COTTONWOOD VALLEY,COTTONWOOD VALLEY,79.377187,17262
PTJPL,2010-05-01,1-011,1-011,COVELO ROUND VALLEY,COVELO ROUND VALLEY,116.148227,73792
PTJPL,2010-05-01,6-091,6-091,COW HEAD LAKE VALLEY,COW HEAD LAKE VALLEY,80.414456,25180
PTJPL,2010-05-01,6-037,6-037,COYOTE LAKE VALLEY,COYOTE LAKE VALLEY,10.919001,396167
PTJPL,2010-05-01,5-018,5-018,COYOTE VALLEY,COYOTE VALLEY,93.210752,29352
PTJPL,2010-05-01,7-029,7-029,COYOTE WELLS VALLEY,COYOTE WELLS VALLEY,14.272728,648419
PTJPL,2010-05-01,6-035,6-035,CRONISE VALLEY,CRONISE VALLEY,8.263276,567907
PTJPL,2010-05-01,6-050,6-050,CUDDEBACK VALLEY,CUDDEBACK VALLEY,21.22594,426688
PTJPL,2010-05-01,5-082,5-082,CUDDY CANYON VALLEY,CUDDY CANYON VALLEY,75.700337,14830
PTJPL,2010-05-01,5-083,5-083,CUDDY RANCH AREA,CUDDY RANCH AREA,86.052893,18906
PTJPL,2010-05-01,5-084,5-084,CUDDY VALLEY,CUDDY VALLEY,89.324538,15576
PTJPL,2010-05-01,5-027,5-027,CUMMINGS VALLEY,CUMMINGS VALLEY,84.398726,45041
PTJPL,2010-05-01,3-013,3-013,CUYAMA VALLEY,CUYAMA VALLEY,81.056633,1086945
PTJPL,2010-05-01,7-009,7-009,DALE VALLEY,DALE VALLEY,12.20282,955389
PTJPL,2010-05-01,6-057,6-057,DARWIN VALLEY,DARWIN VALLEY,19.627403,198536
PTJPL,2010-05-01,7-061,7-061,DAVIES VALLEY,DAVIES VALLEY,17.642829,15214
PTJPL,2010-05-01,7-013.01,7-013,DEADMAN VALLEY,DEADMAN VALLEY - DEADMAN LAKE,10.113486,400268
PTJPL,2010-05-01,7-013.02,7-013,DEADMAN VALLEY,DEADMAN VALLEY - SURPRISE SPRING,12.711562,131543
PTJPL,2010-05-01,6-018,6-018,DEATH VALLEY,DEATH VALLEY,6.238384,4133615
PTJPL,2010-05-01,6-015,6-015,DEEP SPRINGS VALLEY,DEEP SPRINGS VALLEY,31.955846,134596
PTJPL,2010-05-01,6-078,6-078,DENNING SPRING VALLEY,DENNING SPRING VALLEY,21.822238,32521
PTJPL,2010-05-01,1-034,1-034,DINSMORES TOWN AREA,DINSMORES TOWN AREA,118.769831,10249
PTJPL,2010-05-01,5-053,5-053,DIXIE VALLEY,DIXIE VALLEY,100.412687,21881
PTJPL,2010-05-01,2-040,2-040,DOWNTOWN,DOWNTOWN,95.17513,34226
PTJPL,2010-05-01,5-049,5-049,DRY BURNEY CREEK VALLEY,DRY BURNEY CREEK VALLEY,99.617857,7000
PTJPL,2010-05-01,3-029,3-029,DRY LAKE VALLEY,DRY LAKE VALLEY,109.880818,6360
PTJPL,2010-05-01,6-095,6-095,DRY VALLEY,DRY VALLEY,78.05158,29217
PTJPL,2010-05-01,6-096,6-096,EAGLE LAKE AREA,EAGLE LAKE AREA,105.037801,57089
PTJPL,2010-05-01,7-033,7-033,EAST SALTON SEA,EAST SALTON SEA,18.675264,876191
PTJPL,2010-05-01,1-044,1-044,EDEN VALLEY,EDEN VALLEY,111.447296,6195
PTJPL,2010-05-01,1-010,1-010,EEL RIVER VALLEY,EEL RIVER VALLEY,114.857775,325322
PTJPL,2010-05-01,5-041,5-041,EGG LAKE VALLEY,EGG LAKE VALLEY,110.705605,18448
PTJPL,2010-05-01,9-016,9-016,EL CAJON VALLEY,EL CAJON VALLEY,84.558333,32160
PTJPL,2010-05-01,6-043,6-043,EL MIRAGE VALLEY,EL MIRAGE VALLEY,23.393486,341252
PTJPL,2010-05-01,5-062,5-062,ELK CREEK AREA,ELK CREEK AREA,95.951962,6474
PTJPL,2010-05-01,8-004.02,8-004,ELSINORE,ELSINORE - BEDFORD-COLDWATER,68.878889,31599
PTJPL,2010-05-01,8-004.01,8-004,ELSINORE,ELSINORE - ELSINORE VALLEY,83.356675,106147
PTJPL,2010-05-01,9-009,9-009,ESCONDIDO VALLEY,ESCONDIDO VALLEY,88.001235,12956
PTJPL,2010-05-01,1-009,1-009,EUREKA PLAIN,EUREKA PLAIN,134.206425,156977
PTJPL,2010-05-01,6-016,6-016,EUREKA VALLEY,EUREKA VALLEY,11.138168,578991
PTJPL,2010-05-01,1-022,1-022,FAIRCHILD SWAMP VALLEY,FAIRCHILD SWAMP VALLEY,105.308564,14736
PTJPL,2010-05-01,5-005,5-005,FALL RIVER VALLEY,FALL RIVER VALLEY,113.792916,246485
PTJPL,2010-05-01,7-002,7-002,FENNER VALLEY,FENNER VALLEY,18.977252,2034583
PTJPL,2010-05-01,6-014,6-014,FISH LAKE VALLEY,FISH LAKE VALLEY,32.756083,206078
PTJPL,2010-05-01,3-053,3-053,FOOTHILL,FOOTHILL,96.380224,14765
PTJPL,2010-05-01,1-021,1-021,FORT BRAGG TERRACE AREA,FORT BRAGG TERRACE AREA,129.308822,101952
PTJPL,2010-05-01,1-061,1-061,FORT ROSS TERRACE DEPOSITS,FORT ROSS TERRACE DEPOSITS,128.666689,29402
PTJPL,2010-05-01,6-046,6-046,FREMONT VALLEY,FREMONT VALLEY,23.207172,1507356
PTJPL,2010-05-01,5-090,5-090,FUNKS CREEK,FUNKS CREEK,87.26187,13564
PTJPL,2010-05-01,1-032,1-032,GARBERVILLE TOWN AREA,GARBERVILLE TOWN AREA,137.023689,9498
PTJPL,2010-05-01,1-020,1-020,GARCIA RIVER VALLEY,GARCIA RIVER VALLEY,121.208565,9364
PTJPL,2010-05-01,3-003.01,3-003,GILROY-HOLLISTER VALLEY,GILROY-HOLLISTER VALLEY - LLAGAS AREA,95.599505,213009
PTJPL,2010-05-01,3-003.05,3-003,GILROY-HOLLISTER VALLEY,GILROY-HOLLISTER VALLEY - NORTH SAN BENITO,107.295753,589157
PTJPL,2010-05-01,6-085,6-085,GOLD VALLEY,GOLD VALLEY,27.365614,14436
PTJPL,2010-05-01,6-048,6-048,GOLDSTONE VALLEY,GOLDSTONE VALLEY,20.734049,126294
PTJPL,2010-05-01,3-016,3-016,GOLETA,GOLETA,102.813851,41440
PTJPL,2010-05-01,5-001.02,5-001,GOOSE LAKE,GOOSE LAKE - FANDANGO VALLEY,85.379382,82919
PTJPL,2010-05-01,5-001.01,5-001,GOOSE LAKE,GOOSE LAKE - GOOSE VALLEY,89.367877,161679
PTJPL,2010-05-01,5-047,5-047,GOOSE VALLEY,GOOSE VALLEY,122.017211,18941
PTJPL,2010-05-01,6-077,6-077,GRASS VALLEY,GRASS VALLEY,26.723959,44881
PTJPL,2010-05-01,6-094,6-094,GRASSHOPPER VALLEY,GRASSHOPPER VALLEY,87.28394,79221
PTJPL,2010-05-01,1-048,1-048,GRAVELLY VALLEY,GRAVELLY VALLEY,105.94486,13384
PTJPL,2010-05-01,5-052,5-052,GRAYS VALLEY,GRAYS VALLEY,95.88732,24228
PTJPL,2010-05-01,6-084,6-084,GREENWATER VALLEY,GREENWATER VALLEY,25.002871,268934
PTJPL,2010-05-01,5-059,5-059,GRIZZLY VALLEY,GRIZZLY VALLEY,113.149359,34079
PTJPL,2010-05-01,2-022,2-022,HALF MOON BAY TERRACE,HALF MOON BAY TERRACE,96.786047,34400
PTJPL,2010-05-01,1-015,1-015,HAPPY CAMP TOWN AREA,HAPPY CAMP TOWN AREA,95.927483,12466
PTJPL,2010-05-01,6-047,6-047,HARPER VALLEY,HARPER VALLEY,18.524085,1841343
PTJPL,2010-05-01,6-074,6-074,HARRISBURG FLATS,HARRISBURG FLATS,23.210264,112083
PTJPL,2010-05-01,6-093,6-093,HARVEY VALLEY,HARVEY VALLEY,95.734064,20253
PTJPL,2010-05-01,1-006,1-006,HAYFORK VALLEY,HAYFORK VALLEY,113.748803,14829
PTJPL,2010-05-01,7-048,7-048,HELENDALE FAULT VALLEY,HELENDALE FAULT VALLEY,46.793156,11777
PTJPL,2010-05-01,8-006,8-006,HEMET LAKE VALLEY,HEMET LAKE VALLEY,84.610378,74988
PTJPL,2010-05-01,3-031,3-031,HERNANDEZ VALLEY,HERNANDEZ VALLEY,122.396861,12871
PTJPL,2010-05-01,1-036,1-036,HETTENSHAW VALLEY,HETTENSHAW VALLEY,96.807197,3807
PTJPL,2010-05-01,7-053,7-053,HEXIE MOUNTAIN AREA,HEXIE MOUNTAIN AREA,27.655385,50053
PTJPL,2010-05-01,6-063,6-063,HIDDEN VALLEY,HIDDEN VALLEY,16.344466,80667
PTJPL,2010-05-01,4-016,4-016,HIDDEN VALLEY,HIDDEN VALLEY,94.83263,9948
PTJPL,2010-05-01,5-016,5-016,HIGH VALLEY,HIGH VALLEY,100.613802,10593
PTJPL,2010-05-01,6-004,6-004,HONEY LAKE VALLEY,HONEY LAKE VALLEY,77.794702,1394546
PTJPL,2010-05-01,1-029,1-029,HONEYDEW TOWN AREA,HONEYDEW TOWN AREA,119.399944,10659
PTJPL,2010-05-01,1-007,1-007,HOOPA VALLEY,HOOPA VALLEY,119.622376,17528
PTJPL,2010-05-01,6-097,6-097,HORSE LAKE VALLEY,HORSE LAKE VALLEY,86.290017,17199
PTJPL,2010-05-01,5-040,5-040,HOT SPRINGS VALLEY,HOT SPRINGS VALLEY,102.920824,10824
PTJPL,2010-05-01,3-045,3-045,HUASNA VALLEY,HUASNA VALLEY,119.001844,21147
PTJPL,2010-05-01,5-060,5-060,HUMBUG VALLEY,HUMBUG VALLEY,92.218874,44834
PTJPL,2010-05-01,4-018,4-018,HUNGRY VALLEY,HUNGRY VALLEY,71.600863,23859
PTJPL,2010-05-01,1-035,1-035,HYAMPOM VALLEY,HYAMPOM VALLEY,121.151739,6096
PTJPL,2010-05-01,7-030,7-030,IMPERIAL VALLEY,IMPERIAL VALLEY,78.838617,4263234
PTJPL,2010-05-01,5-009,5-009,INDIAN VALLEY,INDIAN VALLEY,101.005212,131624
PTJPL,2010-05-01,6-054,6-054,INDIAN WELLS VALLEY,INDIAN WELLS VALLEY,14.415177,1716255
PTJPL,2010-05-01,7-050,7-050,IRON RIDGE AREA,IRON RIDGE AREA,17.77098,23570
PTJPL,2010-05-01,2-033,2-033,ISLAIS VALLEY,ISLAIS VALLEY,98.661788,26581
PTJPL,2010-05-01,6-030,6-030,IVANPAH VALLEY,IVANPAH VALLEY,22.455772,882708
PTJPL,2010-05-01,7-047,7-047,JACUMBA VALLEY,JACUMBA VALLEY,49.929725,8979
PTJPL,2010-05-01,5-003,5-003,JESS VALLEY,JESS VALLEY,92.526984,30147
PTJPL,2010-05-01,7-018.01,7-018,JOHNSON VALLEY,JOHNSON VALLEY - SOGGY LAKE,13.574355,347541
PTJPL,2010-05-01,7-018.02,7-018,JOHNSON VALLEY,JOHNSON VALLEY - UPPER JOHNSON VALLEY,10.163404,156367
PTJPL,2010-05-01,5-086,5-086,JOSEPH CREEK,JOSEPH CREEK,94.667865,20034
PTJPL,2010-05-01,7-062,7-062,JOSHUA TREE,JOSHUA TREE,19.575437,150378
PTJPL,2010-05-01,6-089,6-089,KANE WASH AREA,KANE WASH AREA,27.712689,26755
PTJPL,2010-05-01,6-069,6-069,KELSO LANDER VALLEY,KELSO LANDER VALLEY,37.96332,50191
PTJPL,2010-05-01,6-031,6-031,KELSO VALLEY,KELSO VALLEY,15.793968,1145203
PTJPL,2010-05-01,2-019,2-019,KENWOOD VALLEY,KENWOOD VALLEY,90.953345,23106
PTJPL,2010-05-01,5-025,5-025,KERN RIVER VALLEY,KERN RIVER VALLEY,66.169774,356993
PTJPL,2010-05-01,1-002.02,1-002,KLAMATH RIVER VALLEY,KLAMATH RIVER VALLEY - LOWER KLAMATH,92.865276,337208
PTJPL,2010-05-01,1-002.01,1-002,KLAMATH RIVER VALLEY,KLAMATH RIVER VALLEY - TULELAKE,86.609643,496979
PTJPL,2010-05-01,1-050,1-050,KNIGHTS VALLEY,KNIGHTS VALLEY,93.920622,18393
PTJPL,2010-05-01,5-007,5-007,LAKE ALMANOR VALLEY,LAKE ALMANOR VALLEY,87.119995,30143
PTJPL,2010-05-01,5-046,5-046,LAKE BRITTON AREA,LAKE BRITTON AREA,118.210515,63221
PTJPL,2010-05-01,7-001,7-001,LANFAIR VALLEY,LANFAIR VALLEY,32.742599,703571
PTJPL,2010-05-01,6-036.02,6-036,LANGFORD VALLEY,LANGFORD VALLEY - IRWIN,14.664474,47132
PTJPL,2010-05-01,6-036.01,6-036,LANGFORD VALLEY,LANGFORD VALLEY - LANGFORD WELL LAKE,11.036213,86847
PTJPL,2010-05-01,1-033,1-033,LARABEE VALLEY,LARABEE VALLEY,123.742976,4342
PTJPL,2010-05-01,4-008,4-008,LAS POSAS VALLEY,LAS POSAS VALLEY,81.885905,200649
PTJPL,2010-05-01,5-057,5-057,LAST CHANCE CREEK VALLEY,LAST CHANCE CREEK VALLEY,93.711142,20903
PTJPL,2010-05-01,7-014,7-014,LAVIC VALLEY,LAVIC VALLEY,13.839565,459882
PTJPL,2010-05-01,1-012,1-012,LAYTONVILLE VALLEY,LAYTONVILLE VALLEY,130.874895,22589
PTJPL,2010-05-01,6-027,6-027,LEACH VALLEY,LEACH VALLEY,13.363252,275049
PTJPL,2010-05-01,6-066,6-066,LEE FLAT,LEE FLAT,26.309517,91213
PTJPL,2010-05-01,6-106,6-106,LITTLE ANTELOPE VALLEY,LITTLE ANTELOPE VALLEY,67.940845,11191
PTJPL,2010-05-01,5-065,5-065,LITTLE INDIAN VALLEY,LITTLE INDIAN VALLEY,87.278956,5707
PTJPL,2010-05-01,1-013,1-013,LITTLE LAKE VALLEY,LITTLE LAKE VALLEY,109.184985,45074
PTJPL,2010-05-01,1-041,1-041,LITTLE VALLEY,LITTLE VALLEY,141.657729,3655
PTJPL,2010-05-01,2-010,2-010,LIVERMORE VALLEY,LIVERMORE VALLEY,90.357966,312809
PTJPL,2010-05-01,2-038,2-038,LOBOS,LOBOS,106.397358,10600
PTJPL,2010-05-01,3-006,3-006,LOCKWOOD VALLEY,LOCKWOOD VALLEY,116.945799,269554
PTJPL,2010-05-01,4-017,4-017,LOCKWOOD VALLEY,LOCKWOOD VALLEY,70.944146,97987
PTJPL,2010-05-01,6-011,6-011,LONG VALLEY,LONG VALLEY,57.92264,322984
PTJPL,2010-05-01,5-044,5-044,LONG VALLEY,LONG VALLEY,66.023375,1754
PTJPL,2010-05-01,6-104,6-104,LONG VALLEY,LONG VALLEY,74.331607,210294
PTJPL,2010-05-01,5-031,5-031,LONG VALLEY,LONG VALLEY,91.139799,12611
PTJPL,2010-05-01,5-070,5-070,LOS BANOS CREEK VALLEY,LOS BANOS CREEK VALLEY,71.498575,21748
PTJPL,2010-05-01,3-008.01,3-008,LOS OSOS VALLEY,LOS OSOS VALLEY - LOS OSOS AREA,128.24161,19010
PTJPL,2010-05-01,3-008.02,3-008,LOS OSOS VALLEY,LOS OSOS VALLEY - WARDEN CREEK,124.049918,7933
PTJPL,2010-05-01,7-051,7-051,LOST HORSE VALLEY,LOST HORSE VALLEY,29.171003,77794
PTJPL,2010-05-01,6-071,6-071,LOST LAKE VALLEY,LOST LAKE VALLEY,14.320903,104530
PTJPL,2010-05-01,6-021,6-021,LOWER KINGSTON VALLEY,LOWER KINGSTON VALLEY,10.412178,1078042
PTJPL,2010-05-01,1-014,1-014,LOWER KLAMATH RIVER VALLEY,LOWER KLAMATH RIVER VALLEY,110.10604,31309
PTJPL,2010-05-01,5-030,5-030,LOWER LAKE VALLEY,LOWER LAKE VALLEY,96.001943,10810
PTJPL,2010-05-01,1-038,1-038,LOWER LAYTONVILLE VALLEY,LOWER LAYTONVILLE VALLEY,136.435834,9678
PTJPL,2010-05-01,6-040,6-040,LOWER MOJAVE RIVER VALLEY,LOWER MOJAVE RIVER VALLEY,17.268176,1283610
PTJPL,2010-05-01,1-060,1-060,LOWER RUSSIAN RIVER VALLEY,LOWER RUSSIAN RIVER VALLEY,114.036707,29885
PTJPL,2010-05-01,7-019,7-019,LUCERNE VALLEY,LUCERNE VALLEY,16.902322,662912
PTJPL,2010-05-01,1-008.02,1-008,MAD RIVER VALLEY,MAD RIVER VALLEY - DOWS PRAIRIE SCHOOL AREA,139.177851,68074
PTJPL,2010-05-01,1-008.01,1-008,MAD RIVER VALLEY,MAD RIVER VALLEY - MAD RIVER LOWLAND,131.94648,106503
PTJPL,2010-05-01,6-002,6-002,MADELINE PLAINS,MADELINE PLAINS,77.653683,701900
PTJPL,2010-05-01,3-051,3-051,MAJORS CREEK,MAJORS CREEK,94.904884,1556
PTJPL,2010-05-01,4-022,4-022,MALIBU VALLEY,MALIBU VALLEY,109.807396,2596
PTJPL,2010-05-01,6-064,6-064,MARBLE CANYON AREA,MARBLE CANYON AREA,10.941395,46600
PTJPL,2010-05-01,2-039,2-039,MARINA,MARINA,105.420693,9665
PTJPL,2010-05-01,6-067,6-067,MARTIS VALLEY,MARTIS VALLEY,76.563395,148182
PTJPL,2010-05-01,7-059,7-059,MASON VALLEY,MASON VALLEY,47.518305,24829
PTJPL,2010-05-01,1-028,1-028,MATTOLE RIVER VALLEY,MATTOLE RIVER VALLEY,115.827463,13968
PTJPL,2010-05-01,5-035,5-035,MCCLOUD AREA,MCCLOUD AREA,108.253159,88324
PTJPL,2010-05-01,5-095,5-095,MEADOW VALLEY,MEADOW VALLEY,102.048016,25783
PTJPL,2010-05-01,7-017,7-017,MEANS VALLEY,MEANS VALLEY,10.541663,67158
PTJPL,2010-05-01,6-029,6-029,MESQUITE VALLEY,MESQUITE VALLEY,18.921345,384627
PTJPL,2010-05-01,6-020,6-020,MIDDLE AMARGOSA VALLEY,MIDDLE AMARGOSA VALLEY,13.30961,1741060
PTJPL,2010-05-01,5-094,5-094,MIDDLE CREEK,MIDDLE CREEK,103.397606,3174
PTJPL,2010-05-01,5-087,5-087,MIDDLE FORK FEATHER RIVER,MIDDLE FORK FEATHER RIVER,92.671434,19509
PTJPL,2010-05-01,6-041,6-041,MIDDLE MOJAVE RIVER VALLEY,MIDDLE MOJAVE RIVER VALLEY,23.125557,950207
PTJPL,2010-05-01,6-080,6-080,MIDDLE PARK CANYON,MIDDLE PARK CANYON,37.127681,7832
PTJPL,2010-05-01,5-085,5-085,MIL POTRERO AREA,MIL POTRERO AREA,94.525337,10380
PTJPL,2010-05-01,9-014,9-014,MISSION VALLEY,MISSION VALLEY,122.149912,31205
PTJPL,2010-05-01,5-011,5-011,MOHAWK VALLEY,MOHAWK VALLEY,101.288307,85336
PTJPL,2010-05-01,6-009,6-009,MONO VALLEY,MONO VALLEY,76.433433,773023
PTJPL,2010-05-01,3-049,3-049,MONTECITO,MONTECITO,97.955469,27307
PTJPL,2010-05-01,7-020,7-020,MORONGO VALLEY,MORONGO VALLEY,30.61983,32496
PTJPL,2010-05-01,3-041,3-041,MORRO VALLEY,MORRO VALLEY,120.4244,2500
PTJPL,2010-05-01,5-008,5-008,MOUNTAIN MEADOWS VALLEY,MOUNTAIN MEADOWS VALLEY,104.955311,34617
PTJPL,2010-05-01,1-056,1-056,McDOWELL VALLEY,McDOWELL VALLEY,117.185689,6694
PTJPL,2010-05-01,2-002.01,2-002,NAPA-SONOMA VALLEY,NAPA-SONOMA VALLEY - NAPA VALLEY,85.716105,206534
PTJPL,2010-05-01,2-002.03,2-002,NAPA-SONOMA VALLEY,NAPA-SONOMA VALLEY - NAPA-SONOMA LOWLANDS,93.55842,181188
PTJPL,2010-05-01,2-002.02,2-002,NAPA-SONOMA VALLEY,NAPA-SONOMA VALLEY - SONOMA VALLEY,96.285293,201642
PTJPL,2010-05-01,1-046,1-046,NAVARRO RIVER VALLEY,NAVARRO RIVER VALLEY,131.472616,3104
PTJPL,2010-05-01,3-052,3-052,NEEDLE ROCK POINT,NEEDLE ROCK POINT,92.562134,2905
PTJPL,2010-05-01,7-044,7-044,NEEDLES VALLEY,NEEDLES VALLEY,23.301627,384797
PTJPL,2010-05-01,5-050,5-050,NORTH FORK BATTLE CREEK,NORTH FORK BATTLE CREEK,95.610149,57386
PTJPL,2010-05-01,2-030,2-030,NOVATO VALLEY,NOVATO VALLEY,108.920522,92327
PTJPL,2010-05-01,7-025,7-025,OCOTILLO-CLARK VALLEY,OCOTILLO-CLARK VALLEY,15.9505,999504
PTJPL,2010-05-01,7-035,7-035,OGILBY VALLEY,OGILBY VALLEY,10.380445,592059
PTJPL,2010-05-01,4-002,4-002,OJAI VALLEY,OJAI VALLEY,88.616895,26588
PTJPL,2010-05-01,3-039,3-039,OLD VALLEY,OLD VALLEY,132.560976,5043
PTJPL,2010-05-01,6-108,6-108,OLYMPIC VALLEY,OLYMPIC VALLEY,65.705556,2160
PTJPL,2010-05-01,7-031,7-031,OROCOPIA VALLEY,OROCOPIA VALLEY,17.458771,432652
PTJPL,2010-05-01,6-012.02,6-012,OWENS VALLEY,OWENS VALLEY - FISH SLOUGH,34.124155,14498
PTJPL,2010-05-01,6-012.01,6-012,OWENS VALLEY,OWENS VALLEY - OWENS VALLEY,34.740268,2964287
PTJPL,2010-05-01,6-088,6-088,OWL LAKE VALLEY,OWL LAKE VALLEY,10.528539,100004
PTJPL,2010-05-01,6-028,6-028,PAHRUMP VALLEY,PAHRUMP VALLEY,15.169173,407322
PTJPL,2010-05-01,6-099,6-099,PAINTERS FLAT,PAINTERS FLAT,77.206097,28113
PTJPL,2010-05-01,7-039,7-039,PALO VERDE MESA,PALO VERDE MESA,25.044135,1011292
PTJPL,2010-05-01,7-038,7-038,PALO VERDE VALLEY,PALO VERDE VALLEY,83.782441,302116
PTJPL,2010-05-01,9-024,9-024,PAMO VALLEY,PAMO VALLEY,98.211055,6766
PTJPL,2010-05-01,6-058,6-058,PANAMINT VALLEY,PANAMINT VALLEY,8.852258,1165899
PTJPL,2010-05-01,5-023,5-023,PANOCHE VALLEY,PANOCHE VALLEY,79.302538,148758
PTJPL,2010-05-01,3-032,3-032,PEACH TREE VALLEY,PEACH TREE VALLEY,104.400836,44038
PTJPL,2010-05-01,1-030,1-030,PEPPERWOOD TOWN AREA,PEPPERWOOD TOWN AREA,137.181136,28266
PTJPL,2010-05-01,2-026,2-026,PESCADERO VALLEY,PESCADERO VALLEY,97.74859,12593
PTJPL,2010-05-01,2-001,2-001,PETALUMA VALLEY,PETALUMA VALLEY,105.986356,209830
PTJPL,2010-05-01,6-051,6-051,PILOT KNOB VALLEY,PILOT KNOB VALLEY,14.736771,623272
PTJPL,2010-05-01,6-092,6-092,PINE CREEK VALLEY,PINE CREEK VALLEY,99.486311,31741
PTJPL,2010-05-01,7-006,7-006,PINTO VALLEY,PINTO VALLEY,15.615124,820363
PTJPL,2010-05-01,7-049,7-049,PIPES CANYON FAULT VALLEY,PIPES CANYON FAULT VALLEY,28.292119,15213
PTJPL,2010-05-01,2-004,2-004,PITTSBURG PLAIN,PITTSBURG PLAIN,86.021219,52122
PTJPL,2010-05-01,7-045,7-045,PIUTE VALLEY,PIUTE VALLEY,22.409423,782230
PTJPL,2010-05-01,7-052,7-052,PLEASANT VALLEY,PLEASANT VALLEY,29.195311,43336
PTJPL,2010-05-01,4-006,4-006,PLEASANT VALLEY,PLEASANT VALLEY,62.974149,89204
PTJPL,2010-05-01,5-038,5-038,PONDOSA TOWN AREA,PONDOSA TOWN AREA,104.67326,9353
PTJPL,2010-05-01,5-068,5-068,POPE VALLEY,POPE VALLEY,96.81933,32313
PTJPL,2010-05-01,9-029,9-029,POTRERO VALLEY,POTRERO VALLEY,99.393152,9083
PTJPL,2010-05-01,1-051,1-051,POTTER VALLEY,POTTER VALLEY,107.552275,37054
PTJPL,2010-05-01,9-013,9-013,POWAY VALLEY,POWAY VALLEY,106.429964,11080
PTJPL,2010-05-01,3-044,3-044,POZO VALLEY,POZO VALLEY,120.68266,30784
PTJPL,2010-05-01,1-025,1-025,PRAIRIE CREEK AREA,PRAIRIE CREEK AREA,128.349891,91097
PTJPL,2010-05-01,7-040,7-040,QUIEN SABE POINT VALLEY,QUIEN SABE POINT VALLEY,18.986459,99694
PTJPL,2010-05-01,3-024,3-024,QUIEN SABE VALLEY,QUIEN SABE VALLEY,117.791102,21173
PTJPL,2010-05-01,6-062,6-062,RACE TRACK VALLEY,RACE TRACK VALLEY,8.77599,63448
PTJPL,2010-05-01,3-046,3-046,RAFAEL VALLEY,RAFAEL VALLEY,112.379897,13451
PTJPL,2010-05-01,9-025,9-025,RANCHITA TOWN AREA,RANCHITA TOWN AREA,65.383196,14032
PTJPL,2010-05-01,4-023,4-023,RAYMOND,RAYMOND,69.959791,117113
PTJPL,2010-05-01,6-024,6-024,RED PASS VALLEY,RED PASS VALLEY,10.9243,433105
PTJPL,2010-05-01,1-018,1-018,RED ROCK VALLEY,RED ROCK VALLEY,103.267133,40478
PTJPL,2010-05-01,5-006.03,5-006,REDDING AREA,REDDING AREA - ANDERSON,111.218352,443683
PTJPL,2010-05-01,5-006.01,5-006,REDDING AREA,REDDING AREA - BOWMAN,109.121169,550983
PTJPL,2010-05-01,5-006.04,5-006,REDDING AREA,REDDING AREA - ENTERPRISE,110.832892,275583
PTJPL,2010-05-01,5-006.05,5-006,REDDING AREA,REDDING AREA - MILLVILLE,111.367023,295058
PTJPL,2010-05-01,5-006.06,5-006,REDDING AREA,REDDING AREA - SOUTH BATTLE CREEK,100.754565,151596
PTJPL,2010-05-01,1-026,1-026,REDWOOD CREEK AREA,REDWOOD CREEK AREA,114.391484,8971
PTJPL,2010-05-01,6-086,6-086,RHODES HILL AREA,RHODES HILL AREA,14.732878,70069
PTJPL,2010-05-01,7-004,7-004,RICE VALLEY,RICE VALLEY,13.028199,841014
PTJPL,2010-05-01,6-023,6-023,RIGGS VALLEY,RIGGS VALLEY,8.814964,393528
PTJPL,2010-05-01,3-043,3-043,RINCONADA VALLEY,RINCONADA VALLEY,126.592644,11582
PTJPL,2010-05-01,5-043,5-043,ROCK PRAIRIE VALLEY,ROCK PRAIRIE VALLEY,108.235609,25797
PTJPL,2010-05-01,6-056,6-056,ROSE VALLEY,ROSE VALLEY,20.702927,191219
PTJPL,2010-05-01,2-028,2-028,ROSS VALLEY,ROSS VALLEY,101.239344,7930
PTJPL,2010-05-01,5-036,5-036,ROUND VALLEY,ROUND VALLEY,91.246816,32664
PTJPL,2010-05-01,4-020,4-020,RUSSELL VALLEY,RUSSELL VALLEY,70.340489,13836
PTJPL,2010-05-01,5-021.54,5-021,SACRAMENTO VALLEY,SACRAMENTO VALLEY - ANTELOPE,129.29279,85850
PTJPL,2010-05-01,5-021.53,5-021,SACRAMENTO VALLEY,SACRAMENTO VALLEY - BEND,106.396632,101956
PTJPL,2010-05-01,5-021.70,5-021,SACRAMENTO VALLEY,SACRAMENTO VALLEY - BUTTE,85.948539,1198605
PTJPL,2010-05-01,5-021.52,5-021,SACRAMENTO VALLEY,SACRAMENTO VALLEY - COLUSA,91.158061,3249778
PTJPL,2010-05-01,5-021.51,5-021,SACRAMENTO VALLEY,SACRAMENTO VALLEY - CORNING,107.533078,932334
PTJPL,2010-05-01,5-021.56,5-021,SACRAMENTO VALLEY,SACRAMENTO VALLEY - LOS MOLINOS,99.699366,447052
PTJPL,2010-05-01,5-021.64,5-021,SACRAMENTO VALLEY,SACRAMENTO VALLEY - NORTH AMERICAN,93.38077,1538390
PTJPL,2010-05-01,5-021.60,5-021,SACRAMENTO VALLEY,SACRAMENTO VALLEY - NORTH YUBA,89.657647,273574
PTJPL,2010-05-01,5-021.50,5-021,SACRAMENTO VALLEY,SACRAMENTO VALLEY - RED BLUFF,116.564937,1222081
PTJPL,2010-05-01,5-021.66,5-021,SACRAMENTO VALLEY,SACRAMENTO VALLEY - SOLANO,104.86237,1594276
PTJPL,2010-05-01,5-021.65,5-021,SACRAMENTO VALLEY,SACRAMENTO VALLEY - SOUTH AMERICAN,107.20865,1116891
PTJPL,2010-05-01,5-021.61,5-021,SACRAMENTO VALLEY,SACRAMENTO VALLEY - SOUTH YUBA,93.667534,490197
PTJPL,2010-05-01,5-021.62,5-021,SACRAMENTO VALLEY,SACRAMENTO VALLEY - SUTTER,81.144024,1285046
PTJPL,2010-05-01,5-021.57,5-021,SACRAMENTO VALLEY,SACRAMENTO VALLEY - VINA,97.986273,831432
PTJPL,2010-05-01,5-021.69,5-021,SACRAMENTO VALLEY,SACRAMENTO VALLEY - WYANDOTTE CREEK,90.987025,266975
PTJPL,2010-05-01,5-021.67,5-021,SACRAMENTO VALLEY,SACRAMENTO VALLEY - YOLO,91.674853,2431107
PTJPL,2010-05-01,3-004.01,3-004,SALINAS VALLEY,SALINAS VALLEY - 180/400 FOOT AQUIFER,100.465842,402409
PTJPL,2010-05-01,3-004.11,3-004,SALINAS VALLEY,SALINAS VALLEY - ATASCADERO AREA,115.061753,88757
PTJPL,2010-05-01,3-004.02,3-004,SALINAS VALLEY,SALINAS VALLEY - EAST SIDE AQUIFER,98.10148,258446
PTJPL,2010-05-01,3-004.04,3-004,SALINAS VALLEY,SALINAS VALLEY - FOREBAY AQUIFER,107.049518,422898
PTJPL,2010-05-01,3-004.09,3-004,SALINAS VALLEY,SALINAS VALLEY - LANGLEY AREA,118.242849,79218
PTJPL,2010-05-01,3-004.10,3-004,SALINAS VALLEY,SALINAS VALLEY - MONTEREY,112.213934,138524
PTJPL,2010-05-01,3-004.06,3-004,SALINAS VALLEY,SALINAS VALLEY - PASO ROBLES AREA,107.653815,1961118
PTJPL,2010-05-01,3-004.08,3-004,SALINAS VALLEY,SALINAS VALLEY - SEASIDE,107.541333,65106
PTJPL,2010-05-01,3-004.05,3-004,SALINAS VALLEY,SALINAS VALLEY - UPPER VALLEY AQUIFER,105.583217,1070293
PTJPL,2010-05-01,6-017,6-017,SALINE VALLEY,SALINE VALLEY,6.245809,657298
PTJPL,2010-05-01,6-053,6-053,SALT WELLS VALLEY,SALT WELLS VALLEY,10.67831,132519
PTJPL,2010-05-01,3-014,3-014,SAN ANTONIO CREEK VALLEY,SAN ANTONIO CREEK VALLEY,121.47519,303230
PTJPL,2010-05-01,3-028,3-028,SAN BENITO RIVER VALLEY,SAN BENITO RIVER VALLEY,116.376249,108949
PTJPL,2010-05-01,3-033,3-033,SAN CARPOFORO VALLEY,SAN CARPOFORO VALLEY,132.162191,4692
PTJPL,2010-05-01,9-015,9-015,SAN DIEGO RIVER VALLEY,SAN DIEGO RIVER VALLEY,98.429845,38030
PTJPL,2010-05-01,9-012,9-012,SAN DIEGUITO CREEK,SAN DIEGUITO CREEK,133.116517,15457
PTJPL,2010-05-01,9-023,9-023,SAN ELIJO VALLEY,SAN ELIJO VALLEY,132.506425,3969
PTJPL,2010-05-01,7-027,7-027,SAN FELIPE VALLEY,SAN FELIPE VALLEY,51.685305,105140
PTJPL,2010-05-01,4-012,4-012,SAN FERNANDO VALLEY,SAN FERNANDO VALLEY,65.105551,651275
PTJPL,2010-05-01,4-013,4-013,SAN GABRIEL VALLEY,SAN GABRIEL VALLEY,57.633213,568281
PTJPL,2010-05-01,2-024,2-024,SAN GREGORIO VALLEY,SAN GREGORIO VALLEY,98.745592,4764
PTJPL,2010-05-01,8-005,8-005,SAN JACINTO,SAN JACINTO,59.680708,712864
PTJPL,2010-05-01,5-022.05,5-022,SAN JOAQUIN VALLEY,SAN JOAQUIN VALLEY - CHOWCHILLA,115.447322,654481
PTJPL,2010-05-01,5-022.16,5-022,SAN JOAQUIN VALLEY,SAN JOAQUIN VALLEY - COSUMNES,120.53142,945540
PTJPL,2010-05-01,5-022.07,5-022,SAN JOAQUIN VALLEY,SAN JOAQUIN VALLEY - DELTA-MENDOTA,104.785967,3439751
PTJPL,2010-05-01,5-022.19,5-022,SAN JOAQUIN VALLEY,SAN JOAQUIN VALLEY - EAST CONTRA COSTA,101.422442,483697
PTJPL,2010-05-01,5-022.01,5-022,SAN JOAQUIN VALLEY,SAN JOAQUIN VALLEY - EASTERN SAN JOAQUIN,112.306772,3438604
PTJPL,2010-05-01,5-022.11,5-022,SAN JOAQUIN VALLEY,SAN JOAQUIN VALLEY - KAWEAH,109.593831,1982746
PTJPL,2010-05-01,5-022.14,5-022,SAN JOAQUIN VALLEY,SAN JOAQUIN VALLEY - KERN COUNTY,83.704287,8014050
PTJPL,2010-05-01,5-022.17,5-022,SAN JOAQUIN VALLEY,SAN JOAQUIN VALLEY - KETTLEMAN PLAIN,67.861226,286610
PTJPL,2010-05-01,5-022.08,5-022,SAN JOAQUIN VALLEY,SAN JOAQUIN VALLEY - KINGS,114.967142,4411167
PTJPL,2010-05-01,5-022.06,5-022,SAN JOAQUIN VALLEY,SAN JOAQUIN VALLEY - MADERA,117.093896,1562954
PTJPL,2010-05-01,5-022.04,5-022,SAN JOAQUIN VALLEY,SAN JOAQUIN VALLEY - MERCED,105.615098,2304447
PTJPL,2010-05-01,5-022.02,5-022,SAN JOAQUIN VALLEY,SAN JOAQUIN VALLEY - MODESTO,108.341505,1102736
PTJPL,2010-05-01,5-022.10,5-022,SAN JOAQUIN VALLEY,SAN JOAQUIN VALLEY - PLEASANT VALLEY,79.111876,216677
PTJPL,2010-05-01,5-022.15,5-022,SAN JOAQUIN VALLEY,SAN JOAQUIN VALLEY - TRACY,103.46532,1071168
PTJPL,2010-05-01,5-022.12,5-022,SAN JOAQUIN VALLEY,SAN JOAQUIN VALLEY - TULARE LAKE,91.296922,2409181
PTJPL,2010-05-01,5-022.13,5-022,SAN JOAQUIN VALLEY,SAN JOAQUIN VALLEY - TULE,100.790704,2147273
PTJPL,2010-05-01,5-022.03,5-022,SAN JOAQUIN VALLEY,SAN JOAQUIN VALLEY - TURLOCK,109.44596,1565440
PTJPL,2010-05-01,5-022.09,5-022,SAN JOAQUIN VALLEY,SAN JOAQUIN VALLEY - WESTSIDE,103.492478,2797567
PTJPL,2010-05-01,5-022.18,5-022,SAN JOAQUIN VALLEY,SAN JOAQUIN VALLEY - WHITE WOLF,84.835577,483575
PTJPL,2010-05-01,9-001,9-001,SAN JUAN VALLEY,SAN JUAN VALLEY,113.512388,73255
PTJPL,2010-05-01,3-009,3-009,SAN LUIS OBISPO VALLEY,SAN LUIS OBISPO VALLEY,118.36186,57221
PTJPL,2010-05-01,9-007.02,9-007,SAN LUIS REY VALLEY,SAN LUIS REY VALLEY - LOWER SAN LUIS REY VALLEY,117.051716,46175
PTJPL,2010-05-01,9-007.01,9-007,SAN LUIS REY VALLEY,SAN LUIS REY VALLEY - UPPER SAN LUIS REY VALLEY,105.425448,86570
PTJPL,2010-05-01,9-032,9-032,SAN MARCOS AREA,SAN MARCOS AREA,109.12683,9564
PTJPL,2010-05-01,9-002,9-002,SAN MATEO VALLEY,SAN MATEO VALLEY,120.378988,13164
PTJPL,2010-05-01,9-003,9-003,SAN ONOFRE VALLEY,SAN ONOFRE VALLEY,123.32016,5516
PTJPL,2010-05-01,9-010,9-010,SAN PASQUAL VALLEY,SAN PASQUAL VALLEY,106.404453,15720
PTJPL,2010-05-01,2-036,2-036,SAN PEDRO VALLEY,SAN PEDRO VALLEY,95.450271,2765
PTJPL,2010-05-01,2-029,2-029,SAN RAFAEL VALLEY,SAN RAFAEL VALLEY,85.979654,3932
PTJPL,2010-05-01,2-007,2-007,SAN RAMON VALLEY,SAN RAMON VALLEY,90.671959,31743
PTJPL,2010-05-01,3-035,3-035,SAN SIMEON VALLEY,SAN SIMEON VALLEY,142.986348,2344
PTJPL,2010-05-01,2-027,2-027,SAND POINT AREA,SAND POINT AREA,113.927225,100062
PTJPL,2010-05-01,1-053,1-053,SANEL VALLEY,SANEL VALLEY,118.490721,25057
PTJPL,2010-05-01,3-022,3-022,SANTA ANA VALLEY,SANTA ANA VALLEY,106.108417,12249
PTJPL,2010-05-01,3-017,3-017,SANTA BARBARA,SANTA BARBARA,87.036844,26897
PTJPL,2010-05-01,4-004.05,4-004,SANTA CLARA RIVER VALLEY,SANTA CLARA RIVER VALLEY - FILLMORE,91.309684,101526
PTJPL,2010-05-01,4-004.03,4-004,SANTA CLARA RIVER VALLEY,SANTA CLARA RIVER VALLEY - MOUND,67.683183,61597
PTJPL,2010-05-01,4-004.02,4-004,SANTA CLARA RIVER VALLEY,SANTA CLARA RIVER VALLEY - OXNARD,59.767733,250432
PTJPL,2010-05-01,4-004.06,4-004,SANTA CLARA RIVER VALLEY,SANTA CLARA RIVER VALLEY - PIRU,69.495368,49008
PTJPL,2010-05-01,4-004.07,4-004,SANTA CLARA RIVER VALLEY,SANTA CLARA RIVER VALLEY - SANTA CLARA RIVER VALLEY EAST,69.428531,303994
PTJPL,2010-05-01,4-004.04,4-004,SANTA CLARA RIVER VALLEY,SANTA CLARA RIVER VALLEY - SANTA PAULA,85.213007,99438
PTJPL,2010-05-01,2-009.04,2-009,SANTA CLARA VALLEY,SANTA CLARA VALLEY - EAST BAY PLAIN,85.637787,320372
PTJPL,2010-05-01,2-009.01,2-009,SANTA CLARA VALLEY,SANTA CLARA VALLEY - NILES CONE,99.993771,293000
PTJPL,2010-05-01,2-009.03,2-009,SANTA CLARA VALLEY,SANTA CLARA VALLEY - SAN MATEO PLAIN,97.247142,170222
PTJPL,2010-05-01,2-009.02,2-009,SANTA CLARA VALLEY,SANTA CLARA VALLEY - SANTA CLARA,88.965386,852424
PTJPL,2010-05-01,3-001,3-001,SANTA CRUZ MID-COUNTY,SANTA CRUZ MID-COUNTY,110.998876,159285
PTJPL,2010-05-01,3-027,3-027,SANTA MARGARITA,SANTA MARGARITA,106.726321,100048
PTJPL,2010-05-01,9-004,9-004,SANTA MARGARITA VALLEY,SANTA MARGARITA VALLEY,120.905656,22471
PTJPL,2010-05-01,3-012.02,3-012,SANTA MARIA RIVER VALLEY,SANTA MARIA RIVER VALLEY - ARROYO GRANDE,106.686449,13025
PTJPL,2010-05-01,3-012.01,3-012,SANTA MARIA RIVER VALLEY,SANTA MARIA RIVER VALLEY - SANTA MARIA,110.797646,762121
PTJPL,2010-05-01,9-011,9-011,SANTA MARIA VALLEY,SANTA MARIA VALLEY,93.903169,55261
PTJPL,2010-05-01,6-068,6-068,SANTA ROSA FLAT,SANTA ROSA FLAT,20.990152,75450
PTJPL,2010-05-01,3-036,3-036,SANTA ROSA VALLEY,SANTA ROSA VALLEY,140.409845,15379
PTJPL,2010-05-01,1-055.02,1-055,SANTA ROSA VALLEY,SANTA ROSA VALLEY - HEALDSBURG AREA,103.621113,69295
PTJPL,2010-05-01,1-055.03,1-055,SANTA ROSA VALLEY,SANTA ROSA VALLEY - RINCON VALLEY,91.441021,24958
PTJPL,2010-05-01,1-055.01,1-055,SANTA ROSA VALLEY,SANTA ROSA VALLEY - SANTA ROSA PLAIN,96.921791,365509
PTJPL,2010-05-01,3-015,3-015,SANTA YNEZ RIVER VALLEY,SANTA YNEZ RIVER VALLEY,115.065107,911581
PTJPL,2010-05-01,1-005,1-005,SCOTT RIVER VALLEY,SCOTT RIVER VALLEY,106.137614,286977
PTJPL,2010-05-01,5-014,5-014,SCOTTS VALLEY,SCOTTS VALLEY,114.126511,32930
PTJPL,2010-05-01,6-052,6-052,SEARLES VALLEY,SEARLES VALLEY,11.055973,885734
PTJPL,2010-05-01,6-100,6-100,SECRET VALLEY,SECRET VALLEY,79.164241,151387
PTJPL,2010-05-01,1-016,1-016,SEIAD VALLEY,SEIAD VALLEY,91.825037,10105
PTJPL,2010-05-01,8-008,8-008,SEVEN OAKS VALLEY,SEVEN OAKS VALLEY,91.929328,18310
PTJPL,2010-05-01,1-004,1-004,SHASTA VALLEY,SHASTA VALLEY,107.805715,976775
PTJPL,2010-05-01,1-042,1-042,SHERWOOD VALLEY,SHERWOOD VALLEY,128.583285,5169
PTJPL,2010-05-01,5-012.02,5-012,SIERRA VALLEY,SIERRA VALLEY - CHILCOOT,76.949482,33948
PTJPL,2010-05-01,5-012.01,5-012,SIERRA VALLEY,SIERRA VALLEY - SIERRA VALLEY,97.720816,527445
PTJPL,2010-05-01,6-034,6-034,SILVER LAKE VALLEY,SILVER LAKE VALLEY,8.553259,158273
PTJPL,2010-05-01,4-009,4-009,SIMI VALLEY,SIMI VALLEY,57.023654,54663
PTJPL,2010-05-01,6-105,6-105,SLINKARD VALLEY,SLINKARD VALLEY,72.318911,20269
PTJPL,2010-05-01,1-001,1-001,SMITH RIVER PLAIN,SMITH RIVER PLAIN,115.093698,174412
PTJPL,2010-05-01,6-033,6-033,SODA LAKE VALLEY,SODA LAKE VALLEY,11.34373,1706157
PTJPL,2010-05-01,2-037,2-037,SOUTH SAN FRANCISCO,SOUTH SAN FRANCISCO,96.824088,9789
PTJPL,2010-05-01,6-082,6-082,SPRING CANYON VALLEY,SPRING CANYON VALLEY,16.955476,21584
PTJPL,2010-05-01,5-089,5-089,SQUAW FLAT,SQUAW FLAT,89.519353,5813
PTJPL,2010-05-01,5-088,5-088,STONY GORGE RESERVOIR,STONY GORGE RESERVOIR,91.756475,4788
PTJPL,2010-05-01,5-063,5-063,STONYFORD TOWN AREA,STONYFORD TOWN AREA,87.48527,28955
PTJPL,2010-05-01,2-003,2-003,SUISUN-FAIRFIELD VALLEY,SUISUN-FAIRFIELD VALLEY,97.245809,600348
PTJPL,2010-05-01,2-011,2-011,SUNOL VALLEY,SUNOL VALLEY,104.782731,74769
PTJPL,2010-05-01,6-049,6-049,SUPERIOR VALLEY,SUPERIOR VALLEY,23.107056,541018
PTJPL,2010-05-01,6-001,6-001,SURPRISE VALLEY,SURPRISE VALLEY,69.39763,1026748
PTJPL,2010-05-01,6-107,6-107,SWEETWATER FLAT,SWEETWATER FLAT,73.481521,17966
PTJPL,2010-05-01,6-005.03,6-005,TAHOE VALLEY,TAHOE VALLEY - TAHOE NORTH,83.547168,8385
PTJPL,2010-05-01,6-005.01,6-005,TAHOE VALLEY,TAHOE VALLEY - TAHOE SOUTH,79.003307,62297
PTJPL,2010-05-01,6-005.02,6-005,TAHOE VALLEY,TAHOE VALLEY - TAHOE WEST,85.407164,17951
PTJPL,2010-05-01,6-045,6-045,TEHACHAPI VALLEY EAST,TEHACHAPI VALLEY EAST,67.067167,107747
PTJPL,2010-05-01,5-028,5-028,TEHACHAPI VALLEY WEST,TEHACHAPI VALLEY WEST,75.0953,66422
PTJPL,2010-05-01,9-005,9-005,TEMECULA VALLEY,TEMECULA VALLEY,80.914459,394594
PTJPL,2010-05-01,1-040,1-040,TEN MILE RIVER VALLEY,TEN MILE RIVER VALLEY,141.292705,6703
PTJPL,2010-05-01,7-026,7-026,TERWILLIGER VALLEY,TERWILLIGER VALLEY,65.658118,36068
PTJPL,2010-05-01,4-019,4-019,THOUSAND OAKS AREA,THOUSAND OAKS AREA,67.184369,13972
PTJPL,2010-05-01,4-015,4-015,TIERRA REJADA,TIERRA REJADA,70.472944,20679
PTJPL,2010-05-01,5-037,5-037,TOAD WELL AREA,TOAD WELL AREA,94.190987,14734
PTJPL,2010-05-01,3-040,3-040,TORO VALLEY,TORO VALLEY,137.077898,3235
PTJPL,2010-05-01,6-098,6-098,TULEDAD CANYON VALLEY,TULEDAD CANYON VALLEY,72.959413,23111
PTJPL,2010-05-01,7-010,7-010,TWENTYNINE PALMS VALLEY,TWENTYNINE PALMS VALLEY,13.306505,279940
PTJPL,2010-05-01,1-052,1-052,UKIAH VALLEY,UKIAH VALLEY,118.967538,168749
PTJPL,2010-05-01,6-022,6-022,UPPER KINGSTON VALLEY,UPPER KINGSTON VALLEY,20.907344,794700
PTJPL,2010-05-01,5-013,5-013,UPPER LAKE VALLEY,UPPER LAKE VALLEY,111.457332,32659
PTJPL,2010-05-01,6-042,6-042,UPPER MOJAVE RIVER VALLEY,UPPER MOJAVE RIVER VALLEY,32.350229,1854956
PTJPL,2010-05-01,4-001,4-001,UPPER OJAI VALLEY,UPPER OJAI VALLEY,93.528188,17117
PTJPL,2010-05-01,3-023,3-023,UPPER SANTA ANA VALLEY,UPPER SANTA ANA VALLEY,121.691878,6439
PTJPL,2010-05-01,8-002.05,8-002,UPPER SANTA ANA VALLEY,UPPER SANTA ANA VALLEY - CAJON,60.213106,104061
PTJPL,2010-05-01,8-002.01,8-002,UPPER SANTA ANA VALLEY,UPPER SANTA ANA VALLEY - CHINO,50.534151,690960
PTJPL,2010-05-01,8-002.02,8-002,UPPER SANTA ANA VALLEY,UPPER SANTA ANA VALLEY - CUCAMONGA,60.009686,40576
PTJPL,2010-05-01,8-002.04,8-002,UPPER SANTA ANA VALLEY,UPPER SANTA ANA VALLEY - RIALTO-COLTON,50.772684,111378
PTJPL,2010-05-01,8-002.03,8-002,UPPER SANTA ANA VALLEY,UPPER SANTA ANA VALLEY - RIVERSIDE-ARLINGTON,60.363959,254350
PTJPL,2010-05-01,8-002.06,8-002,UPPER SANTA ANA VALLEY,UPPER SANTA ANA VALLEY - SAN BERNARDINO,53.13615,415881
PTJPL,2010-05-01,8-002.08,8-002,UPPER SANTA ANA VALLEY,UPPER SANTA ANA VALLEY - SAN TIMOTEO,68.984081,145171
PTJPL,2010-05-01,8-002.09,8-002,UPPER SANTA ANA VALLEY,UPPER SANTA ANA VALLEY - TEMESCAL,66.717011,103262
PTJPL,2010-05-01,8-002.07,8-002,UPPER SANTA ANA VALLEY,UPPER SANTA ANA VALLEY - YUCAIPA,66.733636,99901
PTJPL,2010-05-01,7-028,7-028,VALLECITO-CARRIZO VALLEY,VALLECITO-CARRIZO VALLEY,20.545481,547711
PTJPL,2010-05-01,5-071,5-071,VALLECITOS CREEK VALLEY,VALLECITOS CREEK VALLEY,95.621169,67930
PTJPL,2010-05-01,7-063,7-063,VANDEVENTER FLAT,VANDEVENTER FLAT,79.490817,30274
PTJPL,2010-05-01,4-003.02,4-003,VENTURA RIVER VALLEY,VENTURA RIVER VALLEY - LOWER VENTURA RIVER,79.979955,21452
PTJPL,2010-05-01,4-003.01,4-003,VENTURA RIVER VALLEY,VENTURA RIVER VALLEY - UPPER VENTURA RIVER,77.650851,23732
PTJPL,2010-05-01,7-042,7-042,VIDAL VALLEY,VIDAL VALLEY,14.019422,618941
PTJPL,2010-05-01,3-037,3-037,VILLA VALLEY,VILLA VALLEY,135.242449,6092
PTJPL,2010-05-01,2-032,2-032,VISITACION VALLEY,VISITACION VALLEY,102.228355,26034
PTJPL,2010-05-01,5-026,5-026,WALKER BASIN CREEK VALLEY,WALKER BASIN CREEK VALLEY,71.364135,34468
PTJPL,2010-05-01,7-003,7-003,WARD VALLEY,WARD VALLEY,12.909255,2491784
PTJPL,2010-05-01,9-008,9-008,WARNER VALLEY,WARNER VALLEY,80.0156,107755
PTJPL,2010-05-01,7-012,7-012,WARREN VALLEY,WARREN VALLEY,29.71604,78585
PTJPL,2010-05-01,1-031,1-031,WEOTT TOWN AREA,WEOTT TOWN AREA,144.157645,16423
PTJPL,2010-05-01,7-022,7-022,WEST SALTON SEA,WEST SALTON SEA,10.376859,473862
PTJPL,2010-05-01,3-026,3-026,WEST SANTA CRUZ TERRACE,WEST SANTA CRUZ TERRACE,103.878625,29965
PTJPL,2010-05-01,2-035,2-035,WESTSIDE,WESTSIDE,101.575196,111230
PTJPL,2010-05-01,6-073,6-073,WILD HORSE MESA AREA,WILD HORSE MESA AREA,26.970655,14926
PTJPL,2010-05-01,6-075,6-075,WILDROSE CANYON,WILDROSE CANYON,34.57862,23181
PTJPL,2010-05-01,1-043,1-043,WILLIAMS VALLEY,WILLIAMS VALLEY,112.729091,7401
PTJPL,2010-05-01,6-003,6-003,WILLOW CREEK VALLEY,WILLOW CREEK VALLEY,87.556504,52589
PTJPL,2010-05-01,1-059,1-059,WILSON GROVE FORMATION HIGHLANDS,WILSON GROVE FORMATION HIGHLANDS,108.417734,287046
PTJPL,2010-05-01,1-062,1-062,WILSON POINT AREA,WILSON POINT AREA,107.254534,3198
PTJPL,2010-05-01,6-019,6-019,WINGATE VALLEY,WINGATE VALLEY,14.350407,320536
PTJPL,2010-05-01,7-056,7-056,YAQUI WELL AREA,YAQUI WELL AREA,26.268163,67265
PTJPL,2010-05-01,5-056,5-056,YELLOW CREEK VALLEY,YELLOW CREEK VALLEY,89.190848,9856
PTJPL,2010-05-01,2-006,2-006,YGNACIO VALLEY,YGNACIO VALLEY,85.291523,69545
PTJPL,2010-05-01,5-069,5-069,YOSEMITE VALLEY,YOSEMITE VALLEY,96.626476,33283
PTJPL,2010-05-01,7-036,7-036,YUMA VALLEY,YUMA VALLEY,37.660839,536338
