Model,Date,Basin_Subb,Basin_Numb,Basin_Name,Basin_Su_1,ET,Pixel_Count
PTJPL,2012-08-01,4-005,4-005,ACTON VALLEY,ACTON VALLEY,41.48546,37173
PTJPL,2012-08-01,6-010,6-010,ADOBE LAKE VALLEY,ADOBE LAKE VALLEY,9.00236,179273
PTJPL,2012-08-01,1-054.01,1-054,ALEXANDER VALLEY,ALEXANDER VALLEY - ALEXANDER AREA,82.021626,110099
PTJPL,2012-08-01,1-054.02,1-054,ALEXANDER VALLEY,ALEXANDER VALLEY - CLOVERDALE AREA,63.995539,29366
PTJPL,2012-08-01,5-002.01,5-002,ALTURAS AREA,ALTURAS AREA - SOUTH FORK PITT RIVER,47.991495,513210
PTJPL,2012-08-01,5-002.02,5-002,ALTURAS AREA,ALTURAS AREA - WARM SPRINGS VALLEY,41.752443,305817
PTJPL,2012-08-01,5-010,5-010,AMERICAN VALLEY,AMERICAN VALLEY,86.162076,30572
PTJPL,2012-08-01,7-016,7-016,AMES VALLEY,AMES VALLEY,8.347314,487562
PTJPL,2012-08-01,7-034,7-034,AMOS VALLEY,AMOS VALLEY,5.203452,584286
PTJPL,2012-08-01,1-019,1-019,ANDERSON VALLEY,ANDERSON VALLEY,78.194179,22366
PTJPL,2012-08-01,1-049,1-049,ANNAPOLIS OHLSON RANCH FORMATION HIGHLANDS,ANNAPOLIS OHLSON RANCH FORMATION HIGHLANDS,117.072776,38900
PTJPL,2012-08-01,5-091,5-091,ANTELOPE CREEK,ANTELOPE CREEK,22.092098,9175
PTJPL,2012-08-01,6-044,6-044,ANTELOPE VALLEY,ANTELOPE VALLEY,16.796371,4542342
PTJPL,2012-08-01,6-007,6-007,ANTELOPE VALLEY,ANTELOPE VALLEY,68.414593,89741
PTJPL,2012-08-01,3-034,3-034,ARROYO DE LA CRUZ VALLEY,ARROYO DE LA CRUZ VALLEY,114.450397,2520
PTJPL,2012-08-01,2-031,2-031,ARROYO DEL HAMBRE VALLEY,ARROYO DEL HAMBRE VALLEY,81.80249,3534
PTJPL,2012-08-01,4-007,4-007,ARROYO SANTA ROSA VALLEY,ARROYO SANTA ROSA VALLEY,88.843251,17646
PTJPL,2012-08-01,7-037,7-037,ARROYO SECO VALLEY,ARROYO SECO VALLEY,9.546566,1128000
PTJPL,2012-08-01,5-054,5-054,ASH VALLEY,ASH VALLEY,44.854303,27015
PTJPL,2012-08-01,6-026,6-026,AVAWATZ VALLEY,AVAWATZ VALLEY,4.868096,124166
PTJPL,2012-08-01,3-020,3-020,A�O NUEVO AREA,A�O NUEVO AREA,77.219333,8731
PTJPL,2012-08-01,9-022,9-022,BATIQUITOS LAGOON VALLEY,BATIQUITOS LAGOON VALLEY,140.669466,3334
PTJPL,2012-08-01,8-009,8-009,BEAR VALLEY,BEAR VALLEY,80.15834,85992
PTJPL,2012-08-01,5-064,5-064,BEAR VALLEY,BEAR VALLEY,24.403845,40934
PTJPL,2012-08-01,5-020,5-020,BERRYESSA VALLEY,BERRYESSA VALLEY,32.061702,6191
PTJPL,2012-08-01,7-015,7-015,BESSEMER VALLEY,BESSEMER VALLEY,3.324996,175679
PTJPL,2012-08-01,6-025,6-025,BICYCLE VALLEY,BICYCLE VALLEY,3.45968,402232
PTJPL,2012-08-01,1-027,1-027,BIG LAGOON AREA,BIG LAGOON AREA,154.288524,33758
PTJPL,2012-08-01,8-007,8-007,BIG MEADOWS VALLEY,BIG MEADOWS VALLEY,96.749956,63201
PTJPL,2012-08-01,1-045,1-045,BIG RIVER VALLEY,BIG RIVER VALLEY,135.391063,7564
PTJPL,2012-08-01,3-047,3-047,BIG SPRING AREA,BIG SPRING AREA,15.319677,31976
PTJPL,2012-08-01,5-015,5-015,BIG VALLEY,BIG VALLEY,77.256147,108957
PTJPL,2012-08-01,5-004,5-004,BIG VALLEY,BIG VALLEY,46.080027,413987
PTJPL,2012-08-01,3-030,3-030,BITTER WATER VALLEY,BITTER WATER VALLEY,24.754595,133506
PTJPL,2012-08-01,6-013,6-013,BLACK SPRINGS VALLEY,BLACK SPRINGS VALLEY,8.5798,138120
PTJPL,2012-08-01,5-092,5-092,BLANCHARD VALLEY,BLANCHARD VALLEY,23.282469,9994
PTJPL,2012-08-01,1-057,1-057,BODEGA BAY AREA,BODEGA BAY AREA,117.671067,7424
PTJPL,2012-08-01,7-024.01,7-024,BORREGO VALLEY,BORREGO VALLEY - BORREGO SPRINGS,14.042147,282155
PTJPL,2012-08-01,7-024.02,7-024,BORREGO VALLEY,BORREGO VALLEY - OCOTILLO WELLS,3.373948,405078
PTJPL,2012-08-01,1-039,1-039,BRANSCOMB TOWN AREA,BRANSCOMB TOWN AREA,124.253669,6201
PTJPL,2012-08-01,1-017,1-017,BRAY TOWN AREA,BRAY TOWN AREA,63.646834,36119
PTJPL,2012-08-01,6-008,6-008,BRIDGEPORT VALLEY,BRIDGEPORT VALLEY,71.062881,146102
PTJPL,2012-08-01,7-008,7-008,BRISTOL VALLEY,BRISTOL VALLEY,3.408255,2234028
PTJPL,2012-08-01,5-080,5-080,BRITE VALLEY,BRITE VALLEY,50.863311,14244
PTJPL,2012-08-01,6-032,6-032,BROADWELL VALLEY,BROADWELL VALLEY,2.316244,413036
PTJPL,2012-08-01,6-076,6-076,BROWN MOUNTAIN VALLEY,BROWN MOUNTAIN VALLEY,3.553039,97673
PTJPL,2012-08-01,7-054,7-054,BUCK RIDGE FAULT VALLEY,BUCK RIDGE FAULT VALLEY,28.836242,30771
PTJPL,2012-08-01,6-101,6-101,BULL FLAT,BULL FLAT,10.691857,78457
PTJPL,2012-08-01,5-048,5-048,BURNEY CREEK VALLEY,BURNEY CREEK VALLEY,57.340108,10579
PTJPL,2012-08-01,5-017,5-017,BURNS VALLEY,BURNS VALLEY,54.777004,12924
PTJPL,2012-08-01,5-051,5-051,BUTTE CREEK VALLEY,BUTTE CREEK VALLEY,65.013159,14515
PTJPL,2012-08-01,1-003,1-003,BUTTE VALLEY,BUTTE VALLEY,44.262924,358134
PTJPL,2012-08-01,6-081,6-081,BUTTE VALLEY,BUTTE VALLEY,10.506885,39581
PTJPL,2012-08-01,6-070,6-070,CACTUS FLAT,CACTUS FLAT,9.840186,31593
PTJPL,2012-08-01,7-007,7-007,CADIZ VALLEY,CADIZ VALLEY,2.461994,1213316
PTJPL,2012-08-01,6-090,6-090,CADY FAULT AREA,CADY FAULT AREA,6.092188,35753
PTJPL,2012-08-01,9-006,9-006,CAHUILLA VALLEY,CAHUILLA VALLEY,40.964822,80960
PTJPL,2012-08-01,6-079,6-079,CALIFORNIA VALLEY,CALIFORNIA VALLEY,6.465852,261117
PTJPL,2012-08-01,7-041,7-041,CALZONA VALLEY,CALZONA VALLEY,5.008573,340483
PTJPL,2012-08-01,6-061,6-061,CAMEO AREA,CAMEO AREA,1.971607,41842
PTJPL,2012-08-01,9-028,9-028,CAMPO VALLEY,CAMPO VALLEY,51.023519,15902
PTJPL,2012-08-01,7-046,7-046,CANEBRAKE VALLEY,CANEBRAKE VALLEY,18.714638,24306
PTJPL,2012-08-01,3-007,3-007,CARMEL VALLEY,CARMEL VALLEY,109.343628,18392
PTJPL,2012-08-01,3-018,3-018,CARPINTERIA,CARPINTERIA,81.303154,27524
PTJPL,2012-08-01,3-019,3-019,CARRIZO PLAIN,CARRIZO PLAIN,15.069432,939695
PTJPL,2012-08-01,6-006,6-006,CARSON VALLEY,CARSON VALLEY,60.353967,43069
PTJPL,2012-08-01,5-029,5-029,CASTAC LAKE VALLEY,CASTAC LAKE VALLEY,60.481142,16014
PTJPL,2012-08-01,2-008,2-008,CASTRO VALLEY,CASTRO VALLEY,55.693153,8193
PTJPL,2012-08-01,6-038,6-038,CAVES CANYON VALLEY,CAVES CANYON VALLEY,2.298127,328088
PTJPL,2012-08-01,5-045,5-045,CAYTON VALLEY,CAYTON VALLEY,105.393258,5874
PTJPL,2012-08-01,3-038,3-038,CAYUCOS VALLEY,CAYUCOS VALLEY,67.478905,877
PTJPL,2012-08-01,7-043,7-043,CHEMEHUEVI VALLEY,CHEMEHUEVI VALLEY,6.615449,1206667
PTJPL,2012-08-01,7-032,7-032,CHOCOLATE VALLEY,CHOCOLATE VALLEY,6.339119,580437
PTJPL,2012-08-01,3-005,3-005,CHOLAME VALLEY,CHOLAME VALLEY,27.025507,178576
PTJPL,2012-08-01,3-042,3-042,CHORRO VALLEY,CHORRO VALLEY,103.327095,3794
PTJPL,2012-08-01,5-061,5-061,CHROME TOWN AREA,CHROME TOWN AREA,15.629144,6334
PTJPL,2012-08-01,7-005,7-005,CHUCKWALLA VALLEY,CHUCKWALLA VALLEY,5.57057,2700884
PTJPL,2012-08-01,2-005,2-005,CLAYTON VALLEY,CLAYTON VALLEY,74.921938,80257
PTJPL,2012-08-01,5-066,5-066,CLEAR LAKE CACHE FORMATION,CLEAR LAKE CACHE FORMATION,79.562509,133749
PTJPL,2012-08-01,5-058,5-058,CLOVER VALLEY,CLOVER VALLEY,49.030804,75444
PTJPL,2012-08-01,7-021.03,7-021,COACHELLA VALLEY,COACHELLA VALLEY - DESERT HOT SPRINGS,5.471465,453877
PTJPL,2012-08-01,7-021.01,7-021,COACHELLA VALLEY,COACHELLA VALLEY - INDIO,40.3253,1334831
PTJPL,2012-08-01,7-021.02,7-021,COACHELLA VALLEY,COACHELLA VALLEY - MISSION CREEK,11.210946,218051
PTJPL,2012-08-01,7-021.04,7-021,COACHELLA VALLEY,COACHELLA VALLEY - SAN GORGONIO PASS,31.715799,173279
PTJPL,2012-08-01,4-011.04,4-011,COASTAL PLAIN OF LOS ANGELES,COASTAL PLAIN OF LOS ANGELES - CENTRAL,102.990153,799354
PTJPL,2012-08-01,4-011.02,4-011,COASTAL PLAIN OF LOS ANGELES,COASTAL PLAIN OF LOS ANGELES - HOLLYWOOD,93.552309,45279
PTJPL,2012-08-01,4-011.01,4-011,COASTAL PLAIN OF LOS ANGELES,COASTAL PLAIN OF LOS ANGELES - SANTA MONICA,129.625383,135624
PTJPL,2012-08-01,4-011.03,4-011,COASTAL PLAIN OF LOS ANGELES,COASTAL PLAIN OF LOS ANGELES - WEST COAST,134.612371,398128
PTJPL,2012-08-01,8-001,8-001,COASTAL PLAIN OF ORANGE COUNTY,COASTAL PLAIN OF ORANGE COUNTY,100.052531,995882
PTJPL,2012-08-01,9-033,9-033,COASTAL PLAIN OF SAN DIEGO,COASTAL PLAIN OF SAN DIEGO,84.515285,236209
PTJPL,2012-08-01,6-072,6-072,COLES FLAT,COLES FLAT,20.907052,13244
PTJPL,2012-08-01,5-019,5-019,COLLAYOMI VALLEY,COLLAYOMI VALLEY,47.870896,29240
PTJPL,2012-08-01,7-055,7-055,COLLINS VALLEY,COLLINS VALLEY,22.951466,31751
PTJPL,2012-08-01,4-010,4-010,CONEJO,CONEJO,76.705099,84503
PTJPL,2012-08-01,7-011,7-011,COPPER MOUNTAIN VALLEY,COPPER MOUNTAIN VALLEY,10.466131,136155
PTJPL,2012-08-01,3-002.01,3-002,CORRALITOS,CORRALITOS - PAJARO VALLEY,82.132816,329125
PTJPL,2012-08-01,3-002.02,3-002,CORRALITOS,CORRALITOS - PURISIMA HIGHLANDS,140.893918,58134
PTJPL,2012-08-01,6-055,6-055,COSO VALLEY,COSO VALLEY,4.565623,114792
PTJPL,2012-08-01,1-037,1-037,COTTONEVA CREEK VALLEY,COTTONEVA CREEK VALLEY,139.354482,3436
PTJPL,2012-08-01,9-027,9-027,COTTONWOOD VALLEY,COTTONWOOD VALLEY,62.192422,17181
PTJPL,2012-08-01,1-011,1-011,COVELO ROUND VALLEY,COVELO ROUND VALLEY,64.136966,73792
PTJPL,2012-08-01,6-091,6-091,COW HEAD LAKE VALLEY,COW HEAD LAKE VALLEY,42.137252,25180
PTJPL,2012-08-01,6-037,6-037,COYOTE LAKE VALLEY,COYOTE LAKE VALLEY,2.637721,396167
PTJPL,2012-08-01,5-018,5-018,COYOTE VALLEY,COYOTE VALLEY,58.682441,29352
PTJPL,2012-08-01,7-029,7-029,COYOTE WELLS VALLEY,COYOTE WELLS VALLEY,2.713805,648419
PTJPL,2012-08-01,6-035,6-035,CRONISE VALLEY,CRONISE VALLEY,1.887255,567848
PTJPL,2012-08-01,6-050,6-050,CUDDEBACK VALLEY,CUDDEBACK VALLEY,6.083279,426688
PTJPL,2012-08-01,5-082,5-082,CUDDY CANYON VALLEY,CUDDY CANYON VALLEY,34.969049,14830
PTJPL,2012-08-01,5-083,5-083,CUDDY RANCH AREA,CUDDY RANCH AREA,64.899926,18906
PTJPL,2012-08-01,5-084,5-084,CUDDY VALLEY,CUDDY VALLEY,59.061928,15308
PTJPL,2012-08-01,5-027,5-027,CUMMINGS VALLEY,CUMMINGS VALLEY,38.511856,44997
PTJPL,2012-08-01,3-013,3-013,CUYAMA VALLEY,CUYAMA VALLEY,38.714836,1056125
PTJPL,2012-08-01,7-009,7-009,DALE VALLEY,DALE VALLEY,5.361291,955636
PTJPL,2012-08-01,6-057,6-057,DARWIN VALLEY,DARWIN VALLEY,10.394175,197656
PTJPL,2012-08-01,7-061,7-061,DAVIES VALLEY,DAVIES VALLEY,5.544038,15214
PTJPL,2012-08-01,7-013.01,7-013,DEADMAN VALLEY,DEADMAN VALLEY - DEADMAN LAKE,3.983024,400268
PTJPL,2012-08-01,7-013.02,7-013,DEADMAN VALLEY,DEADMAN VALLEY - SURPRISE SPRING,4.912819,131543
PTJPL,2012-08-01,6-018,6-018,DEATH VALLEY,DEATH VALLEY,1.736205,4133569
PTJPL,2012-08-01,6-015,6-015,DEEP SPRINGS VALLEY,DEEP SPRINGS VALLEY,11.964799,134455
PTJPL,2012-08-01,6-078,6-078,DENNING SPRING VALLEY,DENNING SPRING VALLEY,4.436764,32521
PTJPL,2012-08-01,1-034,1-034,DINSMORES TOWN AREA,DINSMORES TOWN AREA,89.707191,10249
PTJPL,2012-08-01,5-053,5-053,DIXIE VALLEY,DIXIE VALLEY,47.310406,21881
PTJPL,2012-08-01,2-040,2-040,DOWNTOWN,DOWNTOWN,91.422009,31523
PTJPL,2012-08-01,5-049,5-049,DRY BURNEY CREEK VALLEY,DRY BURNEY CREEK VALLEY,124.268655,13817
PTJPL,2012-08-01,3-029,3-029,DRY LAKE VALLEY,DRY LAKE VALLEY,28.85868,5668
PTJPL,2012-08-01,6-095,6-095,DRY VALLEY,DRY VALLEY,19.562378,29217
PTJPL,2012-08-01,6-096,6-096,EAGLE LAKE AREA,EAGLE LAKE AREA,59.076407,57089
PTJPL,2012-08-01,7-033,7-033,EAST SALTON SEA,EAST SALTON SEA,9.536529,876169
PTJPL,2012-08-01,1-044,1-044,EDEN VALLEY,EDEN VALLEY,70.272962,6195
PTJPL,2012-08-01,1-010,1-010,EEL RIVER VALLEY,EEL RIVER VALLEY,130.551421,206298
PTJPL,2012-08-01,5-041,5-041,EGG LAKE VALLEY,EGG LAKE VALLEY,53.305887,18448
PTJPL,2012-08-01,9-016,9-016,EL CAJON VALLEY,EL CAJON VALLEY,57.423321,32160
PTJPL,2012-08-01,6-043,6-043,EL MIRAGE VALLEY,EL MIRAGE VALLEY,11.820241,341252
PTJPL,2012-08-01,5-062,5-062,ELK CREEK AREA,ELK CREEK AREA,34.058851,6474
PTJPL,2012-08-01,8-004.02,8-004,ELSINORE,ELSINORE - BEDFORD-COLDWATER,49.597456,31599
PTJPL,2012-08-01,8-004.01,8-004,ELSINORE,ELSINORE - ELSINORE VALLEY,67.142397,106147
PTJPL,2012-08-01,9-009,9-009,ESCONDIDO VALLEY,ESCONDIDO VALLEY,67.170191,12956
PTJPL,2012-08-01,1-009,1-009,EUREKA PLAIN,EUREKA PLAIN,136.212858,97201
PTJPL,2012-08-01,6-016,6-016,EUREKA VALLEY,EUREKA VALLEY,2.199084,578610
PTJPL,2012-08-01,1-022,1-022,FAIRCHILD SWAMP VALLEY,FAIRCHILD SWAMP VALLEY,41.023548,14736
PTJPL,2012-08-01,5-005,5-005,FALL RIVER VALLEY,FALL RIVER VALLEY,83.66875,246566
PTJPL,2012-08-01,7-002,7-002,FENNER VALLEY,FENNER VALLEY,14.066002,2034083
PTJPL,2012-08-01,6-014,6-014,FISH LAKE VALLEY,FISH LAKE VALLEY,14.934583,206078
PTJPL,2012-08-01,3-053,3-053,FOOTHILL,FOOTHILL,69.513567,14742
PTJPL,2012-08-01,1-021,1-021,FORT BRAGG TERRACE AREA,FORT BRAGG TERRACE AREA,110.130438,92780
PTJPL,2012-08-01,1-061,1-061,FORT ROSS TERRACE DEPOSITS,FORT ROSS TERRACE DEPOSITS,115.355694,24507
PTJPL,2012-08-01,6-046,6-046,FREMONT VALLEY,FREMONT VALLEY,8.06397,1507395
PTJPL,2012-08-01,5-090,5-090,FUNKS CREEK,FUNKS CREEK,18.639266,13564
PTJPL,2012-08-01,1-032,1-032,GARBERVILLE TOWN AREA,GARBERVILLE TOWN AREA,109.342283,9498
PTJPL,2012-08-01,1-020,1-020,GARCIA RIVER VALLEY,GARCIA RIVER VALLEY,107.19939,3937
PTJPL,2012-08-01,3-003.01,3-003,GILROY-HOLLISTER VALLEY,GILROY-HOLLISTER VALLEY - LLAGAS AREA,64.187897,213010
PTJPL,2012-08-01,3-003.05,3-003,GILROY-HOLLISTER VALLEY,GILROY-HOLLISTER VALLEY - NORTH SAN BENITO,48.621787,572765
PTJPL,2012-08-01,6-085,6-085,GOLD VALLEY,GOLD VALLEY,7.439249,14436
PTJPL,2012-08-01,6-048,6-048,GOLDSTONE VALLEY,GOLDSTONE VALLEY,5.056828,126294
PTJPL,2012-08-01,3-016,3-016,GOLETA,GOLETA,66.177518,41438
PTJPL,2012-08-01,5-001.02,5-001,GOOSE LAKE,GOOSE LAKE - FANDANGO VALLEY,49.05825,82919
PTJPL,2012-08-01,5-001.01,5-001,GOOSE LAKE,GOOSE LAKE - GOOSE VALLEY,41.986974,161679
PTJPL,2012-08-01,5-047,5-047,GOOSE VALLEY,GOOSE VALLEY,105.341376,18941
PTJPL,2012-08-01,6-077,6-077,GRASS VALLEY,GRASS VALLEY,8.725585,44881
PTJPL,2012-08-01,6-094,6-094,GRASSHOPPER VALLEY,GRASSHOPPER VALLEY,24.470485,79418
PTJPL,2012-08-01,1-048,1-048,GRAVELLY VALLEY,GRAVELLY VALLEY,86.945756,13384
PTJPL,2012-08-01,5-052,5-052,GRAYS VALLEY,GRAYS VALLEY,33.38727,24461
PTJPL,2012-08-01,6-084,6-084,GREENWATER VALLEY,GREENWATER VALLEY,7.578413,268934
PTJPL,2012-08-01,5-059,5-059,GRIZZLY VALLEY,GRIZZLY VALLEY,116.570202,60426
PTJPL,2012-08-01,2-022,2-022,HALF MOON BAY TERRACE,HALF MOON BAY TERRACE,78.816506,25652
PTJPL,2012-08-01,1-015,1-015,HAPPY CAMP TOWN AREA,HAPPY CAMP TOWN AREA,110.098909,12466
PTJPL,2012-08-01,6-047,6-047,HARPER VALLEY,HARPER VALLEY,6.217651,1841343
PTJPL,2012-08-01,6-074,6-074,HARRISBURG FLATS,HARRISBURG FLATS,9.170659,112083
PTJPL,2012-08-01,6-093,6-093,HARVEY VALLEY,HARVEY VALLEY,36.089168,20254
PTJPL,2012-08-01,1-006,1-006,HAYFORK VALLEY,HAYFORK VALLEY,74.956032,14829
PTJPL,2012-08-01,7-048,7-048,HELENDALE FAULT VALLEY,HELENDALE FAULT VALLEY,49.326142,11774
PTJPL,2012-08-01,8-006,8-006,HEMET LAKE VALLEY,HEMET LAKE VALLEY,72.74818,70868
PTJPL,2012-08-01,3-031,3-031,HERNANDEZ VALLEY,HERNANDEZ VALLEY,62.075441,12871
PTJPL,2012-08-01,1-036,1-036,HETTENSHAW VALLEY,HETTENSHAW VALLEY,51.423431,3807
PTJPL,2012-08-01,7-053,7-053,HEXIE MOUNTAIN AREA,HEXIE MOUNTAIN AREA,13.930693,50053
PTJPL,2012-08-01,6-063,6-063,HIDDEN VALLEY,HIDDEN VALLEY,4.706708,80667
PTJPL,2012-08-01,4-016,4-016,HIDDEN VALLEY,HIDDEN VALLEY,80.189385,9948
PTJPL,2012-08-01,5-016,5-016,HIGH VALLEY,HIGH VALLEY,48.465213,10593
PTJPL,2012-08-01,6-004,6-004,HONEY LAKE VALLEY,HONEY LAKE VALLEY,21.825669,1394272
PTJPL,2012-08-01,1-029,1-029,HONEYDEW TOWN AREA,HONEYDEW TOWN AREA,113.157144,10659
PTJPL,2012-08-01,1-007,1-007,HOOPA VALLEY,HOOPA VALLEY,101.548744,17520
PTJPL,2012-08-01,6-097,6-097,HORSE LAKE VALLEY,HORSE LAKE VALLEY,41.896099,17199
PTJPL,2012-08-01,5-040,5-040,HOT SPRINGS VALLEY,HOT SPRINGS VALLEY,48.855691,10824
PTJPL,2012-08-01,3-045,3-045,HUASNA VALLEY,HUASNA VALLEY,42.816686,21144
PTJPL,2012-08-01,5-060,5-060,HUMBUG VALLEY,HUMBUG VALLEY,84.553308,44834
PTJPL,2012-08-01,4-018,4-018,HUNGRY VALLEY,HUNGRY VALLEY,28.067564,23859
PTJPL,2012-08-01,1-035,1-035,HYAMPOM VALLEY,HYAMPOM VALLEY,70.251804,6096
PTJPL,2012-08-01,7-030,7-030,IMPERIAL VALLEY,IMPERIAL VALLEY,47.032132,4263225
PTJPL,2012-08-01,5-009,5-009,INDIAN VALLEY,INDIAN VALLEY,101.187911,132281
PTJPL,2012-08-01,6-054,6-054,INDIAN WELLS VALLEY,INDIAN WELLS VALLEY,6.947492,1716046
PTJPL,2012-08-01,7-050,7-050,IRON RIDGE AREA,IRON RIDGE AREA,5.184132,23570
PTJPL,2012-08-01,2-033,2-033,ISLAIS VALLEY,ISLAIS VALLEY,97.35632,24826
PTJPL,2012-08-01,6-030,6-030,IVANPAH VALLEY,IVANPAH VALLEY,22.041032,879393
PTJPL,2012-08-01,7-047,7-047,JACUMBA VALLEY,JACUMBA VALLEY,31.751865,8979
PTJPL,2012-08-01,5-003,5-003,JESS VALLEY,JESS VALLEY,63.690317,30147
PTJPL,2012-08-01,7-018.01,7-018,JOHNSON VALLEY,JOHNSON VALLEY - SOGGY LAKE,10.372181,347541
PTJPL,2012-08-01,7-018.02,7-018,JOHNSON VALLEY,JOHNSON VALLEY - UPPER JOHNSON VALLEY,4.732316,156367
PTJPL,2012-08-01,5-086,5-086,JOSEPH CREEK,JOSEPH CREEK,43.937556,20034
PTJPL,2012-08-01,7-062,7-062,JOSHUA TREE,JOSHUA TREE,11.229103,150378
PTJPL,2012-08-01,6-089,6-089,KANE WASH AREA,KANE WASH AREA,7.360493,26755
PTJPL,2012-08-01,6-069,6-069,KELSO LANDER VALLEY,KELSO LANDER VALLEY,21.102229,50191
PTJPL,2012-08-01,6-031,6-031,KELSO VALLEY,KELSO VALLEY,9.499309,1145074
PTJPL,2012-08-01,2-019,2-019,KENWOOD VALLEY,KENWOOD VALLEY,77.424652,23106
PTJPL,2012-08-01,5-025,5-025,KERN RIVER VALLEY,KERN RIVER VALLEY,48.419892,354501
PTJPL,2012-08-01,1-002.02,1-002,KLAMATH RIVER VALLEY,KLAMATH RIVER VALLEY - LOWER KLAMATH,67.26384,337208
PTJPL,2012-08-01,1-002.01,1-002,KLAMATH RIVER VALLEY,KLAMATH RIVER VALLEY - TULELAKE,89.276368,496979
PTJPL,2012-08-01,1-050,1-050,KNIGHTS VALLEY,KNIGHTS VALLEY,59.981025,18393
PTJPL,2012-08-01,5-007,5-007,LAKE ALMANOR VALLEY,LAKE ALMANOR VALLEY,97.687123,32166
PTJPL,2012-08-01,5-046,5-046,LAKE BRITTON AREA,LAKE BRITTON AREA,98.864744,63221
PTJPL,2012-08-01,7-001,7-001,LANFAIR VALLEY,LANFAIR VALLEY,34.03436,683644
PTJPL,2012-08-01,6-036.02,6-036,LANGFORD VALLEY,LANGFORD VALLEY - IRWIN,5.211406,47132
PTJPL,2012-08-01,6-036.01,6-036,LANGFORD VALLEY,LANGFORD VALLEY - LANGFORD WELL LAKE,3.162919,86847
PTJPL,2012-08-01,1-033,1-033,LARABEE VALLEY,LARABEE VALLEY,80.546292,4342
PTJPL,2012-08-01,4-008,4-008,LAS POSAS VALLEY,LAS POSAS VALLEY,81.928871,200649
PTJPL,2012-08-01,5-057,5-057,LAST CHANCE CREEK VALLEY,LAST CHANCE CREEK VALLEY,59.911377,20920
PTJPL,2012-08-01,7-014,7-014,LAVIC VALLEY,LAVIC VALLEY,3.748422,459882
PTJPL,2012-08-01,1-012,1-012,LAYTONVILLE VALLEY,LAYTONVILLE VALLEY,84.805436,22589
PTJPL,2012-08-01,6-027,6-027,LEACH VALLEY,LEACH VALLEY,1.71544,275049
PTJPL,2012-08-01,6-066,6-066,LEE FLAT,LEE FLAT,10.186772,91213
PTJPL,2012-08-01,6-106,6-106,LITTLE ANTELOPE VALLEY,LITTLE ANTELOPE VALLEY,36.837995,11191
PTJPL,2012-08-01,5-065,5-065,LITTLE INDIAN VALLEY,LITTLE INDIAN VALLEY,33.888032,5707
PTJPL,2012-08-01,1-013,1-013,LITTLE LAKE VALLEY,LITTLE LAKE VALLEY,65.036096,45074
PTJPL,2012-08-01,1-041,1-041,LITTLE VALLEY,LITTLE VALLEY,122.575376,3655
PTJPL,2012-08-01,2-010,2-010,LIVERMORE VALLEY,LIVERMORE VALLEY,50.491074,312810
PTJPL,2012-08-01,2-038,2-038,LOBOS,LOBOS,95.403012,7903
PTJPL,2012-08-01,3-006,3-006,LOCKWOOD VALLEY,LOCKWOOD VALLEY,54.240181,255482
PTJPL,2012-08-01,4-017,4-017,LOCKWOOD VALLEY,LOCKWOOD VALLEY,43.883471,97907
PTJPL,2012-08-01,6-011,6-011,LONG VALLEY,LONG VALLEY,38.764717,323037
PTJPL,2012-08-01,5-044,5-044,LONG VALLEY,LONG VALLEY,56.87034,4882
PTJPL,2012-08-01,6-104,6-104,LONG VALLEY,LONG VALLEY,23.244233,205226
PTJPL,2012-08-01,5-031,5-031,LONG VALLEY,LONG VALLEY,67.397114,12611
PTJPL,2012-08-01,5-070,5-070,LOS BANOS CREEK VALLEY,LOS BANOS CREEK VALLEY,13.094354,21748
PTJPL,2012-08-01,3-008.01,3-008,LOS OSOS VALLEY,LOS OSOS VALLEY - LOS OSOS AREA,111.38374,15203
PTJPL,2012-08-01,3-008.02,3-008,LOS OSOS VALLEY,LOS OSOS VALLEY - WARDEN CREEK,99.870605,7906
PTJPL,2012-08-01,7-051,7-051,LOST HORSE VALLEY,LOST HORSE VALLEY,18.079053,77669
PTJPL,2012-08-01,6-071,6-071,LOST LAKE VALLEY,LOST LAKE VALLEY,2.32627,104530
PTJPL,2012-08-01,6-021,6-021,LOWER KINGSTON VALLEY,LOWER KINGSTON VALLEY,3.925467,1078042
PTJPL,2012-08-01,1-014,1-014,LOWER KLAMATH RIVER VALLEY,LOWER KLAMATH RIVER VALLEY,135.522743,24733
PTJPL,2012-08-01,5-030,5-030,LOWER LAKE VALLEY,LOWER LAKE VALLEY,80.862905,10810
PTJPL,2012-08-01,1-038,1-038,LOWER LAYTONVILLE VALLEY,LOWER LAYTONVILLE VALLEY,108.433457,9678
PTJPL,2012-08-01,6-040,6-040,LOWER MOJAVE RIVER VALLEY,LOWER MOJAVE RIVER VALLEY,7.173842,1283611
PTJPL,2012-08-01,1-060,1-060,LOWER RUSSIAN RIVER VALLEY,LOWER RUSSIAN RIVER VALLEY,108.58118,29681
PTJPL,2012-08-01,7-019,7-019,LUCERNE VALLEY,LUCERNE VALLEY,9.976774,662912
PTJPL,2012-08-01,1-008.02,1-008,MAD RIVER VALLEY,MAD RIVER VALLEY - DOWS PRAIRIE SCHOOL AREA,151.014718,64345
PTJPL,2012-08-01,1-008.01,1-008,MAD RIVER VALLEY,MAD RIVER VALLEY - MAD RIVER LOWLAND,137.523144,96805
PTJPL,2012-08-01,6-002,6-002,MADELINE PLAINS,MADELINE PLAINS,24.777433,701902
PTJPL,2012-08-01,3-051,3-051,MAJORS CREEK,MAJORS CREEK,74.884935,1686
PTJPL,2012-08-01,4-022,4-022,MALIBU VALLEY,MALIBU VALLEY,120.285098,2550
PTJPL,2012-08-01,6-064,6-064,MARBLE CANYON AREA,MARBLE CANYON AREA,2.68618,46600
PTJPL,2012-08-01,2-039,2-039,MARINA,MARINA,98.516639,7843
PTJPL,2012-08-01,6-067,6-067,MARTIS VALLEY,MARTIS VALLEY,90.763167,163478
PTJPL,2012-08-01,7-059,7-059,MASON VALLEY,MASON VALLEY,31.402344,24740
PTJPL,2012-08-01,1-028,1-028,MATTOLE RIVER VALLEY,MATTOLE RIVER VALLEY,116.266696,13491
PTJPL,2012-08-01,5-035,5-035,MCCLOUD AREA,MCCLOUD AREA,113.870179,95917
PTJPL,2012-08-01,5-095,5-095,MEADOW VALLEY,MEADOW VALLEY,120.233487,25783
PTJPL,2012-08-01,7-017,7-017,MEANS VALLEY,MEANS VALLEY,4.137154,67158
PTJPL,2012-08-01,6-029,6-029,MESQUITE VALLEY,MESQUITE VALLEY,13.053998,384627
PTJPL,2012-08-01,6-020,6-020,MIDDLE AMARGOSA VALLEY,MIDDLE AMARGOSA VALLEY,4.111236,1741060
PTJPL,2012-08-01,5-094,5-094,MIDDLE CREEK,MIDDLE CREEK,70.164776,3174
PTJPL,2012-08-01,5-087,5-087,MIDDLE FORK FEATHER RIVER,MIDDLE FORK FEATHER RIVER,101.099185,19509
PTJPL,2012-08-01,6-041,6-041,MIDDLE MOJAVE RIVER VALLEY,MIDDLE MOJAVE RIVER VALLEY,9.233365,950207
PTJPL,2012-08-01,6-080,6-080,MIDDLE PARK CANYON,MIDDLE PARK CANYON,18.898366,7832
PTJPL,2012-08-01,5-085,5-085,MIL POTRERO AREA,MIL POTRERO AREA,86.861078,9257
PTJPL,2012-08-01,9-014,9-014,MISSION VALLEY,MISSION VALLEY,108.040695,31355
PTJPL,2012-08-01,5-011,5-011,MOHAWK VALLEY,MOHAWK VALLEY,109.311862,85339
PTJPL,2012-08-01,6-009,6-009,MONO VALLEY,MONO VALLEY,65.011959,775121
PTJPL,2012-08-01,3-049,3-049,MONTECITO,MONTECITO,97.051642,24670
PTJPL,2012-08-01,7-020,7-020,MORONGO VALLEY,MORONGO VALLEY,20.77865,32496
PTJPL,2012-08-01,3-041,3-041,MORRO VALLEY,MORRO VALLEY,109.724417,987
PTJPL,2012-08-01,5-008,5-008,MOUNTAIN MEADOWS VALLEY,MOUNTAIN MEADOWS VALLEY,84.09808,36613
PTJPL,2012-08-01,1-056,1-056,McDOWELL VALLEY,McDOWELL VALLEY,83.993278,6694
PTJPL,2012-08-01,2-002.01,2-002,NAPA-SONOMA VALLEY,NAPA-SONOMA VALLEY - NAPA VALLEY,76.866674,206532
PTJPL,2012-08-01,2-002.03,2-002,NAPA-SONOMA VALLEY,NAPA-SONOMA VALLEY - NAPA-SONOMA LOWLANDS,98.583533,180000
PTJPL,2012-08-01,2-002.02,2-002,NAPA-SONOMA VALLEY,NAPA-SONOMA VALLEY - SONOMA VALLEY,69.578351,201644
PTJPL,2012-08-01,1-046,1-046,NAVARRO RIVER VALLEY,NAVARRO RIVER VALLEY,135.604381,3104
PTJPL,2012-08-01,3-052,3-052,NEEDLE ROCK POINT,NEEDLE ROCK POINT,70.416492,2862
PTJPL,2012-08-01,7-044,7-044,NEEDLES VALLEY,NEEDLES VALLEY,13.952931,384581
PTJPL,2012-08-01,5-050,5-050,NORTH FORK BATTLE CREEK,NORTH FORK BATTLE CREEK,104.887061,57394
PTJPL,2012-08-01,2-030,2-030,NOVATO VALLEY,NOVATO VALLEY,95.163127,92327
PTJPL,2012-08-01,7-025,7-025,OCOTILLO-CLARK VALLEY,OCOTILLO-CLARK VALLEY,6.52853,999504
PTJPL,2012-08-01,7-035,7-035,OGILBY VALLEY,OGILBY VALLEY,6.469343,592059
PTJPL,2012-08-01,4-002,4-002,OJAI VALLEY,OJAI VALLEY,86.213447,26564
PTJPL,2012-08-01,3-039,3-039,OLD VALLEY,OLD VALLEY,64.562099,4364
PTJPL,2012-08-01,6-108,6-108,OLYMPIC VALLEY,OLYMPIC VALLEY,90.185995,3156
PTJPL,2012-08-01,7-031,7-031,OROCOPIA VALLEY,OROCOPIA VALLEY,9.709537,431195
PTJPL,2012-08-01,6-012.02,6-012,OWENS VALLEY,OWENS VALLEY - FISH SLOUGH,27.176921,14498
PTJPL,2012-08-01,6-012.01,6-012,OWENS VALLEY,OWENS VALLEY - OWENS VALLEY,20.926634,2964555
PTJPL,2012-08-01,6-088,6-088,OWL LAKE VALLEY,OWL LAKE VALLEY,1.584097,100004
PTJPL,2012-08-01,6-028,6-028,PAHRUMP VALLEY,PAHRUMP VALLEY,5.438442,407322
PTJPL,2012-08-01,6-099,6-099,PAINTERS FLAT,PAINTERS FLAT,16.186248,28113
PTJPL,2012-08-01,7-039,7-039,PALO VERDE MESA,PALO VERDE MESA,29.460034,1009341
PTJPL,2012-08-01,7-038,7-038,PALO VERDE VALLEY,PALO VERDE VALLEY,122.046677,302116
PTJPL,2012-08-01,9-024,9-024,PAMO VALLEY,PAMO VALLEY,51.08321,6766
PTJPL,2012-08-01,6-058,6-058,PANAMINT VALLEY,PANAMINT VALLEY,3.323569,1165898
PTJPL,2012-08-01,5-023,5-023,PANOCHE VALLEY,PANOCHE VALLEY,14.829391,147976
PTJPL,2012-08-01,3-032,3-032,PEACH TREE VALLEY,PEACH TREE VALLEY,23.244969,43136
PTJPL,2012-08-01,1-030,1-030,PEPPERWOOD TOWN AREA,PEPPERWOOD TOWN AREA,119.881949,28259
PTJPL,2012-08-01,2-026,2-026,PESCADERO VALLEY,PESCADERO VALLEY,86.62134,8744
PTJPL,2012-08-01,2-001,2-001,PETALUMA VALLEY,PETALUMA VALLEY,74.153558,209829
PTJPL,2012-08-01,6-051,6-051,PILOT KNOB VALLEY,PILOT KNOB VALLEY,3.633449,623272
PTJPL,2012-08-01,6-092,6-092,PINE CREEK VALLEY,PINE CREEK VALLEY,38.378744,42839
PTJPL,2012-08-01,7-006,7-006,PINTO VALLEY,PINTO VALLEY,8.229785,816723
PTJPL,2012-08-01,7-049,7-049,PIPES CANYON FAULT VALLEY,PIPES CANYON FAULT VALLEY,25.799564,15152
PTJPL,2012-08-01,2-004,2-004,PITTSBURG PLAIN,PITTSBURG PLAIN,62.447843,52217
PTJPL,2012-08-01,7-045,7-045,PIUTE VALLEY,PIUTE VALLEY,12.191715,782230
PTJPL,2012-08-01,7-052,7-052,PLEASANT VALLEY,PLEASANT VALLEY,12.718901,43330
PTJPL,2012-08-01,4-006,4-006,PLEASANT VALLEY,PLEASANT VALLEY,61.737328,89195
PTJPL,2012-08-01,5-038,5-038,PONDOSA TOWN AREA,PONDOSA TOWN AREA,117.886799,9355
PTJPL,2012-08-01,5-068,5-068,POPE VALLEY,POPE VALLEY,59.9144,32313
PTJPL,2012-08-01,9-029,9-029,POTRERO VALLEY,POTRERO VALLEY,55.843664,9083
PTJPL,2012-08-01,1-051,1-051,POTTER VALLEY,POTTER VALLEY,84.665029,37054
PTJPL,2012-08-01,9-013,9-013,POWAY VALLEY,POWAY VALLEY,77.362816,11080
PTJPL,2012-08-01,3-044,3-044,POZO VALLEY,POZO VALLEY,47.191239,30475
PTJPL,2012-08-01,1-025,1-025,PRAIRIE CREEK AREA,PRAIRIE CREEK AREA,163.239307,67357
PTJPL,2012-08-01,7-040,7-040,QUIEN SABE POINT VALLEY,QUIEN SABE POINT VALLEY,13.849404,99611
PTJPL,2012-08-01,3-024,3-024,QUIEN SABE VALLEY,QUIEN SABE VALLEY,21.361689,20678
PTJPL,2012-08-01,6-062,6-062,RACE TRACK VALLEY,RACE TRACK VALLEY,2.204482,63448
PTJPL,2012-08-01,3-046,3-046,RAFAEL VALLEY,RAFAEL VALLEY,30.946844,13451
PTJPL,2012-08-01,9-025,9-025,RANCHITA TOWN AREA,RANCHITA TOWN AREA,46.105616,14032
PTJPL,2012-08-01,4-023,4-023,RAYMOND,RAYMOND,88.474665,117110
PTJPL,2012-08-01,6-024,6-024,RED PASS VALLEY,RED PASS VALLEY,3.066924,433105
PTJPL,2012-08-01,1-018,1-018,RED ROCK VALLEY,RED ROCK VALLEY,64.248209,40478
PTJPL,2012-08-01,5-006.03,5-006,REDDING AREA,REDDING AREA - ANDERSON,76.270537,443784
PTJPL,2012-08-01,5-006.01,5-006,REDDING AREA,REDDING AREA - BOWMAN,62.387195,550983
PTJPL,2012-08-01,5-006.04,5-006,REDDING AREA,REDDING AREA - ENTERPRISE,67.287397,275587
PTJPL,2012-08-01,5-006.05,5-006,REDDING AREA,REDDING AREA - MILLVILLE,50.131266,295058
PTJPL,2012-08-01,5-006.06,5-006,REDDING AREA,REDDING AREA - SOUTH BATTLE CREEK,39.10026,151596
PTJPL,2012-08-01,1-026,1-026,REDWOOD CREEK AREA,REDWOOD CREEK AREA,142.073579,4784
PTJPL,2012-08-01,6-086,6-086,RHODES HILL AREA,RHODES HILL AREA,3.807804,70069
PTJPL,2012-08-01,7-004,7-004,RICE VALLEY,RICE VALLEY,5.596345,829697
PTJPL,2012-08-01,6-023,6-023,RIGGS VALLEY,RIGGS VALLEY,1.727674,393528
PTJPL,2012-08-01,3-043,3-043,RINCONADA VALLEY,RINCONADA VALLEY,45.186669,11582
PTJPL,2012-08-01,5-043,5-043,ROCK PRAIRIE VALLEY,ROCK PRAIRIE VALLEY,32.083895,25806
PTJPL,2012-08-01,6-056,6-056,ROSE VALLEY,ROSE VALLEY,11.694288,191219
PTJPL,2012-08-01,2-028,2-028,ROSS VALLEY,ROSS VALLEY,95.416117,7880
PTJPL,2012-08-01,5-036,5-036,ROUND VALLEY,ROUND VALLEY,47.787228,32664
PTJPL,2012-08-01,4-020,4-020,RUSSELL VALLEY,RUSSELL VALLEY,80.339766,13836
PTJPL,2012-08-01,5-021.54,5-021,SACRAMENTO VALLEY,SACRAMENTO VALLEY - ANTELOPE,102.179639,85850
PTJPL,2012-08-01,5-021.53,5-021,SACRAMENTO VALLEY,SACRAMENTO VALLEY - BEND,41.690514,101956
PTJPL,2012-08-01,5-021.70,5-021,SACRAMENTO VALLEY,SACRAMENTO VALLEY - BUTTE,135.85369,1198613
PTJPL,2012-08-01,5-021.52,5-021,SACRAMENTO VALLEY,SACRAMENTO VALLEY - COLUSA,113.96963,3249734
PTJPL,2012-08-01,5-021.51,5-021,SACRAMENTO VALLEY,SACRAMENTO VALLEY - CORNING,62.208547,932333
PTJPL,2012-08-01,5-021.56,5-021,SACRAMENTO VALLEY,SACRAMENTO VALLEY - LOS MOLINOS,49.657492,447052
PTJPL,2012-08-01,5-021.64,5-021,SACRAMENTO VALLEY,SACRAMENTO VALLEY - NORTH AMERICAN,86.302689,1538507
PTJPL,2012-08-01,5-021.60,5-021,SACRAMENTO VALLEY,SACRAMENTO VALLEY - NORTH YUBA,131.558227,273575
PTJPL,2012-08-01,5-021.50,5-021,SACRAMENTO VALLEY,SACRAMENTO VALLEY - RED BLUFF,47.218865,1222010
PTJPL,2012-08-01,5-021.66,5-021,SACRAMENTO VALLEY,SACRAMENTO VALLEY - SOLANO,105.758425,1594518
PTJPL,2012-08-01,5-021.65,5-021,SACRAMENTO VALLEY,SACRAMENTO VALLEY - SOUTH AMERICAN,70.457724,1116922
PTJPL,2012-08-01,5-021.61,5-021,SACRAMENTO VALLEY,SACRAMENTO VALLEY - SOUTH YUBA,90.360718,490205
PTJPL,2012-08-01,5-021.62,5-021,SACRAMENTO VALLEY,SACRAMENTO VALLEY - SUTTER,119.099426,1285056
PTJPL,2012-08-01,5-021.57,5-021,SACRAMENTO VALLEY,SACRAMENTO VALLEY - VINA,84.220282,831428
PTJPL,2012-08-01,5-021.69,5-021,SACRAMENTO VALLEY,SACRAMENTO VALLEY - WYANDOTTE CREEK,69.755368,266977
PTJPL,2012-08-01,5-021.67,5-021,SACRAMENTO VALLEY,SACRAMENTO VALLEY - YOLO,87.959012,2431217
PTJPL,2012-08-01,3-004.01,3-004,SALINAS VALLEY,SALINAS VALLEY - 180/400 FOOT AQUIFER,79.876244,397428
PTJPL,2012-08-01,3-004.11,3-004,SALINAS VALLEY,SALINAS VALLEY - ATASCADERO AREA,43.236779,77625
PTJPL,2012-08-01,3-004.02,3-004,SALINAS VALLEY,SALINAS VALLEY - EAST SIDE AQUIFER,67.881248,257621
PTJPL,2012-08-01,3-004.04,3-004,SALINAS VALLEY,SALINAS VALLEY - FOREBAY AQUIFER,77.748608,407065
PTJPL,2012-08-01,3-004.09,3-004,SALINAS VALLEY,SALINAS VALLEY - LANGLEY AREA,89.364214,79220
PTJPL,2012-08-01,3-004.10,3-004,SALINAS VALLEY,SALINAS VALLEY - MONTEREY,107.7721,138293
PTJPL,2012-08-01,3-004.06,3-004,SALINAS VALLEY,SALINAS VALLEY - PASO ROBLES AREA,30.420287,1914101
PTJPL,2012-08-01,3-004.08,3-004,SALINAS VALLEY,SALINAS VALLEY - SEASIDE,111.792026,64989
PTJPL,2012-08-01,3-004.05,3-004,SALINAS VALLEY,SALINAS VALLEY - UPPER VALLEY AQUIFER,50.021004,1006268
PTJPL,2012-08-01,6-017,6-017,SALINE VALLEY,SALINE VALLEY,3.980026,657107
PTJPL,2012-08-01,6-053,6-053,SALT WELLS VALLEY,SALT WELLS VALLEY,3.431455,132519
PTJPL,2012-08-01,3-014,3-014,SAN ANTONIO CREEK VALLEY,SAN ANTONIO CREEK VALLEY,68.01803,293017
PTJPL,2012-08-01,3-028,3-028,SAN BENITO RIVER VALLEY,SAN BENITO RIVER VALLEY,53.406729,92826
PTJPL,2012-08-01,3-033,3-033,SAN CARPOFORO VALLEY,SAN CARPOFORO VALLEY,142.487339,2251
PTJPL,2012-08-01,9-015,9-015,SAN DIEGO RIVER VALLEY,SAN DIEGO RIVER VALLEY,70.353223,38027
PTJPL,2012-08-01,9-012,9-012,SAN DIEGUITO CREEK,SAN DIEGUITO CREEK,126.376764,15450
PTJPL,2012-08-01,9-023,9-023,SAN ELIJO VALLEY,SAN ELIJO VALLEY,140.761653,3969
PTJPL,2012-08-01,7-027,7-027,SAN FELIPE VALLEY,SAN FELIPE VALLEY,37.953347,105009
PTJPL,2012-08-01,4-012,4-012,SAN FERNANDO VALLEY,SAN FERNANDO VALLEY,72.881667,651275
PTJPL,2012-08-01,4-013,4-013,SAN GABRIEL VALLEY,SAN GABRIEL VALLEY,62.8847,567995
PTJPL,2012-08-01,2-024,2-024,SAN GREGORIO VALLEY,SAN GREGORIO VALLEY,87.121829,3784
PTJPL,2012-08-01,8-005,8-005,SAN JACINTO,SAN JACINTO,38.788062,712864
PTJPL,2012-08-01,5-022.05,5-022,SAN JOAQUIN VALLEY,SAN JOAQUIN VALLEY - CHOWCHILLA,109.350151,654601
PTJPL,2012-08-01,5-022.16,5-022,SAN JOAQUIN VALLEY,SAN JOAQUIN VALLEY - COSUMNES,60.764793,945540
PTJPL,2012-08-01,5-022.07,5-022,SAN JOAQUIN VALLEY,SAN JOAQUIN VALLEY - DELTA-MENDOTA,107.794052,3431641
PTJPL,2012-08-01,5-022.19,5-022,SAN JOAQUIN VALLEY,SAN JOAQUIN VALLEY - EAST CONTRA COSTA,103.779805,483807
PTJPL,2012-08-01,5-022.01,5-022,SAN JOAQUIN VALLEY,SAN JOAQUIN VALLEY - EASTERN SAN JOAQUIN,91.850972,3409160
PTJPL,2012-08-01,5-022.11,5-022,SAN JOAQUIN VALLEY,SAN JOAQUIN VALLEY - KAWEAH,109.894224,1981987
PTJPL,2012-08-01,5-022.14,5-022,SAN JOAQUIN VALLEY,SAN JOAQUIN VALLEY - KERN COUNTY,66.902931,7935252
PTJPL,2012-08-01,5-022.17,5-022,SAN JOAQUIN VALLEY,SAN JOAQUIN VALLEY - KETTLEMAN PLAIN,16.656956,284987
PTJPL,2012-08-01,5-022.08,5-022,SAN JOAQUIN VALLEY,SAN JOAQUIN VALLEY - KINGS,99.880978,4399849
PTJPL,2012-08-01,5-022.06,5-022,SAN JOAQUIN VALLEY,SAN JOAQUIN VALLEY - MADERA,83.899616,1562954
PTJPL,2012-08-01,5-022.04,5-022,SAN JOAQUIN VALLEY,SAN JOAQUIN VALLEY - MERCED,87.070013,2303645
PTJPL,2012-08-01,5-022.02,5-022,SAN JOAQUIN VALLEY,SAN JOAQUIN VALLEY - MODESTO,91.603688,1060684
PTJPL,2012-08-01,5-022.10,5-022,SAN JOAQUIN VALLEY,SAN JOAQUIN VALLEY - PLEASANT VALLEY,30.29091,216050
PTJPL,2012-08-01,5-022.15,5-022,SAN JOAQUIN VALLEY,SAN JOAQUIN VALLEY - TRACY,104.100384,1071983
PTJPL,2012-08-01,5-022.12,5-022,SAN JOAQUIN VALLEY,SAN JOAQUIN VALLEY - TULARE LAKE,93.693179,2391026
PTJPL,2012-08-01,5-022.13,5-022,SAN JOAQUIN VALLEY,SAN JOAQUIN VALLEY - TULE,91.281907,2140490
PTJPL,2012-08-01,5-022.03,5-022,SAN JOAQUIN VALLEY,SAN JOAQUIN VALLEY - TURLOCK,116.681186,1548199
PTJPL,2012-08-01,5-022.09,5-022,SAN JOAQUIN VALLEY,SAN JOAQUIN VALLEY - WESTSIDE,83.361606,2791536
PTJPL,2012-08-01,5-022.18,5-022,SAN JOAQUIN VALLEY,SAN JOAQUIN VALLEY - WHITE WOLF,49.100018,483575
PTJPL,2012-08-01,9-001,9-001,SAN JUAN VALLEY,SAN JUAN VALLEY,117.55603,73255
PTJPL,2012-08-01,3-009,3-009,SAN LUIS OBISPO VALLEY,SAN LUIS OBISPO VALLEY,75.468489,57218
PTJPL,2012-08-01,9-007.02,9-007,SAN LUIS REY VALLEY,SAN LUIS REY VALLEY - LOWER SAN LUIS REY VALLEY,120.28353,46175
PTJPL,2012-08-01,9-007.01,9-007,SAN LUIS REY VALLEY,SAN LUIS REY VALLEY - UPPER SAN LUIS REY VALLEY,83.356012,86570
PTJPL,2012-08-01,9-032,9-032,SAN MARCOS AREA,SAN MARCOS AREA,108.012861,9564
PTJPL,2012-08-01,9-002,9-002,SAN MATEO VALLEY,SAN MATEO VALLEY,130.887199,13147
PTJPL,2012-08-01,9-003,9-003,SAN ONOFRE VALLEY,SAN ONOFRE VALLEY,138.83826,5447
PTJPL,2012-08-01,9-010,9-010,SAN PASQUAL VALLEY,SAN PASQUAL VALLEY,93.142494,15720
PTJPL,2012-08-01,2-036,2-036,SAN PEDRO VALLEY,SAN PEDRO VALLEY,99.378574,2763
PTJPL,2012-08-01,2-029,2-029,SAN RAFAEL VALLEY,SAN RAFAEL VALLEY,79.97479,3927
PTJPL,2012-08-01,2-007,2-007,SAN RAMON VALLEY,SAN RAMON VALLEY,83.918318,31745
PTJPL,2012-08-01,3-035,3-035,SAN SIMEON VALLEY,SAN SIMEON VALLEY,93.609132,1095
PTJPL,2012-08-01,2-027,2-027,SAND POINT AREA,SAND POINT AREA,90.071247,94180
PTJPL,2012-08-01,1-053,1-053,SANEL VALLEY,SANEL VALLEY,73.266991,25057
PTJPL,2012-08-01,3-022,3-022,SANTA ANA VALLEY,SANTA ANA VALLEY,24.192832,12249
PTJPL,2012-08-01,3-017,3-017,SANTA BARBARA,SANTA BARBARA,63.629469,26014
PTJPL,2012-08-01,4-004.05,4-004,SANTA CLARA RIVER VALLEY,SANTA CLARA RIVER VALLEY - FILLMORE,95.683559,101526
PTJPL,2012-08-01,4-004.03,4-004,SANTA CLARA RIVER VALLEY,SANTA CLARA RIVER VALLEY - MOUND,56.026663,60720
PTJPL,2012-08-01,4-004.02,4-004,SANTA CLARA RIVER VALLEY,SANTA CLARA RIVER VALLEY - OXNARD,47.89836,244067
PTJPL,2012-08-01,4-004.06,4-004,SANTA CLARA RIVER VALLEY,SANTA CLARA RIVER VALLEY - PIRU,83.705599,49008
PTJPL,2012-08-01,4-004.07,4-004,SANTA CLARA RIVER VALLEY,SANTA CLARA RIVER VALLEY - SANTA CLARA RIVER VALLEY EAST,60.1562,304327
PTJPL,2012-08-01,4-004.04,4-004,SANTA CLARA RIVER VALLEY,SANTA CLARA RIVER VALLEY - SANTA PAULA,80.611235,99438
PTJPL,2012-08-01,2-009.04,2-009,SANTA CLARA VALLEY,SANTA CLARA VALLEY - EAST BAY PLAIN,68.267505,316872
PTJPL,2012-08-01,2-009.01,2-009,SANTA CLARA VALLEY,SANTA CLARA VALLEY - NILES CONE,82.195959,292188
PTJPL,2012-08-01,2-009.03,2-009,SANTA CLARA VALLEY,SANTA CLARA VALLEY - SAN MATEO PLAIN,81.71522,169503
PTJPL,2012-08-01,2-009.02,2-009,SANTA CLARA VALLEY,SANTA CLARA VALLEY - SANTA CLARA,69.065612,852050
PTJPL,2012-08-01,3-001,3-001,SANTA CRUZ MID-COUNTY,SANTA CRUZ MID-COUNTY,108.876003,158464
PTJPL,2012-08-01,3-027,3-027,SANTA MARGARITA,SANTA MARGARITA,113.602115,100044
PTJPL,2012-08-01,9-004,9-004,SANTA MARGARITA VALLEY,SANTA MARGARITA VALLEY,133.889617,22431
PTJPL,2012-08-01,3-012.02,3-012,SANTA MARIA RIVER VALLEY,SANTA MARIA RIVER VALLEY - ARROYO GRANDE,70.585061,12397
PTJPL,2012-08-01,3-012.01,3-012,SANTA MARIA RIVER VALLEY,SANTA MARIA RIVER VALLEY - SANTA MARIA,64.93577,736806
PTJPL,2012-08-01,9-011,9-011,SANTA MARIA VALLEY,SANTA MARIA VALLEY,48.476575,55261
PTJPL,2012-08-01,6-068,6-068,SANTA ROSA FLAT,SANTA ROSA FLAT,7.089967,75450
PTJPL,2012-08-01,3-036,3-036,SANTA ROSA VALLEY,SANTA ROSA VALLEY,83.020885,14508
PTJPL,2012-08-01,1-055.02,1-055,SANTA ROSA VALLEY,SANTA ROSA VALLEY - HEALDSBURG AREA,79.505498,69294
PTJPL,2012-08-01,1-055.03,1-055,SANTA ROSA VALLEY,SANTA ROSA VALLEY - RINCON VALLEY,73.002204,24958
PTJPL,2012-08-01,1-055.01,1-055,SANTA ROSA VALLEY,SANTA ROSA VALLEY - SANTA ROSA PLAIN,69.169963,365509
PTJPL,2012-08-01,3-015,3-015,SANTA YNEZ RIVER VALLEY,SANTA YNEZ RIVER VALLEY,69.293257,793041
PTJPL,2012-08-01,1-005,1-005,SCOTT RIVER VALLEY,SCOTT RIVER VALLEY,80.54266,286977
PTJPL,2012-08-01,5-014,5-014,SCOTTS VALLEY,SCOTTS VALLEY,76.330823,32930
PTJPL,2012-08-01,6-052,6-052,SEARLES VALLEY,SEARLES VALLEY,3.852063,885853
PTJPL,2012-08-01,6-100,6-100,SECRET VALLEY,SECRET VALLEY,16.373566,151387
PTJPL,2012-08-01,1-016,1-016,SEIAD VALLEY,SEIAD VALLEY,108.405542,10105
PTJPL,2012-08-01,8-008,8-008,SEVEN OAKS VALLEY,SEVEN OAKS VALLEY,109.731888,18317
PTJPL,2012-08-01,1-004,1-004,SHASTA VALLEY,SHASTA VALLEY,50.547992,981216
PTJPL,2012-08-01,1-042,1-042,SHERWOOD VALLEY,SHERWOOD VALLEY,99.789514,5169
PTJPL,2012-08-01,5-012.02,5-012,SIERRA VALLEY,SIERRA VALLEY - CHILCOOT,42.390852,31700
PTJPL,2012-08-01,5-012.01,5-012,SIERRA VALLEY,SIERRA VALLEY - SIERRA VALLEY,49.434755,523663
PTJPL,2012-08-01,6-034,6-034,SILVER LAKE VALLEY,SILVER LAKE VALLEY,1.64632,158273
PTJPL,2012-08-01,4-009,4-009,SIMI VALLEY,SIMI VALLEY,69.891206,54663
PTJPL,2012-08-01,6-105,6-105,SLINKARD VALLEY,SLINKARD VALLEY,35.520845,20269
PTJPL,2012-08-01,1-001,1-001,SMITH RIVER PLAIN,SMITH RIVER PLAIN,134.426502,59090
PTJPL,2012-08-01,6-033,6-033,SODA LAKE VALLEY,SODA LAKE VALLEY,3.19228,1708336
PTJPL,2012-08-01,2-037,2-037,SOUTH SAN FRANCISCO,SOUTH SAN FRANCISCO,99.719661,9435
PTJPL,2012-08-01,6-082,6-082,SPRING CANYON VALLEY,SPRING CANYON VALLEY,5.05935,21584
PTJPL,2012-08-01,5-089,5-089,SQUAW FLAT,SQUAW FLAT,15.115603,5813
PTJPL,2012-08-01,5-088,5-088,STONY GORGE RESERVOIR,STONY GORGE RESERVOIR,58.684628,4788
PTJPL,2012-08-01,5-063,5-063,STONYFORD TOWN AREA,STONYFORD TOWN AREA,50.646728,28955
PTJPL,2012-08-01,2-003,2-003,SUISUN-FAIRFIELD VALLEY,SUISUN-FAIRFIELD VALLEY,76.692935,600657
PTJPL,2012-08-01,2-011,2-011,SUNOL VALLEY,SUNOL VALLEY,49.985288,74769
PTJPL,2012-08-01,6-049,6-049,SUPERIOR VALLEY,SUPERIOR VALLEY,5.616418,541018
PTJPL,2012-08-01,6-001,6-001,SURPRISE VALLEY,SURPRISE VALLEY,28.363672,1026748
PTJPL,2012-08-01,6-107,6-107,SWEETWATER FLAT,SWEETWATER FLAT,48.385784,17966
PTJPL,2012-08-01,6-005.03,6-005,TAHOE VALLEY,TAHOE VALLEY - TAHOE NORTH,100.755243,8678
PTJPL,2012-08-01,6-005.01,6-005,TAHOE VALLEY,TAHOE VALLEY - TAHOE SOUTH,94.081197,65101
PTJPL,2012-08-01,6-005.02,6-005,TAHOE VALLEY,TAHOE VALLEY - TAHOE WEST,118.362906,27751
PTJPL,2012-08-01,6-045,6-045,TEHACHAPI VALLEY EAST,TEHACHAPI VALLEY EAST,35.841945,107741
PTJPL,2012-08-01,5-028,5-028,TEHACHAPI VALLEY WEST,TEHACHAPI VALLEY WEST,32.527077,66550
PTJPL,2012-08-01,9-005,9-005,TEMECULA VALLEY,TEMECULA VALLEY,55.227657,394594
PTJPL,2012-08-01,1-040,1-040,TEN MILE RIVER VALLEY,TEN MILE RIVER VALLEY,123.896599,6615
PTJPL,2012-08-01,7-026,7-026,TERWILLIGER VALLEY,TERWILLIGER VALLEY,35.447136,35951
PTJPL,2012-08-01,4-019,4-019,THOUSAND OAKS AREA,THOUSAND OAKS AREA,84.468866,13972
PTJPL,2012-08-01,4-015,4-015,TIERRA REJADA,TIERRA REJADA,72.048407,20679
PTJPL,2012-08-01,5-037,5-037,TOAD WELL AREA,TOAD WELL AREA,82.345759,15103
PTJPL,2012-08-01,3-040,3-040,TORO VALLEY,TORO VALLEY,81.118521,2489
PTJPL,2012-08-01,6-098,6-098,TULEDAD CANYON VALLEY,TULEDAD CANYON VALLEY,22.162909,23111
PTJPL,2012-08-01,7-010,7-010,TWENTYNINE PALMS VALLEY,TWENTYNINE PALMS VALLEY,7.175191,279940
PTJPL,2012-08-01,1-052,1-052,UKIAH VALLEY,UKIAH VALLEY,82.854745,168751
PTJPL,2012-08-01,6-022,6-022,UPPER KINGSTON VALLEY,UPPER KINGSTON VALLEY,15.507873,794250
PTJPL,2012-08-01,5-013,5-013,UPPER LAKE VALLEY,UPPER LAKE VALLEY,81.708779,32659
PTJPL,2012-08-01,6-042,6-042,UPPER MOJAVE RIVER VALLEY,UPPER MOJAVE RIVER VALLEY,17.811511,1855699
PTJPL,2012-08-01,4-001,4-001,UPPER OJAI VALLEY,UPPER OJAI VALLEY,68.571187,17117
PTJPL,2012-08-01,3-023,3-023,UPPER SANTA ANA VALLEY,UPPER SANTA ANA VALLEY,19.412331,6439
PTJPL,2012-08-01,8-002.05,8-002,UPPER SANTA ANA VALLEY,UPPER SANTA ANA VALLEY - CAJON,52.75499,104061
PTJPL,2012-08-01,8-002.01,8-002,UPPER SANTA ANA VALLEY,UPPER SANTA ANA VALLEY - CHINO,49.547352,691429
PTJPL,2012-08-01,8-002.02,8-002,UPPER SANTA ANA VALLEY,UPPER SANTA ANA VALLEY - CUCAMONGA,59.162978,40576
PTJPL,2012-08-01,8-002.04,8-002,UPPER SANTA ANA VALLEY,UPPER SANTA ANA VALLEY - RIALTO-COLTON,41.225333,111497
PTJPL,2012-08-01,8-002.03,8-002,UPPER SANTA ANA VALLEY,UPPER SANTA ANA VALLEY - RIVERSIDE-ARLINGTON,50.383638,254388
PTJPL,2012-08-01,8-002.06,8-002,UPPER SANTA ANA VALLEY,UPPER SANTA ANA VALLEY - SAN BERNARDINO,45.993842,415891
PTJPL,2012-08-01,8-002.08,8-002,UPPER SANTA ANA VALLEY,UPPER SANTA ANA VALLEY - SAN TIMOTEO,42.443327,145175
PTJPL,2012-08-01,8-002.09,8-002,UPPER SANTA ANA VALLEY,UPPER SANTA ANA VALLEY - TEMESCAL,58.588029,103262
PTJPL,2012-08-01,8-002.07,8-002,UPPER SANTA ANA VALLEY,UPPER SANTA ANA VALLEY - YUCAIPA,49.561433,99898
PTJPL,2012-08-01,7-028,7-028,VALLECITO-CARRIZO VALLEY,VALLECITO-CARRIZO VALLEY,7.472191,547522
PTJPL,2012-08-01,5-071,5-071,VALLECITOS CREEK VALLEY,VALLECITOS CREEK VALLEY,17.883118,66845
PTJPL,2012-08-01,7-063,7-063,VANDEVENTER FLAT,VANDEVENTER FLAT,68.609965,29382
PTJPL,2012-08-01,4-003.02,4-003,VENTURA RIVER VALLEY,VENTURA RIVER VALLEY - LOWER VENTURA RIVER,55.472971,21477
PTJPL,2012-08-01,4-003.01,4-003,VENTURA RIVER VALLEY,VENTURA RIVER VALLEY - UPPER VENTURA RIVER,67.534736,23722
PTJPL,2012-08-01,7-042,7-042,VIDAL VALLEY,VIDAL VALLEY,3.514081,601007
PTJPL,2012-08-01,3-037,3-037,VILLA VALLEY,VILLA VALLEY,75.867706,5004
PTJPL,2012-08-01,2-032,2-032,VISITACION VALLEY,VISITACION VALLEY,106.604174,25587
PTJPL,2012-08-01,5-026,5-026,WALKER BASIN CREEK VALLEY,WALKER BASIN CREEK VALLEY,36.892509,34468
PTJPL,2012-08-01,7-003,7-003,WARD VALLEY,WARD VALLEY,6.033731,2503879
PTJPL,2012-08-01,9-008,9-008,WARNER VALLEY,WARNER VALLEY,44.04437,107685
PTJPL,2012-08-01,7-012,7-012,WARREN VALLEY,WARREN VALLEY,18.9201,78536
PTJPL,2012-08-01,1-031,1-031,WEOTT TOWN AREA,WEOTT TOWN AREA,123.219387,16423
PTJPL,2012-08-01,7-022,7-022,WEST SALTON SEA,WEST SALTON SEA,3.141371,473861
PTJPL,2012-08-01,3-026,3-026,WEST SANTA CRUZ TERRACE,WEST SANTA CRUZ TERRACE,84.592302,29723
PTJPL,2012-08-01,2-035,2-035,WESTSIDE,WESTSIDE,98.780658,77322
PTJPL,2012-08-01,6-073,6-073,WILD HORSE MESA AREA,WILD HORSE MESA AREA,12.38309,14926
PTJPL,2012-08-01,6-075,6-075,WILDROSE CANYON,WILDROSE CANYON,16.028558,23181
PTJPL,2012-08-01,1-043,1-043,WILLIAMS VALLEY,WILLIAMS VALLEY,71.535198,7401
PTJPL,2012-08-01,6-003,6-003,WILLOW CREEK VALLEY,WILLOW CREEK VALLEY,76.730571,52589
PTJPL,2012-08-01,1-059,1-059,WILSON GROVE FORMATION HIGHLANDS,WILSON GROVE FORMATION HIGHLANDS,87.349674,287027
PTJPL,2012-08-01,1-062,1-062,WILSON POINT AREA,WILSON POINT AREA,112.435897,3198
PTJPL,2012-08-01,6-019,6-019,WINGATE VALLEY,WINGATE VALLEY,3.951172,320536
PTJPL,2012-08-01,7-056,7-056,YAQUI WELL AREA,YAQUI WELL AREA,15.032573,67265
PTJPL,2012-08-01,5-056,5-056,YELLOW CREEK VALLEY,YELLOW CREEK VALLEY,70.518287,10390
PTJPL,2012-08-01,2-006,2-006,YGNACIO VALLEY,YGNACIO VALLEY,78.066504,69545
PTJPL,2012-08-01,5-069,5-069,YOSEMITE VALLEY,YOSEMITE VALLEY,105.801009,33484
PTJPL,2012-08-01,7-036,7-036,YUMA VALLEY,YUMA VALLEY,30.522673,535210
