Model,Date,Basin_Subb,Basin_Numb,Basin_Name,Basin_Su_1,ET,Pixel_Count
PTJPL,2010-12-01,4-005,4-005,ACTON VALLEY,ACTON VALLEY,33.0283,37173
PTJPL,2010-12-01,6-010,6-010,ADOBE LAKE VALLEY,ADOBE LAKE VALLEY,14.253525,4043
PTJPL,2010-12-01,1-054.01,1-054,ALEXANDER VALLEY,ALEXANDER VALLEY - ALEXANDER AREA,28.442801,109966
PTJPL,2010-12-01,1-054.02,1-054,ALEXANDER VALLEY,ALEXANDER VALLEY - CLOVERDALE AREA,27.353505,28786
PTJPL,2010-12-01,5-002.01,5-002,ALTURAS AREA,ALTURAS AREA - SOUTH FORK PITT RIVER,22.833659,449169
PTJPL,2010-12-01,5-002.02,5-002,ALTURAS AREA,ALTURAS AREA - WARM SPRINGS VALLEY,26.087078,295403
PTJPL,2010-12-01,5-010,5-010,AMERICAN VALLEY,AMERICAN VALLEY,14.16199,29724
PTJPL,2010-12-01,7-016,7-016,AMES VALLEY,AMES VALLEY,27.624854,487562
PTJPL,2010-12-01,7-034,7-034,AMOS VALLEY,AMOS VALLEY,20.966023,584286
PTJPL,2010-12-01,1-019,1-019,ANDERSON VALLEY,ANDERSON VALLEY,23.627799,19742
PTJPL,2010-12-01,1-049,1-049,ANNAPOLIS OHLSON RANCH FORMATION HIGHLANDS,ANNAPOLIS OHLSON RANCH FORMATION HIGHLANDS,31.28581,38900
PTJPL,2010-12-01,5-091,5-091,ANTELOPE CREEK,ANTELOPE CREEK,19.249373,9175
PTJPL,2010-12-01,6-044,6-044,ANTELOPE VALLEY,ANTELOPE VALLEY,35.201487,4539299
PTJPL,2010-12-01,6-007,6-007,ANTELOPE VALLEY,ANTELOPE VALLEY,20.067309,89661
PTJPL,2010-12-01,3-034,3-034,ARROYO DE LA CRUZ VALLEY,ARROYO DE LA CRUZ VALLEY,48.561281,3590
PTJPL,2010-12-01,2-031,2-031,ARROYO DEL HAMBRE VALLEY,ARROYO DEL HAMBRE VALLEY,31.616987,2449
PTJPL,2010-12-01,4-007,4-007,ARROYO SANTA ROSA VALLEY,ARROYO SANTA ROSA VALLEY,41.739714,17646
PTJPL,2010-12-01,7-037,7-037,ARROYO SECO VALLEY,ARROYO SECO VALLEY,21.418898,1152313
PTJPL,2010-12-01,5-054,5-054,ASH VALLEY,ASH VALLEY,24.270383,24432
PTJPL,2010-12-01,6-026,6-026,AVAWATZ VALLEY,AVAWATZ VALLEY,41.687765,124166
PTJPL,2010-12-01,3-020,3-020,A�O NUEVO AREA,A�O NUEVO AREA,30.362501,8811
PTJPL,2010-12-01,9-022,9-022,BATIQUITOS LAGOON VALLEY,BATIQUITOS LAGOON VALLEY,42.374925,3334
PTJPL,2010-12-01,8-009,8-009,BEAR VALLEY,BEAR VALLEY,27.434868,79723
PTJPL,2010-12-01,5-064,5-064,BEAR VALLEY,BEAR VALLEY,22.592466,40934
PTJPL,2010-12-01,5-020,5-020,BERRYESSA VALLEY,BERRYESSA VALLEY,23.76902,6191
PTJPL,2010-12-01,7-015,7-015,BESSEMER VALLEY,BESSEMER VALLEY,29.743936,175679
PTJPL,2010-12-01,6-025,6-025,BICYCLE VALLEY,BICYCLE VALLEY,36.962549,402204
PTJPL,2010-12-01,1-027,1-027,BIG LAGOON AREA,BIG LAGOON AREA,35.832499,57564
PTJPL,2010-12-01,8-007,8-007,BIG MEADOWS VALLEY,BIG MEADOWS VALLEY,23.394788,59936
PTJPL,2010-12-01,1-045,1-045,BIG RIVER VALLEY,BIG RIVER VALLEY,29.32134,6059
PTJPL,2010-12-01,3-047,3-047,BIG SPRING AREA,BIG SPRING AREA,31.099188,32897
PTJPL,2010-12-01,5-015,5-015,BIG VALLEY,BIG VALLEY,22.347189,107849
PTJPL,2010-12-01,5-004,5-004,BIG VALLEY,BIG VALLEY,28.130876,393297
PTJPL,2010-12-01,3-030,3-030,BITTER WATER VALLEY,BITTER WATER VALLEY,29.320315,134271
PTJPL,2010-12-01,6-013,6-013,BLACK SPRINGS VALLEY,BLACK SPRINGS VALLEY,24.187201,138327
PTJPL,2010-12-01,5-092,5-092,BLANCHARD VALLEY,BLANCHARD VALLEY,22.413748,9994
PTJPL,2010-12-01,1-057,1-057,BODEGA BAY AREA,BODEGA BAY AREA,29.064927,10119
PTJPL,2010-12-01,7-024.01,7-024,BORREGO VALLEY,BORREGO VALLEY - BORREGO SPRINGS,26.086339,282155
PTJPL,2010-12-01,7-024.02,7-024,BORREGO VALLEY,BORREGO VALLEY - OCOTILLO WELLS,19.057019,405078
PTJPL,2010-12-01,1-039,1-039,BRANSCOMB TOWN AREA,BRANSCOMB TOWN AREA,25.134172,6201
PTJPL,2010-12-01,1-017,1-017,BRAY TOWN AREA,BRAY TOWN AREA,19.142857,301
PTJPL,2010-12-01,6-008,6-008,BRIDGEPORT VALLEY,BRIDGEPORT VALLEY,12.464471,28512
PTJPL,2010-12-01,7-008,7-008,BRISTOL VALLEY,BRISTOL VALLEY,27.842,2234028
PTJPL,2010-12-01,5-080,5-080,BRITE VALLEY,BRITE VALLEY,28.705331,14182
PTJPL,2010-12-01,6-032,6-032,BROADWELL VALLEY,BROADWELL VALLEY,42.197648,413087
PTJPL,2010-12-01,6-076,6-076,BROWN MOUNTAIN VALLEY,BROWN MOUNTAIN VALLEY,37.811985,97673
PTJPL,2010-12-01,7-054,7-054,BUCK RIDGE FAULT VALLEY,BUCK RIDGE FAULT VALLEY,26.983943,31076
PTJPL,2010-12-01,6-101,6-101,BULL FLAT,BULL FLAT,16.439949,76802
PTJPL,2010-12-01,5-048,5-048,BURNEY CREEK VALLEY,BURNEY CREEK VALLEY,18.618475,10403
PTJPL,2010-12-01,5-017,5-017,BURNS VALLEY,BURNS VALLEY,20.77907,12900
PTJPL,2010-12-01,5-051,5-051,BUTTE CREEK VALLEY,BUTTE CREEK VALLEY,24.369874,13291
PTJPL,2010-12-01,1-003,1-003,BUTTE VALLEY,BUTTE VALLEY,25.93497,8919
PTJPL,2010-12-01,6-081,6-081,BUTTE VALLEY,BUTTE VALLEY,29.885223,39581
PTJPL,2010-12-01,6-070,6-070,CACTUS FLAT,CACTUS FLAT,29.058621,31593
PTJPL,2010-12-01,7-007,7-007,CADIZ VALLEY,CADIZ VALLEY,21.873803,1213242
PTJPL,2010-12-01,6-090,6-090,CADY FAULT AREA,CADY FAULT AREA,44.029396,35753
PTJPL,2010-12-01,9-006,9-006,CAHUILLA VALLEY,CAHUILLA VALLEY,28.731172,81848
PTJPL,2010-12-01,6-079,6-079,CALIFORNIA VALLEY,CALIFORNIA VALLEY,56.915788,261304
PTJPL,2010-12-01,7-041,7-041,CALZONA VALLEY,CALZONA VALLEY,23.917287,340249
PTJPL,2010-12-01,6-061,6-061,CAMEO AREA,CAMEO AREA,23.462072,41842
PTJPL,2010-12-01,9-028,9-028,CAMPO VALLEY,CAMPO VALLEY,35.664382,15902
PTJPL,2010-12-01,7-046,7-046,CANEBRAKE VALLEY,CANEBRAKE VALLEY,25.055286,24310
PTJPL,2010-12-01,3-007,3-007,CARMEL VALLEY,CARMEL VALLEY,27.497892,18978
PTJPL,2010-12-01,3-018,3-018,CARPINTERIA,CARPINTERIA,39.919574,33882
PTJPL,2010-12-01,3-019,3-019,CARRIZO PLAIN,CARRIZO PLAIN,30.450921,946856
PTJPL,2010-12-01,6-006,6-006,CARSON VALLEY,CARSON VALLEY,28.9364,23742
PTJPL,2010-12-01,5-029,5-029,CASTAC LAKE VALLEY,CASTAC LAKE VALLEY,30.297053,16014
PTJPL,2010-12-01,2-008,2-008,CASTRO VALLEY,CASTRO VALLEY,30.544361,5985
PTJPL,2010-12-01,6-038,6-038,CAVES CANYON VALLEY,CAVES CANYON VALLEY,39.196234,328088
PTJPL,2010-12-01,5-045,5-045,CAYTON VALLEY,CAYTON VALLEY,24.8,5
PTJPL,2010-12-01,3-038,3-038,CAYUCOS VALLEY,CAYUCOS VALLEY,47.987355,949
PTJPL,2010-12-01,7-043,7-043,CHEMEHUEVI VALLEY,CHEMEHUEVI VALLEY,26.249482,1221349
PTJPL,2010-12-01,7-032,7-032,CHOCOLATE VALLEY,CHOCOLATE VALLEY,19.914917,580540
PTJPL,2010-12-01,3-005,3-005,CHOLAME VALLEY,CHOLAME VALLEY,31.516198,177980
PTJPL,2010-12-01,3-042,3-042,CHORRO VALLEY,CHORRO VALLEY,43.963462,6377
PTJPL,2010-12-01,5-061,5-061,CHROME TOWN AREA,CHROME TOWN AREA,21.017051,6334
PTJPL,2010-12-01,7-005,7-005,CHUCKWALLA VALLEY,CHUCKWALLA VALLEY,20.1407,2704849
PTJPL,2010-12-01,2-005,2-005,CLAYTON VALLEY,CLAYTON VALLEY,29.595148,71720
PTJPL,2010-12-01,5-066,5-066,CLEAR LAKE CACHE FORMATION,CLEAR LAKE CACHE FORMATION,24.634792,133743
PTJPL,2010-12-01,5-058,5-058,CLOVER VALLEY,CLOVER VALLEY,22.851125,38717
PTJPL,2010-12-01,7-021.03,7-021,COACHELLA VALLEY,COACHELLA VALLEY - DESERT HOT SPRINGS,25.273884,453937
PTJPL,2010-12-01,7-021.01,7-021,COACHELLA VALLEY,COACHELLA VALLEY - INDIO,34.517463,1335963
PTJPL,2010-12-01,7-021.02,7-021,COACHELLA VALLEY,COACHELLA VALLEY - MISSION CREEK,24.642302,218338
PTJPL,2010-12-01,7-021.04,7-021,COACHELLA VALLEY,COACHELLA VALLEY - SAN GORGONIO PASS,30.385615,173157
PTJPL,2010-12-01,4-011.04,4-011,COASTAL PLAIN OF LOS ANGELES,COASTAL PLAIN OF LOS ANGELES - CENTRAL,37.545618,799386
PTJPL,2010-12-01,4-011.02,4-011,COASTAL PLAIN OF LOS ANGELES,COASTAL PLAIN OF LOS ANGELES - HOLLYWOOD,33.78712,45279
PTJPL,2010-12-01,4-011.01,4-011,COASTAL PLAIN OF LOS ANGELES,COASTAL PLAIN OF LOS ANGELES - SANTA MONICA,39.704129,135809
PTJPL,2010-12-01,4-011.03,4-011,COASTAL PLAIN OF LOS ANGELES,COASTAL PLAIN OF LOS ANGELES - WEST COAST,40.367506,400018
PTJPL,2010-12-01,8-001,8-001,COASTAL PLAIN OF ORANGE COUNTY,COASTAL PLAIN OF ORANGE COUNTY,38.793632,999304
PTJPL,2010-12-01,9-033,9-033,COASTAL PLAIN OF SAN DIEGO,COASTAL PLAIN OF SAN DIEGO,44.007511,240969
PTJPL,2010-12-01,6-072,6-072,COLES FLAT,COLES FLAT,25.497735,13244
PTJPL,2010-12-01,5-019,5-019,COLLAYOMI VALLEY,COLLAYOMI VALLEY,25.051334,29240
PTJPL,2010-12-01,7-055,7-055,COLLINS VALLEY,COLLINS VALLEY,23.70886,31751
PTJPL,2010-12-01,4-010,4-010,CONEJO,CONEJO,37.289055,84503
PTJPL,2010-12-01,7-011,7-011,COPPER MOUNTAIN VALLEY,COPPER MOUNTAIN VALLEY,25.39823,136155
PTJPL,2010-12-01,3-002.01,3-002,CORRALITOS,CORRALITOS - PAJARO VALLEY,32.722842,331554
PTJPL,2010-12-01,3-002.02,3-002,CORRALITOS,CORRALITOS - PURISIMA HIGHLANDS,35.193579,53451
PTJPL,2010-12-01,6-055,6-055,COSO VALLEY,COSO VALLEY,29.156392,114929
PTJPL,2010-12-01,1-037,1-037,COTTONEVA CREEK VALLEY,COTTONEVA CREEK VALLEY,24.912398,3436
PTJPL,2010-12-01,9-027,9-027,COTTONWOOD VALLEY,COTTONWOOD VALLEY,32.104855,17262
PTJPL,2010-12-01,1-011,1-011,COVELO ROUND VALLEY,COVELO ROUND VALLEY,19.122229,56533
PTJPL,2010-12-01,6-091,6-091,COW HEAD LAKE VALLEY,COW HEAD LAKE VALLEY,16.995304,18101
PTJPL,2010-12-01,6-037,6-037,COYOTE LAKE VALLEY,COYOTE LAKE VALLEY,35.014385,396167
PTJPL,2010-12-01,5-018,5-018,COYOTE VALLEY,COYOTE VALLEY,26.411041,29345
PTJPL,2010-12-01,7-029,7-029,COYOTE WELLS VALLEY,COYOTE WELLS VALLEY,17.287,648321
PTJPL,2010-12-01,6-035,6-035,CRONISE VALLEY,CRONISE VALLEY,39.287276,567907
PTJPL,2010-12-01,6-050,6-050,CUDDEBACK VALLEY,CUDDEBACK VALLEY,34.975315,426688
PTJPL,2010-12-01,5-082,5-082,CUDDY CANYON VALLEY,CUDDY CANYON VALLEY,30.449541,14824
PTJPL,2010-12-01,5-083,5-083,CUDDY RANCH AREA,CUDDY RANCH AREA,31.041839,18906
PTJPL,2010-12-01,5-084,5-084,CUDDY VALLEY,CUDDY VALLEY,32.359784,15551
PTJPL,2010-12-01,5-027,5-027,CUMMINGS VALLEY,CUMMINGS VALLEY,30.813907,44080
PTJPL,2010-12-01,3-013,3-013,CUYAMA VALLEY,CUYAMA VALLEY,31.404115,1086874
PTJPL,2010-12-01,7-009,7-009,DALE VALLEY,DALE VALLEY,21.549321,954759
PTJPL,2010-12-01,6-057,6-057,DARWIN VALLEY,DARWIN VALLEY,24.523477,198536
PTJPL,2010-12-01,7-061,7-061,DAVIES VALLEY,DAVIES VALLEY,18.78224,15214
PTJPL,2010-12-01,7-013.01,7-013,DEADMAN VALLEY,DEADMAN VALLEY - DEADMAN LAKE,28.557856,400268
PTJPL,2010-12-01,7-013.02,7-013,DEADMAN VALLEY,DEADMAN VALLEY - SURPRISE SPRING,25.838258,131543
PTJPL,2010-12-01,6-018,6-018,DEATH VALLEY,DEATH VALLEY,38.007498,4133238
PTJPL,2010-12-01,6-015,6-015,DEEP SPRINGS VALLEY,DEEP SPRINGS VALLEY,15.440395,131693
PTJPL,2010-12-01,6-078,6-078,DENNING SPRING VALLEY,DENNING SPRING VALLEY,52.16248,32521
PTJPL,2010-12-01,1-034,1-034,DINSMORES TOWN AREA,DINSMORES TOWN AREA,16.668286,10084
PTJPL,2010-12-01,5-053,5-053,DIXIE VALLEY,DIXIE VALLEY,27.350213,21881
PTJPL,2010-12-01,2-040,2-040,DOWNTOWN,DOWNTOWN,31.62019,29420
PTJPL,2010-12-01,5-049,5-049,DRY BURNEY CREEK VALLEY,DRY BURNEY CREEK VALLEY,21.971639,11001
PTJPL,2010-12-01,3-029,3-029,DRY LAKE VALLEY,DRY LAKE VALLEY,26.482295,6326
PTJPL,2010-12-01,6-095,6-095,DRY VALLEY,DRY VALLEY,19.765661,25446
PTJPL,2010-12-01,6-096,6-096,EAGLE LAKE AREA,EAGLE LAKE AREA,26.924113,8460
PTJPL,2010-12-01,7-033,7-033,EAST SALTON SEA,EAST SALTON SEA,22.385811,876190
PTJPL,2010-12-01,1-044,1-044,EDEN VALLEY,EDEN VALLEY,21.11364,6195
PTJPL,2010-12-01,1-010,1-010,EEL RIVER VALLEY,EEL RIVER VALLEY,21.55226,319873
PTJPL,2010-12-01,5-041,5-041,EGG LAKE VALLEY,EGG LAKE VALLEY,28.201315,15513
PTJPL,2010-12-01,9-016,9-016,EL CAJON VALLEY,EL CAJON VALLEY,36.444652,32160
PTJPL,2010-12-01,6-043,6-043,EL MIRAGE VALLEY,EL MIRAGE VALLEY,32.042985,340750
PTJPL,2010-12-01,5-062,5-062,ELK CREEK AREA,ELK CREEK AREA,22.878128,6474
PTJPL,2010-12-01,8-004.02,8-004,ELSINORE,ELSINORE - BEDFORD-COLDWATER,33.495111,31599
PTJPL,2010-12-01,8-004.01,8-004,ELSINORE,ELSINORE - ELSINORE VALLEY,39.718682,105944
PTJPL,2010-12-01,9-009,9-009,ESCONDIDO VALLEY,ESCONDIDO VALLEY,35.932387,12956
PTJPL,2010-12-01,1-009,1-009,EUREKA PLAIN,EUREKA PLAIN,24.345342,156804
PTJPL,2010-12-01,6-016,6-016,EUREKA VALLEY,EUREKA VALLEY,23.455648,578982
PTJPL,2010-12-01,1-022,1-022,FAIRCHILD SWAMP VALLEY,FAIRCHILD SWAMP VALLEY,24.813925,14736
PTJPL,2010-12-01,5-005,5-005,FALL RIVER VALLEY,FALL RIVER VALLEY,21.023229,207111
PTJPL,2010-12-01,7-002,7-002,FENNER VALLEY,FENNER VALLEY,15.28483,2034583
PTJPL,2010-12-01,6-014,6-014,FISH LAKE VALLEY,FISH LAKE VALLEY,23.008599,206076
PTJPL,2010-12-01,3-053,3-053,FOOTHILL,FOOTHILL,31.306265,14765
PTJPL,2010-12-01,1-021,1-021,FORT BRAGG TERRACE AREA,FORT BRAGG TERRACE AREA,28.651253,97813
PTJPL,2010-12-01,1-061,1-061,FORT ROSS TERRACE DEPOSITS,FORT ROSS TERRACE DEPOSITS,29.698403,29934
PTJPL,2010-12-01,6-046,6-046,FREMONT VALLEY,FREMONT VALLEY,36.103637,1507017
PTJPL,2010-12-01,5-090,5-090,FUNKS CREEK,FUNKS CREEK,19.355795,13564
PTJPL,2010-12-01,1-032,1-032,GARBERVILLE TOWN AREA,GARBERVILLE TOWN AREA,19.933229,5751
PTJPL,2010-12-01,1-020,1-020,GARCIA RIVER VALLEY,GARCIA RIVER VALLEY,27.70709,9351
PTJPL,2010-12-01,3-003.01,3-003,GILROY-HOLLISTER VALLEY,GILROY-HOLLISTER VALLEY - LLAGAS AREA,30.101267,211934
PTJPL,2010-12-01,3-003.05,3-003,GILROY-HOLLISTER VALLEY,GILROY-HOLLISTER VALLEY - NORTH SAN BENITO,31.110136,584050
PTJPL,2010-12-01,6-085,6-085,GOLD VALLEY,GOLD VALLEY,45.404475,14436
PTJPL,2010-12-01,6-048,6-048,GOLDSTONE VALLEY,GOLDSTONE VALLEY,38.243139,126294
PTJPL,2010-12-01,3-016,3-016,GOLETA,GOLETA,39.534821,41440
PTJPL,2010-12-01,5-001.02,5-001,GOOSE LAKE,GOOSE LAKE - FANDANGO VALLEY,18.751401,67623
PTJPL,2010-12-01,5-001.01,5-001,GOOSE LAKE,GOOSE LAKE - GOOSE VALLEY,19.317859,136268
PTJPL,2010-12-01,5-047,5-047,GOOSE VALLEY,GOOSE VALLEY,25.650487,9642
PTJPL,2010-12-01,6-077,6-077,GRASS VALLEY,GRASS VALLEY,39.014104,44881
PTJPL,2010-12-01,6-094,6-094,GRASSHOPPER VALLEY,GRASSHOPPER VALLEY,18.126845,36659
PTJPL,2010-12-01,1-048,1-048,GRAVELLY VALLEY,GRAVELLY VALLEY,15.198595,13384
PTJPL,2010-12-01,5-052,5-052,GRAYS VALLEY,GRAYS VALLEY,25.365465,20281
PTJPL,2010-12-01,6-084,6-084,GREENWATER VALLEY,GREENWATER VALLEY,38.515643,268934
PTJPL,2010-12-01,5-059,5-059,GRIZZLY VALLEY,GRIZZLY VALLEY,27.181908,21324
PTJPL,2010-12-01,2-022,2-022,HALF MOON BAY TERRACE,HALF MOON BAY TERRACE,29.612584,34521
PTJPL,2010-12-01,1-015,1-015,HAPPY CAMP TOWN AREA,HAPPY CAMP TOWN AREA,22.629138,9939
PTJPL,2010-12-01,6-047,6-047,HARPER VALLEY,HARPER VALLEY,34.566255,1841342
PTJPL,2010-12-01,6-074,6-074,HARRISBURG FLATS,HARRISBURG FLATS,26.576376,112083
PTJPL,2010-12-01,6-093,6-093,HARVEY VALLEY,HARVEY VALLEY,25.57182,18261
PTJPL,2010-12-01,1-006,1-006,HAYFORK VALLEY,HAYFORK VALLEY,13.749966,14626
PTJPL,2010-12-01,7-048,7-048,HELENDALE FAULT VALLEY,HELENDALE FAULT VALLEY,26.994396,11777
PTJPL,2010-12-01,8-006,8-006,HEMET LAKE VALLEY,HEMET LAKE VALLEY,32.273701,74987
PTJPL,2010-12-01,3-031,3-031,HERNANDEZ VALLEY,HERNANDEZ VALLEY,31.510179,12870
PTJPL,2010-12-01,1-036,1-036,HETTENSHAW VALLEY,HETTENSHAW VALLEY,15.646948,3178
PTJPL,2010-12-01,7-053,7-053,HEXIE MOUNTAIN AREA,HEXIE MOUNTAIN AREA,23.309412,50053
PTJPL,2010-12-01,6-063,6-063,HIDDEN VALLEY,HIDDEN VALLEY,24.518304,80667
PTJPL,2010-12-01,4-016,4-016,HIDDEN VALLEY,HIDDEN VALLEY,40.394351,9948
PTJPL,2010-12-01,5-016,5-016,HIGH VALLEY,HIGH VALLEY,23.645332,10593
PTJPL,2010-12-01,6-004,6-004,HONEY LAKE VALLEY,HONEY LAKE VALLEY,21.457516,1287835
PTJPL,2010-12-01,1-029,1-029,HONEYDEW TOWN AREA,HONEYDEW TOWN AREA,23.434497,10656
PTJPL,2010-12-01,1-007,1-007,HOOPA VALLEY,HOOPA VALLEY,19.163789,15520
PTJPL,2010-12-01,6-097,6-097,HORSE LAKE VALLEY,HORSE LAKE VALLEY,19.752765,16001
PTJPL,2010-12-01,5-040,5-040,HOT SPRINGS VALLEY,HOT SPRINGS VALLEY,26.920878,7065
PTJPL,2010-12-01,3-045,3-045,HUASNA VALLEY,HUASNA VALLEY,43.314229,21147
PTJPL,2010-12-01,5-060,5-060,HUMBUG VALLEY,HUMBUG VALLEY,24.473376,30612
PTJPL,2010-12-01,4-018,4-018,HUNGRY VALLEY,HUNGRY VALLEY,30.952261,23859
PTJPL,2010-12-01,1-035,1-035,HYAMPOM VALLEY,HYAMPOM VALLEY,14.828481,5976
PTJPL,2010-12-01,7-030,7-030,IMPERIAL VALLEY,IMPERIAL VALLEY,32.130414,4263234
PTJPL,2010-12-01,5-009,5-009,INDIAN VALLEY,INDIAN VALLEY,17.171087,129367
PTJPL,2010-12-01,6-054,6-054,INDIAN WELLS VALLEY,INDIAN WELLS VALLEY,32.899864,1716226
PTJPL,2010-12-01,7-050,7-050,IRON RIDGE AREA,IRON RIDGE AREA,29.345354,23570
PTJPL,2010-12-01,2-033,2-033,ISLAIS VALLEY,ISLAIS VALLEY,31.53957,24299
PTJPL,2010-12-01,6-030,6-030,IVANPAH VALLEY,IVANPAH VALLEY,32.101444,882708
PTJPL,2010-12-01,7-047,7-047,JACUMBA VALLEY,JACUMBA VALLEY,28.003898,8979
PTJPL,2010-12-01,5-003,5-003,JESS VALLEY,JESS VALLEY,19.574354,27685
PTJPL,2010-12-01,7-018.01,7-018,JOHNSON VALLEY,JOHNSON VALLEY - SOGGY LAKE,21.826429,347501
PTJPL,2010-12-01,7-018.02,7-018,JOHNSON VALLEY,JOHNSON VALLEY - UPPER JOHNSON VALLEY,24.593239,156367
PTJPL,2010-12-01,5-086,5-086,JOSEPH CREEK,JOSEPH CREEK,17.225884,16690
PTJPL,2010-12-01,7-062,7-062,JOSHUA TREE,JOSHUA TREE,25.351195,150378
PTJPL,2010-12-01,6-089,6-089,KANE WASH AREA,KANE WASH AREA,33.371631,26755
PTJPL,2010-12-01,6-069,6-069,KELSO LANDER VALLEY,KELSO LANDER VALLEY,30.065809,50191
PTJPL,2010-12-01,6-031,6-031,KELSO VALLEY,KELSO VALLEY,34.121275,1145203
PTJPL,2010-12-01,2-019,2-019,KENWOOD VALLEY,KENWOOD VALLEY,26.215572,23106
PTJPL,2010-12-01,5-025,5-025,KERN RIVER VALLEY,KERN RIVER VALLEY,29.249419,356978
PTJPL,2010-12-01,1-002.02,1-002,KLAMATH RIVER VALLEY,KLAMATH RIVER VALLEY - LOWER KLAMATH,27.367222,108128
PTJPL,2010-12-01,1-002.01,1-002,KLAMATH RIVER VALLEY,KLAMATH RIVER VALLEY - TULELAKE,26.02594,102930
PTJPL,2010-12-01,1-050,1-050,KNIGHTS VALLEY,KNIGHTS VALLEY,26.035557,18393
PTJPL,2010-12-01,5-007,5-007,LAKE ALMANOR VALLEY,LAKE ALMANOR VALLEY,20.627401,781
PTJPL,2010-12-01,5-046,5-046,LAKE BRITTON AREA,LAKE BRITTON AREA,22.254948,59565
PTJPL,2010-12-01,7-001,7-001,LANFAIR VALLEY,LANFAIR VALLEY,35.172095,703571
PTJPL,2010-12-01,6-036.02,6-036,LANGFORD VALLEY,LANGFORD VALLEY - IRWIN,36.078015,47132
PTJPL,2010-12-01,6-036.01,6-036,LANGFORD VALLEY,LANGFORD VALLEY - LANGFORD WELL LAKE,38.133522,86847
PTJPL,2010-12-01,1-033,1-033,LARABEE VALLEY,LARABEE VALLEY,17.597057,4281
PTJPL,2010-12-01,4-008,4-008,LAS POSAS VALLEY,LAS POSAS VALLEY,40.405703,200649
PTJPL,2010-12-01,5-057,5-057,LAST CHANCE CREEK VALLEY,LAST CHANCE CREEK VALLEY,23.120081,12300
PTJPL,2010-12-01,7-014,7-014,LAVIC VALLEY,LAVIC VALLEY,37.923759,459882
PTJPL,2010-12-01,1-012,1-012,LAYTONVILLE VALLEY,LAYTONVILLE VALLEY,19.852716,22589
PTJPL,2010-12-01,6-027,6-027,LEACH VALLEY,LEACH VALLEY,42.60875,275049
PTJPL,2010-12-01,6-066,6-066,LEE FLAT,LEE FLAT,25.983785,91212
PTJPL,2010-12-01,6-106,6-106,LITTLE ANTELOPE VALLEY,LITTLE ANTELOPE VALLEY,13.727524,10867
PTJPL,2010-12-01,5-065,5-065,LITTLE INDIAN VALLEY,LITTLE INDIAN VALLEY,21.513405,5707
PTJPL,2010-12-01,1-013,1-013,LITTLE LAKE VALLEY,LITTLE LAKE VALLEY,17.539216,39856
PTJPL,2010-12-01,1-041,1-041,LITTLE VALLEY,LITTLE VALLEY,28.753215,3655
PTJPL,2010-12-01,2-010,2-010,LIVERMORE VALLEY,LIVERMORE VALLEY,29.316109,263767
PTJPL,2010-12-01,2-038,2-038,LOBOS,LOBOS,32.123109,10576
PTJPL,2010-12-01,3-006,3-006,LOCKWOOD VALLEY,LOCKWOOD VALLEY,35.512934,268405
PTJPL,2010-12-01,4-017,4-017,LOCKWOOD VALLEY,LOCKWOOD VALLEY,27.279632,97986
PTJPL,2010-12-01,6-011,6-011,LONG VALLEY,LONG VALLEY,29.553683,14120
PTJPL,2010-12-01,5-044,5-044,LONG VALLEY,LONG VALLEY,18.6,5
PTJPL,2010-12-01,6-104,6-104,LONG VALLEY,LONG VALLEY,19.777634,195025
PTJPL,2010-12-01,5-031,5-031,LONG VALLEY,LONG VALLEY,23.753786,12611
PTJPL,2010-12-01,5-070,5-070,LOS BANOS CREEK VALLEY,LOS BANOS CREEK VALLEY,19.448696,18897
PTJPL,2010-12-01,3-008.01,3-008,LOS OSOS VALLEY,LOS OSOS VALLEY - LOS OSOS AREA,49.98464,19010
PTJPL,2010-12-01,3-008.02,3-008,LOS OSOS VALLEY,LOS OSOS VALLEY - WARDEN CREEK,46.603429,7933
PTJPL,2010-12-01,7-051,7-051,LOST HORSE VALLEY,LOST HORSE VALLEY,25.37089,77794
PTJPL,2010-12-01,6-071,6-071,LOST LAKE VALLEY,LOST LAKE VALLEY,42.616263,104530
PTJPL,2010-12-01,6-021,6-021,LOWER KINGSTON VALLEY,LOWER KINGSTON VALLEY,55.260896,1078042
PTJPL,2010-12-01,1-014,1-014,LOWER KLAMATH RIVER VALLEY,LOWER KLAMATH RIVER VALLEY,37.70795,30190
PTJPL,2010-12-01,5-030,5-030,LOWER LAKE VALLEY,LOWER LAKE VALLEY,21.373342,10781
PTJPL,2010-12-01,1-038,1-038,LOWER LAYTONVILLE VALLEY,LOWER LAYTONVILLE VALLEY,19.278673,9678
PTJPL,2010-12-01,6-040,6-040,LOWER MOJAVE RIVER VALLEY,LOWER MOJAVE RIVER VALLEY,36.435079,1283384
PTJPL,2010-12-01,1-060,1-060,LOWER RUSSIAN RIVER VALLEY,LOWER RUSSIAN RIVER VALLEY,29.031005,29092
PTJPL,2010-12-01,7-019,7-019,LUCERNE VALLEY,LUCERNE VALLEY,25.960681,662707
PTJPL,2010-12-01,1-008.02,1-008,MAD RIVER VALLEY,MAD RIVER VALLEY - DOWS PRAIRIE SCHOOL AREA,31.524356,68013
PTJPL,2010-12-01,1-008.01,1-008,MAD RIVER VALLEY,MAD RIVER VALLEY - MAD RIVER LOWLAND,25.762042,105859
PTJPL,2010-12-01,6-002,6-002,MADELINE PLAINS,MADELINE PLAINS,18.884107,540515
PTJPL,2010-12-01,3-051,3-051,MAJORS CREEK,MAJORS CREEK,27.992895,1689
PTJPL,2010-12-01,4-022,4-022,MALIBU VALLEY,MALIBU VALLEY,38.067614,2603
PTJPL,2010-12-01,6-064,6-064,MARBLE CANYON AREA,MARBLE CANYON AREA,29.43118,46600
PTJPL,2010-12-01,2-039,2-039,MARINA,MARINA,32.071638,8850
PTJPL,2010-12-01,6-067,6-067,MARTIS VALLEY,MARTIS VALLEY,17.176871,14536
PTJPL,2010-12-01,7-059,7-059,MASON VALLEY,MASON VALLEY,27.039873,24829
PTJPL,2010-12-01,1-028,1-028,MATTOLE RIVER VALLEY,MATTOLE RIVER VALLEY,25.712163,13928
PTJPL,2010-12-01,5-035,5-035,MCCLOUD AREA,MCCLOUD AREA,10.506089,10265
PTJPL,2010-12-01,5-095,5-095,MEADOW VALLEY,MEADOW VALLEY,16.478959,21482
PTJPL,2010-12-01,7-017,7-017,MEANS VALLEY,MEANS VALLEY,26.491096,67158
PTJPL,2010-12-01,6-029,6-029,MESQUITE VALLEY,MESQUITE VALLEY,47.876878,384627
PTJPL,2010-12-01,6-020,6-020,MIDDLE AMARGOSA VALLEY,MIDDLE AMARGOSA VALLEY,43.098073,1741057
PTJPL,2010-12-01,5-094,5-094,MIDDLE CREEK,MIDDLE CREEK,19.151229,3174
PTJPL,2010-12-01,5-087,5-087,MIDDLE FORK FEATHER RIVER,MIDDLE FORK FEATHER RIVER,24.357221,19089
PTJPL,2010-12-01,6-041,6-041,MIDDLE MOJAVE RIVER VALLEY,MIDDLE MOJAVE RIVER VALLEY,35.154524,950077
PTJPL,2010-12-01,6-080,6-080,MIDDLE PARK CANYON,MIDDLE PARK CANYON,29.810521,7832
PTJPL,2010-12-01,5-085,5-085,MIL POTRERO AREA,MIL POTRERO AREA,30.741696,10356
PTJPL,2010-12-01,9-014,9-014,MISSION VALLEY,MISSION VALLEY,43.726593,31839
PTJPL,2010-12-01,5-011,5-011,MOHAWK VALLEY,MOHAWK VALLEY,22.026498,74346
PTJPL,2010-12-01,6-009,6-009,MONO VALLEY,MONO VALLEY,29.986734,241520
PTJPL,2010-12-01,3-049,3-049,MONTECITO,MONTECITO,41.397151,27307
PTJPL,2010-12-01,7-020,7-020,MORONGO VALLEY,MORONGO VALLEY,24.825979,32496
PTJPL,2010-12-01,3-041,3-041,MORRO VALLEY,MORRO VALLEY,40.3536,2500
PTJPL,2010-12-01,5-008,5-008,MOUNTAIN MEADOWS VALLEY,MOUNTAIN MEADOWS VALLEY,16.043944,2708
PTJPL,2010-12-01,1-056,1-056,McDOWELL VALLEY,McDOWELL VALLEY,21.843694,6692
PTJPL,2010-12-01,2-002.01,2-002,NAPA-SONOMA VALLEY,NAPA-SONOMA VALLEY - NAPA VALLEY,28.130311,206476
PTJPL,2010-12-01,2-002.03,2-002,NAPA-SONOMA VALLEY,NAPA-SONOMA VALLEY - NAPA-SONOMA LOWLANDS,29.855574,178237
PTJPL,2010-12-01,2-002.02,2-002,NAPA-SONOMA VALLEY,NAPA-SONOMA VALLEY - SONOMA VALLEY,28.460375,201301
PTJPL,2010-12-01,1-046,1-046,NAVARRO RIVER VALLEY,NAVARRO RIVER VALLEY,30.783009,2931
PTJPL,2010-12-01,3-052,3-052,NEEDLE ROCK POINT,NEEDLE ROCK POINT,27.986588,3057
PTJPL,2010-12-01,7-044,7-044,NEEDLES VALLEY,NEEDLES VALLEY,37.962272,384653
PTJPL,2010-12-01,5-050,5-050,NORTH FORK BATTLE CREEK,NORTH FORK BATTLE CREEK,22.594388,56490
PTJPL,2010-12-01,2-030,2-030,NOVATO VALLEY,NOVATO VALLEY,30.171642,92017
PTJPL,2010-12-01,7-025,7-025,OCOTILLO-CLARK VALLEY,OCOTILLO-CLARK VALLEY,20.429348,999504
PTJPL,2010-12-01,7-035,7-035,OGILBY VALLEY,OGILBY VALLEY,19.892185,592059
PTJPL,2010-12-01,4-002,4-002,OJAI VALLEY,OJAI VALLEY,42.157665,26588
PTJPL,2010-12-01,3-039,3-039,OLD VALLEY,OLD VALLEY,37.251744,4874
PTJPL,2010-12-01,6-108,6-108,OLYMPIC VALLEY,OLYMPIC VALLEY,17.79661,236
PTJPL,2010-12-01,7-031,7-031,OROCOPIA VALLEY,OROCOPIA VALLEY,19.284894,432652
PTJPL,2010-12-01,6-012.02,6-012,OWENS VALLEY,OWENS VALLEY - FISH SLOUGH,20.626009,14495
PTJPL,2010-12-01,6-012.01,6-012,OWENS VALLEY,OWENS VALLEY - OWENS VALLEY,22.044373,2855948
PTJPL,2010-12-01,6-088,6-088,OWL LAKE VALLEY,OWL LAKE VALLEY,45.149094,100004
PTJPL,2010-12-01,6-028,6-028,PAHRUMP VALLEY,PAHRUMP VALLEY,51.312281,407028
PTJPL,2010-12-01,6-099,6-099,PAINTERS FLAT,PAINTERS FLAT,16.758659,18161
PTJPL,2010-12-01,7-039,7-039,PALO VERDE MESA,PALO VERDE MESA,23.866576,1011250
PTJPL,2010-12-01,7-038,7-038,PALO VERDE VALLEY,PALO VERDE VALLEY,36.380767,302111
PTJPL,2010-12-01,9-024,9-024,PAMO VALLEY,PAMO VALLEY,34.464085,6766
PTJPL,2010-12-01,6-058,6-058,PANAMINT VALLEY,PANAMINT VALLEY,31.693205,1165899
PTJPL,2010-12-01,5-023,5-023,PANOCHE VALLEY,PANOCHE VALLEY,24.579154,148185
PTJPL,2010-12-01,3-032,3-032,PEACH TREE VALLEY,PEACH TREE VALLEY,30.991564,11735
PTJPL,2010-12-01,1-030,1-030,PEPPERWOOD TOWN AREA,PEPPERWOOD TOWN AREA,18.685685,23416
PTJPL,2010-12-01,2-026,2-026,PESCADERO VALLEY,PESCADERO VALLEY,29.032986,13066
PTJPL,2010-12-01,2-001,2-001,PETALUMA VALLEY,PETALUMA VALLEY,27.930273,209789
PTJPL,2010-12-01,6-051,6-051,PILOT KNOB VALLEY,PILOT KNOB VALLEY,36.482155,623272
PTJPL,2010-12-01,6-092,6-092,PINE CREEK VALLEY,PINE CREEK VALLEY,25.738771,846
PTJPL,2010-12-01,7-006,7-006,PINTO VALLEY,PINTO VALLEY,16.376948,820363
PTJPL,2010-12-01,7-049,7-049,PIPES CANYON FAULT VALLEY,PIPES CANYON FAULT VALLEY,25.076119,15213
PTJPL,2010-12-01,2-004,2-004,PITTSBURG PLAIN,PITTSBURG PLAIN,28.752443,42976
PTJPL,2010-12-01,7-045,7-045,PIUTE VALLEY,PIUTE VALLEY,26.63287,782230
PTJPL,2010-12-01,7-052,7-052,PLEASANT VALLEY,PLEASANT VALLEY,22.758792,43336
PTJPL,2010-12-01,4-006,4-006,PLEASANT VALLEY,PLEASANT VALLEY,37.072654,89204
PTJPL,2010-12-01,5-038,5-038,PONDOSA TOWN AREA,PONDOSA TOWN AREA,25.813737,4397
PTJPL,2010-12-01,5-068,5-068,POPE VALLEY,POPE VALLEY,25.810788,32313
PTJPL,2010-12-01,9-029,9-029,POTRERO VALLEY,POTRERO VALLEY,36.31047,9083
PTJPL,2010-12-01,1-051,1-051,POTTER VALLEY,POTTER VALLEY,17.235674,37047
PTJPL,2010-12-01,9-013,9-013,POWAY VALLEY,POWAY VALLEY,39.793141,11080
PTJPL,2010-12-01,3-044,3-044,POZO VALLEY,POZO VALLEY,37.347811,30784
PTJPL,2010-12-01,1-025,1-025,PRAIRIE CREEK AREA,PRAIRIE CREEK AREA,37.529822,90789
PTJPL,2010-12-01,7-040,7-040,QUIEN SABE POINT VALLEY,QUIEN SABE POINT VALLEY,21.322066,99694
PTJPL,2010-12-01,3-024,3-024,QUIEN SABE VALLEY,QUIEN SABE VALLEY,27.604628,21046
PTJPL,2010-12-01,6-062,6-062,RACE TRACK VALLEY,RACE TRACK VALLEY,24.062004,63448
PTJPL,2010-12-01,3-046,3-046,RAFAEL VALLEY,RAFAEL VALLEY,32.358263,13451
PTJPL,2010-12-01,9-025,9-025,RANCHITA TOWN AREA,RANCHITA TOWN AREA,30.401867,14032
PTJPL,2010-12-01,4-023,4-023,RAYMOND,RAYMOND,26.135502,117113
PTJPL,2010-12-01,6-024,6-024,RED PASS VALLEY,RED PASS VALLEY,41.385609,433105
PTJPL,2010-12-01,1-018,1-018,RED ROCK VALLEY,RED ROCK VALLEY,26.950482,6846
PTJPL,2010-12-01,5-006.03,5-006,REDDING AREA,REDDING AREA - ANDERSON,18.616504,442782
PTJPL,2010-12-01,5-006.01,5-006,REDDING AREA,REDDING AREA - BOWMAN,17.634295,550974
PTJPL,2010-12-01,5-006.04,5-006,REDDING AREA,REDDING AREA - ENTERPRISE,20.363879,275278
PTJPL,2010-12-01,5-006.05,5-006,REDDING AREA,REDDING AREA - MILLVILLE,23.199629,295058
PTJPL,2010-12-01,5-006.06,5-006,REDDING AREA,REDDING AREA - SOUTH BATTLE CREEK,20.841223,151596
PTJPL,2010-12-01,1-026,1-026,REDWOOD CREEK AREA,REDWOOD CREEK AREA,34.086746,8692
PTJPL,2010-12-01,6-086,6-086,RHODES HILL AREA,RHODES HILL AREA,46.211806,70069
PTJPL,2010-12-01,7-004,7-004,RICE VALLEY,RICE VALLEY,19.866456,841014
PTJPL,2010-12-01,6-023,6-023,RIGGS VALLEY,RIGGS VALLEY,50.036252,393528
PTJPL,2010-12-01,3-043,3-043,RINCONADA VALLEY,RINCONADA VALLEY,41.636591,11582
PTJPL,2010-12-01,5-043,5-043,ROCK PRAIRIE VALLEY,ROCK PRAIRIE VALLEY,23.235038,22741
PTJPL,2010-12-01,6-056,6-056,ROSE VALLEY,ROSE VALLEY,28.272666,191219
PTJPL,2010-12-01,2-028,2-028,ROSS VALLEY,ROSS VALLEY,30.522194,7930
PTJPL,2010-12-01,5-036,5-036,ROUND VALLEY,ROUND VALLEY,25.203955,32664
PTJPL,2010-12-01,4-020,4-020,RUSSELL VALLEY,RUSSELL VALLEY,33.583622,13836
PTJPL,2010-12-01,5-021.54,5-021,SACRAMENTO VALLEY,SACRAMENTO VALLEY - ANTELOPE,24.142669,85716
PTJPL,2010-12-01,5-021.53,5-021,SACRAMENTO VALLEY,SACRAMENTO VALLEY - BEND,21.146357,101956
PTJPL,2010-12-01,5-021.70,5-021,SACRAMENTO VALLEY,SACRAMENTO VALLEY - BUTTE,26.65943,592067
PTJPL,2010-12-01,5-021.52,5-021,SACRAMENTO VALLEY,SACRAMENTO VALLEY - COLUSA,24.601446,3116409
PTJPL,2010-12-01,5-021.51,5-021,SACRAMENTO VALLEY,SACRAMENTO VALLEY - CORNING,22.217812,932246
PTJPL,2010-12-01,5-021.56,5-021,SACRAMENTO VALLEY,SACRAMENTO VALLEY - LOS MOLINOS,23.951903,446972
PTJPL,2010-12-01,5-021.64,5-021,SACRAMENTO VALLEY,SACRAMENTO VALLEY - NORTH AMERICAN,29.340706,1479163
PTJPL,2010-12-01,5-021.60,5-021,SACRAMENTO VALLEY,SACRAMENTO VALLEY - NORTH YUBA,31.366251,179396
PTJPL,2010-12-01,5-021.50,5-021,SACRAMENTO VALLEY,SACRAMENTO VALLEY - RED BLUFF,19.37013,1221234
PTJPL,2010-12-01,5-021.66,5-021,SACRAMENTO VALLEY,SACRAMENTO VALLEY - SOLANO,29.588087,1537462
PTJPL,2010-12-01,5-021.65,5-021,SACRAMENTO VALLEY,SACRAMENTO VALLEY - SOUTH AMERICAN,27.959602,1101096
PTJPL,2010-12-01,5-021.61,5-021,SACRAMENTO VALLEY,SACRAMENTO VALLEY - SOUTH YUBA,30.607725,448729
PTJPL,2010-12-01,5-021.62,5-021,SACRAMENTO VALLEY,SACRAMENTO VALLEY - SUTTER,27.58699,771585
PTJPL,2010-12-01,5-021.57,5-021,SACRAMENTO VALLEY,SACRAMENTO VALLEY - VINA,25.795594,816775
PTJPL,2010-12-01,5-021.69,5-021,SACRAMENTO VALLEY,SACRAMENTO VALLEY - WYANDOTTE CREEK,30.092951,135189
PTJPL,2010-12-01,5-021.67,5-021,SACRAMENTO VALLEY,SACRAMENTO VALLEY - YOLO,27.981983,2367189
PTJPL,2010-12-01,3-004.01,3-004,SALINAS VALLEY,SALINAS VALLEY - 180/400 FOOT AQUIFER,31.560374,402337
PTJPL,2010-12-01,3-004.11,3-004,SALINAS VALLEY,SALINAS VALLEY - ATASCADERO AREA,34.115401,88266
PTJPL,2010-12-01,3-004.02,3-004,SALINAS VALLEY,SALINAS VALLEY - EAST SIDE AQUIFER,31.03823,258354
PTJPL,2010-12-01,3-004.04,3-004,SALINAS VALLEY,SALINAS VALLEY - FOREBAY AQUIFER,36.410975,422897
PTJPL,2010-12-01,3-004.09,3-004,SALINAS VALLEY,SALINAS VALLEY - LANGLEY AREA,34.338013,79130
PTJPL,2010-12-01,3-004.10,3-004,SALINAS VALLEY,SALINAS VALLEY - MONTEREY,32.643376,138426
PTJPL,2010-12-01,3-004.06,3-004,SALINAS VALLEY,SALINAS VALLEY - PASO ROBLES AREA,35.442415,1947291
PTJPL,2010-12-01,3-004.08,3-004,SALINAS VALLEY,SALINAS VALLEY - SEASIDE,31.737247,65065
PTJPL,2010-12-01,3-004.05,3-004,SALINAS VALLEY,SALINAS VALLEY - UPPER VALLEY AQUIFER,33.862542,974169
PTJPL,2010-12-01,6-017,6-017,SALINE VALLEY,SALINE VALLEY,20.678338,654799
PTJPL,2010-12-01,6-053,6-053,SALT WELLS VALLEY,SALT WELLS VALLEY,34.94917,132519
PTJPL,2010-12-01,3-014,3-014,SAN ANTONIO CREEK VALLEY,SAN ANTONIO CREEK VALLEY,47.985925,303230
PTJPL,2010-12-01,3-028,3-028,SAN BENITO RIVER VALLEY,SAN BENITO RIVER VALLEY,27.861896,104240
PTJPL,2010-12-01,3-033,3-033,SAN CARPOFORO VALLEY,SAN CARPOFORO VALLEY,39.962702,4692
PTJPL,2010-12-01,9-015,9-015,SAN DIEGO RIVER VALLEY,SAN DIEGO RIVER VALLEY,39.190402,38030
PTJPL,2010-12-01,9-012,9-012,SAN DIEGUITO CREEK,SAN DIEGUITO CREEK,44.551207,15457
PTJPL,2010-12-01,9-023,9-023,SAN ELIJO VALLEY,SAN ELIJO VALLEY,44.531116,3969
PTJPL,2010-12-01,7-027,7-027,SAN FELIPE VALLEY,SAN FELIPE VALLEY,28.593485,105140
PTJPL,2010-12-01,4-012,4-012,SAN FERNANDO VALLEY,SAN FERNANDO VALLEY,32.810992,651270
PTJPL,2010-12-01,4-013,4-013,SAN GABRIEL VALLEY,SAN GABRIEL VALLEY,30.522673,568281
PTJPL,2010-12-01,2-024,2-024,SAN GREGORIO VALLEY,SAN GREGORIO VALLEY,29.492509,4672
PTJPL,2010-12-01,8-005,8-005,SAN JACINTO,SAN JACINTO,35.053302,711143
PTJPL,2010-12-01,5-022.05,5-022,SAN JOAQUIN VALLEY,SAN JOAQUIN VALLEY - CHOWCHILLA,23.847002,422124
PTJPL,2010-12-01,5-022.16,5-022,SAN JOAQUIN VALLEY,SAN JOAQUIN VALLEY - COSUMNES,27.246141,943063
PTJPL,2010-12-01,5-022.07,5-022,SAN JOAQUIN VALLEY,SAN JOAQUIN VALLEY - DELTA-MENDOTA,25.449165,3382331
PTJPL,2010-12-01,5-022.19,5-022,SAN JOAQUIN VALLEY,SAN JOAQUIN VALLEY - EAST CONTRA COSTA,27.714291,454998
PTJPL,2010-12-01,5-022.01,5-022,SAN JOAQUIN VALLEY,SAN JOAQUIN VALLEY - EASTERN SAN JOAQUIN,23.567649,3238761
PTJPL,2010-12-01,5-022.11,5-022,SAN JOAQUIN VALLEY,SAN JOAQUIN VALLEY - KAWEAH,32.232791,1980420
PTJPL,2010-12-01,5-022.14,5-022,SAN JOAQUIN VALLEY,SAN JOAQUIN VALLEY - KERN COUNTY,35.56091,8012406
PTJPL,2010-12-01,5-022.17,5-022,SAN JOAQUIN VALLEY,SAN JOAQUIN VALLEY - KETTLEMAN PLAIN,31.207352,286247
PTJPL,2010-12-01,5-022.08,5-022,SAN JOAQUIN VALLEY,SAN JOAQUIN VALLEY - KINGS,30.243382,4402438
PTJPL,2010-12-01,5-022.06,5-022,SAN JOAQUIN VALLEY,SAN JOAQUIN VALLEY - MADERA,26.053019,1474266
PTJPL,2010-12-01,5-022.04,5-022,SAN JOAQUIN VALLEY,SAN JOAQUIN VALLEY - MERCED,23.284777,1544245
PTJPL,2010-12-01,5-022.02,5-022,SAN JOAQUIN VALLEY,SAN JOAQUIN VALLEY - MODESTO,20.496526,976423
PTJPL,2010-12-01,5-022.10,5-022,SAN JOAQUIN VALLEY,SAN JOAQUIN VALLEY - PLEASANT VALLEY,32.709099,216668
PTJPL,2010-12-01,5-022.15,5-022,SAN JOAQUIN VALLEY,SAN JOAQUIN VALLEY - TRACY,25.818104,907501
PTJPL,2010-12-01,5-022.12,5-022,SAN JOAQUIN VALLEY,SAN JOAQUIN VALLEY - TULARE LAKE,31.630811,2408342
PTJPL,2010-12-01,5-022.13,5-022,SAN JOAQUIN VALLEY,SAN JOAQUIN VALLEY - TULE,35.979969,2145559
PTJPL,2010-12-01,5-022.03,5-022,SAN JOAQUIN VALLEY,SAN JOAQUIN VALLEY - TURLOCK,21.881716,1343024
PTJPL,2010-12-01,5-022.09,5-022,SAN JOAQUIN VALLEY,SAN JOAQUIN VALLEY - WESTSIDE,32.806963,2797233
PTJPL,2010-12-01,5-022.18,5-022,SAN JOAQUIN VALLEY,SAN JOAQUIN VALLEY - WHITE WOLF,36.160525,483575
PTJPL,2010-12-01,9-001,9-001,SAN JUAN VALLEY,SAN JUAN VALLEY,40.869497,73255
PTJPL,2010-12-01,3-009,3-009,SAN LUIS OBISPO VALLEY,SAN LUIS OBISPO VALLEY,50.267629,57221
PTJPL,2010-12-01,9-007.02,9-007,SAN LUIS REY VALLEY,SAN LUIS REY VALLEY - LOWER SAN LUIS REY VALLEY,43.713395,46175
PTJPL,2010-12-01,9-007.01,9-007,SAN LUIS REY VALLEY,SAN LUIS REY VALLEY - UPPER SAN LUIS REY VALLEY,38.205002,86570
PTJPL,2010-12-01,9-032,9-032,SAN MARCOS AREA,SAN MARCOS AREA,42.41238,9564
PTJPL,2010-12-01,9-002,9-002,SAN MATEO VALLEY,SAN MATEO VALLEY,41.377241,13164
PTJPL,2010-12-01,9-003,9-003,SAN ONOFRE VALLEY,SAN ONOFRE VALLEY,41.930203,5516
PTJPL,2010-12-01,9-010,9-010,SAN PASQUAL VALLEY,SAN PASQUAL VALLEY,39.110242,15720
PTJPL,2010-12-01,2-036,2-036,SAN PEDRO VALLEY,SAN PEDRO VALLEY,29.336514,2725
PTJPL,2010-12-01,2-029,2-029,SAN RAFAEL VALLEY,SAN RAFAEL VALLEY,30.059766,3932
PTJPL,2010-12-01,2-007,2-007,SAN RAMON VALLEY,SAN RAMON VALLEY,29.58634,19371
PTJPL,2010-12-01,3-035,3-035,SAN SIMEON VALLEY,SAN SIMEON VALLEY,48.738908,2344
PTJPL,2010-12-01,2-027,2-027,SAND POINT AREA,SAND POINT AREA,28.005756,100067
PTJPL,2010-12-01,1-053,1-053,SANEL VALLEY,SANEL VALLEY,22.256386,25017
PTJPL,2010-12-01,3-022,3-022,SANTA ANA VALLEY,SANTA ANA VALLEY,31.878194,12249
PTJPL,2010-12-01,3-017,3-017,SANTA BARBARA,SANTA BARBARA,40.376213,26897
PTJPL,2010-12-01,4-004.05,4-004,SANTA CLARA RIVER VALLEY,SANTA CLARA RIVER VALLEY - FILLMORE,42.443463,101526
PTJPL,2010-12-01,4-004.03,4-004,SANTA CLARA RIVER VALLEY,SANTA CLARA RIVER VALLEY - MOUND,38.291134,61597
PTJPL,2010-12-01,4-004.02,4-004,SANTA CLARA RIVER VALLEY,SANTA CLARA RIVER VALLEY - OXNARD,38.171861,250493
PTJPL,2010-12-01,4-004.06,4-004,SANTA CLARA RIVER VALLEY,SANTA CLARA RIVER VALLEY - PIRU,36.14667,49008
PTJPL,2010-12-01,4-004.07,4-004,SANTA CLARA RIVER VALLEY,SANTA CLARA RIVER VALLEY - SANTA CLARA RIVER VALLEY EAST,33.856811,303926
PTJPL,2010-12-01,4-004.04,4-004,SANTA CLARA RIVER VALLEY,SANTA CLARA RIVER VALLEY - SANTA PAULA,41.079155,99438
PTJPL,2010-12-01,2-009.04,2-009,SANTA CLARA VALLEY,SANTA CLARA VALLEY - EAST BAY PLAIN,30.132045,282835
PTJPL,2010-12-01,2-009.01,2-009,SANTA CLARA VALLEY,SANTA CLARA VALLEY - NILES CONE,30.691423,274324
PTJPL,2010-12-01,2-009.03,2-009,SANTA CLARA VALLEY,SANTA CLARA VALLEY - SAN MATEO PLAIN,30.180701,137874
PTJPL,2010-12-01,2-009.02,2-009,SANTA CLARA VALLEY,SANTA CLARA VALLEY - SANTA CLARA,28.963941,754678
PTJPL,2010-12-01,3-001,3-001,SANTA CRUZ MID-COUNTY,SANTA CRUZ MID-COUNTY,35.345468,152787
PTJPL,2010-12-01,3-027,3-027,SANTA MARGARITA,SANTA MARGARITA,33.759672,99872
PTJPL,2010-12-01,9-004,9-004,SANTA MARGARITA VALLEY,SANTA MARGARITA VALLEY,44.751391,22473
PTJPL,2010-12-01,3-012.02,3-012,SANTA MARIA RIVER VALLEY,SANTA MARIA RIVER VALLEY - ARROYO GRANDE,46.045681,13025
PTJPL,2010-12-01,3-012.01,3-012,SANTA MARIA RIVER VALLEY,SANTA MARIA RIVER VALLEY - SANTA MARIA,50.626618,762121
PTJPL,2010-12-01,9-011,9-011,SANTA MARIA VALLEY,SANTA MARIA VALLEY,37.074412,55260
PTJPL,2010-12-01,6-068,6-068,SANTA ROSA FLAT,SANTA ROSA FLAT,24.54175,75450
PTJPL,2010-12-01,3-036,3-036,SANTA ROSA VALLEY,SANTA ROSA VALLEY,43.662271,15243
PTJPL,2010-12-01,1-055.02,1-055,SANTA ROSA VALLEY,SANTA ROSA VALLEY - HEALDSBURG AREA,29.314633,69287
PTJPL,2010-12-01,1-055.03,1-055,SANTA ROSA VALLEY,SANTA ROSA VALLEY - RINCON VALLEY,27.086345,24958
PTJPL,2010-12-01,1-055.01,1-055,SANTA ROSA VALLEY,SANTA ROSA VALLEY - SANTA ROSA PLAIN,27.204781,364648
PTJPL,2010-12-01,3-015,3-015,SANTA YNEZ RIVER VALLEY,SANTA YNEZ RIVER VALLEY,47.138923,911581
PTJPL,2010-12-01,1-005,1-005,SCOTT RIVER VALLEY,SCOTT RIVER VALLEY,14.017733,275923
PTJPL,2010-12-01,5-014,5-014,SCOTTS VALLEY,SCOTTS VALLEY,20.976754,32479
PTJPL,2010-12-01,6-052,6-052,SEARLES VALLEY,SEARLES VALLEY,36.498994,884786
PTJPL,2010-12-01,6-100,6-100,SECRET VALLEY,SECRET VALLEY,18.813853,140271
PTJPL,2010-12-01,1-016,1-016,SEIAD VALLEY,SEIAD VALLEY,26.00881,10102
PTJPL,2010-12-01,8-008,8-008,SEVEN OAKS VALLEY,SEVEN OAKS VALLEY,28.130141,18334
PTJPL,2010-12-01,1-004,1-004,SHASTA VALLEY,SHASTA VALLEY,14.850747,811559
PTJPL,2010-12-01,1-042,1-042,SHERWOOD VALLEY,SHERWOOD VALLEY,24.685626,5169
PTJPL,2010-12-01,5-012.02,5-012,SIERRA VALLEY,SIERRA VALLEY - CHILCOOT,18.465468,28032
PTJPL,2010-12-01,5-012.01,5-012,SIERRA VALLEY,SIERRA VALLEY - SIERRA VALLEY,16.238919,412521
PTJPL,2010-12-01,6-034,6-034,SILVER LAKE VALLEY,SILVER LAKE VALLEY,48.698161,158273
PTJPL,2010-12-01,4-009,4-009,SIMI VALLEY,SIMI VALLEY,32.331211,54663
PTJPL,2010-12-01,6-105,6-105,SLINKARD VALLEY,SLINKARD VALLEY,15.053911,3209
PTJPL,2010-12-01,1-001,1-001,SMITH RIVER PLAIN,SMITH RIVER PLAIN,40.059148,171908
PTJPL,2010-12-01,6-033,6-033,SODA LAKE VALLEY,SODA LAKE VALLEY,41.067466,1708874
PTJPL,2010-12-01,2-037,2-037,SOUTH SAN FRANCISCO,SOUTH SAN FRANCISCO,31.431969,9334
PTJPL,2010-12-01,6-082,6-082,SPRING CANYON VALLEY,SPRING CANYON VALLEY,34.49166,21584
PTJPL,2010-12-01,5-089,5-089,SQUAW FLAT,SQUAW FLAT,20.387752,5813
PTJPL,2010-12-01,5-088,5-088,STONY GORGE RESERVOIR,STONY GORGE RESERVOIR,23.206976,4788
PTJPL,2010-12-01,5-063,5-063,STONYFORD TOWN AREA,STONYFORD TOWN AREA,22.137075,28955
PTJPL,2010-12-01,2-003,2-003,SUISUN-FAIRFIELD VALLEY,SUISUN-FAIRFIELD VALLEY,30.381974,596064
PTJPL,2010-12-01,2-011,2-011,SUNOL VALLEY,SUNOL VALLEY,28.563477,65126
PTJPL,2010-12-01,6-049,6-049,SUPERIOR VALLEY,SUPERIOR VALLEY,35.204463,541018
PTJPL,2010-12-01,6-001,6-001,SURPRISE VALLEY,SURPRISE VALLEY,19.024116,613628
PTJPL,2010-12-01,6-107,6-107,SWEETWATER FLAT,SWEETWATER FLAT,13.951923,9776
PTJPL,2010-12-01,6-005.03,6-005,TAHOE VALLEY,TAHOE VALLEY - TAHOE NORTH,13.633065,744
PTJPL,2010-12-01,6-005.01,6-005,TAHOE VALLEY,TAHOE VALLEY - TAHOE SOUTH,12.214053,8895
PTJPL,2010-12-01,6-005.02,6-005,TAHOE VALLEY,TAHOE VALLEY - TAHOE WEST,14.476792,8553
PTJPL,2010-12-01,6-045,6-045,TEHACHAPI VALLEY EAST,TEHACHAPI VALLEY EAST,30.679121,105697
PTJPL,2010-12-01,5-028,5-028,TEHACHAPI VALLEY WEST,TEHACHAPI VALLEY WEST,27.521166,64868
PTJPL,2010-12-01,9-005,9-005,TEMECULA VALLEY,TEMECULA VALLEY,36.558987,393995
PTJPL,2010-12-01,1-040,1-040,TEN MILE RIVER VALLEY,TEN MILE RIVER VALLEY,27.58719,6698
PTJPL,2010-12-01,7-026,7-026,TERWILLIGER VALLEY,TERWILLIGER VALLEY,28.799157,36068
PTJPL,2010-12-01,4-019,4-019,THOUSAND OAKS AREA,THOUSAND OAKS AREA,34.793444,13972
PTJPL,2010-12-01,4-015,4-015,TIERRA REJADA,TIERRA REJADA,33.792253,20679
PTJPL,2010-12-01,5-037,5-037,TOAD WELL AREA,TOAD WELL AREA,23.04021,572
PTJPL,2010-12-01,3-040,3-040,TORO VALLEY,TORO VALLEY,49.140649,3235
PTJPL,2010-12-01,6-098,6-098,TULEDAD CANYON VALLEY,TULEDAD CANYON VALLEY,17.159537,15802
PTJPL,2010-12-01,7-010,7-010,TWENTYNINE PALMS VALLEY,TWENTYNINE PALMS VALLEY,25.15544,279940
PTJPL,2010-12-01,1-052,1-052,UKIAH VALLEY,UKIAH VALLEY,21.010209,166907
PTJPL,2010-12-01,6-022,6-022,UPPER KINGSTON VALLEY,UPPER KINGSTON VALLEY,45.379789,794700
PTJPL,2010-12-01,5-013,5-013,UPPER LAKE VALLEY,UPPER LAKE VALLEY,17.934485,32649
PTJPL,2010-12-01,6-042,6-042,UPPER MOJAVE RIVER VALLEY,UPPER MOJAVE RIVER VALLEY,31.105238,1848085
PTJPL,2010-12-01,4-001,4-001,UPPER OJAI VALLEY,UPPER OJAI VALLEY,38.099901,17117
PTJPL,2010-12-01,3-023,3-023,UPPER SANTA ANA VALLEY,UPPER SANTA ANA VALLEY,30.374282,6439
PTJPL,2010-12-01,8-002.05,8-002,UPPER SANTA ANA VALLEY,UPPER SANTA ANA VALLEY - CAJON,24.996675,104061
PTJPL,2010-12-01,8-002.01,8-002,UPPER SANTA ANA VALLEY,UPPER SANTA ANA VALLEY - CHINO,31.975949,691278
PTJPL,2010-12-01,8-002.02,8-002,UPPER SANTA ANA VALLEY,UPPER SANTA ANA VALLEY - CUCAMONGA,27.558434,40576
PTJPL,2010-12-01,8-002.04,8-002,UPPER SANTA ANA VALLEY,UPPER SANTA ANA VALLEY - RIALTO-COLTON,31.781363,111486
PTJPL,2010-12-01,8-002.03,8-002,UPPER SANTA ANA VALLEY,UPPER SANTA ANA VALLEY - RIVERSIDE-ARLINGTON,35.274699,254377
PTJPL,2010-12-01,8-002.06,8-002,UPPER SANTA ANA VALLEY,UPPER SANTA ANA VALLEY - SAN BERNARDINO,32.058146,415606
PTJPL,2010-12-01,8-002.08,8-002,UPPER SANTA ANA VALLEY,UPPER SANTA ANA VALLEY - SAN TIMOTEO,33.708587,145134
PTJPL,2010-12-01,8-002.09,8-002,UPPER SANTA ANA VALLEY,UPPER SANTA ANA VALLEY - TEMESCAL,34.409357,103257
PTJPL,2010-12-01,8-002.07,8-002,UPPER SANTA ANA VALLEY,UPPER SANTA ANA VALLEY - YUCAIPA,33.095214,99901
PTJPL,2010-12-01,7-028,7-028,VALLECITO-CARRIZO VALLEY,VALLECITO-CARRIZO VALLEY,19.408507,547711
PTJPL,2010-12-01,5-071,5-071,VALLECITOS CREEK VALLEY,VALLECITOS CREEK VALLEY,25.454428,57129
PTJPL,2010-12-01,7-063,7-063,VANDEVENTER FLAT,VANDEVENTER FLAT,32.580696,30274
PTJPL,2010-12-01,4-003.02,4-003,VENTURA RIVER VALLEY,VENTURA RIVER VALLEY - LOWER VENTURA RIVER,41.539811,21489
PTJPL,2010-12-01,4-003.01,4-003,VENTURA RIVER VALLEY,VENTURA RIVER VALLEY - UPPER VENTURA RIVER,42.32985,23732
PTJPL,2010-12-01,7-042,7-042,VIDAL VALLEY,VIDAL VALLEY,22.138361,618941
PTJPL,2010-12-01,3-037,3-037,VILLA VALLEY,VILLA VALLEY,43.218641,6019
PTJPL,2010-12-01,2-032,2-032,VISITACION VALLEY,VISITACION VALLEY,31.073956,25637
PTJPL,2010-12-01,5-026,5-026,WALKER BASIN CREEK VALLEY,WALKER BASIN CREEK VALLEY,24.712134,34464
PTJPL,2010-12-01,7-003,7-003,WARD VALLEY,WARD VALLEY,23.670901,2498156
PTJPL,2010-12-01,9-008,9-008,WARNER VALLEY,WARNER VALLEY,31.717507,107755
PTJPL,2010-12-01,7-012,7-012,WARREN VALLEY,WARREN VALLEY,27.089915,78585
PTJPL,2010-12-01,1-031,1-031,WEOTT TOWN AREA,WEOTT TOWN AREA,18.947458,14617
PTJPL,2010-12-01,7-022,7-022,WEST SALTON SEA,WEST SALTON SEA,20.54125,473862
PTJPL,2010-12-01,3-026,3-026,WEST SANTA CRUZ TERRACE,WEST SANTA CRUZ TERRACE,32.669329,29797
PTJPL,2010-12-01,2-035,2-035,WESTSIDE,WESTSIDE,30.968555,105359
PTJPL,2010-12-01,6-073,6-073,WILD HORSE MESA AREA,WILD HORSE MESA AREA,26.109406,14926
PTJPL,2010-12-01,6-075,6-075,WILDROSE CANYON,WILDROSE CANYON,29.551918,23181
PTJPL,2010-12-01,1-043,1-043,WILLIAMS VALLEY,WILLIAMS VALLEY,17.008333,6720
PTJPL,2010-12-01,6-003,6-003,WILLOW CREEK VALLEY,WILLOW CREEK VALLEY,12.055287,46810
PTJPL,2010-12-01,1-059,1-059,WILSON GROVE FORMATION HIGHLANDS,WILSON GROVE FORMATION HIGHLANDS,28.232644,286923
PTJPL,2010-12-01,1-062,1-062,WILSON POINT AREA,WILSON POINT AREA,12.581748,2838
PTJPL,2010-12-01,6-019,6-019,WINGATE VALLEY,WINGATE VALLEY,39.746855,320536
PTJPL,2010-12-01,7-056,7-056,YAQUI WELL AREA,YAQUI WELL AREA,26.027146,67265
PTJPL,2010-12-01,5-056,5-056,YELLOW CREEK VALLEY,YELLOW CREEK VALLEY,17.330789,786
PTJPL,2010-12-01,2-006,2-006,YGNACIO VALLEY,YGNACIO VALLEY,30.516109,55961
PTJPL,2010-12-01,5-069,5-069,YOSEMITE VALLEY,YOSEMITE VALLEY,16.934722,32032
PTJPL,2010-12-01,7-036,7-036,YUMA VALLEY,YUMA VALLEY,22.459136,536338
