Model,Date,Basin_Subb,Basin_Numb,Basin_Name,Basin_Su_1,ET,Pixel_Count
PTJPL,2011-05-01,4-005,4-005,ACTON VALLEY,ACTON VALLEY,75.536169,37173
PTJPL,2011-05-01,6-010,6-010,ADOBE LAKE VALLEY,ADOBE LAKE VALLEY,30.021387,179270
PTJPL,2011-05-01,1-054.01,1-054,ALEXANDER VALLEY,ALEXANDER VALLEY - ALEXANDER AREA,107.648244,110099
PTJPL,2011-05-01,1-054.02,1-054,ALEXANDER VALLEY,ALEXANDER VALLEY - CLOVERDALE AREA,95.94967,29366
PTJPL,2011-05-01,5-002.01,5-002,ALTURAS AREA,ALTURAS AREA - SOUTH FORK PITT RIVER,87.873623,513210
PTJPL,2011-05-01,5-002.02,5-002,ALTURAS AREA,ALTURAS AREA - WARM SPRINGS VALLEY,80.345007,305817
PTJPL,2011-05-01,5-010,5-010,AMERICAN VALLEY,AMERICAN VALLEY,105.561527,30572
PTJPL,2011-05-01,7-016,7-016,AMES VALLEY,AMES VALLEY,31.014324,487562
PTJPL,2011-05-01,7-034,7-034,AMOS VALLEY,AMOS VALLEY,9.361048,584286
PTJPL,2011-05-01,1-019,1-019,ANDERSON VALLEY,ANDERSON VALLEY,116.779621,22366
PTJPL,2011-05-01,1-049,1-049,ANNAPOLIS OHLSON RANCH FORMATION HIGHLANDS,ANNAPOLIS OHLSON RANCH FORMATION HIGHLANDS,129.176761,38900
PTJPL,2011-05-01,5-091,5-091,ANTELOPE CREEK,ANTELOPE CREEK,101.266376,9175
PTJPL,2011-05-01,6-044,6-044,ANTELOPE VALLEY,ANTELOPE VALLEY,52.717954,4542211
PTJPL,2011-05-01,6-007,6-007,ANTELOPE VALLEY,ANTELOPE VALLEY,77.889337,89741
PTJPL,2011-05-01,3-034,3-034,ARROYO DE LA CRUZ VALLEY,ARROYO DE LA CRUZ VALLEY,144.376602,3590
PTJPL,2011-05-01,2-031,2-031,ARROYO DEL HAMBRE VALLEY,ARROYO DEL HAMBRE VALLEY,120.952745,3534
PTJPL,2011-05-01,4-007,4-007,ARROYO SANTA ROSA VALLEY,ARROYO SANTA ROSA VALLEY,99.439533,17646
PTJPL,2011-05-01,7-037,7-037,ARROYO SECO VALLEY,ARROYO SECO VALLEY,17.220011,1152313
PTJPL,2011-05-01,5-054,5-054,ASH VALLEY,ASH VALLEY,90.589635,27015
PTJPL,2011-05-01,6-026,6-026,AVAWATZ VALLEY,AVAWATZ VALLEY,24.371479,124166
PTJPL,2011-05-01,3-020,3-020,A�O NUEVO AREA,A�O NUEVO AREA,112.568597,8980
PTJPL,2011-05-01,9-022,9-022,BATIQUITOS LAGOON VALLEY,BATIQUITOS LAGOON VALLEY,95.368626,3334
PTJPL,2011-05-01,8-009,8-009,BEAR VALLEY,BEAR VALLEY,85.456461,86152
PTJPL,2011-05-01,5-064,5-064,BEAR VALLEY,BEAR VALLEY,97.416402,40934
PTJPL,2011-05-01,5-020,5-020,BERRYESSA VALLEY,BERRYESSA VALLEY,110.933129,6191
PTJPL,2011-05-01,7-015,7-015,BESSEMER VALLEY,BESSEMER VALLEY,25.412798,175679
PTJPL,2011-05-01,6-025,6-025,BICYCLE VALLEY,BICYCLE VALLEY,21.641495,402232
PTJPL,2011-05-01,1-027,1-027,BIG LAGOON AREA,BIG LAGOON AREA,119.72616,57749
PTJPL,2011-05-01,8-007,8-007,BIG MEADOWS VALLEY,BIG MEADOWS VALLEY,66.377179,62013
PTJPL,2011-05-01,1-045,1-045,BIG RIVER VALLEY,BIG RIVER VALLEY,133.448945,7580
PTJPL,2011-05-01,3-047,3-047,BIG SPRING AREA,BIG SPRING AREA,95.58902,32897
PTJPL,2011-05-01,5-015,5-015,BIG VALLEY,BIG VALLEY,106.235038,108957
PTJPL,2011-05-01,5-004,5-004,BIG VALLEY,BIG VALLEY,89.046675,413987
PTJPL,2011-05-01,3-030,3-030,BITTER WATER VALLEY,BITTER WATER VALLEY,95.180255,144867
PTJPL,2011-05-01,6-013,6-013,BLACK SPRINGS VALLEY,BLACK SPRINGS VALLEY,18.287666,138327
PTJPL,2011-05-01,5-092,5-092,BLANCHARD VALLEY,BLANCHARD VALLEY,92.478387,9994
PTJPL,2011-05-01,1-057,1-057,BODEGA BAY AREA,BODEGA BAY AREA,143.34931,9994
PTJPL,2011-05-01,7-024.01,7-024,BORREGO VALLEY,BORREGO VALLEY - BORREGO SPRINGS,28.573681,282155
PTJPL,2011-05-01,7-024.02,7-024,BORREGO VALLEY,BORREGO VALLEY - OCOTILLO WELLS,13.968579,405078
PTJPL,2011-05-01,1-039,1-039,BRANSCOMB TOWN AREA,BRANSCOMB TOWN AREA,116.536365,6201
PTJPL,2011-05-01,1-017,1-017,BRAY TOWN AREA,BRAY TOWN AREA,90.06473,36119
PTJPL,2011-05-01,6-008,6-008,BRIDGEPORT VALLEY,BRIDGEPORT VALLEY,57.070267,146042
PTJPL,2011-05-01,7-008,7-008,BRISTOL VALLEY,BRISTOL VALLEY,12.800338,2234023
PTJPL,2011-05-01,5-080,5-080,BRITE VALLEY,BRITE VALLEY,86.744103,14244
PTJPL,2011-05-01,6-032,6-032,BROADWELL VALLEY,BROADWELL VALLEY,17.934868,413087
PTJPL,2011-05-01,6-076,6-076,BROWN MOUNTAIN VALLEY,BROWN MOUNTAIN VALLEY,26.27933,97673
PTJPL,2011-05-01,7-054,7-054,BUCK RIDGE FAULT VALLEY,BUCK RIDGE FAULT VALLEY,51.73819,31076
PTJPL,2011-05-01,6-101,6-101,BULL FLAT,BULL FLAT,80.50886,78446
PTJPL,2011-05-01,5-048,5-048,BURNEY CREEK VALLEY,BURNEY CREEK VALLEY,113.919085,10579
PTJPL,2011-05-01,5-017,5-017,BURNS VALLEY,BURNS VALLEY,98.288842,12924
PTJPL,2011-05-01,5-051,5-051,BUTTE CREEK VALLEY,BUTTE CREEK VALLEY,74.659249,14515
PTJPL,2011-05-01,1-003,1-003,BUTTE VALLEY,BUTTE VALLEY,86.055138,358135
PTJPL,2011-05-01,6-081,6-081,BUTTE VALLEY,BUTTE VALLEY,38.568379,39581
PTJPL,2011-05-01,6-070,6-070,CACTUS FLAT,CACTUS FLAT,26.76729,31593
PTJPL,2011-05-01,7-007,7-007,CADIZ VALLEY,CADIZ VALLEY,6.751055,1213316
PTJPL,2011-05-01,6-090,6-090,CADY FAULT AREA,CADY FAULT AREA,27.168182,35753
PTJPL,2011-05-01,9-006,9-006,CAHUILLA VALLEY,CAHUILLA VALLEY,55.453658,81848
PTJPL,2011-05-01,6-079,6-079,CALIFORNIA VALLEY,CALIFORNIA VALLEY,23.395283,261304
PTJPL,2011-05-01,7-041,7-041,CALZONA VALLEY,CALZONA VALLEY,13.52739,340869
PTJPL,2011-05-01,6-061,6-061,CAMEO AREA,CAMEO AREA,8.882893,41842
PTJPL,2011-05-01,9-028,9-028,CAMPO VALLEY,CAMPO VALLEY,71.754748,15902
PTJPL,2011-05-01,7-046,7-046,CANEBRAKE VALLEY,CANEBRAKE VALLEY,36.727273,24310
PTJPL,2011-05-01,3-007,3-007,CARMEL VALLEY,CARMEL VALLEY,122.048214,18978
PTJPL,2011-05-01,3-018,3-018,CARPINTERIA,CARPINTERIA,91.545631,33979
PTJPL,2011-05-01,3-019,3-019,CARRIZO PLAIN,CARRIZO PLAIN,77.993097,946901
PTJPL,2011-05-01,6-006,6-006,CARSON VALLEY,CARSON VALLEY,82.888565,44241
PTJPL,2011-05-01,5-029,5-029,CASTAC LAKE VALLEY,CASTAC LAKE VALLEY,99.264956,16014
PTJPL,2011-05-01,2-008,2-008,CASTRO VALLEY,CASTRO VALLEY,95.681679,8193
PTJPL,2011-05-01,6-038,6-038,CAVES CANYON VALLEY,CAVES CANYON VALLEY,18.846218,328088
PTJPL,2011-05-01,5-045,5-045,CAYTON VALLEY,CAYTON VALLEY,122.637726,5874
PTJPL,2011-05-01,3-038,3-038,CAYUCOS VALLEY,CAYUCOS VALLEY,140.573235,949
PTJPL,2011-05-01,7-043,7-043,CHEMEHUEVI VALLEY,CHEMEHUEVI VALLEY,11.956499,1221349
PTJPL,2011-05-01,7-032,7-032,CHOCOLATE VALLEY,CHOCOLATE VALLEY,17.320178,580540
PTJPL,2011-05-01,3-005,3-005,CHOLAME VALLEY,CHOLAME VALLEY,87.959418,179070
PTJPL,2011-05-01,3-042,3-042,CHORRO VALLEY,CHORRO VALLEY,126.402384,6377
PTJPL,2011-05-01,5-061,5-061,CHROME TOWN AREA,CHROME TOWN AREA,93.775497,6334
PTJPL,2011-05-01,7-005,7-005,CHUCKWALLA VALLEY,CHUCKWALLA VALLEY,13.169904,2704920
PTJPL,2011-05-01,2-005,2-005,CLAYTON VALLEY,CLAYTON VALLEY,120.664802,80257
PTJPL,2011-05-01,5-066,5-066,CLEAR LAKE CACHE FORMATION,CLEAR LAKE CACHE FORMATION,114.739243,133749
PTJPL,2011-05-01,5-058,5-058,CLOVER VALLEY,CLOVER VALLEY,90.547969,75444
PTJPL,2011-05-01,7-021.03,7-021,COACHELLA VALLEY,COACHELLA VALLEY - DESERT HOT SPRINGS,24.569876,453937
PTJPL,2011-05-01,7-021.01,7-021,COACHELLA VALLEY,COACHELLA VALLEY - INDIO,56.353933,1335417
PTJPL,2011-05-01,7-021.02,7-021,COACHELLA VALLEY,COACHELLA VALLEY - MISSION CREEK,42.108166,218415
PTJPL,2011-05-01,7-021.04,7-021,COACHELLA VALLEY,COACHELLA VALLEY - SAN GORGONIO PASS,51.211608,173278
PTJPL,2011-05-01,4-011.04,4-011,COASTAL PLAIN OF LOS ANGELES,COASTAL PLAIN OF LOS ANGELES - CENTRAL,101.576702,798298
PTJPL,2011-05-01,4-011.02,4-011,COASTAL PLAIN OF LOS ANGELES,COASTAL PLAIN OF LOS ANGELES - HOLLYWOOD,84.573025,45279
PTJPL,2011-05-01,4-011.01,4-011,COASTAL PLAIN OF LOS ANGELES,COASTAL PLAIN OF LOS ANGELES - SANTA MONICA,114.057927,135809
PTJPL,2011-05-01,4-011.03,4-011,COASTAL PLAIN OF LOS ANGELES,COASTAL PLAIN OF LOS ANGELES - WEST COAST,128.549262,398635
PTJPL,2011-05-01,8-001,8-001,COASTAL PLAIN OF ORANGE COUNTY,COASTAL PLAIN OF ORANGE COUNTY,90.758274,999352
PTJPL,2011-05-01,9-033,9-033,COASTAL PLAIN OF SAN DIEGO,COASTAL PLAIN OF SAN DIEGO,82.060693,240968
PTJPL,2011-05-01,6-072,6-072,COLES FLAT,COLES FLAT,32.544095,13244
PTJPL,2011-05-01,5-019,5-019,COLLAYOMI VALLEY,COLLAYOMI VALLEY,96.600342,29240
PTJPL,2011-05-01,7-055,7-055,COLLINS VALLEY,COLLINS VALLEY,45.590407,31751
PTJPL,2011-05-01,4-010,4-010,CONEJO,CONEJO,85.830243,84503
PTJPL,2011-05-01,7-011,7-011,COPPER MOUNTAIN VALLEY,COPPER MOUNTAIN VALLEY,36.268069,136155
PTJPL,2011-05-01,3-002.01,3-002,CORRALITOS,CORRALITOS - PAJARO VALLEY,113.133096,332158
PTJPL,2011-05-01,3-002.02,3-002,CORRALITOS,CORRALITOS - PURISIMA HIGHLANDS,137.448017,58134
PTJPL,2011-05-01,6-055,6-055,COSO VALLEY,COSO VALLEY,20.242054,114929
PTJPL,2011-05-01,1-037,1-037,COTTONEVA CREEK VALLEY,COTTONEVA CREEK VALLEY,132.489083,3435
PTJPL,2011-05-01,9-027,9-027,COTTONWOOD VALLEY,COTTONWOOD VALLEY,74.574035,17262
PTJPL,2011-05-01,1-011,1-011,COVELO ROUND VALLEY,COVELO ROUND VALLEY,117.935549,73792
PTJPL,2011-05-01,6-091,6-091,COW HEAD LAKE VALLEY,COW HEAD LAKE VALLEY,92.615806,25180
PTJPL,2011-05-01,6-037,6-037,COYOTE LAKE VALLEY,COYOTE LAKE VALLEY,21.201882,396167
PTJPL,2011-05-01,5-018,5-018,COYOTE VALLEY,COYOTE VALLEY,100.791258,29352
PTJPL,2011-05-01,7-029,7-029,COYOTE WELLS VALLEY,COYOTE WELLS VALLEY,14.719787,648414
PTJPL,2011-05-01,6-035,6-035,CRONISE VALLEY,CRONISE VALLEY,17.258454,567907
PTJPL,2011-05-01,6-050,6-050,CUDDEBACK VALLEY,CUDDEBACK VALLEY,32.907785,426688
PTJPL,2011-05-01,5-082,5-082,CUDDY CANYON VALLEY,CUDDY CANYON VALLEY,73.067296,14830
PTJPL,2011-05-01,5-083,5-083,CUDDY RANCH AREA,CUDDY RANCH AREA,95.801016,18906
PTJPL,2011-05-01,5-084,5-084,CUDDY VALLEY,CUDDY VALLEY,95.85086,15576
PTJPL,2011-05-01,5-027,5-027,CUMMINGS VALLEY,CUMMINGS VALLEY,79.60708,44971
PTJPL,2011-05-01,3-013,3-013,CUYAMA VALLEY,CUYAMA VALLEY,81.72643,1086945
PTJPL,2011-05-01,7-009,7-009,DALE VALLEY,DALE VALLEY,15.454371,955636
PTJPL,2011-05-01,6-057,6-057,DARWIN VALLEY,DARWIN VALLEY,22.177459,198536
PTJPL,2011-05-01,7-061,7-061,DAVIES VALLEY,DAVIES VALLEY,16.866439,15214
PTJPL,2011-05-01,7-013.01,7-013,DEADMAN VALLEY,DEADMAN VALLEY - DEADMAN LAKE,19.926177,400268
PTJPL,2011-05-01,7-013.02,7-013,DEADMAN VALLEY,DEADMAN VALLEY - SURPRISE SPRING,23.240271,131543
PTJPL,2011-05-01,6-018,6-018,DEATH VALLEY,DEATH VALLEY,10.898204,4133615
PTJPL,2011-05-01,6-015,6-015,DEEP SPRINGS VALLEY,DEEP SPRINGS VALLEY,33.138496,134596
PTJPL,2011-05-01,6-078,6-078,DENNING SPRING VALLEY,DENNING SPRING VALLEY,28.683743,32521
PTJPL,2011-05-01,1-034,1-034,DINSMORES TOWN AREA,DINSMORES TOWN AREA,97.688165,10249
PTJPL,2011-05-01,5-053,5-053,DIXIE VALLEY,DIXIE VALLEY,96.016178,21881
PTJPL,2011-05-01,2-040,2-040,DOWNTOWN,DOWNTOWN,118.880018,34255
PTJPL,2011-05-01,5-049,5-049,DRY BURNEY CREEK VALLEY,DRY BURNEY CREEK VALLEY,104.08944,13618
PTJPL,2011-05-01,3-029,3-029,DRY LAKE VALLEY,DRY LAKE VALLEY,102.89827,6360
PTJPL,2011-05-01,6-095,6-095,DRY VALLEY,DRY VALLEY,74.891673,29217
PTJPL,2011-05-01,6-096,6-096,EAGLE LAKE AREA,EAGLE LAKE AREA,74.690711,57089
PTJPL,2011-05-01,7-033,7-033,EAST SALTON SEA,EAST SALTON SEA,20.553602,876191
PTJPL,2011-05-01,1-044,1-044,EDEN VALLEY,EDEN VALLEY,107.470056,6195
PTJPL,2011-05-01,1-010,1-010,EEL RIVER VALLEY,EEL RIVER VALLEY,94.84755,324763
PTJPL,2011-05-01,5-041,5-041,EGG LAKE VALLEY,EGG LAKE VALLEY,131.236665,18448
PTJPL,2011-05-01,9-016,9-016,EL CAJON VALLEY,EL CAJON VALLEY,54.376959,32160
PTJPL,2011-05-01,6-043,6-043,EL MIRAGE VALLEY,EL MIRAGE VALLEY,40.209821,341252
PTJPL,2011-05-01,5-062,5-062,ELK CREEK AREA,ELK CREEK AREA,94.337349,6474
PTJPL,2011-05-01,8-004.02,8-004,ELSINORE,ELSINORE - BEDFORD-COLDWATER,68.118042,31599
PTJPL,2011-05-01,8-004.01,8-004,ELSINORE,ELSINORE - ELSINORE VALLEY,74.767842,106139
PTJPL,2011-05-01,9-009,9-009,ESCONDIDO VALLEY,ESCONDIDO VALLEY,64.909849,12956
PTJPL,2011-05-01,1-009,1-009,EUREKA PLAIN,EUREKA PLAIN,107.974054,156977
PTJPL,2011-05-01,6-016,6-016,EUREKA VALLEY,EUREKA VALLEY,16.074892,578991
PTJPL,2011-05-01,1-022,1-022,FAIRCHILD SWAMP VALLEY,FAIRCHILD SWAMP VALLEY,108.610138,14736
PTJPL,2011-05-01,5-005,5-005,FALL RIVER VALLEY,FALL RIVER VALLEY,112.437615,246566
PTJPL,2011-05-01,7-002,7-002,FENNER VALLEY,FENNER VALLEY,16.002259,2034583
PTJPL,2011-05-01,6-014,6-014,FISH LAKE VALLEY,FISH LAKE VALLEY,38.395714,206078
PTJPL,2011-05-01,3-053,3-053,FOOTHILL,FOOTHILL,95.095564,14765
PTJPL,2011-05-01,1-021,1-021,FORT BRAGG TERRACE AREA,FORT BRAGG TERRACE AREA,120.473427,101813
PTJPL,2011-05-01,1-061,1-061,FORT ROSS TERRACE DEPOSITS,FORT ROSS TERRACE DEPOSITS,134.985007,29881
PTJPL,2011-05-01,6-046,6-046,FREMONT VALLEY,FREMONT VALLEY,41.004424,1507392
PTJPL,2011-05-01,5-090,5-090,FUNKS CREEK,FUNKS CREEK,98.640593,13564
PTJPL,2011-05-01,1-032,1-032,GARBERVILLE TOWN AREA,GARBERVILLE TOWN AREA,116.351337,9498
PTJPL,2011-05-01,1-020,1-020,GARCIA RIVER VALLEY,GARCIA RIVER VALLEY,122.873376,9390
PTJPL,2011-05-01,3-003.01,3-003,GILROY-HOLLISTER VALLEY,GILROY-HOLLISTER VALLEY - LLAGAS AREA,98.525367,213011
PTJPL,2011-05-01,3-003.05,3-003,GILROY-HOLLISTER VALLEY,GILROY-HOLLISTER VALLEY - NORTH SAN BENITO,104.408068,589157
PTJPL,2011-05-01,6-085,6-085,GOLD VALLEY,GOLD VALLEY,33.749792,14436
PTJPL,2011-05-01,6-048,6-048,GOLDSTONE VALLEY,GOLDSTONE VALLEY,26.242609,126294
PTJPL,2011-05-01,3-016,3-016,GOLETA,GOLETA,100.237983,41440
PTJPL,2011-05-01,5-001.02,5-001,GOOSE LAKE,GOOSE LAKE - FANDANGO VALLEY,94.113786,82919
PTJPL,2011-05-01,5-001.01,5-001,GOOSE LAKE,GOOSE LAKE - GOOSE VALLEY,94.053254,161679
PTJPL,2011-05-01,5-047,5-047,GOOSE VALLEY,GOOSE VALLEY,117.566654,18941
PTJPL,2011-05-01,6-077,6-077,GRASS VALLEY,GRASS VALLEY,38.7015,44881
PTJPL,2011-05-01,6-094,6-094,GRASSHOPPER VALLEY,GRASSHOPPER VALLEY,82.652635,79418
PTJPL,2011-05-01,1-048,1-048,GRAVELLY VALLEY,GRAVELLY VALLEY,104.800956,13384
PTJPL,2011-05-01,5-052,5-052,GRAYS VALLEY,GRAYS VALLEY,76.697846,24461
PTJPL,2011-05-01,6-084,6-084,GREENWATER VALLEY,GREENWATER VALLEY,32.552351,268934
PTJPL,2011-05-01,5-059,5-059,GRIZZLY VALLEY,GRIZZLY VALLEY,107.836389,54214
PTJPL,2011-05-01,2-022,2-022,HALF MOON BAY TERRACE,HALF MOON BAY TERRACE,98.92022,36676
PTJPL,2011-05-01,1-015,1-015,HAPPY CAMP TOWN AREA,HAPPY CAMP TOWN AREA,125.316701,12466
PTJPL,2011-05-01,6-047,6-047,HARPER VALLEY,HARPER VALLEY,29.913767,1841343
PTJPL,2011-05-01,6-074,6-074,HARRISBURG FLATS,HARRISBURG FLATS,23.037445,112083
PTJPL,2011-05-01,6-093,6-093,HARVEY VALLEY,HARVEY VALLEY,77.15745,20254
PTJPL,2011-05-01,1-006,1-006,HAYFORK VALLEY,HAYFORK VALLEY,102.640299,14829
PTJPL,2011-05-01,7-048,7-048,HELENDALE FAULT VALLEY,HELENDALE FAULT VALLEY,67.145113,11777
PTJPL,2011-05-01,8-006,8-006,HEMET LAKE VALLEY,HEMET LAKE VALLEY,75.263029,74988
PTJPL,2011-05-01,3-031,3-031,HERNANDEZ VALLEY,HERNANDEZ VALLEY,110.457696,12871
PTJPL,2011-05-01,1-036,1-036,HETTENSHAW VALLEY,HETTENSHAW VALLEY,92.404255,3807
PTJPL,2011-05-01,7-053,7-053,HEXIE MOUNTAIN AREA,HEXIE MOUNTAIN AREA,40.212814,50053
PTJPL,2011-05-01,6-063,6-063,HIDDEN VALLEY,HIDDEN VALLEY,13.257577,80667
PTJPL,2011-05-01,4-016,4-016,HIDDEN VALLEY,HIDDEN VALLEY,94.801769,9948
PTJPL,2011-05-01,5-016,5-016,HIGH VALLEY,HIGH VALLEY,111.040498,10593
PTJPL,2011-05-01,6-004,6-004,HONEY LAKE VALLEY,HONEY LAKE VALLEY,75.7189,1394274
PTJPL,2011-05-01,1-029,1-029,HONEYDEW TOWN AREA,HONEYDEW TOWN AREA,98.246365,10659
PTJPL,2011-05-01,1-007,1-007,HOOPA VALLEY,HOOPA VALLEY,113.556766,17528
PTJPL,2011-05-01,6-097,6-097,HORSE LAKE VALLEY,HORSE LAKE VALLEY,89.411652,17199
PTJPL,2011-05-01,5-040,5-040,HOT SPRINGS VALLEY,HOT SPRINGS VALLEY,101.10837,10824
PTJPL,2011-05-01,3-045,3-045,HUASNA VALLEY,HUASNA VALLEY,120.474157,21147
PTJPL,2011-05-01,5-060,5-060,HUMBUG VALLEY,HUMBUG VALLEY,95.872976,44834
PTJPL,2011-05-01,4-018,4-018,HUNGRY VALLEY,HUNGRY VALLEY,67.697221,23859
PTJPL,2011-05-01,1-035,1-035,HYAMPOM VALLEY,HYAMPOM VALLEY,101.912238,6096
PTJPL,2011-05-01,7-030,7-030,IMPERIAL VALLEY,IMPERIAL VALLEY,72.79012,4263198
PTJPL,2011-05-01,5-009,5-009,INDIAN VALLEY,INDIAN VALLEY,103.443566,131667
PTJPL,2011-05-01,6-054,6-054,INDIAN WELLS VALLEY,INDIAN WELLS VALLEY,23.474844,1716255
PTJPL,2011-05-01,7-050,7-050,IRON RIDGE AREA,IRON RIDGE AREA,27.982308,23570
PTJPL,2011-05-01,2-033,2-033,ISLAIS VALLEY,ISLAIS VALLEY,117.172322,26700
PTJPL,2011-05-01,6-030,6-030,IVANPAH VALLEY,IVANPAH VALLEY,19.865389,882708
PTJPL,2011-05-01,7-047,7-047,JACUMBA VALLEY,JACUMBA VALLEY,49.881056,8979
PTJPL,2011-05-01,5-003,5-003,JESS VALLEY,JESS VALLEY,92.430723,30147
PTJPL,2011-05-01,7-018.01,7-018,JOHNSON VALLEY,JOHNSON VALLEY - SOGGY LAKE,31.112672,347541
PTJPL,2011-05-01,7-018.02,7-018,JOHNSON VALLEY,JOHNSON VALLEY - UPPER JOHNSON VALLEY,24.66585,156367
PTJPL,2011-05-01,5-086,5-086,JOSEPH CREEK,JOSEPH CREEK,86.670909,20034
PTJPL,2011-05-01,7-062,7-062,JOSHUA TREE,JOSHUA TREE,34.501516,150378
PTJPL,2011-05-01,6-089,6-089,KANE WASH AREA,KANE WASH AREA,44.817417,26755
PTJPL,2011-05-01,6-069,6-069,KELSO LANDER VALLEY,KELSO LANDER VALLEY,61.554482,50191
PTJPL,2011-05-01,6-031,6-031,KELSO VALLEY,KELSO VALLEY,20.630729,1145203
PTJPL,2011-05-01,2-019,2-019,KENWOOD VALLEY,KENWOOD VALLEY,107.082792,23106
PTJPL,2011-05-01,5-025,5-025,KERN RIVER VALLEY,KERN RIVER VALLEY,78.975201,356993
PTJPL,2011-05-01,1-002.02,1-002,KLAMATH RIVER VALLEY,KLAMATH RIVER VALLEY - LOWER KLAMATH,95.483532,337208
PTJPL,2011-05-01,1-002.01,1-002,KLAMATH RIVER VALLEY,KLAMATH RIVER VALLEY - TULELAKE,83.834405,496979
PTJPL,2011-05-01,1-050,1-050,KNIGHTS VALLEY,KNIGHTS VALLEY,98.348665,18393
PTJPL,2011-05-01,5-007,5-007,LAKE ALMANOR VALLEY,LAKE ALMANOR VALLEY,80.780607,32166
PTJPL,2011-05-01,5-046,5-046,LAKE BRITTON AREA,LAKE BRITTON AREA,113.533035,63221
PTJPL,2011-05-01,7-001,7-001,LANFAIR VALLEY,LANFAIR VALLEY,32.860249,703571
PTJPL,2011-05-01,6-036.02,6-036,LANGFORD VALLEY,LANGFORD VALLEY - IRWIN,20.742022,47132
PTJPL,2011-05-01,6-036.01,6-036,LANGFORD VALLEY,LANGFORD VALLEY - LANGFORD WELL LAKE,21.885914,86847
PTJPL,2011-05-01,1-033,1-033,LARABEE VALLEY,LARABEE VALLEY,97.404422,4342
PTJPL,2011-05-01,4-008,4-008,LAS POSAS VALLEY,LAS POSAS VALLEY,94.986484,200649
PTJPL,2011-05-01,5-057,5-057,LAST CHANCE CREEK VALLEY,LAST CHANCE CREEK VALLEY,91.216109,20920
PTJPL,2011-05-01,7-014,7-014,LAVIC VALLEY,LAVIC VALLEY,22.023678,459882
PTJPL,2011-05-01,1-012,1-012,LAYTONVILLE VALLEY,LAYTONVILLE VALLEY,109.012307,22589
PTJPL,2011-05-01,6-027,6-027,LEACH VALLEY,LEACH VALLEY,19.838618,275049
PTJPL,2011-05-01,6-066,6-066,LEE FLAT,LEE FLAT,27.412101,91213
PTJPL,2011-05-01,6-106,6-106,LITTLE ANTELOPE VALLEY,LITTLE ANTELOPE VALLEY,62.202305,11191
PTJPL,2011-05-01,5-065,5-065,LITTLE INDIAN VALLEY,LITTLE INDIAN VALLEY,96.429122,5707
PTJPL,2011-05-01,1-013,1-013,LITTLE LAKE VALLEY,LITTLE LAKE VALLEY,102.416559,45074
PTJPL,2011-05-01,1-041,1-041,LITTLE VALLEY,LITTLE VALLEY,110.338988,3655
PTJPL,2011-05-01,2-010,2-010,LIVERMORE VALLEY,LIVERMORE VALLEY,99.729826,312810
PTJPL,2011-05-01,2-038,2-038,LOBOS,LOBOS,120.09671,10609
PTJPL,2011-05-01,3-006,3-006,LOCKWOOD VALLEY,LOCKWOOD VALLEY,104.016475,269554
PTJPL,2011-05-01,4-017,4-017,LOCKWOOD VALLEY,LOCKWOOD VALLEY,79.760795,97987
PTJPL,2011-05-01,6-011,6-011,LONG VALLEY,LONG VALLEY,49.921643,323034
PTJPL,2011-05-01,5-044,5-044,LONG VALLEY,LONG VALLEY,91.548387,31
PTJPL,2011-05-01,6-104,6-104,LONG VALLEY,LONG VALLEY,93.317551,210294
PTJPL,2011-05-01,5-031,5-031,LONG VALLEY,LONG VALLEY,106.642693,12611
PTJPL,2011-05-01,5-070,5-070,LOS BANOS CREEK VALLEY,LOS BANOS CREEK VALLEY,60.637438,21748
PTJPL,2011-05-01,3-008.01,3-008,LOS OSOS VALLEY,LOS OSOS VALLEY - LOS OSOS AREA,133.082641,19010
PTJPL,2011-05-01,3-008.02,3-008,LOS OSOS VALLEY,LOS OSOS VALLEY - WARDEN CREEK,126.134628,7933
PTJPL,2011-05-01,7-051,7-051,LOST HORSE VALLEY,LOST HORSE VALLEY,49.360041,77794
PTJPL,2011-05-01,6-071,6-071,LOST LAKE VALLEY,LOST LAKE VALLEY,23.454549,104530
PTJPL,2011-05-01,6-021,6-021,LOWER KINGSTON VALLEY,LOWER KINGSTON VALLEY,18.614837,1078042
PTJPL,2011-05-01,1-014,1-014,LOWER KLAMATH RIVER VALLEY,LOWER KLAMATH RIVER VALLEY,121.832444,31303
PTJPL,2011-05-01,5-030,5-030,LOWER LAKE VALLEY,LOWER LAKE VALLEY,108.886216,10810
PTJPL,2011-05-01,1-038,1-038,LOWER LAYTONVILLE VALLEY,LOWER LAYTONVILLE VALLEY,113.051664,9678
PTJPL,2011-05-01,6-040,6-040,LOWER MOJAVE RIVER VALLEY,LOWER MOJAVE RIVER VALLEY,29.25278,1283610
PTJPL,2011-05-01,1-060,1-060,LOWER RUSSIAN RIVER VALLEY,LOWER RUSSIAN RIVER VALLEY,126.786094,29887
PTJPL,2011-05-01,7-019,7-019,LUCERNE VALLEY,LUCERNE VALLEY,34.749961,662912
PTJPL,2011-05-01,1-008.02,1-008,MAD RIVER VALLEY,MAD RIVER VALLEY - DOWS PRAIRIE SCHOOL AREA,109.729662,68074
PTJPL,2011-05-01,1-008.01,1-008,MAD RIVER VALLEY,MAD RIVER VALLEY - MAD RIVER LOWLAND,106.041718,106501
PTJPL,2011-05-01,6-002,6-002,MADELINE PLAINS,MADELINE PLAINS,71.230127,701895
PTJPL,2011-05-01,3-051,3-051,MAJORS CREEK,MAJORS CREEK,107.822552,1685
PTJPL,2011-05-01,4-022,4-022,MALIBU VALLEY,MALIBU VALLEY,108.73569,2603
PTJPL,2011-05-01,6-064,6-064,MARBLE CANYON AREA,MARBLE CANYON AREA,9.332339,46600
PTJPL,2011-05-01,2-039,2-039,MARINA,MARINA,124.357143,9828
PTJPL,2011-05-01,6-067,6-067,MARTIS VALLEY,MARTIS VALLEY,91.356875,139357
PTJPL,2011-05-01,7-059,7-059,MASON VALLEY,MASON VALLEY,53.125821,24829
PTJPL,2011-05-01,1-028,1-028,MATTOLE RIVER VALLEY,MATTOLE RIVER VALLEY,98.774485,13968
PTJPL,2011-05-01,5-035,5-035,MCCLOUD AREA,MCCLOUD AREA,104.368434,93227
PTJPL,2011-05-01,5-095,5-095,MEADOW VALLEY,MEADOW VALLEY,101.263585,25783
PTJPL,2011-05-01,7-017,7-017,MEANS VALLEY,MEANS VALLEY,24.757348,67158
PTJPL,2011-05-01,6-029,6-029,MESQUITE VALLEY,MESQUITE VALLEY,26.091413,384627
PTJPL,2011-05-01,6-020,6-020,MIDDLE AMARGOSA VALLEY,MIDDLE AMARGOSA VALLEY,16.161588,1741060
PTJPL,2011-05-01,5-094,5-094,MIDDLE CREEK,MIDDLE CREEK,96.863894,3174
PTJPL,2011-05-01,5-087,5-087,MIDDLE FORK FEATHER RIVER,MIDDLE FORK FEATHER RIVER,93.661438,19509
PTJPL,2011-05-01,6-041,6-041,MIDDLE MOJAVE RIVER VALLEY,MIDDLE MOJAVE RIVER VALLEY,38.671121,950207
PTJPL,2011-05-01,6-080,6-080,MIDDLE PARK CANYON,MIDDLE PARK CANYON,43.671859,7832
PTJPL,2011-05-01,5-085,5-085,MIL POTRERO AREA,MIL POTRERO AREA,103.215029,10380
PTJPL,2011-05-01,9-014,9-014,MISSION VALLEY,MISSION VALLEY,82.115958,31684
PTJPL,2011-05-01,5-011,5-011,MOHAWK VALLEY,MOHAWK VALLEY,101.815653,85339
PTJPL,2011-05-01,6-009,6-009,MONO VALLEY,MONO VALLEY,59.395894,774512
PTJPL,2011-05-01,3-049,3-049,MONTECITO,MONTECITO,99.040576,27307
PTJPL,2011-05-01,7-020,7-020,MORONGO VALLEY,MORONGO VALLEY,55.237568,32496
PTJPL,2011-05-01,3-041,3-041,MORRO VALLEY,MORRO VALLEY,127.698,2500
PTJPL,2011-05-01,5-008,5-008,MOUNTAIN MEADOWS VALLEY,MOUNTAIN MEADOWS VALLEY,94.260983,36466
PTJPL,2011-05-01,1-056,1-056,McDOWELL VALLEY,McDOWELL VALLEY,109.38288,6694
PTJPL,2011-05-01,2-002.01,2-002,NAPA-SONOMA VALLEY,NAPA-SONOMA VALLEY - NAPA VALLEY,101.582332,206535
PTJPL,2011-05-01,2-002.03,2-002,NAPA-SONOMA VALLEY,NAPA-SONOMA VALLEY - NAPA-SONOMA LOWLANDS,130.958255,181196
PTJPL,2011-05-01,2-002.02,2-002,NAPA-SONOMA VALLEY,NAPA-SONOMA VALLEY - SONOMA VALLEY,119.464948,201644
PTJPL,2011-05-01,1-046,1-046,NAVARRO RIVER VALLEY,NAVARRO RIVER VALLEY,132.894974,3104
PTJPL,2011-05-01,3-052,3-052,NEEDLE ROCK POINT,NEEDLE ROCK POINT,104.069304,3059
PTJPL,2011-05-01,7-044,7-044,NEEDLES VALLEY,NEEDLES VALLEY,19.407914,384797
PTJPL,2011-05-01,5-050,5-050,NORTH FORK BATTLE CREEK,NORTH FORK BATTLE CREEK,103.36232,57394
PTJPL,2011-05-01,2-030,2-030,NOVATO VALLEY,NOVATO VALLEY,127.780519,92327
PTJPL,2011-05-01,7-025,7-025,OCOTILLO-CLARK VALLEY,OCOTILLO-CLARK VALLEY,19.350906,999504
PTJPL,2011-05-01,7-035,7-035,OGILBY VALLEY,OGILBY VALLEY,11.467062,592059
PTJPL,2011-05-01,4-002,4-002,OJAI VALLEY,OJAI VALLEY,93.947006,26588
PTJPL,2011-05-01,3-039,3-039,OLD VALLEY,OLD VALLEY,139.909974,5043
PTJPL,2011-05-01,6-108,6-108,OLYMPIC VALLEY,OLYMPIC VALLEY,67.318717,1870
PTJPL,2011-05-01,7-031,7-031,OROCOPIA VALLEY,OROCOPIA VALLEY,21.62342,432652
PTJPL,2011-05-01,6-012.02,6-012,OWENS VALLEY,OWENS VALLEY - FISH SLOUGH,36.287281,14498
PTJPL,2011-05-01,6-012.01,6-012,OWENS VALLEY,OWENS VALLEY - OWENS VALLEY,36.021725,2962626
PTJPL,2011-05-01,6-088,6-088,OWL LAKE VALLEY,OWL LAKE VALLEY,18.641424,100004
PTJPL,2011-05-01,6-028,6-028,PAHRUMP VALLEY,PAHRUMP VALLEY,18.500376,407322
PTJPL,2011-05-01,6-099,6-099,PAINTERS FLAT,PAINTERS FLAT,71.483691,28113
PTJPL,2011-05-01,7-039,7-039,PALO VERDE MESA,PALO VERDE MESA,28.573004,1011292
PTJPL,2011-05-01,7-038,7-038,PALO VERDE VALLEY,PALO VERDE VALLEY,98.995194,302116
PTJPL,2011-05-01,9-024,9-024,PAMO VALLEY,PAMO VALLEY,69.469701,6766
PTJPL,2011-05-01,6-058,6-058,PANAMINT VALLEY,PANAMINT VALLEY,15.455172,1165899
PTJPL,2011-05-01,5-023,5-023,PANOCHE VALLEY,PANOCHE VALLEY,61.277437,148758
PTJPL,2011-05-01,3-032,3-032,PEACH TREE VALLEY,PEACH TREE VALLEY,98.113016,44038
PTJPL,2011-05-01,1-030,1-030,PEPPERWOOD TOWN AREA,PEPPERWOOD TOWN AREA,111.988765,27503
PTJPL,2011-05-01,2-026,2-026,PESCADERO VALLEY,PESCADERO VALLEY,100.218234,12789
PTJPL,2011-05-01,2-001,2-001,PETALUMA VALLEY,PETALUMA VALLEY,127.325239,209830
PTJPL,2011-05-01,6-051,6-051,PILOT KNOB VALLEY,PILOT KNOB VALLEY,25.816342,623272
PTJPL,2011-05-01,6-092,6-092,PINE CREEK VALLEY,PINE CREEK VALLEY,69.017254,42252
PTJPL,2011-05-01,7-006,7-006,PINTO VALLEY,PINTO VALLEY,19.42257,820363
PTJPL,2011-05-01,7-049,7-049,PIPES CANYON FAULT VALLEY,PIPES CANYON FAULT VALLEY,52.620916,15213
PTJPL,2011-05-01,2-004,2-004,PITTSBURG PLAIN,PITTSBURG PLAIN,115.181572,52139
PTJPL,2011-05-01,7-045,7-045,PIUTE VALLEY,PIUTE VALLEY,16.764544,782230
PTJPL,2011-05-01,7-052,7-052,PLEASANT VALLEY,PLEASANT VALLEY,40.369531,43336
PTJPL,2011-05-01,4-006,4-006,PLEASANT VALLEY,PLEASANT VALLEY,75.911618,89204
PTJPL,2011-05-01,5-038,5-038,PONDOSA TOWN AREA,PONDOSA TOWN AREA,107.335329,9355
PTJPL,2011-05-01,5-068,5-068,POPE VALLEY,POPE VALLEY,104.107511,32313
PTJPL,2011-05-01,9-029,9-029,POTRERO VALLEY,POTRERO VALLEY,79.866344,9083
PTJPL,2011-05-01,1-051,1-051,POTTER VALLEY,POTTER VALLEY,113.163059,37054
PTJPL,2011-05-01,9-013,9-013,POWAY VALLEY,POWAY VALLEY,76.344675,11080
PTJPL,2011-05-01,3-044,3-044,POZO VALLEY,POZO VALLEY,111.376202,30784
PTJPL,2011-05-01,1-025,1-025,PRAIRIE CREEK AREA,PRAIRIE CREEK AREA,139.521356,91097
PTJPL,2011-05-01,7-040,7-040,QUIEN SABE POINT VALLEY,QUIEN SABE POINT VALLEY,18.245983,99694
PTJPL,2011-05-01,3-024,3-024,QUIEN SABE VALLEY,QUIEN SABE VALLEY,119.614509,21173
PTJPL,2011-05-01,6-062,6-062,RACE TRACK VALLEY,RACE TRACK VALLEY,8.186531,63448
PTJPL,2011-05-01,3-046,3-046,RAFAEL VALLEY,RAFAEL VALLEY,105.574009,13451
PTJPL,2011-05-01,9-025,9-025,RANCHITA TOWN AREA,RANCHITA TOWN AREA,69.162414,14032
PTJPL,2011-05-01,4-023,4-023,RAYMOND,RAYMOND,72.593432,114837
PTJPL,2011-05-01,6-024,6-024,RED PASS VALLEY,RED PASS VALLEY,17.121499,433105
PTJPL,2011-05-01,1-018,1-018,RED ROCK VALLEY,RED ROCK VALLEY,93.463264,40478
PTJPL,2011-05-01,5-006.03,5-006,REDDING AREA,REDDING AREA - ANDERSON,126.020794,443787
PTJPL,2011-05-01,5-006.01,5-006,REDDING AREA,REDDING AREA - BOWMAN,122.328232,550983
PTJPL,2011-05-01,5-006.04,5-006,REDDING AREA,REDDING AREA - ENTERPRISE,121.520307,275589
PTJPL,2011-05-01,5-006.05,5-006,REDDING AREA,REDDING AREA - MILLVILLE,119.757597,295058
PTJPL,2011-05-01,5-006.06,5-006,REDDING AREA,REDDING AREA - SOUTH BATTLE CREEK,106.751154,151596
PTJPL,2011-05-01,1-026,1-026,REDWOOD CREEK AREA,REDWOOD CREEK AREA,121.237766,8971
PTJPL,2011-05-01,6-086,6-086,RHODES HILL AREA,RHODES HILL AREA,19.564829,70069
PTJPL,2011-05-01,7-004,7-004,RICE VALLEY,RICE VALLEY,10.521656,841014
PTJPL,2011-05-01,6-023,6-023,RIGGS VALLEY,RIGGS VALLEY,14.338128,393528
PTJPL,2011-05-01,3-043,3-043,RINCONADA VALLEY,RINCONADA VALLEY,123.678812,11582
PTJPL,2011-05-01,5-043,5-043,ROCK PRAIRIE VALLEY,ROCK PRAIRIE VALLEY,87.172906,25806
PTJPL,2011-05-01,6-056,6-056,ROSE VALLEY,ROSE VALLEY,34.051757,191219
PTJPL,2011-05-01,2-028,2-028,ROSS VALLEY,ROSS VALLEY,122.035939,7930
PTJPL,2011-05-01,5-036,5-036,ROUND VALLEY,ROUND VALLEY,83.633113,32664
PTJPL,2011-05-01,4-020,4-020,RUSSELL VALLEY,RUSSELL VALLEY,81.093235,13836
PTJPL,2011-05-01,5-021.54,5-021,SACRAMENTO VALLEY,SACRAMENTO VALLEY - ANTELOPE,134.345381,85850
PTJPL,2011-05-01,5-021.53,5-021,SACRAMENTO VALLEY,SACRAMENTO VALLEY - BEND,112.245675,101956
PTJPL,2011-05-01,5-021.70,5-021,SACRAMENTO VALLEY,SACRAMENTO VALLEY - BUTTE,121.038118,1198612
PTJPL,2011-05-01,5-021.52,5-021,SACRAMENTO VALLEY,SACRAMENTO VALLEY - COLUSA,113.718698,3249958
PTJPL,2011-05-01,5-021.51,5-021,SACRAMENTO VALLEY,SACRAMENTO VALLEY - CORNING,111.461345,932334
PTJPL,2011-05-01,5-021.56,5-021,SACRAMENTO VALLEY,SACRAMENTO VALLEY - LOS MOLINOS,104.130875,447052
PTJPL,2011-05-01,5-021.64,5-021,SACRAMENTO VALLEY,SACRAMENTO VALLEY - NORTH AMERICAN,115.843913,1538151
PTJPL,2011-05-01,5-021.60,5-021,SACRAMENTO VALLEY,SACRAMENTO VALLEY - NORTH YUBA,124.385621,273574
PTJPL,2011-05-01,5-021.50,5-021,SACRAMENTO VALLEY,SACRAMENTO VALLEY - RED BLUFF,113.096741,1222103
PTJPL,2011-05-01,5-021.66,5-021,SACRAMENTO VALLEY,SACRAMENTO VALLEY - SOLANO,134.106127,1594225
PTJPL,2011-05-01,5-021.65,5-021,SACRAMENTO VALLEY,SACRAMENTO VALLEY - SOUTH AMERICAN,114.476111,1116942
PTJPL,2011-05-01,5-021.61,5-021,SACRAMENTO VALLEY,SACRAMENTO VALLEY - SOUTH YUBA,119.610691,490114
PTJPL,2011-05-01,5-021.62,5-021,SACRAMENTO VALLEY,SACRAMENTO VALLEY - SUTTER,112.200958,1285060
PTJPL,2011-05-01,5-021.57,5-021,SACRAMENTO VALLEY,SACRAMENTO VALLEY - VINA,119.874165,831432
PTJPL,2011-05-01,5-021.69,5-021,SACRAMENTO VALLEY,SACRAMENTO VALLEY - WYANDOTTE CREEK,115.654302,266976
PTJPL,2011-05-01,5-021.67,5-021,SACRAMENTO VALLEY,SACRAMENTO VALLEY - YOLO,115.090184,2430817
PTJPL,2011-05-01,3-004.01,3-004,SALINAS VALLEY,SALINAS VALLEY - 180/400 FOOT AQUIFER,112.073162,402463
PTJPL,2011-05-01,3-004.11,3-004,SALINAS VALLEY,SALINAS VALLEY - ATASCADERO AREA,107.840328,88757
PTJPL,2011-05-01,3-004.02,3-004,SALINAS VALLEY,SALINAS VALLEY - EAST SIDE AQUIFER,101.470921,258455
PTJPL,2011-05-01,3-004.04,3-004,SALINAS VALLEY,SALINAS VALLEY - FOREBAY AQUIFER,104.667371,422898
PTJPL,2011-05-01,3-004.09,3-004,SALINAS VALLEY,SALINAS VALLEY - LANGLEY AREA,130.291595,79223
PTJPL,2011-05-01,3-004.10,3-004,SALINAS VALLEY,SALINAS VALLEY - MONTEREY,130.677825,138524
PTJPL,2011-05-01,3-004.06,3-004,SALINAS VALLEY,SALINAS VALLEY - PASO ROBLES AREA,97.347189,1961133
PTJPL,2011-05-01,3-004.08,3-004,SALINAS VALLEY,SALINAS VALLEY - SEASIDE,127.660062,65106
PTJPL,2011-05-01,3-004.05,3-004,SALINAS VALLEY,SALINAS VALLEY - UPPER VALLEY AQUIFER,94.871437,1070293
PTJPL,2011-05-01,6-017,6-017,SALINE VALLEY,SALINE VALLEY,8.586888,657298
PTJPL,2011-05-01,6-053,6-053,SALT WELLS VALLEY,SALT WELLS VALLEY,22.614395,132519
PTJPL,2011-05-01,3-014,3-014,SAN ANTONIO CREEK VALLEY,SAN ANTONIO CREEK VALLEY,134.788814,303230
PTJPL,2011-05-01,3-028,3-028,SAN BENITO RIVER VALLEY,SAN BENITO RIVER VALLEY,111.73103,108949
PTJPL,2011-05-01,3-033,3-033,SAN CARPOFORO VALLEY,SAN CARPOFORO VALLEY,145.922601,4690
PTJPL,2011-05-01,9-015,9-015,SAN DIEGO RIVER VALLEY,SAN DIEGO RIVER VALLEY,67.860663,38030
PTJPL,2011-05-01,9-012,9-012,SAN DIEGUITO CREEK,SAN DIEGUITO CREEK,99.706217,15457
PTJPL,2011-05-01,9-023,9-023,SAN ELIJO VALLEY,SAN ELIJO VALLEY,100.456538,3969
PTJPL,2011-05-01,7-027,7-027,SAN FELIPE VALLEY,SAN FELIPE VALLEY,52.07471,105140
PTJPL,2011-05-01,4-012,4-012,SAN FERNANDO VALLEY,SAN FERNANDO VALLEY,69.345237,651274
PTJPL,2011-05-01,4-013,4-013,SAN GABRIEL VALLEY,SAN GABRIEL VALLEY,61.714297,564855
PTJPL,2011-05-01,2-024,2-024,SAN GREGORIO VALLEY,SAN GREGORIO VALLEY,100.882662,4764
PTJPL,2011-05-01,8-005,8-005,SAN JACINTO,SAN JACINTO,59.324084,712853
PTJPL,2011-05-01,5-022.05,5-022,SAN JOAQUIN VALLEY,SAN JOAQUIN VALLEY - CHOWCHILLA,107.95227,654476
PTJPL,2011-05-01,5-022.16,5-022,SAN JOAQUIN VALLEY,SAN JOAQUIN VALLEY - COSUMNES,116.260471,945540
PTJPL,2011-05-01,5-022.07,5-022,SAN JOAQUIN VALLEY,SAN JOAQUIN VALLEY - DELTA-MENDOTA,95.724895,3439751
PTJPL,2011-05-01,5-022.19,5-022,SAN JOAQUIN VALLEY,SAN JOAQUIN VALLEY - EAST CONTRA COSTA,122.73701,483768
PTJPL,2011-05-01,5-022.01,5-022,SAN JOAQUIN VALLEY,SAN JOAQUIN VALLEY - EASTERN SAN JOAQUIN,110.883275,3438710
PTJPL,2011-05-01,5-022.11,5-022,SAN JOAQUIN VALLEY,SAN JOAQUIN VALLEY - KAWEAH,103.914402,1982240
PTJPL,2011-05-01,5-022.14,5-022,SAN JOAQUIN VALLEY,SAN JOAQUIN VALLEY - KERN COUNTY,90.316472,8014034
PTJPL,2011-05-01,5-022.17,5-022,SAN JOAQUIN VALLEY,SAN JOAQUIN VALLEY - KETTLEMAN PLAIN,68.590426,286610
PTJPL,2011-05-01,5-022.08,5-022,SAN JOAQUIN VALLEY,SAN JOAQUIN VALLEY - KINGS,107.90466,4411216
PTJPL,2011-05-01,5-022.06,5-022,SAN JOAQUIN VALLEY,SAN JOAQUIN VALLEY - MADERA,108.067502,1562954
PTJPL,2011-05-01,5-022.04,5-022,SAN JOAQUIN VALLEY,SAN JOAQUIN VALLEY - MERCED,96.262719,2304672
PTJPL,2011-05-01,5-022.02,5-022,SAN JOAQUIN VALLEY,SAN JOAQUIN VALLEY - MODESTO,109.361717,1102619
PTJPL,2011-05-01,5-022.10,5-022,SAN JOAQUIN VALLEY,SAN JOAQUIN VALLEY - PLEASANT VALLEY,80.673551,216677
PTJPL,2011-05-01,5-022.15,5-022,SAN JOAQUIN VALLEY,SAN JOAQUIN VALLEY - TRACY,104.573833,1071329
PTJPL,2011-05-01,5-022.12,5-022,SAN JOAQUIN VALLEY,SAN JOAQUIN VALLEY - TULARE LAKE,95.051222,2409632
PTJPL,2011-05-01,5-022.13,5-022,SAN JOAQUIN VALLEY,SAN JOAQUIN VALLEY - TULE,100.843206,2147032
PTJPL,2011-05-01,5-022.03,5-022,SAN JOAQUIN VALLEY,SAN JOAQUIN VALLEY - TURLOCK,112.372417,1565498
PTJPL,2011-05-01,5-022.09,5-022,SAN JOAQUIN VALLEY,SAN JOAQUIN VALLEY - WESTSIDE,93.240188,2797567
PTJPL,2011-05-01,5-022.18,5-022,SAN JOAQUIN VALLEY,SAN JOAQUIN VALLEY - WHITE WOLF,84.533063,483575
PTJPL,2011-05-01,9-001,9-001,SAN JUAN VALLEY,SAN JUAN VALLEY,95.763688,73255
PTJPL,2011-05-01,3-009,3-009,SAN LUIS OBISPO VALLEY,SAN LUIS OBISPO VALLEY,127.946366,57221
PTJPL,2011-05-01,9-007.02,9-007,SAN LUIS REY VALLEY,SAN LUIS REY VALLEY - LOWER SAN LUIS REY VALLEY,95.920866,46175
PTJPL,2011-05-01,9-007.01,9-007,SAN LUIS REY VALLEY,SAN LUIS REY VALLEY - UPPER SAN LUIS REY VALLEY,91.332182,86570
PTJPL,2011-05-01,9-032,9-032,SAN MARCOS AREA,SAN MARCOS AREA,81.70138,9564
PTJPL,2011-05-01,9-002,9-002,SAN MATEO VALLEY,SAN MATEO VALLEY,97.014281,13164
PTJPL,2011-05-01,9-003,9-003,SAN ONOFRE VALLEY,SAN ONOFRE VALLEY,99.96211,5516
PTJPL,2011-05-01,9-010,9-010,SAN PASQUAL VALLEY,SAN PASQUAL VALLEY,85.088677,15720
PTJPL,2011-05-01,2-036,2-036,SAN PEDRO VALLEY,SAN PEDRO VALLEY,99.575769,2765
PTJPL,2011-05-01,2-029,2-029,SAN RAFAEL VALLEY,SAN RAFAEL VALLEY,107.170142,3932
PTJPL,2011-05-01,2-007,2-007,SAN RAMON VALLEY,SAN RAMON VALLEY,112.389384,31745
PTJPL,2011-05-01,3-035,3-035,SAN SIMEON VALLEY,SAN SIMEON VALLEY,150.293942,2344
PTJPL,2011-05-01,2-027,2-027,SAND POINT AREA,SAND POINT AREA,127.9434,100071
PTJPL,2011-05-01,1-053,1-053,SANEL VALLEY,SANEL VALLEY,113.49108,25057
PTJPL,2011-05-01,3-022,3-022,SANTA ANA VALLEY,SANTA ANA VALLEY,103.415299,12249
PTJPL,2011-05-01,3-017,3-017,SANTA BARBARA,SANTA BARBARA,96.564747,26897
PTJPL,2011-05-01,4-004.05,4-004,SANTA CLARA RIVER VALLEY,SANTA CLARA RIVER VALLEY - FILLMORE,93.78046,101526
PTJPL,2011-05-01,4-004.03,4-004,SANTA CLARA RIVER VALLEY,SANTA CLARA RIVER VALLEY - MOUND,93.250515,61597
PTJPL,2011-05-01,4-004.02,4-004,SANTA CLARA RIVER VALLEY,SANTA CLARA RIVER VALLEY - OXNARD,75.333343,250493
PTJPL,2011-05-01,4-004.06,4-004,SANTA CLARA RIVER VALLEY,SANTA CLARA RIVER VALLEY - PIRU,77.321254,49008
PTJPL,2011-05-01,4-004.07,4-004,SANTA CLARA RIVER VALLEY,SANTA CLARA RIVER VALLEY - SANTA CLARA RIVER VALLEY EAST,79.610357,303963
PTJPL,2011-05-01,4-004.04,4-004,SANTA CLARA RIVER VALLEY,SANTA CLARA RIVER VALLEY - SANTA PAULA,97.015246,99438
PTJPL,2011-05-01,2-009.04,2-009,SANTA CLARA VALLEY,SANTA CLARA VALLEY - EAST BAY PLAIN,108.899233,320672
PTJPL,2011-05-01,2-009.01,2-009,SANTA CLARA VALLEY,SANTA CLARA VALLEY - NILES CONE,115.356165,293257
PTJPL,2011-05-01,2-009.03,2-009,SANTA CLARA VALLEY,SANTA CLARA VALLEY - SAN MATEO PLAIN,115.351255,170238
PTJPL,2011-05-01,2-009.02,2-009,SANTA CLARA VALLEY,SANTA CLARA VALLEY - SANTA CLARA,99.543291,852304
PTJPL,2011-05-01,3-001,3-001,SANTA CRUZ MID-COUNTY,SANTA CRUZ MID-COUNTY,124.549848,159955
PTJPL,2011-05-01,3-027,3-027,SANTA MARGARITA,SANTA MARGARITA,122.956241,100049
PTJPL,2011-05-01,9-004,9-004,SANTA MARGARITA VALLEY,SANTA MARGARITA VALLEY,97.302332,22472
PTJPL,2011-05-01,3-012.02,3-012,SANTA MARIA RIVER VALLEY,SANTA MARIA RIVER VALLEY - ARROYO GRANDE,119.634626,13025
PTJPL,2011-05-01,3-012.01,3-012,SANTA MARIA RIVER VALLEY,SANTA MARIA RIVER VALLEY - SANTA MARIA,127.053125,762065
PTJPL,2011-05-01,9-011,9-011,SANTA MARIA VALLEY,SANTA MARIA VALLEY,69.8084,55261
PTJPL,2011-05-01,6-068,6-068,SANTA ROSA FLAT,SANTA ROSA FLAT,20.877124,75450
PTJPL,2011-05-01,3-036,3-036,SANTA ROSA VALLEY,SANTA ROSA VALLEY,145.529423,15379
PTJPL,2011-05-01,1-055.02,1-055,SANTA ROSA VALLEY,SANTA ROSA VALLEY - HEALDSBURG AREA,106.656671,69295
PTJPL,2011-05-01,1-055.03,1-055,SANTA ROSA VALLEY,SANTA ROSA VALLEY - RINCON VALLEY,110.181224,24958
PTJPL,2011-05-01,1-055.01,1-055,SANTA ROSA VALLEY,SANTA ROSA VALLEY - SANTA ROSA PLAIN,115.984786,365509
PTJPL,2011-05-01,3-015,3-015,SANTA YNEZ RIVER VALLEY,SANTA YNEZ RIVER VALLEY,118.453034,911581
PTJPL,2011-05-01,1-005,1-005,SCOTT RIVER VALLEY,SCOTT RIVER VALLEY,107.805361,286977
PTJPL,2011-05-01,5-014,5-014,SCOTTS VALLEY,SCOTTS VALLEY,112.226086,32930
PTJPL,2011-05-01,6-052,6-052,SEARLES VALLEY,SEARLES VALLEY,24.080543,885622
PTJPL,2011-05-01,6-100,6-100,SECRET VALLEY,SECRET VALLEY,79.293314,151387
PTJPL,2011-05-01,1-016,1-016,SEIAD VALLEY,SEIAD VALLEY,125.263038,10105
PTJPL,2011-05-01,8-008,8-008,SEVEN OAKS VALLEY,SEVEN OAKS VALLEY,83.427621,18334
PTJPL,2011-05-01,1-004,1-004,SHASTA VALLEY,SHASTA VALLEY,106.629698,981085
PTJPL,2011-05-01,1-042,1-042,SHERWOOD VALLEY,SHERWOOD VALLEY,111.856065,5169
PTJPL,2011-05-01,5-012.02,5-012,SIERRA VALLEY,SIERRA VALLEY - CHILCOOT,98.316241,33933
PTJPL,2011-05-01,5-012.01,5-012,SIERRA VALLEY,SIERRA VALLEY - SIERRA VALLEY,102.746542,527445
PTJPL,2011-05-01,6-034,6-034,SILVER LAKE VALLEY,SILVER LAKE VALLEY,15.324635,158273
PTJPL,2011-05-01,4-009,4-009,SIMI VALLEY,SIMI VALLEY,71.401131,54663
PTJPL,2011-05-01,6-105,6-105,SLINKARD VALLEY,SLINKARD VALLEY,59.409048,20269
PTJPL,2011-05-01,1-001,1-001,SMITH RIVER PLAIN,SMITH RIVER PLAIN,126.029262,171759
PTJPL,2011-05-01,6-033,6-033,SODA LAKE VALLEY,SODA LAKE VALLEY,19.072932,1708930
PTJPL,2011-05-01,2-037,2-037,SOUTH SAN FRANCISCO,SOUTH SAN FRANCISCO,118.735033,9688
PTJPL,2011-05-01,6-082,6-082,SPRING CANYON VALLEY,SPRING CANYON VALLEY,28.644227,21584
PTJPL,2011-05-01,5-089,5-089,SQUAW FLAT,SQUAW FLAT,102.07208,5813
PTJPL,2011-05-01,5-088,5-088,STONY GORGE RESERVOIR,STONY GORGE RESERVOIR,102.780284,4788
PTJPL,2011-05-01,5-063,5-063,STONYFORD TOWN AREA,STONYFORD TOWN AREA,97.857123,28955
PTJPL,2011-05-01,2-003,2-003,SUISUN-FAIRFIELD VALLEY,SUISUN-FAIRFIELD VALLEY,136.700053,600653
PTJPL,2011-05-01,2-011,2-011,SUNOL VALLEY,SUNOL VALLEY,111.594217,74769
PTJPL,2011-05-01,6-049,6-049,SUPERIOR VALLEY,SUPERIOR VALLEY,32.567327,541018
PTJPL,2011-05-01,6-001,6-001,SURPRISE VALLEY,SURPRISE VALLEY,65.913835,1026743
PTJPL,2011-05-01,6-107,6-107,SWEETWATER FLAT,SWEETWATER FLAT,50.001061,17915
PTJPL,2011-05-01,6-005.03,6-005,TAHOE VALLEY,TAHOE VALLEY - TAHOE NORTH,87.050596,6878
PTJPL,2011-05-01,6-005.01,6-005,TAHOE VALLEY,TAHOE VALLEY - TAHOE SOUTH,85.659187,63108
PTJPL,2011-05-01,6-005.02,6-005,TAHOE VALLEY,TAHOE VALLEY - TAHOE WEST,104.384543,11749
PTJPL,2011-05-01,6-045,6-045,TEHACHAPI VALLEY EAST,TEHACHAPI VALLEY EAST,81.91235,107747
PTJPL,2011-05-01,5-028,5-028,TEHACHAPI VALLEY WEST,TEHACHAPI VALLEY WEST,75.860511,66543
PTJPL,2011-05-01,9-005,9-005,TEMECULA VALLEY,TEMECULA VALLEY,75.282852,394592
PTJPL,2011-05-01,1-040,1-040,TEN MILE RIVER VALLEY,TEN MILE RIVER VALLEY,116.001193,6703
PTJPL,2011-05-01,7-026,7-026,TERWILLIGER VALLEY,TERWILLIGER VALLEY,54.520683,36068
PTJPL,2011-05-01,4-019,4-019,THOUSAND OAKS AREA,THOUSAND OAKS AREA,78.659891,13972
PTJPL,2011-05-01,4-015,4-015,TIERRA REJADA,TIERRA REJADA,84.599207,20679
PTJPL,2011-05-01,5-037,5-037,TOAD WELL AREA,TOAD WELL AREA,104.862673,15008
PTJPL,2011-05-01,3-040,3-040,TORO VALLEY,TORO VALLEY,141.068315,3235
PTJPL,2011-05-01,6-098,6-098,TULEDAD CANYON VALLEY,TULEDAD CANYON VALLEY,67.457228,23111
PTJPL,2011-05-01,7-010,7-010,TWENTYNINE PALMS VALLEY,TWENTYNINE PALMS VALLEY,23.330482,279940
PTJPL,2011-05-01,1-052,1-052,UKIAH VALLEY,UKIAH VALLEY,117.806093,168751
PTJPL,2011-05-01,6-022,6-022,UPPER KINGSTON VALLEY,UPPER KINGSTON VALLEY,26.500917,794700
PTJPL,2011-05-01,5-013,5-013,UPPER LAKE VALLEY,UPPER LAKE VALLEY,107.535442,32659
PTJPL,2011-05-01,6-042,6-042,UPPER MOJAVE RIVER VALLEY,UPPER MOJAVE RIVER VALLEY,49.424409,1855105
PTJPL,2011-05-01,4-001,4-001,UPPER OJAI VALLEY,UPPER OJAI VALLEY,92.828475,17117
PTJPL,2011-05-01,3-023,3-023,UPPER SANTA ANA VALLEY,UPPER SANTA ANA VALLEY,100.469638,6439
PTJPL,2011-05-01,8-002.05,8-002,UPPER SANTA ANA VALLEY,UPPER SANTA ANA VALLEY - CAJON,59.937786,104061
PTJPL,2011-05-01,8-002.01,8-002,UPPER SANTA ANA VALLEY,UPPER SANTA ANA VALLEY - CHINO,59.389483,691275
PTJPL,2011-05-01,8-002.02,8-002,UPPER SANTA ANA VALLEY,UPPER SANTA ANA VALLEY - CUCAMONGA,58.922829,40378
PTJPL,2011-05-01,8-002.04,8-002,UPPER SANTA ANA VALLEY,UPPER SANTA ANA VALLEY - RIALTO-COLTON,47.748531,111485
PTJPL,2011-05-01,8-002.03,8-002,UPPER SANTA ANA VALLEY,UPPER SANTA ANA VALLEY - RIVERSIDE-ARLINGTON,57.111632,254237
PTJPL,2011-05-01,8-002.06,8-002,UPPER SANTA ANA VALLEY,UPPER SANTA ANA VALLEY - SAN BERNARDINO,47.243936,415088
PTJPL,2011-05-01,8-002.08,8-002,UPPER SANTA ANA VALLEY,UPPER SANTA ANA VALLEY - SAN TIMOTEO,61.369242,145165
PTJPL,2011-05-01,8-002.09,8-002,UPPER SANTA ANA VALLEY,UPPER SANTA ANA VALLEY - TEMESCAL,74.80994,103262
PTJPL,2011-05-01,8-002.07,8-002,UPPER SANTA ANA VALLEY,UPPER SANTA ANA VALLEY - YUCAIPA,57.431407,99901
PTJPL,2011-05-01,7-028,7-028,VALLECITO-CARRIZO VALLEY,VALLECITO-CARRIZO VALLEY,23.956891,547711
PTJPL,2011-05-01,5-071,5-071,VALLECITOS CREEK VALLEY,VALLECITOS CREEK VALLEY,77.699499,67930
PTJPL,2011-05-01,7-063,7-063,VANDEVENTER FLAT,VANDEVENTER FLAT,83.439816,30274
PTJPL,2011-05-01,4-003.02,4-003,VENTURA RIVER VALLEY,VENTURA RIVER VALLEY - LOWER VENTURA RIVER,100.422356,21489
PTJPL,2011-05-01,4-003.01,4-003,VENTURA RIVER VALLEY,VENTURA RIVER VALLEY - UPPER VENTURA RIVER,86.976951,23732
PTJPL,2011-05-01,7-042,7-042,VIDAL VALLEY,VIDAL VALLEY,10.886845,618941
PTJPL,2011-05-01,3-037,3-037,VILLA VALLEY,VILLA VALLEY,142.117531,6092
PTJPL,2011-05-01,2-032,2-032,VISITACION VALLEY,VISITACION VALLEY,120.250392,26179
PTJPL,2011-05-01,5-026,5-026,WALKER BASIN CREEK VALLEY,WALKER BASIN CREEK VALLEY,83.499507,34468
PTJPL,2011-05-01,7-003,7-003,WARD VALLEY,WARD VALLEY,10.325008,2505702
PTJPL,2011-05-01,9-008,9-008,WARNER VALLEY,WARNER VALLEY,57.410236,107755
PTJPL,2011-05-01,7-012,7-012,WARREN VALLEY,WARREN VALLEY,51.042642,78585
PTJPL,2011-05-01,1-031,1-031,WEOTT TOWN AREA,WEOTT TOWN AREA,115.104372,16422
PTJPL,2011-05-01,7-022,7-022,WEST SALTON SEA,WEST SALTON SEA,16.246667,473861
PTJPL,2011-05-01,3-026,3-026,WEST SANTA CRUZ TERRACE,WEST SANTA CRUZ TERRACE,117.628515,30012
PTJPL,2011-05-01,2-035,2-035,WESTSIDE,WESTSIDE,115.42022,111651
PTJPL,2011-05-01,6-073,6-073,WILD HORSE MESA AREA,WILD HORSE MESA AREA,37.481375,14926
PTJPL,2011-05-01,6-075,6-075,WILDROSE CANYON,WILDROSE CANYON,38.784349,23181
PTJPL,2011-05-01,1-043,1-043,WILLIAMS VALLEY,WILLIAMS VALLEY,115.181732,7401
PTJPL,2011-05-01,6-003,6-003,WILLOW CREEK VALLEY,WILLOW CREEK VALLEY,97.7362,52589
PTJPL,2011-05-01,1-059,1-059,WILSON GROVE FORMATION HIGHLANDS,WILSON GROVE FORMATION HIGHLANDS,127.219669,287046
PTJPL,2011-05-01,1-062,1-062,WILSON POINT AREA,WILSON POINT AREA,112.943402,3198
PTJPL,2011-05-01,6-019,6-019,WINGATE VALLEY,WINGATE VALLEY,24.03833,320536
PTJPL,2011-05-01,7-056,7-056,YAQUI WELL AREA,YAQUI WELL AREA,33.279967,67265
PTJPL,2011-05-01,5-056,5-056,YELLOW CREEK VALLEY,YELLOW CREEK VALLEY,81.093876,10386
PTJPL,2011-05-01,2-006,2-006,YGNACIO VALLEY,YGNACIO VALLEY,115.878136,69545
PTJPL,2011-05-01,5-069,5-069,YOSEMITE VALLEY,YOSEMITE VALLEY,93.364822,33504
PTJPL,2011-05-01,7-036,7-036,YUMA VALLEY,YUMA VALLEY,38.619057,536338
