Model,Date,Basin_Subb,Basin_Numb,Basin_Name,Basin_Su_1,ET,Pixel_Count
PTJPL,2010-10-01,4-005,4-005,ACTON VALLEY,ACTON VALLEY,24.357652,37173
PTJPL,2010-10-01,6-010,6-010,ADOBE LAKE VALLEY,ADOBE LAKE VALLEY,12.711352,178082
PTJPL,2010-10-01,1-054.01,1-054,ALEXANDER VALLEY,ALEXANDER VALLEY - ALEXANDER AREA,68.233853,110099
PTJPL,2010-10-01,1-054.02,1-054,ALEXANDER VALLEY,ALEXANDER VALLEY - CLOVERDALE AREA,58.819774,29341
PTJPL,2010-10-01,5-002.01,5-002,ALTURAS AREA,ALTURAS AREA - SOUTH FORK PITT RIVER,35.50024,513210
PTJPL,2010-10-01,5-002.02,5-002,ALTURAS AREA,ALTURAS AREA - WARM SPRINGS VALLEY,17.343006,305817
PTJPL,2010-10-01,5-010,5-010,AMERICAN VALLEY,AMERICAN VALLEY,58.59947,30572
PTJPL,2010-10-01,7-016,7-016,AMES VALLEY,AMES VALLEY,28.427004,487562
PTJPL,2010-10-01,7-034,7-034,AMOS VALLEY,AMOS VALLEY,10.245342,584286
PTJPL,2010-10-01,1-019,1-019,ANDERSON VALLEY,ANDERSON VALLEY,61.401234,22366
PTJPL,2010-10-01,1-049,1-049,ANNAPOLIS OHLSON RANCH FORMATION HIGHLANDS,ANNAPOLIS OHLSON RANCH FORMATION HIGHLANDS,80.114139,38900
PTJPL,2010-10-01,5-091,5-091,ANTELOPE CREEK,ANTELOPE CREEK,36.562834,9175
PTJPL,2010-10-01,6-044,6-044,ANTELOPE VALLEY,ANTELOPE VALLEY,20.118273,4541966
PTJPL,2010-10-01,6-007,6-007,ANTELOPE VALLEY,ANTELOPE VALLEY,45.000513,89741
PTJPL,2010-10-01,3-034,3-034,ARROYO DE LA CRUZ VALLEY,ARROYO DE LA CRUZ VALLEY,66.324513,3590
PTJPL,2010-10-01,2-031,2-031,ARROYO DEL HAMBRE VALLEY,ARROYO DEL HAMBRE VALLEY,64.012168,3534
PTJPL,2010-10-01,4-007,4-007,ARROYO SANTA ROSA VALLEY,ARROYO SANTA ROSA VALLEY,40.636858,17646
PTJPL,2010-10-01,7-037,7-037,ARROYO SECO VALLEY,ARROYO SECO VALLEY,15.295538,1152313
PTJPL,2010-10-01,5-054,5-054,ASH VALLEY,ASH VALLEY,29.747659,27015
PTJPL,2010-10-01,6-026,6-026,AVAWATZ VALLEY,AVAWATZ VALLEY,13.131381,124166
PTJPL,2010-10-01,3-020,3-020,A�O NUEVO AREA,A�O NUEVO AREA,58.089198,8980
PTJPL,2010-10-01,9-022,9-022,BATIQUITOS LAGOON VALLEY,BATIQUITOS LAGOON VALLEY,65.886023,3334
PTJPL,2010-10-01,8-009,8-009,BEAR VALLEY,BEAR VALLEY,49.46324,86221
PTJPL,2010-10-01,5-064,5-064,BEAR VALLEY,BEAR VALLEY,33.761494,40934
PTJPL,2010-10-01,5-020,5-020,BERRYESSA VALLEY,BERRYESSA VALLEY,43.066871,6191
PTJPL,2010-10-01,7-015,7-015,BESSEMER VALLEY,BESSEMER VALLEY,19.518639,175679
PTJPL,2010-10-01,6-025,6-025,BICYCLE VALLEY,BICYCLE VALLEY,17.182623,402232
PTJPL,2010-10-01,1-027,1-027,BIG LAGOON AREA,BIG LAGOON AREA,70.64129,57612
PTJPL,2010-10-01,8-007,8-007,BIG MEADOWS VALLEY,BIG MEADOWS VALLEY,47.844988,63621
PTJPL,2010-10-01,1-045,1-045,BIG RIVER VALLEY,BIG RIVER VALLEY,93.653298,7580
PTJPL,2010-10-01,3-047,3-047,BIG SPRING AREA,BIG SPRING AREA,24.869806,32897
PTJPL,2010-10-01,5-015,5-015,BIG VALLEY,BIG VALLEY,62.089063,108957
PTJPL,2010-10-01,5-004,5-004,BIG VALLEY,BIG VALLEY,22.20641,413987
PTJPL,2010-10-01,3-030,3-030,BITTER WATER VALLEY,BITTER WATER VALLEY,28.514665,144867
PTJPL,2010-10-01,6-013,6-013,BLACK SPRINGS VALLEY,BLACK SPRINGS VALLEY,12.520296,138327
PTJPL,2010-10-01,5-092,5-092,BLANCHARD VALLEY,BLANCHARD VALLEY,39.871323,9994
PTJPL,2010-10-01,1-057,1-057,BODEGA BAY AREA,BODEGA BAY AREA,75.143379,10134
PTJPL,2010-10-01,7-024.01,7-024,BORREGO VALLEY,BORREGO VALLEY - BORREGO SPRINGS,24.985717,282155
PTJPL,2010-10-01,7-024.02,7-024,BORREGO VALLEY,BORREGO VALLEY - OCOTILLO WELLS,12.463563,405078
PTJPL,2010-10-01,1-039,1-039,BRANSCOMB TOWN AREA,BRANSCOMB TOWN AREA,67.133688,6201
PTJPL,2010-10-01,1-017,1-017,BRAY TOWN AREA,BRAY TOWN AREA,45.358925,36119
PTJPL,2010-10-01,6-008,6-008,BRIDGEPORT VALLEY,BRIDGEPORT VALLEY,33.614778,146095
PTJPL,2010-10-01,7-008,7-008,BRISTOL VALLEY,BRISTOL VALLEY,21.634503,2234028
PTJPL,2010-10-01,5-080,5-080,BRITE VALLEY,BRITE VALLEY,35.313114,14244
PTJPL,2010-10-01,6-032,6-032,BROADWELL VALLEY,BROADWELL VALLEY,22.625498,413087
PTJPL,2010-10-01,6-076,6-076,BROWN MOUNTAIN VALLEY,BROWN MOUNTAIN VALLEY,10.138073,97673
PTJPL,2010-10-01,7-054,7-054,BUCK RIDGE FAULT VALLEY,BUCK RIDGE FAULT VALLEY,37.38969,31076
PTJPL,2010-10-01,6-101,6-101,BULL FLAT,BULL FLAT,34.289292,78457
PTJPL,2010-10-01,5-048,5-048,BURNEY CREEK VALLEY,BURNEY CREEK VALLEY,33.3627,10579
PTJPL,2010-10-01,5-017,5-017,BURNS VALLEY,BURNS VALLEY,56.414191,12924
PTJPL,2010-10-01,5-051,5-051,BUTTE CREEK VALLEY,BUTTE CREEK VALLEY,41.762177,14515
PTJPL,2010-10-01,1-003,1-003,BUTTE VALLEY,BUTTE VALLEY,33.366957,358135
PTJPL,2010-10-01,6-081,6-081,BUTTE VALLEY,BUTTE VALLEY,14.812107,39581
PTJPL,2010-10-01,6-070,6-070,CACTUS FLAT,CACTUS FLAT,16.868389,31593
PTJPL,2010-10-01,7-007,7-007,CADIZ VALLEY,CADIZ VALLEY,14.089428,1213316
PTJPL,2010-10-01,6-090,6-090,CADY FAULT AREA,CADY FAULT AREA,19.140799,35753
PTJPL,2010-10-01,9-006,9-006,CAHUILLA VALLEY,CAHUILLA VALLEY,27.443444,81848
PTJPL,2010-10-01,6-079,6-079,CALIFORNIA VALLEY,CALIFORNIA VALLEY,15.222021,261304
PTJPL,2010-10-01,7-041,7-041,CALZONA VALLEY,CALZONA VALLEY,18.433727,340869
PTJPL,2010-10-01,6-061,6-061,CAMEO AREA,CAMEO AREA,9.62129,41842
PTJPL,2010-10-01,9-028,9-028,CAMPO VALLEY,CAMPO VALLEY,32.968117,15902
PTJPL,2010-10-01,7-046,7-046,CANEBRAKE VALLEY,CANEBRAKE VALLEY,29.113122,24310
PTJPL,2010-10-01,3-007,3-007,CARMEL VALLEY,CARMEL VALLEY,71.483929,18978
PTJPL,2010-10-01,3-018,3-018,CARPINTERIA,CARPINTERIA,34.162202,33785
PTJPL,2010-10-01,3-019,3-019,CARRIZO PLAIN,CARRIZO PLAIN,24.852114,946901
PTJPL,2010-10-01,6-006,6-006,CARSON VALLEY,CARSON VALLEY,45.573812,44241
PTJPL,2010-10-01,5-029,5-029,CASTAC LAKE VALLEY,CASTAC LAKE VALLEY,41.710878,16014
PTJPL,2010-10-01,2-008,2-008,CASTRO VALLEY,CASTRO VALLEY,47.868636,8191
PTJPL,2010-10-01,6-038,6-038,CAVES CANYON VALLEY,CAVES CANYON VALLEY,23.130185,328088
PTJPL,2010-10-01,5-045,5-045,CAYTON VALLEY,CAYTON VALLEY,54.652366,5874
PTJPL,2010-10-01,3-038,3-038,CAYUCOS VALLEY,CAYUCOS VALLEY,58.547945,949
PTJPL,2010-10-01,7-043,7-043,CHEMEHUEVI VALLEY,CHEMEHUEVI VALLEY,17.822238,1221349
PTJPL,2010-10-01,7-032,7-032,CHOCOLATE VALLEY,CHOCOLATE VALLEY,25.43321,580540
PTJPL,2010-10-01,3-005,3-005,CHOLAME VALLEY,CHOLAME VALLEY,32.531597,179070
PTJPL,2010-10-01,3-042,3-042,CHORRO VALLEY,CHORRO VALLEY,59.547436,6377
PTJPL,2010-10-01,5-061,5-061,CHROME TOWN AREA,CHROME TOWN AREA,23.726239,6334
PTJPL,2010-10-01,7-005,7-005,CHUCKWALLA VALLEY,CHUCKWALLA VALLEY,14.127194,2704920
PTJPL,2010-10-01,2-005,2-005,CLAYTON VALLEY,CLAYTON VALLEY,61.214112,80257
PTJPL,2010-10-01,5-066,5-066,CLEAR LAKE CACHE FORMATION,CLEAR LAKE CACHE FORMATION,68.084913,133749
PTJPL,2010-10-01,5-058,5-058,CLOVER VALLEY,CLOVER VALLEY,47.221449,75444
PTJPL,2010-10-01,7-021.03,7-021,COACHELLA VALLEY,COACHELLA VALLEY - DESERT HOT SPRINGS,25.349588,453937
PTJPL,2010-10-01,7-021.01,7-021,COACHELLA VALLEY,COACHELLA VALLEY - INDIO,43.644229,1336106
PTJPL,2010-10-01,7-021.02,7-021,COACHELLA VALLEY,COACHELLA VALLEY - MISSION CREEK,31.343378,218418
PTJPL,2010-10-01,7-021.04,7-021,COACHELLA VALLEY,COACHELLA VALLEY - SAN GORGONIO PASS,26.216425,173275
PTJPL,2010-10-01,4-011.04,4-011,COASTAL PLAIN OF LOS ANGELES,COASTAL PLAIN OF LOS ANGELES - CENTRAL,40.91381,799393
PTJPL,2010-10-01,4-011.02,4-011,COASTAL PLAIN OF LOS ANGELES,COASTAL PLAIN OF LOS ANGELES - HOLLYWOOD,36.491685,45279
PTJPL,2010-10-01,4-011.01,4-011,COASTAL PLAIN OF LOS ANGELES,COASTAL PLAIN OF LOS ANGELES - SANTA MONICA,51.870605,135809
PTJPL,2010-10-01,4-011.03,4-011,COASTAL PLAIN OF LOS ANGELES,COASTAL PLAIN OF LOS ANGELES - WEST COAST,56.372917,400017
PTJPL,2010-10-01,8-001,8-001,COASTAL PLAIN OF ORANGE COUNTY,COASTAL PLAIN OF ORANGE COUNTY,39.662203,999374
PTJPL,2010-10-01,9-033,9-033,COASTAL PLAIN OF SAN DIEGO,COASTAL PLAIN OF SAN DIEGO,51.780687,240939
PTJPL,2010-10-01,6-072,6-072,COLES FLAT,COLES FLAT,17.961416,13244
PTJPL,2010-10-01,5-019,5-019,COLLAYOMI VALLEY,COLLAYOMI VALLEY,49.4842,29240
PTJPL,2010-10-01,7-055,7-055,COLLINS VALLEY,COLLINS VALLEY,34.147806,31751
PTJPL,2010-10-01,4-010,4-010,CONEJO,CONEJO,36.058175,84503
PTJPL,2010-10-01,7-011,7-011,COPPER MOUNTAIN VALLEY,COPPER MOUNTAIN VALLEY,30.099938,136155
PTJPL,2010-10-01,3-002.01,3-002,CORRALITOS,CORRALITOS - PAJARO VALLEY,57.980938,332286
PTJPL,2010-10-01,3-002.02,3-002,CORRALITOS,CORRALITOS - PURISIMA HIGHLANDS,84.345288,58134
PTJPL,2010-10-01,6-055,6-055,COSO VALLEY,COSO VALLEY,9.170462,114929
PTJPL,2010-10-01,1-037,1-037,COTTONEVA CREEK VALLEY,COTTONEVA CREEK VALLEY,71.614959,3436
PTJPL,2010-10-01,9-027,9-027,COTTONWOOD VALLEY,COTTONWOOD VALLEY,33.006141,17262
PTJPL,2010-10-01,1-011,1-011,COVELO ROUND VALLEY,COVELO ROUND VALLEY,66.65644,73792
PTJPL,2010-10-01,6-091,6-091,COW HEAD LAKE VALLEY,COW HEAD LAKE VALLEY,33.668705,25180
PTJPL,2010-10-01,6-037,6-037,COYOTE LAKE VALLEY,COYOTE LAKE VALLEY,10.226493,396167
PTJPL,2010-10-01,5-018,5-018,COYOTE VALLEY,COYOTE VALLEY,54.016966,29352
PTJPL,2010-10-01,7-029,7-029,COYOTE WELLS VALLEY,COYOTE WELLS VALLEY,12.610829,648419
PTJPL,2010-10-01,6-035,6-035,CRONISE VALLEY,CRONISE VALLEY,19.760709,567907
PTJPL,2010-10-01,6-050,6-050,CUDDEBACK VALLEY,CUDDEBACK VALLEY,12.945133,426688
PTJPL,2010-10-01,5-082,5-082,CUDDY CANYON VALLEY,CUDDY CANYON VALLEY,29.893459,14830
PTJPL,2010-10-01,5-083,5-083,CUDDY RANCH AREA,CUDDY RANCH AREA,47.070454,18906
PTJPL,2010-10-01,5-084,5-084,CUDDY VALLEY,CUDDY VALLEY,42.397278,15576
PTJPL,2010-10-01,5-027,5-027,CUMMINGS VALLEY,CUMMINGS VALLEY,26.390039,44652
PTJPL,2010-10-01,3-013,3-013,CUYAMA VALLEY,CUYAMA VALLEY,31.821692,1086945
PTJPL,2010-10-01,7-009,7-009,DALE VALLEY,DALE VALLEY,22.150936,955636
PTJPL,2010-10-01,6-057,6-057,DARWIN VALLEY,DARWIN VALLEY,13.208738,198536
PTJPL,2010-10-01,7-061,7-061,DAVIES VALLEY,DAVIES VALLEY,15.621599,15214
PTJPL,2010-10-01,7-013.01,7-013,DEADMAN VALLEY,DEADMAN VALLEY - DEADMAN LAKE,20.922787,400268
PTJPL,2010-10-01,7-013.02,7-013,DEADMAN VALLEY,DEADMAN VALLEY - SURPRISE SPRING,27.215428,131543
PTJPL,2010-10-01,6-018,6-018,DEATH VALLEY,DEATH VALLEY,9.981464,4133615
PTJPL,2010-10-01,6-015,6-015,DEEP SPRINGS VALLEY,DEEP SPRINGS VALLEY,21.305433,134596
PTJPL,2010-10-01,6-078,6-078,DENNING SPRING VALLEY,DENNING SPRING VALLEY,13.035577,32521
PTJPL,2010-10-01,1-034,1-034,DINSMORES TOWN AREA,DINSMORES TOWN AREA,62.489218,10249
PTJPL,2010-10-01,5-053,5-053,DIXIE VALLEY,DIXIE VALLEY,29.11302,21881
PTJPL,2010-10-01,2-040,2-040,DOWNTOWN,DOWNTOWN,77.298748,33955
PTJPL,2010-10-01,5-049,5-049,DRY BURNEY CREEK VALLEY,DRY BURNEY CREEK VALLEY,58.094015,13817
PTJPL,2010-10-01,3-029,3-029,DRY LAKE VALLEY,DRY LAKE VALLEY,33.648428,6360
PTJPL,2010-10-01,6-095,6-095,DRY VALLEY,DRY VALLEY,33.721224,29217
PTJPL,2010-10-01,6-096,6-096,EAGLE LAKE AREA,EAGLE LAKE AREA,44.391932,57089
PTJPL,2010-10-01,7-033,7-033,EAST SALTON SEA,EAST SALTON SEA,19.574757,876191
PTJPL,2010-10-01,1-044,1-044,EDEN VALLEY,EDEN VALLEY,60.212752,6195
PTJPL,2010-10-01,1-010,1-010,EEL RIVER VALLEY,EEL RIVER VALLEY,54.601917,321310
PTJPL,2010-10-01,5-041,5-041,EGG LAKE VALLEY,EGG LAKE VALLEY,24.381938,18448
PTJPL,2010-10-01,9-016,9-016,EL CAJON VALLEY,EL CAJON VALLEY,31.250435,32160
PTJPL,2010-10-01,6-043,6-043,EL MIRAGE VALLEY,EL MIRAGE VALLEY,24.429958,341252
PTJPL,2010-10-01,5-062,5-062,ELK CREEK AREA,ELK CREEK AREA,35.112295,6474
PTJPL,2010-10-01,8-004.02,8-004,ELSINORE,ELSINORE - BEDFORD-COLDWATER,23.76129,31599
PTJPL,2010-10-01,8-004.01,8-004,ELSINORE,ELSINORE - ELSINORE VALLEY,36.776989,106147
PTJPL,2010-10-01,9-009,9-009,ESCONDIDO VALLEY,ESCONDIDO VALLEY,32.091463,12956
PTJPL,2010-10-01,1-009,1-009,EUREKA PLAIN,EUREKA PLAIN,67.415039,156824
PTJPL,2010-10-01,6-016,6-016,EUREKA VALLEY,EUREKA VALLEY,13.814971,578991
PTJPL,2010-10-01,1-022,1-022,FAIRCHILD SWAMP VALLEY,FAIRCHILD SWAMP VALLEY,14.052185,14736
PTJPL,2010-10-01,5-005,5-005,FALL RIVER VALLEY,FALL RIVER VALLEY,36.930481,246566
PTJPL,2010-10-01,7-002,7-002,FENNER VALLEY,FENNER VALLEY,16.033221,2034583
PTJPL,2010-10-01,6-014,6-014,FISH LAKE VALLEY,FISH LAKE VALLEY,26.309582,206078
PTJPL,2010-10-01,3-053,3-053,FOOTHILL,FOOTHILL,31.981781,14765
PTJPL,2010-10-01,1-021,1-021,FORT BRAGG TERRACE AREA,FORT BRAGG TERRACE AREA,78.528052,101935
PTJPL,2010-10-01,1-061,1-061,FORT ROSS TERRACE DEPOSITS,FORT ROSS TERRACE DEPOSITS,76.754353,30039
PTJPL,2010-10-01,6-046,6-046,FREMONT VALLEY,FREMONT VALLEY,13.267232,1507279
PTJPL,2010-10-01,5-090,5-090,FUNKS CREEK,FUNKS CREEK,32.889855,13564
PTJPL,2010-10-01,1-032,1-032,GARBERVILLE TOWN AREA,GARBERVILLE TOWN AREA,69.913877,9498
PTJPL,2010-10-01,1-020,1-020,GARCIA RIVER VALLEY,GARCIA RIVER VALLEY,69.375932,9390
PTJPL,2010-10-01,3-003.01,3-003,GILROY-HOLLISTER VALLEY,GILROY-HOLLISTER VALLEY - LLAGAS AREA,49.853303,213011
PTJPL,2010-10-01,3-003.05,3-003,GILROY-HOLLISTER VALLEY,GILROY-HOLLISTER VALLEY - NORTH SAN BENITO,46.012559,589157
PTJPL,2010-10-01,6-085,6-085,GOLD VALLEY,GOLD VALLEY,14.320449,14436
PTJPL,2010-10-01,6-048,6-048,GOLDSTONE VALLEY,GOLDSTONE VALLEY,14.475755,126294
PTJPL,2010-10-01,3-016,3-016,GOLETA,GOLETA,30.656757,41440
PTJPL,2010-10-01,5-001.02,5-001,GOOSE LAKE,GOOSE LAKE - FANDANGO VALLEY,38.266525,82919
PTJPL,2010-10-01,5-001.01,5-001,GOOSE LAKE,GOOSE LAKE - GOOSE VALLEY,32.543633,161679
PTJPL,2010-10-01,5-047,5-047,GOOSE VALLEY,GOOSE VALLEY,32.144818,18941
PTJPL,2010-10-01,6-077,6-077,GRASS VALLEY,GRASS VALLEY,14.686549,44881
PTJPL,2010-10-01,6-094,6-094,GRASSHOPPER VALLEY,GRASSHOPPER VALLEY,32.8626,79418
PTJPL,2010-10-01,1-048,1-048,GRAVELLY VALLEY,GRAVELLY VALLEY,62.724671,13384
PTJPL,2010-10-01,5-052,5-052,GRAYS VALLEY,GRAYS VALLEY,35.468501,24461
PTJPL,2010-10-01,6-084,6-084,GREENWATER VALLEY,GREENWATER VALLEY,13.149457,268934
PTJPL,2010-10-01,5-059,5-059,GRIZZLY VALLEY,GRIZZLY VALLEY,63.398123,60426
PTJPL,2010-10-01,2-022,2-022,HALF MOON BAY TERRACE,HALF MOON BAY TERRACE,60.669035,36729
PTJPL,2010-10-01,1-015,1-015,HAPPY CAMP TOWN AREA,HAPPY CAMP TOWN AREA,73.371571,12466
PTJPL,2010-10-01,6-047,6-047,HARPER VALLEY,HARPER VALLEY,14.293204,1841343
PTJPL,2010-10-01,6-074,6-074,HARRISBURG FLATS,HARRISBURG FLATS,12.56195,112083
PTJPL,2010-10-01,6-093,6-093,HARVEY VALLEY,HARVEY VALLEY,35.537968,20254
PTJPL,2010-10-01,1-006,1-006,HAYFORK VALLEY,HAYFORK VALLEY,60.377638,14829
PTJPL,2010-10-01,7-048,7-048,HELENDALE FAULT VALLEY,HELENDALE FAULT VALLEY,46.257111,11777
PTJPL,2010-10-01,8-006,8-006,HEMET LAKE VALLEY,HEMET LAKE VALLEY,49.929869,74988
PTJPL,2010-10-01,3-031,3-031,HERNANDEZ VALLEY,HERNANDEZ VALLEY,69.269987,12871
PTJPL,2010-10-01,1-036,1-036,HETTENSHAW VALLEY,HETTENSHAW VALLEY,42.060678,3807
PTJPL,2010-10-01,7-053,7-053,HEXIE MOUNTAIN AREA,HEXIE MOUNTAIN AREA,27.668012,50053
PTJPL,2010-10-01,6-063,6-063,HIDDEN VALLEY,HIDDEN VALLEY,12.196437,80667
PTJPL,2010-10-01,4-016,4-016,HIDDEN VALLEY,HIDDEN VALLEY,40.697929,9948
PTJPL,2010-10-01,5-016,5-016,HIGH VALLEY,HIGH VALLEY,52.353913,10593
PTJPL,2010-10-01,6-004,6-004,HONEY LAKE VALLEY,HONEY LAKE VALLEY,38.91538,1394546
PTJPL,2010-10-01,1-029,1-029,HONEYDEW TOWN AREA,HONEYDEW TOWN AREA,54.402946,10659
PTJPL,2010-10-01,1-007,1-007,HOOPA VALLEY,HOOPA VALLEY,69.34927,17528
PTJPL,2010-10-01,6-097,6-097,HORSE LAKE VALLEY,HORSE LAKE VALLEY,33.805977,17199
PTJPL,2010-10-01,5-040,5-040,HOT SPRINGS VALLEY,HOT SPRINGS VALLEY,30.792313,10824
PTJPL,2010-10-01,3-045,3-045,HUASNA VALLEY,HUASNA VALLEY,41.375798,21147
PTJPL,2010-10-01,5-060,5-060,HUMBUG VALLEY,HUMBUG VALLEY,60.199893,44834
PTJPL,2010-10-01,4-018,4-018,HUNGRY VALLEY,HUNGRY VALLEY,25.37424,23859
PTJPL,2010-10-01,1-035,1-035,HYAMPOM VALLEY,HYAMPOM VALLEY,62.315125,6096
PTJPL,2010-10-01,7-030,7-030,IMPERIAL VALLEY,IMPERIAL VALLEY,33.849503,4263234
PTJPL,2010-10-01,5-009,5-009,INDIAN VALLEY,INDIAN VALLEY,60.326116,132281
PTJPL,2010-10-01,6-054,6-054,INDIAN WELLS VALLEY,INDIAN WELLS VALLEY,9.399504,1716255
PTJPL,2010-10-01,7-050,7-050,IRON RIDGE AREA,IRON RIDGE AREA,13.335384,23570
PTJPL,2010-10-01,2-033,2-033,ISLAIS VALLEY,ISLAIS VALLEY,74.561222,26355
PTJPL,2010-10-01,6-030,6-030,IVANPAH VALLEY,IVANPAH VALLEY,16.612858,882708
PTJPL,2010-10-01,7-047,7-047,JACUMBA VALLEY,JACUMBA VALLEY,33.829937,8979
PTJPL,2010-10-01,5-003,5-003,JESS VALLEY,JESS VALLEY,45.821077,30147
PTJPL,2010-10-01,7-018.01,7-018,JOHNSON VALLEY,JOHNSON VALLEY - SOGGY LAKE,23.294515,347541
PTJPL,2010-10-01,7-018.02,7-018,JOHNSON VALLEY,JOHNSON VALLEY - UPPER JOHNSON VALLEY,21.546202,156367
PTJPL,2010-10-01,5-086,5-086,JOSEPH CREEK,JOSEPH CREEK,36.271289,20034
PTJPL,2010-10-01,7-062,7-062,JOSHUA TREE,JOSHUA TREE,27.969617,150378
PTJPL,2010-10-01,6-089,6-089,KANE WASH AREA,KANE WASH AREA,14.835507,26755
PTJPL,2010-10-01,6-069,6-069,KELSO LANDER VALLEY,KELSO LANDER VALLEY,19.236018,50191
PTJPL,2010-10-01,6-031,6-031,KELSO VALLEY,KELSO VALLEY,20.048494,1145203
PTJPL,2010-10-01,2-019,2-019,KENWOOD VALLEY,KENWOOD VALLEY,62.028218,23106
PTJPL,2010-10-01,5-025,5-025,KERN RIVER VALLEY,KERN RIVER VALLEY,32.734636,356993
PTJPL,2010-10-01,1-002.02,1-002,KLAMATH RIVER VALLEY,KLAMATH RIVER VALLEY - LOWER KLAMATH,33.177235,336345
PTJPL,2010-10-01,1-002.01,1-002,KLAMATH RIVER VALLEY,KLAMATH RIVER VALLEY - TULELAKE,45.256929,496977
PTJPL,2010-10-01,1-050,1-050,KNIGHTS VALLEY,KNIGHTS VALLEY,57.489697,18393
PTJPL,2010-10-01,5-007,5-007,LAKE ALMANOR VALLEY,LAKE ALMANOR VALLEY,56.834375,32163
PTJPL,2010-10-01,5-046,5-046,LAKE BRITTON AREA,LAKE BRITTON AREA,43.329353,63221
PTJPL,2010-10-01,7-001,7-001,LANFAIR VALLEY,LANFAIR VALLEY,20.630535,703571
PTJPL,2010-10-01,6-036.02,6-036,LANGFORD VALLEY,LANGFORD VALLEY - IRWIN,18.610371,47132
PTJPL,2010-10-01,6-036.01,6-036,LANGFORD VALLEY,LANGFORD VALLEY - LANGFORD WELL LAKE,17.567193,86847
PTJPL,2010-10-01,1-033,1-033,LARABEE VALLEY,LARABEE VALLEY,50.611239,4342
PTJPL,2010-10-01,4-008,4-008,LAS POSAS VALLEY,LAS POSAS VALLEY,37.840378,200649
PTJPL,2010-10-01,5-057,5-057,LAST CHANCE CREEK VALLEY,LAST CHANCE CREEK VALLEY,48.264723,20920
PTJPL,2010-10-01,7-014,7-014,LAVIC VALLEY,LAVIC VALLEY,25.399611,459882
PTJPL,2010-10-01,1-012,1-012,LAYTONVILLE VALLEY,LAYTONVILLE VALLEY,60.23963,22589
PTJPL,2010-10-01,6-027,6-027,LEACH VALLEY,LEACH VALLEY,10.355115,275049
PTJPL,2010-10-01,6-066,6-066,LEE FLAT,LEE FLAT,16.179711,91213
PTJPL,2010-10-01,6-106,6-106,LITTLE ANTELOPE VALLEY,LITTLE ANTELOPE VALLEY,32.911089,11191
PTJPL,2010-10-01,5-065,5-065,LITTLE INDIAN VALLEY,LITTLE INDIAN VALLEY,39.971614,5707
PTJPL,2010-10-01,1-013,1-013,LITTLE LAKE VALLEY,LITTLE LAKE VALLEY,42.286803,45010
PTJPL,2010-10-01,1-041,1-041,LITTLE VALLEY,LITTLE VALLEY,67.993707,3655
PTJPL,2010-10-01,2-010,2-010,LIVERMORE VALLEY,LIVERMORE VALLEY,47.534927,312809
PTJPL,2010-10-01,2-038,2-038,LOBOS,LOBOS,77.301894,10613
PTJPL,2010-10-01,3-006,3-006,LOCKWOOD VALLEY,LOCKWOOD VALLEY,40.091336,269553
PTJPL,2010-10-01,4-017,4-017,LOCKWOOD VALLEY,LOCKWOOD VALLEY,34.674375,97987
PTJPL,2010-10-01,6-011,6-011,LONG VALLEY,LONG VALLEY,20.452322,321545
PTJPL,2010-10-01,5-044,5-044,LONG VALLEY,LONG VALLEY,40.972757,4882
PTJPL,2010-10-01,6-104,6-104,LONG VALLEY,LONG VALLEY,41.768329,210294
PTJPL,2010-10-01,5-031,5-031,LONG VALLEY,LONG VALLEY,52.968123,12611
PTJPL,2010-10-01,5-070,5-070,LOS BANOS CREEK VALLEY,LOS BANOS CREEK VALLEY,39.81442,21748
PTJPL,2010-10-01,3-008.01,3-008,LOS OSOS VALLEY,LOS OSOS VALLEY - LOS OSOS AREA,66.949711,19010
PTJPL,2010-10-01,3-008.02,3-008,LOS OSOS VALLEY,LOS OSOS VALLEY - WARDEN CREEK,63.961931,7933
PTJPL,2010-10-01,7-051,7-051,LOST HORSE VALLEY,LOST HORSE VALLEY,34.298185,77794
PTJPL,2010-10-01,6-071,6-071,LOST LAKE VALLEY,LOST LAKE VALLEY,9.92383,104530
PTJPL,2010-10-01,6-021,6-021,LOWER KINGSTON VALLEY,LOWER KINGSTON VALLEY,11.858551,1078042
PTJPL,2010-10-01,1-014,1-014,LOWER KLAMATH RIVER VALLEY,LOWER KLAMATH RIVER VALLEY,55.38776,31308
PTJPL,2010-10-01,5-030,5-030,LOWER LAKE VALLEY,LOWER LAKE VALLEY,66.010176,10810
PTJPL,2010-10-01,1-038,1-038,LOWER LAYTONVILLE VALLEY,LOWER LAYTONVILLE VALLEY,67.442447,9678
PTJPL,2010-10-01,6-040,6-040,LOWER MOJAVE RIVER VALLEY,LOWER MOJAVE RIVER VALLEY,14.807697,1283597
PTJPL,2010-10-01,1-060,1-060,LOWER RUSSIAN RIVER VALLEY,LOWER RUSSIAN RIVER VALLEY,74.563097,29835
PTJPL,2010-10-01,7-019,7-019,LUCERNE VALLEY,LUCERNE VALLEY,11.887988,662912
PTJPL,2010-10-01,1-008.02,1-008,MAD RIVER VALLEY,MAD RIVER VALLEY - DOWS PRAIRIE SCHOOL AREA,66.761573,68067
PTJPL,2010-10-01,1-008.01,1-008,MAD RIVER VALLEY,MAD RIVER VALLEY - MAD RIVER LOWLAND,63.90332,105968
PTJPL,2010-10-01,6-002,6-002,MADELINE PLAINS,MADELINE PLAINS,31.264097,701902
PTJPL,2010-10-01,3-051,3-051,MAJORS CREEK,MAJORS CREEK,62.546209,1688
PTJPL,2010-10-01,4-022,4-022,MALIBU VALLEY,MALIBU VALLEY,35.004994,2603
PTJPL,2010-10-01,6-064,6-064,MARBLE CANYON AREA,MARBLE CANYON AREA,15.098841,46600
PTJPL,2010-10-01,2-039,2-039,MARINA,MARINA,80.396299,9836
PTJPL,2010-10-01,6-067,6-067,MARTIS VALLEY,MARTIS VALLEY,65.500447,163488
PTJPL,2010-10-01,7-059,7-059,MASON VALLEY,MASON VALLEY,37.306819,24829
PTJPL,2010-10-01,1-028,1-028,MATTOLE RIVER VALLEY,MATTOLE RIVER VALLEY,54.810972,13744
PTJPL,2010-10-01,5-035,5-035,MCCLOUD AREA,MCCLOUD AREA,58.046092,95916
PTJPL,2010-10-01,5-095,5-095,MEADOW VALLEY,MEADOW VALLEY,61.886282,25783
PTJPL,2010-10-01,7-017,7-017,MEANS VALLEY,MEANS VALLEY,25.392552,67158
PTJPL,2010-10-01,6-029,6-029,MESQUITE VALLEY,MESQUITE VALLEY,16.751,384627
PTJPL,2010-10-01,6-020,6-020,MIDDLE AMARGOSA VALLEY,MIDDLE AMARGOSA VALLEY,10.972683,1741060
PTJPL,2010-10-01,5-094,5-094,MIDDLE CREEK,MIDDLE CREEK,46.910523,3174
PTJPL,2010-10-01,5-087,5-087,MIDDLE FORK FEATHER RIVER,MIDDLE FORK FEATHER RIVER,61.202061,19509
PTJPL,2010-10-01,6-041,6-041,MIDDLE MOJAVE RIVER VALLEY,MIDDLE MOJAVE RIVER VALLEY,16.938469,950206
PTJPL,2010-10-01,6-080,6-080,MIDDLE PARK CANYON,MIDDLE PARK CANYON,18.780644,7832
PTJPL,2010-10-01,5-085,5-085,MIL POTRERO AREA,MIL POTRERO AREA,55.654817,10380
PTJPL,2010-10-01,9-014,9-014,MISSION VALLEY,MISSION VALLEY,45.509218,31839
PTJPL,2010-10-01,5-011,5-011,MOHAWK VALLEY,MOHAWK VALLEY,65.563248,85339
PTJPL,2010-10-01,6-009,6-009,MONO VALLEY,MONO VALLEY,30.708533,772356
PTJPL,2010-10-01,3-049,3-049,MONTECITO,MONTECITO,40.030141,27305
PTJPL,2010-10-01,7-020,7-020,MORONGO VALLEY,MORONGO VALLEY,36.922729,32496
PTJPL,2010-10-01,3-041,3-041,MORRO VALLEY,MORRO VALLEY,57.4024,2500
PTJPL,2010-10-01,5-008,5-008,MOUNTAIN MEADOWS VALLEY,MOUNTAIN MEADOWS VALLEY,53.092918,36613
PTJPL,2010-10-01,1-056,1-056,McDOWELL VALLEY,McDOWELL VALLEY,68.082611,6694
PTJPL,2010-10-01,2-002.01,2-002,NAPA-SONOMA VALLEY,NAPA-SONOMA VALLEY - NAPA VALLEY,65.342535,206531
PTJPL,2010-10-01,2-002.03,2-002,NAPA-SONOMA VALLEY,NAPA-SONOMA VALLEY - NAPA-SONOMA LOWLANDS,66.503437,180704
PTJPL,2010-10-01,2-002.02,2-002,NAPA-SONOMA VALLEY,NAPA-SONOMA VALLEY - SONOMA VALLEY,61.620807,201644
PTJPL,2010-10-01,1-046,1-046,NAVARRO RIVER VALLEY,NAVARRO RIVER VALLEY,91.368879,3104
PTJPL,2010-10-01,3-052,3-052,NEEDLE ROCK POINT,NEEDLE ROCK POINT,59.51339,3062
PTJPL,2010-10-01,7-044,7-044,NEEDLES VALLEY,NEEDLES VALLEY,23.797096,384793
PTJPL,2010-10-01,5-050,5-050,NORTH FORK BATTLE CREEK,NORTH FORK BATTLE CREEK,58.220807,57394
PTJPL,2010-10-01,2-030,2-030,NOVATO VALLEY,NOVATO VALLEY,72.020796,92327
PTJPL,2010-10-01,7-025,7-025,OCOTILLO-CLARK VALLEY,OCOTILLO-CLARK VALLEY,15.144686,999504
PTJPL,2010-10-01,7-035,7-035,OGILBY VALLEY,OGILBY VALLEY,10.834432,592059
PTJPL,2010-10-01,4-002,4-002,OJAI VALLEY,OJAI VALLEY,56.671506,26588
PTJPL,2010-10-01,3-039,3-039,OLD VALLEY,OLD VALLEY,54.91394,5043
PTJPL,2010-10-01,6-108,6-108,OLYMPIC VALLEY,OLYMPIC VALLEY,67.426806,3156
PTJPL,2010-10-01,7-031,7-031,OROCOPIA VALLEY,OROCOPIA VALLEY,22.28402,432652
PTJPL,2010-10-01,6-012.02,6-012,OWENS VALLEY,OWENS VALLEY - FISH SLOUGH,27.048696,14498
PTJPL,2010-10-01,6-012.01,6-012,OWENS VALLEY,OWENS VALLEY - OWENS VALLEY,23.329812,2966466
PTJPL,2010-10-01,6-088,6-088,OWL LAKE VALLEY,OWL LAKE VALLEY,8.830177,100004
PTJPL,2010-10-01,6-028,6-028,PAHRUMP VALLEY,PAHRUMP VALLEY,13.216416,407322
PTJPL,2010-10-01,6-099,6-099,PAINTERS FLAT,PAINTERS FLAT,30.236261,28113
PTJPL,2010-10-01,7-039,7-039,PALO VERDE MESA,PALO VERDE MESA,22.977154,1011292
PTJPL,2010-10-01,7-038,7-038,PALO VERDE VALLEY,PALO VERDE VALLEY,64.99676,302116
PTJPL,2010-10-01,9-024,9-024,PAMO VALLEY,PAMO VALLEY,37.241058,6766
PTJPL,2010-10-01,6-058,6-058,PANAMINT VALLEY,PANAMINT VALLEY,8.39024,1165899
PTJPL,2010-10-01,5-023,5-023,PANOCHE VALLEY,PANOCHE VALLEY,50.704997,148758
PTJPL,2010-10-01,3-032,3-032,PEACH TREE VALLEY,PEACH TREE VALLEY,25.628957,44038
PTJPL,2010-10-01,1-030,1-030,PEPPERWOOD TOWN AREA,PEPPERWOOD TOWN AREA,70.553566,28264
PTJPL,2010-10-01,2-026,2-026,PESCADERO VALLEY,PESCADERO VALLEY,62.032371,13098
PTJPL,2010-10-01,2-001,2-001,PETALUMA VALLEY,PETALUMA VALLEY,62.326803,209830
PTJPL,2010-10-01,6-051,6-051,PILOT KNOB VALLEY,PILOT KNOB VALLEY,11.871406,623272
PTJPL,2010-10-01,6-092,6-092,PINE CREEK VALLEY,PINE CREEK VALLEY,37.701394,42839
PTJPL,2010-10-01,7-006,7-006,PINTO VALLEY,PINTO VALLEY,19.199541,820363
PTJPL,2010-10-01,7-049,7-049,PIPES CANYON FAULT VALLEY,PIPES CANYON FAULT VALLEY,42.192927,15213
PTJPL,2010-10-01,2-004,2-004,PITTSBURG PLAIN,PITTSBURG PLAIN,57.346845,52225
PTJPL,2010-10-01,7-045,7-045,PIUTE VALLEY,PIUTE VALLEY,18.014661,782128
PTJPL,2010-10-01,7-052,7-052,PLEASANT VALLEY,PLEASANT VALLEY,28.294005,43336
PTJPL,2010-10-01,4-006,4-006,PLEASANT VALLEY,PLEASANT VALLEY,24.538288,89192
PTJPL,2010-10-01,5-038,5-038,PONDOSA TOWN AREA,PONDOSA TOWN AREA,51.871406,9355
PTJPL,2010-10-01,5-068,5-068,POPE VALLEY,POPE VALLEY,57.030762,32313
PTJPL,2010-10-01,9-029,9-029,POTRERO VALLEY,POTRERO VALLEY,33.460971,9083
PTJPL,2010-10-01,1-051,1-051,POTTER VALLEY,POTTER VALLEY,58.150348,37054
PTJPL,2010-10-01,9-013,9-013,POWAY VALLEY,POWAY VALLEY,40.593502,11080
PTJPL,2010-10-01,3-044,3-044,POZO VALLEY,POZO VALLEY,37.547427,30784
PTJPL,2010-10-01,1-025,1-025,PRAIRIE CREEK AREA,PRAIRIE CREEK AREA,63.385457,91084
PTJPL,2010-10-01,7-040,7-040,QUIEN SABE POINT VALLEY,QUIEN SABE POINT VALLEY,18.495426,99694
PTJPL,2010-10-01,3-024,3-024,QUIEN SABE VALLEY,QUIEN SABE VALLEY,40.559156,21173
PTJPL,2010-10-01,6-062,6-062,RACE TRACK VALLEY,RACE TRACK VALLEY,9.481891,63448
PTJPL,2010-10-01,3-046,3-046,RAFAEL VALLEY,RAFAEL VALLEY,31.355215,13451
PTJPL,2010-10-01,9-025,9-025,RANCHITA TOWN AREA,RANCHITA TOWN AREA,35.095995,14032
PTJPL,2010-10-01,4-023,4-023,RAYMOND,RAYMOND,37.483209,117113
PTJPL,2010-10-01,6-024,6-024,RED PASS VALLEY,RED PASS VALLEY,10.541656,433105
PTJPL,2010-10-01,1-018,1-018,RED ROCK VALLEY,RED ROCK VALLEY,37.907481,40478
PTJPL,2010-10-01,5-006.03,5-006,REDDING AREA,REDDING AREA - ANDERSON,54.482023,443744
PTJPL,2010-10-01,5-006.01,5-006,REDDING AREA,REDDING AREA - BOWMAN,46.848605,550983
PTJPL,2010-10-01,5-006.04,5-006,REDDING AREA,REDDING AREA - ENTERPRISE,47.763916,275588
PTJPL,2010-10-01,5-006.05,5-006,REDDING AREA,REDDING AREA - MILLVILLE,43.272811,295058
PTJPL,2010-10-01,5-006.06,5-006,REDDING AREA,REDDING AREA - SOUTH BATTLE CREEK,37.103895,151596
PTJPL,2010-10-01,1-026,1-026,REDWOOD CREEK AREA,REDWOOD CREEK AREA,54.75073,8910
PTJPL,2010-10-01,6-086,6-086,RHODES HILL AREA,RHODES HILL AREA,10.087457,70069
PTJPL,2010-10-01,7-004,7-004,RICE VALLEY,RICE VALLEY,14.496268,841014
PTJPL,2010-10-01,6-023,6-023,RIGGS VALLEY,RIGGS VALLEY,9.619796,393528
PTJPL,2010-10-01,3-043,3-043,RINCONADA VALLEY,RINCONADA VALLEY,38.690382,11582
PTJPL,2010-10-01,5-043,5-043,ROCK PRAIRIE VALLEY,ROCK PRAIRIE VALLEY,14.932186,25806
PTJPL,2010-10-01,6-056,6-056,ROSE VALLEY,ROSE VALLEY,15.629561,191219
PTJPL,2010-10-01,2-028,2-028,ROSS VALLEY,ROSS VALLEY,71.23884,7930
PTJPL,2010-10-01,5-036,5-036,ROUND VALLEY,ROUND VALLEY,20.803545,32664
PTJPL,2010-10-01,4-020,4-020,RUSSELL VALLEY,RUSSELL VALLEY,31.91327,13836
PTJPL,2010-10-01,5-021.54,5-021,SACRAMENTO VALLEY,SACRAMENTO VALLEY - ANTELOPE,58.841817,85850
PTJPL,2010-10-01,5-021.53,5-021,SACRAMENTO VALLEY,SACRAMENTO VALLEY - BEND,39.588283,101956
PTJPL,2010-10-01,5-021.70,5-021,SACRAMENTO VALLEY,SACRAMENTO VALLEY - BUTTE,75.539645,1198613
PTJPL,2010-10-01,5-021.52,5-021,SACRAMENTO VALLEY,SACRAMENTO VALLEY - COLUSA,64.795408,3249958
PTJPL,2010-10-01,5-021.51,5-021,SACRAMENTO VALLEY,SACRAMENTO VALLEY - CORNING,46.750762,932332
PTJPL,2010-10-01,5-021.56,5-021,SACRAMENTO VALLEY,SACRAMENTO VALLEY - LOS MOLINOS,41.131884,447052
PTJPL,2010-10-01,5-021.64,5-021,SACRAMENTO VALLEY,SACRAMENTO VALLEY - NORTH AMERICAN,61.329113,1538615
PTJPL,2010-10-01,5-021.60,5-021,SACRAMENTO VALLEY,SACRAMENTO VALLEY - NORTH YUBA,77.276401,273574
PTJPL,2010-10-01,5-021.50,5-021,SACRAMENTO VALLEY,SACRAMENTO VALLEY - RED BLUFF,40.240382,1222091
PTJPL,2010-10-01,5-021.66,5-021,SACRAMENTO VALLEY,SACRAMENTO VALLEY - SOLANO,66.092598,1594012
PTJPL,2010-10-01,5-021.65,5-021,SACRAMENTO VALLEY,SACRAMENTO VALLEY - SOUTH AMERICAN,57.050465,1116893
PTJPL,2010-10-01,5-021.61,5-021,SACRAMENTO VALLEY,SACRAMENTO VALLEY - SOUTH YUBA,66.147923,490201
PTJPL,2010-10-01,5-021.62,5-021,SACRAMENTO VALLEY,SACRAMENTO VALLEY - SUTTER,68.690461,1285048
PTJPL,2010-10-01,5-021.57,5-021,SACRAMENTO VALLEY,SACRAMENTO VALLEY - VINA,58.897286,831426
PTJPL,2010-10-01,5-021.69,5-021,SACRAMENTO VALLEY,SACRAMENTO VALLEY - WYANDOTTE CREEK,56.161958,266977
PTJPL,2010-10-01,5-021.67,5-021,SACRAMENTO VALLEY,SACRAMENTO VALLEY - YOLO,58.987265,2431220
PTJPL,2010-10-01,3-004.01,3-004,SALINAS VALLEY,SALINAS VALLEY - 180/400 FOOT AQUIFER,65.360028,402463
PTJPL,2010-10-01,3-004.11,3-004,SALINAS VALLEY,SALINAS VALLEY - ATASCADERO AREA,38.14498,88757
PTJPL,2010-10-01,3-004.02,3-004,SALINAS VALLEY,SALINAS VALLEY - EAST SIDE AQUIFER,60.085636,258455
PTJPL,2010-10-01,3-004.04,3-004,SALINAS VALLEY,SALINAS VALLEY - FOREBAY AQUIFER,58.247923,422898
PTJPL,2010-10-01,3-004.09,3-004,SALINAS VALLEY,SALINAS VALLEY - LANGLEY AREA,69.15055,79223
PTJPL,2010-10-01,3-004.10,3-004,SALINAS VALLEY,SALINAS VALLEY - MONTEREY,74.93757,138524
PTJPL,2010-10-01,3-004.06,3-004,SALINAS VALLEY,SALINAS VALLEY - PASO ROBLES AREA,31.687937,1961085
PTJPL,2010-10-01,3-004.08,3-004,SALINAS VALLEY,SALINAS VALLEY - SEASIDE,75.476983,65105
PTJPL,2010-10-01,3-004.05,3-004,SALINAS VALLEY,SALINAS VALLEY - UPPER VALLEY AQUIFER,37.728476,1070293
PTJPL,2010-10-01,6-017,6-017,SALINE VALLEY,SALINE VALLEY,8.002436,657298
PTJPL,2010-10-01,6-053,6-053,SALT WELLS VALLEY,SALT WELLS VALLEY,6.983889,132519
PTJPL,2010-10-01,3-014,3-014,SAN ANTONIO CREEK VALLEY,SAN ANTONIO CREEK VALLEY,49.677354,303230
PTJPL,2010-10-01,3-028,3-028,SAN BENITO RIVER VALLEY,SAN BENITO RIVER VALLEY,60.396433,108949
PTJPL,2010-10-01,3-033,3-033,SAN CARPOFORO VALLEY,SAN CARPOFORO VALLEY,72.434539,4644
PTJPL,2010-10-01,9-015,9-015,SAN DIEGO RIVER VALLEY,SAN DIEGO RIVER VALLEY,38.043334,38030
PTJPL,2010-10-01,9-012,9-012,SAN DIEGUITO CREEK,SAN DIEGUITO CREEK,63.26674,15457
PTJPL,2010-10-01,9-023,9-023,SAN ELIJO VALLEY,SAN ELIJO VALLEY,72.403124,3969
PTJPL,2010-10-01,7-027,7-027,SAN FELIPE VALLEY,SAN FELIPE VALLEY,35.250418,105140
PTJPL,2010-10-01,4-012,4-012,SAN FERNANDO VALLEY,SAN FERNANDO VALLEY,30.195367,651272
PTJPL,2010-10-01,4-013,4-013,SAN GABRIEL VALLEY,SAN GABRIEL VALLEY,26.056602,568282
PTJPL,2010-10-01,2-024,2-024,SAN GREGORIO VALLEY,SAN GREGORIO VALLEY,58.535894,4764
PTJPL,2010-10-01,8-005,8-005,SAN JACINTO,SAN JACINTO,23.740263,712864
PTJPL,2010-10-01,5-022.05,5-022,SAN JOAQUIN VALLEY,SAN JOAQUIN VALLEY - CHOWCHILLA,56.622252,654601
PTJPL,2010-10-01,5-022.16,5-022,SAN JOAQUIN VALLEY,SAN JOAQUIN VALLEY - COSUMNES,57.72653,945540
PTJPL,2010-10-01,5-022.07,5-022,SAN JOAQUIN VALLEY,SAN JOAQUIN VALLEY - DELTA-MENDOTA,69.849387,3439751
PTJPL,2010-10-01,5-022.19,5-022,SAN JOAQUIN VALLEY,SAN JOAQUIN VALLEY - EAST CONTRA COSTA,67.605543,483809
PTJPL,2010-10-01,5-022.01,5-022,SAN JOAQUIN VALLEY,SAN JOAQUIN VALLEY - EASTERN SAN JOAQUIN,64.102479,3438887
PTJPL,2010-10-01,5-022.11,5-022,SAN JOAQUIN VALLEY,SAN JOAQUIN VALLEY - KAWEAH,48.888568,1982828
PTJPL,2010-10-01,5-022.14,5-022,SAN JOAQUIN VALLEY,SAN JOAQUIN VALLEY - KERN COUNTY,37.201932,8014112
PTJPL,2010-10-01,5-022.17,5-022,SAN JOAQUIN VALLEY,SAN JOAQUIN VALLEY - KETTLEMAN PLAIN,21.713859,286610
PTJPL,2010-10-01,5-022.08,5-022,SAN JOAQUIN VALLEY,SAN JOAQUIN VALLEY - KINGS,62.912033,4406129
PTJPL,2010-10-01,5-022.06,5-022,SAN JOAQUIN VALLEY,SAN JOAQUIN VALLEY - MADERA,55.048976,1562954
PTJPL,2010-10-01,5-022.04,5-022,SAN JOAQUIN VALLEY,SAN JOAQUIN VALLEY - MERCED,52.086814,2304904
PTJPL,2010-10-01,5-022.02,5-022,SAN JOAQUIN VALLEY,SAN JOAQUIN VALLEY - MODESTO,61.752239,1102748
PTJPL,2010-10-01,5-022.10,5-022,SAN JOAQUIN VALLEY,SAN JOAQUIN VALLEY - PLEASANT VALLEY,31.519963,216677
PTJPL,2010-10-01,5-022.15,5-022,SAN JOAQUIN VALLEY,SAN JOAQUIN VALLEY - TRACY,65.314555,1071824
PTJPL,2010-10-01,5-022.12,5-022,SAN JOAQUIN VALLEY,SAN JOAQUIN VALLEY - TULARE LAKE,45.258188,2409736
PTJPL,2010-10-01,5-022.13,5-022,SAN JOAQUIN VALLEY,SAN JOAQUIN VALLEY - TULE,42.158067,2147515
PTJPL,2010-10-01,5-022.03,5-022,SAN JOAQUIN VALLEY,SAN JOAQUIN VALLEY - TURLOCK,66.727649,1565657
PTJPL,2010-10-01,5-022.09,5-022,SAN JOAQUIN VALLEY,SAN JOAQUIN VALLEY - WESTSIDE,53.337453,2797567
PTJPL,2010-10-01,5-022.18,5-022,SAN JOAQUIN VALLEY,SAN JOAQUIN VALLEY - WHITE WOLF,34.747861,483575
PTJPL,2010-10-01,9-001,9-001,SAN JUAN VALLEY,SAN JUAN VALLEY,46.930571,73255
PTJPL,2010-10-01,3-009,3-009,SAN LUIS OBISPO VALLEY,SAN LUIS OBISPO VALLEY,50.427343,57221
PTJPL,2010-10-01,9-007.02,9-007,SAN LUIS REY VALLEY,SAN LUIS REY VALLEY - LOWER SAN LUIS REY VALLEY,56.559653,46175
PTJPL,2010-10-01,9-007.01,9-007,SAN LUIS REY VALLEY,SAN LUIS REY VALLEY - UPPER SAN LUIS REY VALLEY,44.293751,86570
PTJPL,2010-10-01,9-032,9-032,SAN MARCOS AREA,SAN MARCOS AREA,48.772376,9564
PTJPL,2010-10-01,9-002,9-002,SAN MATEO VALLEY,SAN MATEO VALLEY,61.546,13000
PTJPL,2010-10-01,9-003,9-003,SAN ONOFRE VALLEY,SAN ONOFRE VALLEY,65.046986,5491
PTJPL,2010-10-01,9-010,9-010,SAN PASQUAL VALLEY,SAN PASQUAL VALLEY,43.847646,15720
PTJPL,2010-10-01,2-036,2-036,SAN PEDRO VALLEY,SAN PEDRO VALLEY,70.968512,2763
PTJPL,2010-10-01,2-029,2-029,SAN RAFAEL VALLEY,SAN RAFAEL VALLEY,63.723805,3932
PTJPL,2010-10-01,2-007,2-007,SAN RAMON VALLEY,SAN RAMON VALLEY,62.725721,31745
PTJPL,2010-10-01,3-035,3-035,SAN SIMEON VALLEY,SAN SIMEON VALLEY,71.432594,2344
PTJPL,2010-10-01,2-027,2-027,SAND POINT AREA,SAND POINT AREA,62.628009,100075
PTJPL,2010-10-01,1-053,1-053,SANEL VALLEY,SANEL VALLEY,63.64892,25057
PTJPL,2010-10-01,3-022,3-022,SANTA ANA VALLEY,SANTA ANA VALLEY,32.743653,12249
PTJPL,2010-10-01,3-017,3-017,SANTA BARBARA,SANTA BARBARA,29.841111,26849
PTJPL,2010-10-01,4-004.05,4-004,SANTA CLARA RIVER VALLEY,SANTA CLARA RIVER VALLEY - FILLMORE,54.951648,101526
PTJPL,2010-10-01,4-004.03,4-004,SANTA CLARA RIVER VALLEY,SANTA CLARA RIVER VALLEY - MOUND,22.814966,61551
PTJPL,2010-10-01,4-004.02,4-004,SANTA CLARA RIVER VALLEY,SANTA CLARA RIVER VALLEY - OXNARD,20.329682,249956
PTJPL,2010-10-01,4-004.06,4-004,SANTA CLARA RIVER VALLEY,SANTA CLARA RIVER VALLEY - PIRU,36.272772,49008
PTJPL,2010-10-01,4-004.07,4-004,SANTA CLARA RIVER VALLEY,SANTA CLARA RIVER VALLEY - SANTA CLARA RIVER VALLEY EAST,29.271953,303953
PTJPL,2010-10-01,4-004.04,4-004,SANTA CLARA RIVER VALLEY,SANTA CLARA RIVER VALLEY - SANTA PAULA,43.320793,99438
PTJPL,2010-10-01,2-009.04,2-009,SANTA CLARA VALLEY,SANTA CLARA VALLEY - EAST BAY PLAIN,62.029136,319601
PTJPL,2010-10-01,2-009.01,2-009,SANTA CLARA VALLEY,SANTA CLARA VALLEY - NILES CONE,58.424972,293038
PTJPL,2010-10-01,2-009.03,2-009,SANTA CLARA VALLEY,SANTA CLARA VALLEY - SAN MATEO PLAIN,64.083963,169003
PTJPL,2010-10-01,2-009.02,2-009,SANTA CLARA VALLEY,SANTA CLARA VALLEY - SANTA CLARA,56.053183,852128
PTJPL,2010-10-01,3-001,3-001,SANTA CRUZ MID-COUNTY,SANTA CRUZ MID-COUNTY,73.557407,159955
PTJPL,2010-10-01,3-027,3-027,SANTA MARGARITA,SANTA MARGARITA,75.81601,100049
PTJPL,2010-10-01,9-004,9-004,SANTA MARGARITA VALLEY,SANTA MARGARITA VALLEY,63.310675,22435
PTJPL,2010-10-01,3-012.02,3-012,SANTA MARIA RIVER VALLEY,SANTA MARIA RIVER VALLEY - ARROYO GRANDE,45.422802,13025
PTJPL,2010-10-01,3-012.01,3-012,SANTA MARIA RIVER VALLEY,SANTA MARIA RIVER VALLEY - SANTA MARIA,39.807618,762086
PTJPL,2010-10-01,9-011,9-011,SANTA MARIA VALLEY,SANTA MARIA VALLEY,32.016522,55261
PTJPL,2010-10-01,6-068,6-068,SANTA ROSA FLAT,SANTA ROSA FLAT,12.886296,75450
PTJPL,2010-10-01,3-036,3-036,SANTA ROSA VALLEY,SANTA ROSA VALLEY,65.388972,15379
PTJPL,2010-10-01,1-055.02,1-055,SANTA ROSA VALLEY,SANTA ROSA VALLEY - HEALDSBURG AREA,66.237675,69292
PTJPL,2010-10-01,1-055.03,1-055,SANTA ROSA VALLEY,SANTA ROSA VALLEY - RINCON VALLEY,60.824024,24958
PTJPL,2010-10-01,1-055.01,1-055,SANTA ROSA VALLEY,SANTA ROSA VALLEY - SANTA ROSA PLAIN,62.773893,365509
PTJPL,2010-10-01,3-015,3-015,SANTA YNEZ RIVER VALLEY,SANTA YNEZ RIVER VALLEY,43.681466,911577
PTJPL,2010-10-01,1-005,1-005,SCOTT RIVER VALLEY,SCOTT RIVER VALLEY,50.486433,286977
PTJPL,2010-10-01,5-014,5-014,SCOTTS VALLEY,SCOTTS VALLEY,56.49672,32930
PTJPL,2010-10-01,6-052,6-052,SEARLES VALLEY,SEARLES VALLEY,9.733436,885782
PTJPL,2010-10-01,6-100,6-100,SECRET VALLEY,SECRET VALLEY,32.729858,151387
PTJPL,2010-10-01,1-016,1-016,SEIAD VALLEY,SEIAD VALLEY,73.101237,10105
PTJPL,2010-10-01,8-008,8-008,SEVEN OAKS VALLEY,SEVEN OAKS VALLEY,47.818807,18334
PTJPL,2010-10-01,1-004,1-004,SHASTA VALLEY,SHASTA VALLEY,30.358262,981159
PTJPL,2010-10-01,1-042,1-042,SHERWOOD VALLEY,SHERWOOD VALLEY,62.81892,5169
PTJPL,2010-10-01,5-012.02,5-012,SIERRA VALLEY,SIERRA VALLEY - CHILCOOT,45.150348,33948
PTJPL,2010-10-01,5-012.01,5-012,SIERRA VALLEY,SIERRA VALLEY - SIERRA VALLEY,48.437843,527445
PTJPL,2010-10-01,6-034,6-034,SILVER LAKE VALLEY,SILVER LAKE VALLEY,12.68603,158273
PTJPL,2010-10-01,4-009,4-009,SIMI VALLEY,SIMI VALLEY,28.294331,54663
PTJPL,2010-10-01,6-105,6-105,SLINKARD VALLEY,SLINKARD VALLEY,34.623958,20269
PTJPL,2010-10-01,1-001,1-001,SMITH RIVER PLAIN,SMITH RIVER PLAIN,62.587025,174202
PTJPL,2010-10-01,6-033,6-033,SODA LAKE VALLEY,SODA LAKE VALLEY,22.208264,1708930
PTJPL,2010-10-01,2-037,2-037,SOUTH SAN FRANCISCO,SOUTH SAN FRANCISCO,75.029421,9755
PTJPL,2010-10-01,6-082,6-082,SPRING CANYON VALLEY,SPRING CANYON VALLEY,11.396405,21584
PTJPL,2010-10-01,5-089,5-089,SQUAW FLAT,SQUAW FLAT,31.886461,5813
PTJPL,2010-10-01,5-088,5-088,STONY GORGE RESERVOIR,STONY GORGE RESERVOIR,47.238304,4788
PTJPL,2010-10-01,5-063,5-063,STONYFORD TOWN AREA,STONYFORD TOWN AREA,44.208012,28955
PTJPL,2010-10-01,2-003,2-003,SUISUN-FAIRFIELD VALLEY,SUISUN-FAIRFIELD VALLEY,60.370773,600653
PTJPL,2010-10-01,2-011,2-011,SUNOL VALLEY,SUNOL VALLEY,45.88538,74769
PTJPL,2010-10-01,6-049,6-049,SUPERIOR VALLEY,SUPERIOR VALLEY,14.106553,541018
PTJPL,2010-10-01,6-001,6-001,SURPRISE VALLEY,SURPRISE VALLEY,28.179507,1026748
PTJPL,2010-10-01,6-107,6-107,SWEETWATER FLAT,SWEETWATER FLAT,29.207837,17966
PTJPL,2010-10-01,6-005.03,6-005,TAHOE VALLEY,TAHOE VALLEY - TAHOE NORTH,62.387877,8678
PTJPL,2010-10-01,6-005.01,6-005,TAHOE VALLEY,TAHOE VALLEY - TAHOE SOUTH,53.111074,65254
PTJPL,2010-10-01,6-005.02,6-005,TAHOE VALLEY,TAHOE VALLEY - TAHOE WEST,74.837952,27751
PTJPL,2010-10-01,6-045,6-045,TEHACHAPI VALLEY EAST,TEHACHAPI VALLEY EAST,29.714253,107742
PTJPL,2010-10-01,5-028,5-028,TEHACHAPI VALLEY WEST,TEHACHAPI VALLEY WEST,26.811281,66289
PTJPL,2010-10-01,9-005,9-005,TEMECULA VALLEY,TEMECULA VALLEY,32.106537,394594
PTJPL,2010-10-01,1-040,1-040,TEN MILE RIVER VALLEY,TEN MILE RIVER VALLEY,65.12293,6703
PTJPL,2010-10-01,7-026,7-026,TERWILLIGER VALLEY,TERWILLIGER VALLEY,36.039315,36068
PTJPL,2010-10-01,4-019,4-019,THOUSAND OAKS AREA,THOUSAND OAKS AREA,34.885056,13972
PTJPL,2010-10-01,4-015,4-015,TIERRA REJADA,TIERRA REJADA,26.73079,20679
PTJPL,2010-10-01,5-037,5-037,TOAD WELL AREA,TOAD WELL AREA,46.997683,15103
PTJPL,2010-10-01,3-040,3-040,TORO VALLEY,TORO VALLEY,67.784853,3235
PTJPL,2010-10-01,6-098,6-098,TULEDAD CANYON VALLEY,TULEDAD CANYON VALLEY,32.114145,23111
PTJPL,2010-10-01,7-010,7-010,TWENTYNINE PALMS VALLEY,TWENTYNINE PALMS VALLEY,25.483968,279940
PTJPL,2010-10-01,1-052,1-052,UKIAH VALLEY,UKIAH VALLEY,62.053896,168750
PTJPL,2010-10-01,6-022,6-022,UPPER KINGSTON VALLEY,UPPER KINGSTON VALLEY,18.560661,794700
PTJPL,2010-10-01,5-013,5-013,UPPER LAKE VALLEY,UPPER LAKE VALLEY,52.827766,32659
PTJPL,2010-10-01,6-042,6-042,UPPER MOJAVE RIVER VALLEY,UPPER MOJAVE RIVER VALLEY,22.715701,1855083
PTJPL,2010-10-01,4-001,4-001,UPPER OJAI VALLEY,UPPER OJAI VALLEY,43.725069,17117
PTJPL,2010-10-01,3-023,3-023,UPPER SANTA ANA VALLEY,UPPER SANTA ANA VALLEY,36.752912,6439
PTJPL,2010-10-01,8-002.05,8-002,UPPER SANTA ANA VALLEY,UPPER SANTA ANA VALLEY - CAJON,27.213442,104061
PTJPL,2010-10-01,8-002.01,8-002,UPPER SANTA ANA VALLEY,UPPER SANTA ANA VALLEY - CHINO,23.184206,691428
PTJPL,2010-10-01,8-002.02,8-002,UPPER SANTA ANA VALLEY,UPPER SANTA ANA VALLEY - CUCAMONGA,29.264171,40576
PTJPL,2010-10-01,8-002.04,8-002,UPPER SANTA ANA VALLEY,UPPER SANTA ANA VALLEY - RIALTO-COLTON,19.967192,111497
PTJPL,2010-10-01,8-002.03,8-002,UPPER SANTA ANA VALLEY,UPPER SANTA ANA VALLEY - RIVERSIDE-ARLINGTON,25.618822,254338
PTJPL,2010-10-01,8-002.06,8-002,UPPER SANTA ANA VALLEY,UPPER SANTA ANA VALLEY - SAN BERNARDINO,22.963454,415856
PTJPL,2010-10-01,8-002.08,8-002,UPPER SANTA ANA VALLEY,UPPER SANTA ANA VALLEY - SAN TIMOTEO,25.923333,145174
PTJPL,2010-10-01,8-002.09,8-002,UPPER SANTA ANA VALLEY,UPPER SANTA ANA VALLEY - TEMESCAL,27.372886,103262
PTJPL,2010-10-01,8-002.07,8-002,UPPER SANTA ANA VALLEY,UPPER SANTA ANA VALLEY - YUCAIPA,26.449435,99901
PTJPL,2010-10-01,7-028,7-028,VALLECITO-CARRIZO VALLEY,VALLECITO-CARRIZO VALLEY,18.67085,547711
PTJPL,2010-10-01,5-071,5-071,VALLECITOS CREEK VALLEY,VALLECITOS CREEK VALLEY,56.649566,67930
PTJPL,2010-10-01,7-063,7-063,VANDEVENTER FLAT,VANDEVENTER FLAT,53.28143,30274
PTJPL,2010-10-01,4-003.02,4-003,VENTURA RIVER VALLEY,VENTURA RIVER VALLEY - LOWER VENTURA RIVER,26.121201,21485
PTJPL,2010-10-01,4-003.01,4-003,VENTURA RIVER VALLEY,VENTURA RIVER VALLEY - UPPER VENTURA RIVER,44.559076,23732
PTJPL,2010-10-01,7-042,7-042,VIDAL VALLEY,VIDAL VALLEY,15.814368,618941
PTJPL,2010-10-01,3-037,3-037,VILLA VALLEY,VILLA VALLEY,62.261983,6092
PTJPL,2010-10-01,2-032,2-032,VISITACION VALLEY,VISITACION VALLEY,72.541443,26217
PTJPL,2010-10-01,5-026,5-026,WALKER BASIN CREEK VALLEY,WALKER BASIN CREEK VALLEY,23.64483,34468
PTJPL,2010-10-01,7-003,7-003,WARD VALLEY,WARD VALLEY,12.38631,2507001
PTJPL,2010-10-01,9-008,9-008,WARNER VALLEY,WARNER VALLEY,27.097527,107755
PTJPL,2010-10-01,7-012,7-012,WARREN VALLEY,WARREN VALLEY,32.640568,78585
PTJPL,2010-10-01,1-031,1-031,WEOTT TOWN AREA,WEOTT TOWN AREA,79.663825,16423
PTJPL,2010-10-01,7-022,7-022,WEST SALTON SEA,WEST SALTON SEA,14.794202,473862
PTJPL,2010-10-01,3-026,3-026,WEST SANTA CRUZ TERRACE,WEST SANTA CRUZ TERRACE,65.580834,30012
PTJPL,2010-10-01,2-035,2-035,WESTSIDE,WESTSIDE,71.491018,111662
PTJPL,2010-10-01,6-073,6-073,WILD HORSE MESA AREA,WILD HORSE MESA AREA,17.220555,14926
PTJPL,2010-10-01,6-075,6-075,WILDROSE CANYON,WILDROSE CANYON,16.801475,23181
PTJPL,2010-10-01,1-043,1-043,WILLIAMS VALLEY,WILLIAMS VALLEY,71.74571,7401
PTJPL,2010-10-01,6-003,6-003,WILLOW CREEK VALLEY,WILLOW CREEK VALLEY,44.596056,52589
PTJPL,2010-10-01,1-059,1-059,WILSON GROVE FORMATION HIGHLANDS,WILSON GROVE FORMATION HIGHLANDS,65.713563,287030
PTJPL,2010-10-01,1-062,1-062,WILSON POINT AREA,WILSON POINT AREA,77.863352,3198
PTJPL,2010-10-01,6-019,6-019,WINGATE VALLEY,WINGATE VALLEY,9.988401,320536
PTJPL,2010-10-01,7-056,7-056,YAQUI WELL AREA,YAQUI WELL AREA,23.533472,67265
PTJPL,2010-10-01,5-056,5-056,YELLOW CREEK VALLEY,YELLOW CREEK VALLEY,48.031184,10390
PTJPL,2010-10-01,2-006,2-006,YGNACIO VALLEY,YGNACIO VALLEY,65.706438,69539
PTJPL,2010-10-01,5-069,5-069,YOSEMITE VALLEY,YOSEMITE VALLEY,66.120017,33512
PTJPL,2010-10-01,7-036,7-036,YUMA VALLEY,YUMA VALLEY,22.414985,536338
