Model,Date,Basin_Subb,Basin_Numb,Basin_Name,Basin_Su_1,ET,Pixel_Count
PTJPL,2010-07-01,4-005,4-005,ACTON VALLEY,ACTON VALLEY,47.245958,37173
PTJPL,2010-07-01,6-010,6-010,ADOBE LAKE VALLEY,ADOBE LAKE VALLEY,16.445287,179273
PTJPL,2010-07-01,1-054.01,1-054,ALEXANDER VALLEY,ALEXANDER VALLEY - ALEXANDER AREA,116.514301,110099
PTJPL,2010-07-01,1-054.02,1-054,ALEXANDER VALLEY,ALEXANDER VALLEY - CLOVERDALE AREA,97.555881,29366
PTJPL,2010-07-01,5-002.01,5-002,ALTURAS AREA,ALTURAS AREA - SOUTH FORK PITT RIVER,73.28609,513210
PTJPL,2010-07-01,5-002.02,5-002,ALTURAS AREA,ALTURAS AREA - WARM SPRINGS VALLEY,66.348735,305817
PTJPL,2010-07-01,5-010,5-010,AMERICAN VALLEY,AMERICAN VALLEY,116.582625,30572
PTJPL,2010-07-01,7-016,7-016,AMES VALLEY,AMES VALLEY,11.999147,487562
PTJPL,2010-07-01,7-034,7-034,AMOS VALLEY,AMOS VALLEY,5.065769,584286
PTJPL,2010-07-01,1-019,1-019,ANDERSON VALLEY,ANDERSON VALLEY,125.847402,22366
PTJPL,2010-07-01,1-049,1-049,ANNAPOLIS OHLSON RANCH FORMATION HIGHLANDS,ANNAPOLIS OHLSON RANCH FORMATION HIGHLANDS,160.542468,38900
PTJPL,2010-07-01,5-091,5-091,ANTELOPE CREEK,ANTELOPE CREEK,45.582997,9175
PTJPL,2010-07-01,6-044,6-044,ANTELOPE VALLEY,ANTELOPE VALLEY,25.618744,4542544
PTJPL,2010-07-01,6-007,6-007,ANTELOPE VALLEY,ANTELOPE VALLEY,101.73623,89741
PTJPL,2010-07-01,3-034,3-034,ARROYO DE LA CRUZ VALLEY,ARROYO DE LA CRUZ VALLEY,105.243175,3590
PTJPL,2010-07-01,2-031,2-031,ARROYO DEL HAMBRE VALLEY,ARROYO DEL HAMBRE VALLEY,120.664686,3534
PTJPL,2010-07-01,4-007,4-007,ARROYO SANTA ROSA VALLEY,ARROYO SANTA ROSA VALLEY,87.154766,17646
PTJPL,2010-07-01,7-037,7-037,ARROYO SECO VALLEY,ARROYO SECO VALLEY,9.436096,1152313
PTJPL,2010-07-01,5-054,5-054,ASH VALLEY,ASH VALLEY,86.727781,27015
PTJPL,2010-07-01,6-026,6-026,AVAWATZ VALLEY,AVAWATZ VALLEY,14.638814,124166
PTJPL,2010-07-01,3-020,3-020,A�O NUEVO AREA,A�O NUEVO AREA,93.457803,8875
PTJPL,2010-07-01,9-022,9-022,BATIQUITOS LAGOON VALLEY,BATIQUITOS LAGOON VALLEY,103.993101,3334
PTJPL,2010-07-01,8-009,8-009,BEAR VALLEY,BEAR VALLEY,90.347934,86226
PTJPL,2010-07-01,5-064,5-064,BEAR VALLEY,BEAR VALLEY,42.423877,40934
PTJPL,2010-07-01,5-020,5-020,BERRYESSA VALLEY,BERRYESSA VALLEY,57.49685,6191
PTJPL,2010-07-01,7-015,7-015,BESSEMER VALLEY,BESSEMER VALLEY,8.174301,175679
PTJPL,2010-07-01,6-025,6-025,BICYCLE VALLEY,BICYCLE VALLEY,10.011451,402232
PTJPL,2010-07-01,1-027,1-027,BIG LAGOON AREA,BIG LAGOON AREA,171.519258,57457
PTJPL,2010-07-01,8-007,8-007,BIG MEADOWS VALLEY,BIG MEADOWS VALLEY,102.368843,63279
PTJPL,2010-07-01,1-045,1-045,BIG RIVER VALLEY,BIG RIVER VALLEY,165.31438,7580
PTJPL,2010-07-01,3-047,3-047,BIG SPRING AREA,BIG SPRING AREA,39.532328,32897
PTJPL,2010-07-01,5-015,5-015,BIG VALLEY,BIG VALLEY,104.064824,108957
PTJPL,2010-07-01,5-004,5-004,BIG VALLEY,BIG VALLEY,82.612089,413987
PTJPL,2010-07-01,3-030,3-030,BITTER WATER VALLEY,BITTER WATER VALLEY,42.930502,144867
PTJPL,2010-07-01,6-013,6-013,BLACK SPRINGS VALLEY,BLACK SPRINGS VALLEY,8.338011,138327
PTJPL,2010-07-01,5-092,5-092,BLANCHARD VALLEY,BLANCHARD VALLEY,49.939564,9994
PTJPL,2010-07-01,1-057,1-057,BODEGA BAY AREA,BODEGA BAY AREA,117.215666,9677
PTJPL,2010-07-01,7-024.01,7-024,BORREGO VALLEY,BORREGO VALLEY - BORREGO SPRINGS,15.82639,282155
PTJPL,2010-07-01,7-024.02,7-024,BORREGO VALLEY,BORREGO VALLEY - OCOTILLO WELLS,4.342206,405078
PTJPL,2010-07-01,1-039,1-039,BRANSCOMB TOWN AREA,BRANSCOMB TOWN AREA,157.754233,6201
PTJPL,2010-07-01,1-017,1-017,BRAY TOWN AREA,BRAY TOWN AREA,100.974473,36119
PTJPL,2010-07-01,6-008,6-008,BRIDGEPORT VALLEY,BRIDGEPORT VALLEY,100.325807,146102
PTJPL,2010-07-01,7-008,7-008,BRISTOL VALLEY,BRISTOL VALLEY,4.536374,2234028
PTJPL,2010-07-01,5-080,5-080,BRITE VALLEY,BRITE VALLEY,71.536296,14244
PTJPL,2010-07-01,6-032,6-032,BROADWELL VALLEY,BROADWELL VALLEY,6.805174,413087
PTJPL,2010-07-01,6-076,6-076,BROWN MOUNTAIN VALLEY,BROWN MOUNTAIN VALLEY,9.87106,97673
PTJPL,2010-07-01,7-054,7-054,BUCK RIDGE FAULT VALLEY,BUCK RIDGE FAULT VALLEY,35.098597,31076
PTJPL,2010-07-01,6-101,6-101,BULL FLAT,BULL FLAT,25.07608,78457
PTJPL,2010-07-01,5-048,5-048,BURNEY CREEK VALLEY,BURNEY CREEK VALLEY,110.690708,10579
PTJPL,2010-07-01,5-017,5-017,BURNS VALLEY,BURNS VALLEY,81.862891,12924
PTJPL,2010-07-01,5-051,5-051,BUTTE CREEK VALLEY,BUTTE CREEK VALLEY,89.569549,14515
PTJPL,2010-07-01,1-003,1-003,BUTTE VALLEY,BUTTE VALLEY,73.291731,358135
PTJPL,2010-07-01,6-081,6-081,BUTTE VALLEY,BUTTE VALLEY,21.127005,39581
PTJPL,2010-07-01,6-070,6-070,CACTUS FLAT,CACTUS FLAT,14.033995,31593
PTJPL,2010-07-01,7-007,7-007,CADIZ VALLEY,CADIZ VALLEY,2.459409,1213316
PTJPL,2010-07-01,6-090,6-090,CADY FAULT AREA,CADY FAULT AREA,14.721814,35753
PTJPL,2010-07-01,9-006,9-006,CAHUILLA VALLEY,CAHUILLA VALLEY,50.539048,81848
PTJPL,2010-07-01,6-079,6-079,CALIFORNIA VALLEY,CALIFORNIA VALLEY,11.849949,261304
PTJPL,2010-07-01,7-041,7-041,CALZONA VALLEY,CALZONA VALLEY,9.170168,340869
PTJPL,2010-07-01,6-061,6-061,CAMEO AREA,CAMEO AREA,2.394126,41842
PTJPL,2010-07-01,9-028,9-028,CAMPO VALLEY,CAMPO VALLEY,58.449377,15902
PTJPL,2010-07-01,7-046,7-046,CANEBRAKE VALLEY,CANEBRAKE VALLEY,17.990827,24310
PTJPL,2010-07-01,3-007,3-007,CARMEL VALLEY,CARMEL VALLEY,118.887963,18967
PTJPL,2010-07-01,3-018,3-018,CARPINTERIA,CARPINTERIA,73.085162,31035
PTJPL,2010-07-01,3-019,3-019,CARRIZO PLAIN,CARRIZO PLAIN,32.443386,946901
PTJPL,2010-07-01,6-006,6-006,CARSON VALLEY,CARSON VALLEY,86.024163,44241
PTJPL,2010-07-01,5-029,5-029,CASTAC LAKE VALLEY,CASTAC LAKE VALLEY,85.105782,16014
PTJPL,2010-07-01,2-008,2-008,CASTRO VALLEY,CASTRO VALLEY,86.665324,8193
PTJPL,2010-07-01,6-038,6-038,CAVES CANYON VALLEY,CAVES CANYON VALLEY,6.804415,328088
PTJPL,2010-07-01,5-045,5-045,CAYTON VALLEY,CAYTON VALLEY,141.589547,5874
PTJPL,2010-07-01,3-038,3-038,CAYUCOS VALLEY,CAYUCOS VALLEY,83.771338,949
PTJPL,2010-07-01,7-043,7-043,CHEMEHUEVI VALLEY,CHEMEHUEVI VALLEY,9.031278,1221349
PTJPL,2010-07-01,7-032,7-032,CHOCOLATE VALLEY,CHOCOLATE VALLEY,7.989539,580540
PTJPL,2010-07-01,3-005,3-005,CHOLAME VALLEY,CHOLAME VALLEY,53.605825,179070
PTJPL,2010-07-01,3-042,3-042,CHORRO VALLEY,CHORRO VALLEY,108.696205,6376
PTJPL,2010-07-01,5-061,5-061,CHROME TOWN AREA,CHROME TOWN AREA,31.848911,6334
PTJPL,2010-07-01,7-005,7-005,CHUCKWALLA VALLEY,CHUCKWALLA VALLEY,5.215926,2704920
PTJPL,2010-07-01,2-005,2-005,CLAYTON VALLEY,CLAYTON VALLEY,111.035199,80257
PTJPL,2010-07-01,5-066,5-066,CLEAR LAKE CACHE FORMATION,CLEAR LAKE CACHE FORMATION,112.532744,133749
PTJPL,2010-07-01,5-058,5-058,CLOVER VALLEY,CLOVER VALLEY,90.457465,75444
PTJPL,2010-07-01,7-021.03,7-021,COACHELLA VALLEY,COACHELLA VALLEY - DESERT HOT SPRINGS,7.385505,453937
PTJPL,2010-07-01,7-021.01,7-021,COACHELLA VALLEY,COACHELLA VALLEY - INDIO,41.353708,1336106
PTJPL,2010-07-01,7-021.02,7-021,COACHELLA VALLEY,COACHELLA VALLEY - MISSION CREEK,15.061868,218418
PTJPL,2010-07-01,7-021.04,7-021,COACHELLA VALLEY,COACHELLA VALLEY - SAN GORGONIO PASS,38.710161,173279
PTJPL,2010-07-01,4-011.04,4-011,COASTAL PLAIN OF LOS ANGELES,COASTAL PLAIN OF LOS ANGELES - CENTRAL,94.362208,799392
PTJPL,2010-07-01,4-011.02,4-011,COASTAL PLAIN OF LOS ANGELES,COASTAL PLAIN OF LOS ANGELES - HOLLYWOOD,84.126571,45279
PTJPL,2010-07-01,4-011.01,4-011,COASTAL PLAIN OF LOS ANGELES,COASTAL PLAIN OF LOS ANGELES - SANTA MONICA,130.266296,135466
PTJPL,2010-07-01,4-011.03,4-011,COASTAL PLAIN OF LOS ANGELES,COASTAL PLAIN OF LOS ANGELES - WEST COAST,119.016938,399507
PTJPL,2010-07-01,8-001,8-001,COASTAL PLAIN OF ORANGE COUNTY,COASTAL PLAIN OF ORANGE COUNTY,89.953499,998996
PTJPL,2010-07-01,9-033,9-033,COASTAL PLAIN OF SAN DIEGO,COASTAL PLAIN OF SAN DIEGO,81.972237,240861
PTJPL,2010-07-01,6-072,6-072,COLES FLAT,COLES FLAT,20.846195,13244
PTJPL,2010-07-01,5-019,5-019,COLLAYOMI VALLEY,COLLAYOMI VALLEY,73.661115,29240
PTJPL,2010-07-01,7-055,7-055,COLLINS VALLEY,COLLINS VALLEY,24.493591,31751
PTJPL,2010-07-01,4-010,4-010,CONEJO,CONEJO,73.238761,84503
PTJPL,2010-07-01,7-011,7-011,COPPER MOUNTAIN VALLEY,COPPER MOUNTAIN VALLEY,14.671999,136155
PTJPL,2010-07-01,3-002.01,3-002,CORRALITOS,CORRALITOS - PAJARO VALLEY,92.363738,332085
PTJPL,2010-07-01,3-002.02,3-002,CORRALITOS,CORRALITOS - PURISIMA HIGHLANDS,150.45187,58134
PTJPL,2010-07-01,6-055,6-055,COSO VALLEY,COSO VALLEY,9.303648,114929
PTJPL,2010-07-01,1-037,1-037,COTTONEVA CREEK VALLEY,COTTONEVA CREEK VALLEY,147.74556,3435
PTJPL,2010-07-01,9-027,9-027,COTTONWOOD VALLEY,COTTONWOOD VALLEY,63.311262,17262
PTJPL,2010-07-01,1-011,1-011,COVELO ROUND VALLEY,COVELO ROUND VALLEY,104.406819,73792
PTJPL,2010-07-01,6-091,6-091,COW HEAD LAKE VALLEY,COW HEAD LAKE VALLEY,91.407546,25180
PTJPL,2010-07-01,6-037,6-037,COYOTE LAKE VALLEY,COYOTE LAKE VALLEY,7.758097,396167
PTJPL,2010-07-01,5-018,5-018,COYOTE VALLEY,COYOTE VALLEY,84.246014,29352
PTJPL,2010-07-01,7-029,7-029,COYOTE WELLS VALLEY,COYOTE WELLS VALLEY,3.975608,648419
PTJPL,2010-07-01,6-035,6-035,CRONISE VALLEY,CRONISE VALLEY,5.407866,567907
PTJPL,2010-07-01,6-050,6-050,CUDDEBACK VALLEY,CUDDEBACK VALLEY,15.360776,426688
PTJPL,2010-07-01,5-082,5-082,CUDDY CANYON VALLEY,CUDDY CANYON VALLEY,54.188537,14830
PTJPL,2010-07-01,5-083,5-083,CUDDY RANCH AREA,CUDDY RANCH AREA,80.573575,18906
PTJPL,2010-07-01,5-084,5-084,CUDDY VALLEY,CUDDY VALLEY,76.07916,15576
PTJPL,2010-07-01,5-027,5-027,CUMMINGS VALLEY,CUMMINGS VALLEY,58.064568,45053
PTJPL,2010-07-01,3-013,3-013,CUYAMA VALLEY,CUYAMA VALLEY,51.318267,1086945
PTJPL,2010-07-01,7-009,7-009,DALE VALLEY,DALE VALLEY,5.143384,955636
PTJPL,2010-07-01,6-057,6-057,DARWIN VALLEY,DARWIN VALLEY,12.581134,198536
PTJPL,2010-07-01,7-061,7-061,DAVIES VALLEY,DAVIES VALLEY,8.072302,15214
PTJPL,2010-07-01,7-013.01,7-013,DEADMAN VALLEY,DEADMAN VALLEY - DEADMAN LAKE,5.475024,400268
PTJPL,2010-07-01,7-013.02,7-013,DEADMAN VALLEY,DEADMAN VALLEY - SURPRISE SPRING,8.068647,131543
PTJPL,2010-07-01,6-018,6-018,DEATH VALLEY,DEATH VALLEY,3.589099,4133615
PTJPL,2010-07-01,6-015,6-015,DEEP SPRINGS VALLEY,DEEP SPRINGS VALLEY,11.540729,134596
PTJPL,2010-07-01,6-078,6-078,DENNING SPRING VALLEY,DENNING SPRING VALLEY,14.488915,32521
PTJPL,2010-07-01,1-034,1-034,DINSMORES TOWN AREA,DINSMORES TOWN AREA,115.43975,10249
PTJPL,2010-07-01,5-053,5-053,DIXIE VALLEY,DIXIE VALLEY,75.637859,21881
PTJPL,2010-07-01,2-040,2-040,DOWNTOWN,DOWNTOWN,107.540165,34134
PTJPL,2010-07-01,5-049,5-049,DRY BURNEY CREEK VALLEY,DRY BURNEY CREEK VALLEY,147.367229,13817
PTJPL,2010-07-01,3-029,3-029,DRY LAKE VALLEY,DRY LAKE VALLEY,53.446698,6360
PTJPL,2010-07-01,6-095,6-095,DRY VALLEY,DRY VALLEY,44.736044,29217
PTJPL,2010-07-01,6-096,6-096,EAGLE LAKE AREA,EAGLE LAKE AREA,80.238645,57089
PTJPL,2010-07-01,7-033,7-033,EAST SALTON SEA,EAST SALTON SEA,10.744427,876191
PTJPL,2010-07-01,1-044,1-044,EDEN VALLEY,EDEN VALLEY,100.90799,6195
PTJPL,2010-07-01,1-010,1-010,EEL RIVER VALLEY,EEL RIVER VALLEY,143.39671,322079
PTJPL,2010-07-01,5-041,5-041,EGG LAKE VALLEY,EGG LAKE VALLEY,87.479781,18448
PTJPL,2010-07-01,9-016,9-016,EL CAJON VALLEY,EL CAJON VALLEY,53.793563,32160
PTJPL,2010-07-01,6-043,6-043,EL MIRAGE VALLEY,EL MIRAGE VALLEY,16.902591,341252
PTJPL,2010-07-01,5-062,5-062,ELK CREEK AREA,ELK CREEK AREA,58.229225,6474
PTJPL,2010-07-01,8-004.02,8-004,ELSINORE,ELSINORE - BEDFORD-COLDWATER,52.14434,31599
PTJPL,2010-07-01,8-004.01,8-004,ELSINORE,ELSINORE - ELSINORE VALLEY,73.974827,106147
PTJPL,2010-07-01,9-009,9-009,ESCONDIDO VALLEY,ESCONDIDO VALLEY,67.109602,12956
PTJPL,2010-07-01,1-009,1-009,EUREKA PLAIN,EUREKA PLAIN,159.627631,156737
PTJPL,2010-07-01,6-016,6-016,EUREKA VALLEY,EUREKA VALLEY,1.891724,578991
PTJPL,2010-07-01,1-022,1-022,FAIRCHILD SWAMP VALLEY,FAIRCHILD SWAMP VALLEY,82.908388,14736
PTJPL,2010-07-01,5-005,5-005,FALL RIVER VALLEY,FALL RIVER VALLEY,118.199464,246566
PTJPL,2010-07-01,7-002,7-002,FENNER VALLEY,FENNER VALLEY,11.642485,2034583
PTJPL,2010-07-01,6-014,6-014,FISH LAKE VALLEY,FISH LAKE VALLEY,16.454013,206078
PTJPL,2010-07-01,3-053,3-053,FOOTHILL,FOOTHILL,67.019438,14765
PTJPL,2010-07-01,1-021,1-021,FORT BRAGG TERRACE AREA,FORT BRAGG TERRACE AREA,139.119683,101635
PTJPL,2010-07-01,1-061,1-061,FORT ROSS TERRACE DEPOSITS,FORT ROSS TERRACE DEPOSITS,125.088564,29030
PTJPL,2010-07-01,6-046,6-046,FREMONT VALLEY,FREMONT VALLEY,17.261958,1507399
PTJPL,2010-07-01,5-090,5-090,FUNKS CREEK,FUNKS CREEK,37.798511,13564
PTJPL,2010-07-01,1-032,1-032,GARBERVILLE TOWN AREA,GARBERVILLE TOWN AREA,148.989577,9498
PTJPL,2010-07-01,1-020,1-020,GARCIA RIVER VALLEY,GARCIA RIVER VALLEY,144.740988,9293
PTJPL,2010-07-01,3-003.01,3-003,GILROY-HOLLISTER VALLEY,GILROY-HOLLISTER VALLEY - LLAGAS AREA,82.335382,213011
PTJPL,2010-07-01,3-003.05,3-003,GILROY-HOLLISTER VALLEY,GILROY-HOLLISTER VALLEY - NORTH SAN BENITO,67.252991,589156
PTJPL,2010-07-01,6-085,6-085,GOLD VALLEY,GOLD VALLEY,18.495359,14436
PTJPL,2010-07-01,6-048,6-048,GOLDSTONE VALLEY,GOLDSTONE VALLEY,13.077525,126294
PTJPL,2010-07-01,3-016,3-016,GOLETA,GOLETA,63.000024,41440
PTJPL,2010-07-01,5-001.02,5-001,GOOSE LAKE,GOOSE LAKE - FANDANGO VALLEY,87.076183,82919
PTJPL,2010-07-01,5-001.01,5-001,GOOSE LAKE,GOOSE LAKE - GOOSE VALLEY,78.183833,161679
PTJPL,2010-07-01,5-047,5-047,GOOSE VALLEY,GOOSE VALLEY,141.197033,18941
PTJPL,2010-07-01,6-077,6-077,GRASS VALLEY,GRASS VALLEY,21.030949,44881
PTJPL,2010-07-01,6-094,6-094,GRASSHOPPER VALLEY,GRASSHOPPER VALLEY,53.204815,79418
PTJPL,2010-07-01,1-048,1-048,GRAVELLY VALLEY,GRAVELLY VALLEY,120.763374,13384
PTJPL,2010-07-01,5-052,5-052,GRAYS VALLEY,GRAYS VALLEY,77.084338,24461
PTJPL,2010-07-01,6-084,6-084,GREENWATER VALLEY,GREENWATER VALLEY,16.722006,268934
PTJPL,2010-07-01,5-059,5-059,GRIZZLY VALLEY,GRIZZLY VALLEY,142.488763,60426
PTJPL,2010-07-01,2-022,2-022,HALF MOON BAY TERRACE,HALF MOON BAY TERRACE,89.444291,33271
PTJPL,2010-07-01,1-015,1-015,HAPPY CAMP TOWN AREA,HAPPY CAMP TOWN AREA,148.96695,12466
PTJPL,2010-07-01,6-047,6-047,HARPER VALLEY,HARPER VALLEY,13.245959,1841343
PTJPL,2010-07-01,6-074,6-074,HARRISBURG FLATS,HARRISBURG FLATS,18.745037,112083
PTJPL,2010-07-01,6-093,6-093,HARVEY VALLEY,HARVEY VALLEY,72.755061,20254
PTJPL,2010-07-01,1-006,1-006,HAYFORK VALLEY,HAYFORK VALLEY,110.708409,14829
PTJPL,2010-07-01,7-048,7-048,HELENDALE FAULT VALLEY,HELENDALE FAULT VALLEY,50.204636,11777
PTJPL,2010-07-01,8-006,8-006,HEMET LAKE VALLEY,HEMET LAKE VALLEY,84.14873,74988
PTJPL,2010-07-01,3-031,3-031,HERNANDEZ VALLEY,HERNANDEZ VALLEY,91.352109,12871
PTJPL,2010-07-01,1-036,1-036,HETTENSHAW VALLEY,HETTENSHAW VALLEY,103.234568,3807
PTJPL,2010-07-01,7-053,7-053,HEXIE MOUNTAIN AREA,HEXIE MOUNTAIN AREA,19.966635,50053
PTJPL,2010-07-01,6-063,6-063,HIDDEN VALLEY,HIDDEN VALLEY,11.26866,80667
PTJPL,2010-07-01,4-016,4-016,HIDDEN VALLEY,HIDDEN VALLEY,83.599216,9948
PTJPL,2010-07-01,5-016,5-016,HIGH VALLEY,HIGH VALLEY,79.185594,10593
PTJPL,2010-07-01,6-004,6-004,HONEY LAKE VALLEY,HONEY LAKE VALLEY,36.475301,1394546
PTJPL,2010-07-01,1-029,1-029,HONEYDEW TOWN AREA,HONEYDEW TOWN AREA,144.799512,10659
PTJPL,2010-07-01,1-007,1-007,HOOPA VALLEY,HOOPA VALLEY,134.94272,17528
PTJPL,2010-07-01,6-097,6-097,HORSE LAKE VALLEY,HORSE LAKE VALLEY,71.688994,17199
PTJPL,2010-07-01,5-040,5-040,HOT SPRINGS VALLEY,HOT SPRINGS VALLEY,99.295547,10824
PTJPL,2010-07-01,3-045,3-045,HUASNA VALLEY,HUASNA VALLEY,73.54873,21147
PTJPL,2010-07-01,5-060,5-060,HUMBUG VALLEY,HUMBUG VALLEY,107.149596,44834
PTJPL,2010-07-01,4-018,4-018,HUNGRY VALLEY,HUNGRY VALLEY,42.904816,23859
PTJPL,2010-07-01,1-035,1-035,HYAMPOM VALLEY,HYAMPOM VALLEY,103.738845,6096
PTJPL,2010-07-01,7-030,7-030,IMPERIAL VALLEY,IMPERIAL VALLEY,52.046426,4263234
PTJPL,2010-07-01,5-009,5-009,INDIAN VALLEY,INDIAN VALLEY,127.70069,132281
PTJPL,2010-07-01,6-054,6-054,INDIAN WELLS VALLEY,INDIAN WELLS VALLEY,11.281681,1716255
PTJPL,2010-07-01,7-050,7-050,IRON RIDGE AREA,IRON RIDGE AREA,12.289902,23570
PTJPL,2010-07-01,2-033,2-033,ISLAIS VALLEY,ISLAIS VALLEY,109.709955,26689
PTJPL,2010-07-01,6-030,6-030,IVANPAH VALLEY,IVANPAH VALLEY,9.946988,882708
PTJPL,2010-07-01,7-047,7-047,JACUMBA VALLEY,JACUMBA VALLEY,35.696291,8979
PTJPL,2010-07-01,5-003,5-003,JESS VALLEY,JESS VALLEY,105.691744,30147
PTJPL,2010-07-01,7-018.01,7-018,JOHNSON VALLEY,JOHNSON VALLEY - SOGGY LAKE,10.170285,347541
PTJPL,2010-07-01,7-018.02,7-018,JOHNSON VALLEY,JOHNSON VALLEY - UPPER JOHNSON VALLEY,7.345009,156367
PTJPL,2010-07-01,5-086,5-086,JOSEPH CREEK,JOSEPH CREEK,80.155935,20034
PTJPL,2010-07-01,7-062,7-062,JOSHUA TREE,JOSHUA TREE,13.979824,150378
PTJPL,2010-07-01,6-089,6-089,KANE WASH AREA,KANE WASH AREA,18.943039,26755
PTJPL,2010-07-01,6-069,6-069,KELSO LANDER VALLEY,KELSO LANDER VALLEY,25.93977,50191
PTJPL,2010-07-01,6-031,6-031,KELSO VALLEY,KELSO VALLEY,9.188958,1145203
PTJPL,2010-07-01,2-019,2-019,KENWOOD VALLEY,KENWOOD VALLEY,109.629836,23106
PTJPL,2010-07-01,5-025,5-025,KERN RIVER VALLEY,KERN RIVER VALLEY,70.469278,356993
PTJPL,2010-07-01,1-002.02,1-002,KLAMATH RIVER VALLEY,KLAMATH RIVER VALLEY - LOWER KLAMATH,89.78163,337208
PTJPL,2010-07-01,1-002.01,1-002,KLAMATH RIVER VALLEY,KLAMATH RIVER VALLEY - TULELAKE,111.816461,496979
PTJPL,2010-07-01,1-050,1-050,KNIGHTS VALLEY,KNIGHTS VALLEY,92.725548,18393
PTJPL,2010-07-01,5-007,5-007,LAKE ALMANOR VALLEY,LAKE ALMANOR VALLEY,123.49372,32166
PTJPL,2010-07-01,5-046,5-046,LAKE BRITTON AREA,LAKE BRITTON AREA,134.376093,63221
PTJPL,2010-07-01,7-001,7-001,LANFAIR VALLEY,LANFAIR VALLEY,18.409281,703571
PTJPL,2010-07-01,6-036.02,6-036,LANGFORD VALLEY,LANGFORD VALLEY - IRWIN,11.608419,47132
PTJPL,2010-07-01,6-036.01,6-036,LANGFORD VALLEY,LANGFORD VALLEY - LANGFORD WELL LAKE,8.426578,86847
PTJPL,2010-07-01,1-033,1-033,LARABEE VALLEY,LARABEE VALLEY,124.213266,4342
PTJPL,2010-07-01,4-008,4-008,LAS POSAS VALLEY,LAS POSAS VALLEY,81.843119,200649
PTJPL,2010-07-01,5-057,5-057,LAST CHANCE CREEK VALLEY,LAST CHANCE CREEK VALLEY,91.962572,20920
PTJPL,2010-07-01,7-014,7-014,LAVIC VALLEY,LAVIC VALLEY,9.380106,459882
PTJPL,2010-07-01,1-012,1-012,LAYTONVILLE VALLEY,LAYTONVILLE VALLEY,130.987737,22589
PTJPL,2010-07-01,6-027,6-027,LEACH VALLEY,LEACH VALLEY,8.089759,275049
PTJPL,2010-07-01,6-066,6-066,LEE FLAT,LEE FLAT,19.008617,91213
PTJPL,2010-07-01,6-106,6-106,LITTLE ANTELOPE VALLEY,LITTLE ANTELOPE VALLEY,62.251452,11191
PTJPL,2010-07-01,5-065,5-065,LITTLE INDIAN VALLEY,LITTLE INDIAN VALLEY,55.962853,5707
PTJPL,2010-07-01,1-013,1-013,LITTLE LAKE VALLEY,LITTLE LAKE VALLEY,116.808581,45074
PTJPL,2010-07-01,1-041,1-041,LITTLE VALLEY,LITTLE VALLEY,142.864295,3655
PTJPL,2010-07-01,2-010,2-010,LIVERMORE VALLEY,LIVERMORE VALLEY,75.584473,312810
PTJPL,2010-07-01,2-038,2-038,LOBOS,LOBOS,95.826133,9444
PTJPL,2010-07-01,3-006,3-006,LOCKWOOD VALLEY,LOCKWOOD VALLEY,74.35157,269554
PTJPL,2010-07-01,4-017,4-017,LOCKWOOD VALLEY,LOCKWOOD VALLEY,60.329227,97987
PTJPL,2010-07-01,6-011,6-011,LONG VALLEY,LONG VALLEY,59.021737,323037
PTJPL,2010-07-01,5-044,5-044,LONG VALLEY,LONG VALLEY,100.327325,4882
PTJPL,2010-07-01,6-104,6-104,LONG VALLEY,LONG VALLEY,46.289685,210294
PTJPL,2010-07-01,5-031,5-031,LONG VALLEY,LONG VALLEY,92.048767,12611
PTJPL,2010-07-01,5-070,5-070,LOS BANOS CREEK VALLEY,LOS BANOS CREEK VALLEY,23.72471,21748
PTJPL,2010-07-01,3-008.01,3-008,LOS OSOS VALLEY,LOS OSOS VALLEY - LOS OSOS AREA,115.25313,19010
PTJPL,2010-07-01,3-008.02,3-008,LOS OSOS VALLEY,LOS OSOS VALLEY - WARDEN CREEK,115.083575,7933
PTJPL,2010-07-01,7-051,7-051,LOST HORSE VALLEY,LOST HORSE VALLEY,23.770574,77794
PTJPL,2010-07-01,6-071,6-071,LOST LAKE VALLEY,LOST LAKE VALLEY,8.4373,104530
PTJPL,2010-07-01,6-021,6-021,LOWER KINGSTON VALLEY,LOWER KINGSTON VALLEY,5.466498,1078042
PTJPL,2010-07-01,1-014,1-014,LOWER KLAMATH RIVER VALLEY,LOWER KLAMATH RIVER VALLEY,157.626638,31144
PTJPL,2010-07-01,5-030,5-030,LOWER LAKE VALLEY,LOWER LAKE VALLEY,106.680481,10810
PTJPL,2010-07-01,1-038,1-038,LOWER LAYTONVILLE VALLEY,LOWER LAYTONVILLE VALLEY,141.753255,9678
PTJPL,2010-07-01,6-040,6-040,LOWER MOJAVE RIVER VALLEY,LOWER MOJAVE RIVER VALLEY,13.225441,1283611
PTJPL,2010-07-01,1-060,1-060,LOWER RUSSIAN RIVER VALLEY,LOWER RUSSIAN RIVER VALLEY,129.332965,29886
PTJPL,2010-07-01,7-019,7-019,LUCERNE VALLEY,LUCERNE VALLEY,13.414845,662912
PTJPL,2010-07-01,1-008.02,1-008,MAD RIVER VALLEY,MAD RIVER VALLEY - DOWS PRAIRIE SCHOOL AREA,162.795707,68069
PTJPL,2010-07-01,1-008.01,1-008,MAD RIVER VALLEY,MAD RIVER VALLEY - MAD RIVER LOWLAND,154.670705,105741
PTJPL,2010-07-01,6-002,6-002,MADELINE PLAINS,MADELINE PLAINS,43.796685,701902
PTJPL,2010-07-01,3-051,3-051,MAJORS CREEK,MAJORS CREEK,75.528139,1617
PTJPL,2010-07-01,4-022,4-022,MALIBU VALLEY,MALIBU VALLEY,115.2864,2500
PTJPL,2010-07-01,6-064,6-064,MARBLE CANYON AREA,MARBLE CANYON AREA,9.193948,46600
PTJPL,2010-07-01,2-039,2-039,MARINA,MARINA,97.867083,8321
PTJPL,2010-07-01,6-067,6-067,MARTIS VALLEY,MARTIS VALLEY,107.673664,163488
PTJPL,2010-07-01,7-059,7-059,MASON VALLEY,MASON VALLEY,32.932498,24829
PTJPL,2010-07-01,1-028,1-028,MATTOLE RIVER VALLEY,MATTOLE RIVER VALLEY,134.183435,13945
PTJPL,2010-07-01,5-035,5-035,MCCLOUD AREA,MCCLOUD AREA,152.480082,95917
PTJPL,2010-07-01,5-095,5-095,MEADOW VALLEY,MEADOW VALLEY,138.269945,25783
PTJPL,2010-07-01,7-017,7-017,MEANS VALLEY,MEANS VALLEY,7.542363,67158
PTJPL,2010-07-01,6-029,6-029,MESQUITE VALLEY,MESQUITE VALLEY,10.983821,384627
PTJPL,2010-07-01,6-020,6-020,MIDDLE AMARGOSA VALLEY,MIDDLE AMARGOSA VALLEY,9.009125,1741060
PTJPL,2010-07-01,5-094,5-094,MIDDLE CREEK,MIDDLE CREEK,96.340265,3174
PTJPL,2010-07-01,5-087,5-087,MIDDLE FORK FEATHER RIVER,MIDDLE FORK FEATHER RIVER,120.719053,19509
PTJPL,2010-07-01,6-041,6-041,MIDDLE MOJAVE RIVER VALLEY,MIDDLE MOJAVE RIVER VALLEY,15.888495,950207
PTJPL,2010-07-01,6-080,6-080,MIDDLE PARK CANYON,MIDDLE PARK CANYON,38.554775,7832
PTJPL,2010-07-01,5-085,5-085,MIL POTRERO AREA,MIL POTRERO AREA,96.493738,10380
PTJPL,2010-07-01,9-014,9-014,MISSION VALLEY,MISSION VALLEY,83.60792,31718
PTJPL,2010-07-01,5-011,5-011,MOHAWK VALLEY,MOHAWK VALLEY,127.998313,85339
PTJPL,2010-07-01,6-009,6-009,MONO VALLEY,MONO VALLEY,76.148127,775123
PTJPL,2010-07-01,3-049,3-049,MONTECITO,MONTECITO,84.042852,27280
PTJPL,2010-07-01,7-020,7-020,MORONGO VALLEY,MORONGO VALLEY,29.015756,32496
PTJPL,2010-07-01,3-041,3-041,MORRO VALLEY,MORRO VALLEY,100.3336,2500
PTJPL,2010-07-01,5-008,5-008,MOUNTAIN MEADOWS VALLEY,MOUNTAIN MEADOWS VALLEY,126.39475,36613
PTJPL,2010-07-01,1-056,1-056,McDOWELL VALLEY,McDOWELL VALLEY,105.679713,6694
PTJPL,2010-07-01,2-002.01,2-002,NAPA-SONOMA VALLEY,NAPA-SONOMA VALLEY - NAPA VALLEY,114.175084,206535
PTJPL,2010-07-01,2-002.03,2-002,NAPA-SONOMA VALLEY,NAPA-SONOMA VALLEY - NAPA-SONOMA LOWLANDS,127.809255,181195
PTJPL,2010-07-01,2-002.02,2-002,NAPA-SONOMA VALLEY,NAPA-SONOMA VALLEY - SONOMA VALLEY,109.799439,201644
PTJPL,2010-07-01,1-046,1-046,NAVARRO RIVER VALLEY,NAVARRO RIVER VALLEY,147.600515,3104
PTJPL,2010-07-01,3-052,3-052,NEEDLE ROCK POINT,NEEDLE ROCK POINT,73.349949,2969
PTJPL,2010-07-01,7-044,7-044,NEEDLES VALLEY,NEEDLES VALLEY,15.677835,384797
PTJPL,2010-07-01,5-050,5-050,NORTH FORK BATTLE CREEK,NORTH FORK BATTLE CREEK,127.216085,57394
PTJPL,2010-07-01,2-030,2-030,NOVATO VALLEY,NOVATO VALLEY,131.343052,92327
PTJPL,2010-07-01,7-025,7-025,OCOTILLO-CLARK VALLEY,OCOTILLO-CLARK VALLEY,7.767448,999504
PTJPL,2010-07-01,7-035,7-035,OGILBY VALLEY,OGILBY VALLEY,6.155449,592059
PTJPL,2010-07-01,4-002,4-002,OJAI VALLEY,OJAI VALLEY,100.687415,26588
PTJPL,2010-07-01,3-039,3-039,OLD VALLEY,OLD VALLEY,89.441999,5043
PTJPL,2010-07-01,6-108,6-108,OLYMPIC VALLEY,OLYMPIC VALLEY,105.573828,3156
PTJPL,2010-07-01,7-031,7-031,OROCOPIA VALLEY,OROCOPIA VALLEY,7.654829,432652
PTJPL,2010-07-01,6-012.02,6-012,OWENS VALLEY,OWENS VALLEY - FISH SLOUGH,27.639192,14498
PTJPL,2010-07-01,6-012.01,6-012,OWENS VALLEY,OWENS VALLEY - OWENS VALLEY,23.721345,2966250
PTJPL,2010-07-01,6-088,6-088,OWL LAKE VALLEY,OWL LAKE VALLEY,6.780119,100004
PTJPL,2010-07-01,6-028,6-028,PAHRUMP VALLEY,PAHRUMP VALLEY,8.474131,407322
PTJPL,2010-07-01,6-099,6-099,PAINTERS FLAT,PAINTERS FLAT,41.553338,28113
PTJPL,2010-07-01,7-039,7-039,PALO VERDE MESA,PALO VERDE MESA,21.301176,1011292
PTJPL,2010-07-01,7-038,7-038,PALO VERDE VALLEY,PALO VERDE VALLEY,89.860276,302116
PTJPL,2010-07-01,9-024,9-024,PAMO VALLEY,PAMO VALLEY,64.702631,6766
PTJPL,2010-07-01,6-058,6-058,PANAMINT VALLEY,PANAMINT VALLEY,5.759436,1165899
PTJPL,2010-07-01,5-023,5-023,PANOCHE VALLEY,PANOCHE VALLEY,31.467047,148758
PTJPL,2010-07-01,3-032,3-032,PEACH TREE VALLEY,PEACH TREE VALLEY,41.821858,44038
PTJPL,2010-07-01,1-030,1-030,PEPPERWOOD TOWN AREA,PEPPERWOOD TOWN AREA,156.279067,28262
PTJPL,2010-07-01,2-026,2-026,PESCADERO VALLEY,PESCADERO VALLEY,103.269166,12509
PTJPL,2010-07-01,2-001,2-001,PETALUMA VALLEY,PETALUMA VALLEY,113.850069,209830
PTJPL,2010-07-01,6-051,6-051,PILOT KNOB VALLEY,PILOT KNOB VALLEY,9.617037,623272
PTJPL,2010-07-01,6-092,6-092,PINE CREEK VALLEY,PINE CREEK VALLEY,83.611312,42839
PTJPL,2010-07-01,7-006,7-006,PINTO VALLEY,PINTO VALLEY,7.476087,820363
PTJPL,2010-07-01,7-049,7-049,PIPES CANYON FAULT VALLEY,PIPES CANYON FAULT VALLEY,29.99862,15213
PTJPL,2010-07-01,2-004,2-004,PITTSBURG PLAIN,PITTSBURG PLAIN,89.682565,52228
PTJPL,2010-07-01,7-045,7-045,PIUTE VALLEY,PIUTE VALLEY,13.033001,782230
PTJPL,2010-07-01,7-052,7-052,PLEASANT VALLEY,PLEASANT VALLEY,19.236939,43336
PTJPL,2010-07-01,4-006,4-006,PLEASANT VALLEY,PLEASANT VALLEY,62.878219,89185
PTJPL,2010-07-01,5-038,5-038,PONDOSA TOWN AREA,PONDOSA TOWN AREA,145.158846,9355
PTJPL,2010-07-01,5-068,5-068,POPE VALLEY,POPE VALLEY,91.340296,32313
PTJPL,2010-07-01,9-029,9-029,POTRERO VALLEY,POTRERO VALLEY,65.010349,9083
PTJPL,2010-07-01,1-051,1-051,POTTER VALLEY,POTTER VALLEY,108.034463,37054
PTJPL,2010-07-01,9-013,9-013,POWAY VALLEY,POWAY VALLEY,77.606137,11080
PTJPL,2010-07-01,3-044,3-044,POZO VALLEY,POZO VALLEY,77.64527,30784
PTJPL,2010-07-01,1-025,1-025,PRAIRIE CREEK AREA,PRAIRIE CREEK AREA,180.239371,91068
PTJPL,2010-07-01,7-040,7-040,QUIEN SABE POINT VALLEY,QUIEN SABE POINT VALLEY,13.011084,99694
PTJPL,2010-07-01,3-024,3-024,QUIEN SABE VALLEY,QUIEN SABE VALLEY,45.917867,21173
PTJPL,2010-07-01,6-062,6-062,RACE TRACK VALLEY,RACE TRACK VALLEY,3.364283,63448
PTJPL,2010-07-01,3-046,3-046,RAFAEL VALLEY,RAFAEL VALLEY,56.654598,13451
PTJPL,2010-07-01,9-025,9-025,RANCHITA TOWN AREA,RANCHITA TOWN AREA,48.821836,14032
PTJPL,2010-07-01,4-023,4-023,RAYMOND,RAYMOND,82.368473,117113
PTJPL,2010-07-01,6-024,6-024,RED PASS VALLEY,RED PASS VALLEY,7.30605,433105
PTJPL,2010-07-01,1-018,1-018,RED ROCK VALLEY,RED ROCK VALLEY,88.262933,40478
PTJPL,2010-07-01,5-006.03,5-006,REDDING AREA,REDDING AREA - ANDERSON,104.19033,443787
PTJPL,2010-07-01,5-006.01,5-006,REDDING AREA,REDDING AREA - BOWMAN,94.430064,550983
PTJPL,2010-07-01,5-006.04,5-006,REDDING AREA,REDDING AREA - ENTERPRISE,93.405009,275589
PTJPL,2010-07-01,5-006.05,5-006,REDDING AREA,REDDING AREA - MILLVILLE,80.352131,295058
PTJPL,2010-07-01,5-006.06,5-006,REDDING AREA,REDDING AREA - SOUTH BATTLE CREEK,60.914384,151596
PTJPL,2010-07-01,1-026,1-026,REDWOOD CREEK AREA,REDWOOD CREEK AREA,152.920922,8852
PTJPL,2010-07-01,6-086,6-086,RHODES HILL AREA,RHODES HILL AREA,9.74645,70069
PTJPL,2010-07-01,7-004,7-004,RICE VALLEY,RICE VALLEY,6.710008,841014
PTJPL,2010-07-01,6-023,6-023,RIGGS VALLEY,RIGGS VALLEY,4.757387,393528
PTJPL,2010-07-01,3-043,3-043,RINCONADA VALLEY,RINCONADA VALLEY,93.131238,11582
PTJPL,2010-07-01,5-043,5-043,ROCK PRAIRIE VALLEY,ROCK PRAIRIE VALLEY,54.480702,25806
PTJPL,2010-07-01,6-056,6-056,ROSE VALLEY,ROSE VALLEY,12.571831,191219
PTJPL,2010-07-01,2-028,2-028,ROSS VALLEY,ROSS VALLEY,113.844388,7930
PTJPL,2010-07-01,5-036,5-036,ROUND VALLEY,ROUND VALLEY,76.210109,32664
PTJPL,2010-07-01,4-020,4-020,RUSSELL VALLEY,RUSSELL VALLEY,75.663631,13836
PTJPL,2010-07-01,5-021.54,5-021,SACRAMENTO VALLEY,SACRAMENTO VALLEY - ANTELOPE,126.87244,85850
PTJPL,2010-07-01,5-021.53,5-021,SACRAMENTO VALLEY,SACRAMENTO VALLEY - BEND,66.006003,101956
PTJPL,2010-07-01,5-021.70,5-021,SACRAMENTO VALLEY,SACRAMENTO VALLEY - BUTTE,164.952878,1198613
PTJPL,2010-07-01,5-021.52,5-021,SACRAMENTO VALLEY,SACRAMENTO VALLEY - COLUSA,144.335039,3249958
PTJPL,2010-07-01,5-021.51,5-021,SACRAMENTO VALLEY,SACRAMENTO VALLEY - CORNING,82.278403,932334
PTJPL,2010-07-01,5-021.56,5-021,SACRAMENTO VALLEY,SACRAMENTO VALLEY - LOS MOLINOS,68.80277,447052
PTJPL,2010-07-01,5-021.64,5-021,SACRAMENTO VALLEY,SACRAMENTO VALLEY - NORTH AMERICAN,98.681816,1538533
PTJPL,2010-07-01,5-021.60,5-021,SACRAMENTO VALLEY,SACRAMENTO VALLEY - NORTH YUBA,153.372801,273575
PTJPL,2010-07-01,5-021.50,5-021,SACRAMENTO VALLEY,SACRAMENTO VALLEY - RED BLUFF,73.005698,1222034
PTJPL,2010-07-01,5-021.66,5-021,SACRAMENTO VALLEY,SACRAMENTO VALLEY - SOLANO,127.388313,1594551
PTJPL,2010-07-01,5-021.65,5-021,SACRAMENTO VALLEY,SACRAMENTO VALLEY - SOUTH AMERICAN,83.562868,1116952
PTJPL,2010-07-01,5-021.61,5-021,SACRAMENTO VALLEY,SACRAMENTO VALLEY - SOUTH YUBA,106.364023,490205
PTJPL,2010-07-01,5-021.62,5-021,SACRAMENTO VALLEY,SACRAMENTO VALLEY - SUTTER,144.604704,1285060
PTJPL,2010-07-01,5-021.57,5-021,SACRAMENTO VALLEY,SACRAMENTO VALLEY - VINA,109.727142,831432
PTJPL,2010-07-01,5-021.69,5-021,SACRAMENTO VALLEY,SACRAMENTO VALLEY - WYANDOTTE CREEK,92.048004,266978
PTJPL,2010-07-01,5-021.67,5-021,SACRAMENTO VALLEY,SACRAMENTO VALLEY - YOLO,112.736415,2431227
PTJPL,2010-07-01,3-004.01,3-004,SALINAS VALLEY,SALINAS VALLEY - 180/400 FOOT AQUIFER,94.359573,401663
PTJPL,2010-07-01,3-004.11,3-004,SALINAS VALLEY,SALINAS VALLEY - ATASCADERO AREA,78.876246,88757
PTJPL,2010-07-01,3-004.02,3-004,SALINAS VALLEY,SALINAS VALLEY - EAST SIDE AQUIFER,88.267174,258326
PTJPL,2010-07-01,3-004.04,3-004,SALINAS VALLEY,SALINAS VALLEY - FOREBAY AQUIFER,87.175976,422898
PTJPL,2010-07-01,3-004.09,3-004,SALINAS VALLEY,SALINAS VALLEY - LANGLEY AREA,115.203956,79223
PTJPL,2010-07-01,3-004.10,3-004,SALINAS VALLEY,SALINAS VALLEY - MONTEREY,124.537136,138479
PTJPL,2010-07-01,3-004.06,3-004,SALINAS VALLEY,SALINAS VALLEY - PASO ROBLES AREA,57.139474,1961133
PTJPL,2010-07-01,3-004.08,3-004,SALINAS VALLEY,SALINAS VALLEY - SEASIDE,121.413027,65066
PTJPL,2010-07-01,3-004.05,3-004,SALINAS VALLEY,SALINAS VALLEY - UPPER VALLEY AQUIFER,65.341217,1070293
PTJPL,2010-07-01,6-017,6-017,SALINE VALLEY,SALINE VALLEY,2.663422,657298
PTJPL,2010-07-01,6-053,6-053,SALT WELLS VALLEY,SALT WELLS VALLEY,7.668282,132519
PTJPL,2010-07-01,3-014,3-014,SAN ANTONIO CREEK VALLEY,SAN ANTONIO CREEK VALLEY,93.468107,303230
PTJPL,2010-07-01,3-028,3-028,SAN BENITO RIVER VALLEY,SAN BENITO RIVER VALLEY,78.859393,108949
PTJPL,2010-07-01,3-033,3-033,SAN CARPOFORO VALLEY,SAN CARPOFORO VALLEY,118.868118,4686
PTJPL,2010-07-01,9-015,9-015,SAN DIEGO RIVER VALLEY,SAN DIEGO RIVER VALLEY,68.626427,38030
PTJPL,2010-07-01,9-012,9-012,SAN DIEGUITO CREEK,SAN DIEGUITO CREEK,97.630717,15457
PTJPL,2010-07-01,9-023,9-023,SAN ELIJO VALLEY,SAN ELIJO VALLEY,101.994205,3969
PTJPL,2010-07-01,7-027,7-027,SAN FELIPE VALLEY,SAN FELIPE VALLEY,38.248031,105140
PTJPL,2010-07-01,4-012,4-012,SAN FERNANDO VALLEY,SAN FERNANDO VALLEY,66.077172,651275
PTJPL,2010-07-01,4-013,4-013,SAN GABRIEL VALLEY,SAN GABRIEL VALLEY,56.777665,568282
PTJPL,2010-07-01,2-024,2-024,SAN GREGORIO VALLEY,SAN GREGORIO VALLEY,107.50336,4762
PTJPL,2010-07-01,8-005,8-005,SAN JACINTO,SAN JACINTO,43.950568,712864
PTJPL,2010-07-01,5-022.05,5-022,SAN JOAQUIN VALLEY,SAN JOAQUIN VALLEY - CHOWCHILLA,120.872722,654605
PTJPL,2010-07-01,5-022.16,5-022,SAN JOAQUIN VALLEY,SAN JOAQUIN VALLEY - COSUMNES,75.048456,945540
PTJPL,2010-07-01,5-022.07,5-022,SAN JOAQUIN VALLEY,SAN JOAQUIN VALLEY - DELTA-MENDOTA,108.591902,3439751
PTJPL,2010-07-01,5-022.19,5-022,SAN JOAQUIN VALLEY,SAN JOAQUIN VALLEY - EAST CONTRA COSTA,124.801214,483816
PTJPL,2010-07-01,5-022.01,5-022,SAN JOAQUIN VALLEY,SAN JOAQUIN VALLEY - EASTERN SAN JOAQUIN,103.846736,3438909
PTJPL,2010-07-01,5-022.11,5-022,SAN JOAQUIN VALLEY,SAN JOAQUIN VALLEY - KAWEAH,113.602225,1982976
PTJPL,2010-07-01,5-022.14,5-022,SAN JOAQUIN VALLEY,SAN JOAQUIN VALLEY - KERN COUNTY,75.977512,8014112
PTJPL,2010-07-01,5-022.17,5-022,SAN JOAQUIN VALLEY,SAN JOAQUIN VALLEY - KETTLEMAN PLAIN,24.472112,286610
PTJPL,2010-07-01,5-022.08,5-022,SAN JOAQUIN VALLEY,SAN JOAQUIN VALLEY - KINGS,111.376024,4412320
PTJPL,2010-07-01,5-022.06,5-022,SAN JOAQUIN VALLEY,SAN JOAQUIN VALLEY - MADERA,93.479353,1562954
PTJPL,2010-07-01,5-022.04,5-022,SAN JOAQUIN VALLEY,SAN JOAQUIN VALLEY - MERCED,94.229465,2304911
PTJPL,2010-07-01,5-022.02,5-022,SAN JOAQUIN VALLEY,SAN JOAQUIN VALLEY - MODESTO,102.606026,1102748
PTJPL,2010-07-01,5-022.10,5-022,SAN JOAQUIN VALLEY,SAN JOAQUIN VALLEY - PLEASANT VALLEY,33.630021,216677
PTJPL,2010-07-01,5-022.15,5-022,SAN JOAQUIN VALLEY,SAN JOAQUIN VALLEY - TRACY,116.576583,1072071
PTJPL,2010-07-01,5-022.12,5-022,SAN JOAQUIN VALLEY,SAN JOAQUIN VALLEY - TULARE LAKE,98.55546,2409736
PTJPL,2010-07-01,5-022.13,5-022,SAN JOAQUIN VALLEY,SAN JOAQUIN VALLEY - TULE,94.046492,2147515
PTJPL,2010-07-01,5-022.03,5-022,SAN JOAQUIN VALLEY,SAN JOAQUIN VALLEY - TURLOCK,129.91801,1565653
PTJPL,2010-07-01,5-022.09,5-022,SAN JOAQUIN VALLEY,SAN JOAQUIN VALLEY - WESTSIDE,91.254023,2797567
PTJPL,2010-07-01,5-022.18,5-022,SAN JOAQUIN VALLEY,SAN JOAQUIN VALLEY - WHITE WOLF,62.036344,483575
PTJPL,2010-07-01,9-001,9-001,SAN JUAN VALLEY,SAN JUAN VALLEY,111.904703,73255
PTJPL,2010-07-01,3-009,3-009,SAN LUIS OBISPO VALLEY,SAN LUIS OBISPO VALLEY,99.779532,57210
PTJPL,2010-07-01,9-007.02,9-007,SAN LUIS REY VALLEY,SAN LUIS REY VALLEY - LOWER SAN LUIS REY VALLEY,111.218387,46175
PTJPL,2010-07-01,9-007.01,9-007,SAN LUIS REY VALLEY,SAN LUIS REY VALLEY - UPPER SAN LUIS REY VALLEY,91.040522,86570
PTJPL,2010-07-01,9-032,9-032,SAN MARCOS AREA,SAN MARCOS AREA,94.294333,9564
PTJPL,2010-07-01,9-002,9-002,SAN MATEO VALLEY,SAN MATEO VALLEY,106.080627,13147
PTJPL,2010-07-01,9-003,9-003,SAN ONOFRE VALLEY,SAN ONOFRE VALLEY,102.495821,5504
PTJPL,2010-07-01,9-010,9-010,SAN PASQUAL VALLEY,SAN PASQUAL VALLEY,90.242239,15720
PTJPL,2010-07-01,2-036,2-036,SAN PEDRO VALLEY,SAN PEDRO VALLEY,109.401447,2765
PTJPL,2010-07-01,2-029,2-029,SAN RAFAEL VALLEY,SAN RAFAEL VALLEY,107.196338,3932
PTJPL,2010-07-01,2-007,2-007,SAN RAMON VALLEY,SAN RAMON VALLEY,117.419594,31745
PTJPL,2010-07-01,3-035,3-035,SAN SIMEON VALLEY,SAN SIMEON VALLEY,109.145113,2343
PTJPL,2010-07-01,2-027,2-027,SAND POINT AREA,SAND POINT AREA,114.757203,100063
PTJPL,2010-07-01,1-053,1-053,SANEL VALLEY,SANEL VALLEY,105.86411,25057
PTJPL,2010-07-01,3-022,3-022,SANTA ANA VALLEY,SANTA ANA VALLEY,45.009715,12249
PTJPL,2010-07-01,3-017,3-017,SANTA BARBARA,SANTA BARBARA,58.284062,26716
PTJPL,2010-07-01,4-004.05,4-004,SANTA CLARA RIVER VALLEY,SANTA CLARA RIVER VALLEY - FILLMORE,98.325444,101526
PTJPL,2010-07-01,4-004.03,4-004,SANTA CLARA RIVER VALLEY,SANTA CLARA RIVER VALLEY - MOUND,57.279278,58773
PTJPL,2010-07-01,4-004.02,4-004,SANTA CLARA RIVER VALLEY,SANTA CLARA RIVER VALLEY - OXNARD,48.006857,241782
PTJPL,2010-07-01,4-004.06,4-004,SANTA CLARA RIVER VALLEY,SANTA CLARA RIVER VALLEY - PIRU,89.394691,49008
PTJPL,2010-07-01,4-004.07,4-004,SANTA CLARA RIVER VALLEY,SANTA CLARA RIVER VALLEY - SANTA CLARA RIVER VALLEY EAST,68.277293,304241
PTJPL,2010-07-01,4-004.04,4-004,SANTA CLARA RIVER VALLEY,SANTA CLARA RIVER VALLEY - SANTA PAULA,84.975597,99375
PTJPL,2010-07-01,2-009.04,2-009,SANTA CLARA VALLEY,SANTA CLARA VALLEY - EAST BAY PLAIN,102.714049,319803
PTJPL,2010-07-01,2-009.01,2-009,SANTA CLARA VALLEY,SANTA CLARA VALLEY - NILES CONE,108.123059,292868
PTJPL,2010-07-01,2-009.03,2-009,SANTA CLARA VALLEY,SANTA CLARA VALLEY - SAN MATEO PLAIN,120.728834,170003
PTJPL,2010-07-01,2-009.02,2-009,SANTA CLARA VALLEY,SANTA CLARA VALLEY - SANTA CLARA,93.130097,852426
PTJPL,2010-07-01,3-001,3-001,SANTA CRUZ MID-COUNTY,SANTA CRUZ MID-COUNTY,115.293187,159543
PTJPL,2010-07-01,3-027,3-027,SANTA MARGARITA,SANTA MARGARITA,126.395486,100049
PTJPL,2010-07-01,9-004,9-004,SANTA MARGARITA VALLEY,SANTA MARGARITA VALLEY,114.610061,22442
PTJPL,2010-07-01,3-012.02,3-012,SANTA MARIA RIVER VALLEY,SANTA MARIA RIVER VALLEY - ARROYO GRANDE,81.048983,13025
PTJPL,2010-07-01,3-012.01,3-012,SANTA MARIA RIVER VALLEY,SANTA MARIA RIVER VALLEY - SANTA MARIA,82.233191,761122
PTJPL,2010-07-01,9-011,9-011,SANTA MARIA VALLEY,SANTA MARIA VALLEY,53.408769,55261
PTJPL,2010-07-01,6-068,6-068,SANTA ROSA FLAT,SANTA ROSA FLAT,13.33841,75450
PTJPL,2010-07-01,3-036,3-036,SANTA ROSA VALLEY,SANTA ROSA VALLEY,104.766018,15373
PTJPL,2010-07-01,1-055.02,1-055,SANTA ROSA VALLEY,SANTA ROSA VALLEY - HEALDSBURG AREA,113.560199,69295
PTJPL,2010-07-01,1-055.03,1-055,SANTA ROSA VALLEY,SANTA ROSA VALLEY - RINCON VALLEY,104.848105,24958
PTJPL,2010-07-01,1-055.01,1-055,SANTA ROSA VALLEY,SANTA ROSA VALLEY - SANTA ROSA PLAIN,108.121745,365509
PTJPL,2010-07-01,3-015,3-015,SANTA YNEZ RIVER VALLEY,SANTA YNEZ RIVER VALLEY,85.45862,897337
PTJPL,2010-07-01,1-005,1-005,SCOTT RIVER VALLEY,SCOTT RIVER VALLEY,121.749889,286977
PTJPL,2010-07-01,5-014,5-014,SCOTTS VALLEY,SCOTTS VALLEY,105.067112,32930
PTJPL,2010-07-01,6-052,6-052,SEARLES VALLEY,SEARLES VALLEY,7.922804,885853
PTJPL,2010-07-01,6-100,6-100,SECRET VALLEY,SECRET VALLEY,31.086982,151387
PTJPL,2010-07-01,1-016,1-016,SEIAD VALLEY,SEIAD VALLEY,155.656903,10105
PTJPL,2010-07-01,8-008,8-008,SEVEN OAKS VALLEY,SEVEN OAKS VALLEY,115.457838,18334
PTJPL,2010-07-01,1-004,1-004,SHASTA VALLEY,SHASTA VALLEY,84.70972,981219
PTJPL,2010-07-01,1-042,1-042,SHERWOOD VALLEY,SHERWOOD VALLEY,151.15709,5169
PTJPL,2010-07-01,5-012.02,5-012,SIERRA VALLEY,SIERRA VALLEY - CHILCOOT,66.883646,33948
PTJPL,2010-07-01,5-012.01,5-012,SIERRA VALLEY,SIERRA VALLEY - SIERRA VALLEY,84.172141,527445
PTJPL,2010-07-01,6-034,6-034,SILVER LAKE VALLEY,SILVER LAKE VALLEY,3.695254,158273
PTJPL,2010-07-01,4-009,4-009,SIMI VALLEY,SIMI VALLEY,62.672685,54663
PTJPL,2010-07-01,6-105,6-105,SLINKARD VALLEY,SLINKARD VALLEY,67.047807,20269
PTJPL,2010-07-01,1-001,1-001,SMITH RIVER PLAIN,SMITH RIVER PLAIN,154.210723,172164
PTJPL,2010-07-01,6-033,6-033,SODA LAKE VALLEY,SODA LAKE VALLEY,6.806107,1708930
PTJPL,2010-07-01,2-037,2-037,SOUTH SAN FRANCISCO,SOUTH SAN FRANCISCO,120.293871,9773
PTJPL,2010-07-01,6-082,6-082,SPRING CANYON VALLEY,SPRING CANYON VALLEY,12.225398,21584
PTJPL,2010-07-01,5-089,5-089,SQUAW FLAT,SQUAW FLAT,43.610356,5813
PTJPL,2010-07-01,5-088,5-088,STONY GORGE RESERVOIR,STONY GORGE RESERVOIR,77.149958,4788
PTJPL,2010-07-01,5-063,5-063,STONYFORD TOWN AREA,STONYFORD TOWN AREA,72.535762,28955
PTJPL,2010-07-01,2-003,2-003,SUISUN-FAIRFIELD VALLEY,SUISUN-FAIRFIELD VALLEY,105.541981,600658
PTJPL,2010-07-01,2-011,2-011,SUNOL VALLEY,SUNOL VALLEY,77.808932,74769
PTJPL,2010-07-01,6-049,6-049,SUPERIOR VALLEY,SUPERIOR VALLEY,15.382041,541018
PTJPL,2010-07-01,6-001,6-001,SURPRISE VALLEY,SURPRISE VALLEY,42.421699,1026748
PTJPL,2010-07-01,6-107,6-107,SWEETWATER FLAT,SWEETWATER FLAT,65.823667,17966
PTJPL,2010-07-01,6-005.03,6-005,TAHOE VALLEY,TAHOE VALLEY - TAHOE NORTH,115.356534,8678
PTJPL,2010-07-01,6-005.01,6-005,TAHOE VALLEY,TAHOE VALLEY - TAHOE SOUTH,109.038005,65254
PTJPL,2010-07-01,6-005.02,6-005,TAHOE VALLEY,TAHOE VALLEY - TAHOE WEST,128.694786,27751
PTJPL,2010-07-01,6-045,6-045,TEHACHAPI VALLEY EAST,TEHACHAPI VALLEY EAST,49.317689,107747
PTJPL,2010-07-01,5-028,5-028,TEHACHAPI VALLEY WEST,TEHACHAPI VALLEY WEST,42.487055,66551
PTJPL,2010-07-01,9-005,9-005,TEMECULA VALLEY,TEMECULA VALLEY,62.919606,394594
PTJPL,2010-07-01,1-040,1-040,TEN MILE RIVER VALLEY,TEN MILE RIVER VALLEY,146.307027,6703
PTJPL,2010-07-01,7-026,7-026,TERWILLIGER VALLEY,TERWILLIGER VALLEY,49.501109,36068
PTJPL,2010-07-01,4-019,4-019,THOUSAND OAKS AREA,THOUSAND OAKS AREA,76.16304,13972
PTJPL,2010-07-01,4-015,4-015,TIERRA REJADA,TIERRA REJADA,65.948015,20679
PTJPL,2010-07-01,5-037,5-037,TOAD WELL AREA,TOAD WELL AREA,118.786003,15103
PTJPL,2010-07-01,3-040,3-040,TORO VALLEY,TORO VALLEY,108.144668,3235
PTJPL,2010-07-01,6-098,6-098,TULEDAD CANYON VALLEY,TULEDAD CANYON VALLEY,39.610532,23111
PTJPL,2010-07-01,7-010,7-010,TWENTYNINE PALMS VALLEY,TWENTYNINE PALMS VALLEY,8.249536,279940
PTJPL,2010-07-01,1-052,1-052,UKIAH VALLEY,UKIAH VALLEY,118.82089,168751
PTJPL,2010-07-01,6-022,6-022,UPPER KINGSTON VALLEY,UPPER KINGSTON VALLEY,11.001265,794700
PTJPL,2010-07-01,5-013,5-013,UPPER LAKE VALLEY,UPPER LAKE VALLEY,105.3742,32659
PTJPL,2010-07-01,6-042,6-042,UPPER MOJAVE RIVER VALLEY,UPPER MOJAVE RIVER VALLEY,25.018499,1856275
PTJPL,2010-07-01,4-001,4-001,UPPER OJAI VALLEY,UPPER OJAI VALLEY,83.479874,17117
PTJPL,2010-07-01,3-023,3-023,UPPER SANTA ANA VALLEY,UPPER SANTA ANA VALLEY,43.326448,6439
PTJPL,2010-07-01,8-002.05,8-002,UPPER SANTA ANA VALLEY,UPPER SANTA ANA VALLEY - CAJON,63.693074,104061
PTJPL,2010-07-01,8-002.01,8-002,UPPER SANTA ANA VALLEY,UPPER SANTA ANA VALLEY - CHINO,49.102431,691429
PTJPL,2010-07-01,8-002.02,8-002,UPPER SANTA ANA VALLEY,UPPER SANTA ANA VALLEY - CUCAMONGA,65.682546,40576
PTJPL,2010-07-01,8-002.04,8-002,UPPER SANTA ANA VALLEY,UPPER SANTA ANA VALLEY - RIALTO-COLTON,43.831018,111497
PTJPL,2010-07-01,8-002.03,8-002,UPPER SANTA ANA VALLEY,UPPER SANTA ANA VALLEY - RIVERSIDE-ARLINGTON,53.689667,254388
PTJPL,2010-07-01,8-002.06,8-002,UPPER SANTA ANA VALLEY,UPPER SANTA ANA VALLEY - SAN BERNARDINO,51.798113,415895
PTJPL,2010-07-01,8-002.08,8-002,UPPER SANTA ANA VALLEY,UPPER SANTA ANA VALLEY - SAN TIMOTEO,52.912919,145175
PTJPL,2010-07-01,8-002.09,8-002,UPPER SANTA ANA VALLEY,UPPER SANTA ANA VALLEY - TEMESCAL,57.049728,103262
PTJPL,2010-07-01,8-002.07,8-002,UPPER SANTA ANA VALLEY,UPPER SANTA ANA VALLEY - YUCAIPA,57.477993,99901
PTJPL,2010-07-01,7-028,7-028,VALLECITO-CARRIZO VALLEY,VALLECITO-CARRIZO VALLEY,7.385021,547711
PTJPL,2010-07-01,5-071,5-071,VALLECITOS CREEK VALLEY,VALLECITOS CREEK VALLEY,36.019903,67930
PTJPL,2010-07-01,7-063,7-063,VANDEVENTER FLAT,VANDEVENTER FLAT,77.765806,30274
PTJPL,2010-07-01,4-003.02,4-003,VENTURA RIVER VALLEY,VENTURA RIVER VALLEY - LOWER VENTURA RIVER,61.502264,21198
PTJPL,2010-07-01,4-003.01,4-003,VENTURA RIVER VALLEY,VENTURA RIVER VALLEY - UPPER VENTURA RIVER,76.951711,23732
PTJPL,2010-07-01,7-042,7-042,VIDAL VALLEY,VIDAL VALLEY,7.026456,618941
PTJPL,2010-07-01,3-037,3-037,VILLA VALLEY,VILLA VALLEY,93.662016,6092
PTJPL,2010-07-01,2-032,2-032,VISITACION VALLEY,VISITACION VALLEY,120.819719,26087
PTJPL,2010-07-01,5-026,5-026,WALKER BASIN CREEK VALLEY,WALKER BASIN CREEK VALLEY,46.931299,34468
PTJPL,2010-07-01,7-003,7-003,WARD VALLEY,WARD VALLEY,6.742131,2507114
PTJPL,2010-07-01,9-008,9-008,WARNER VALLEY,WARNER VALLEY,42.209884,107755
PTJPL,2010-07-01,7-012,7-012,WARREN VALLEY,WARREN VALLEY,23.199529,78585
PTJPL,2010-07-01,1-031,1-031,WEOTT TOWN AREA,WEOTT TOWN AREA,161.291481,16423
PTJPL,2010-07-01,7-022,7-022,WEST SALTON SEA,WEST SALTON SEA,4.919897,473862
PTJPL,2010-07-01,3-026,3-026,WEST SANTA CRUZ TERRACE,WEST SANTA CRUZ TERRACE,92.01439,29882
PTJPL,2010-07-01,2-035,2-035,WESTSIDE,WESTSIDE,111.348536,106233
PTJPL,2010-07-01,6-073,6-073,WILD HORSE MESA AREA,WILD HORSE MESA AREA,20.361316,14926
PTJPL,2010-07-01,6-075,6-075,WILDROSE CANYON,WILDROSE CANYON,29.497131,23181
PTJPL,2010-07-01,1-043,1-043,WILLIAMS VALLEY,WILLIAMS VALLEY,105.6591,7401
PTJPL,2010-07-01,6-003,6-003,WILLOW CREEK VALLEY,WILLOW CREEK VALLEY,105.989561,52589
PTJPL,2010-07-01,1-059,1-059,WILSON GROVE FORMATION HIGHLANDS,WILSON GROVE FORMATION HIGHLANDS,121.082269,287046
PTJPL,2010-07-01,1-062,1-062,WILSON POINT AREA,WILSON POINT AREA,141.211695,3198
PTJPL,2010-07-01,6-019,6-019,WINGATE VALLEY,WINGATE VALLEY,9.033703,320536
PTJPL,2010-07-01,7-056,7-056,YAQUI WELL AREA,YAQUI WELL AREA,15.224574,67265
PTJPL,2010-07-01,5-056,5-056,YELLOW CREEK VALLEY,YELLOW CREEK VALLEY,130.01078,10390
PTJPL,2010-07-01,2-006,2-006,YGNACIO VALLEY,YGNACIO VALLEY,111.195413,69545
PTJPL,2010-07-01,5-069,5-069,YOSEMITE VALLEY,YOSEMITE VALLEY,122.053927,33434
PTJPL,2010-07-01,7-036,7-036,YUMA VALLEY,YUMA VALLEY,24.317966,536338
