Model,Date,Basin_Subb,Basin_Numb,Basin_Name,Basin_Su_1,ET,Pixel_Count
PTJPL,2010-11-01,4-005,4-005,ACTON VALLEY,ACTON VALLEY,19.045813,37173
PTJPL,2010-11-01,6-010,6-010,ADOBE LAKE VALLEY,ADOBE LAKE VALLEY,11.198751,178082
PTJPL,2010-11-01,1-054.01,1-054,ALEXANDER VALLEY,ALEXANDER VALLEY - ALEXANDER AREA,49.536113,110098
PTJPL,2010-11-01,1-054.02,1-054,ALEXANDER VALLEY,ALEXANDER VALLEY - CLOVERDALE AREA,44.844356,29304
PTJPL,2010-11-01,5-002.01,5-002,ALTURAS AREA,ALTURAS AREA - SOUTH FORK PITT RIVER,26.524495,437356
PTJPL,2010-11-01,5-002.02,5-002,ALTURAS AREA,ALTURAS AREA - WARM SPRINGS VALLEY,24.765142,210246
PTJPL,2010-11-01,5-010,5-010,AMERICAN VALLEY,AMERICAN VALLEY,26.492703,30081
PTJPL,2010-11-01,7-016,7-016,AMES VALLEY,AMES VALLEY,16.821483,487562
PTJPL,2010-11-01,7-034,7-034,AMOS VALLEY,AMOS VALLEY,10.162985,584286
PTJPL,2010-11-01,1-019,1-019,ANDERSON VALLEY,ANDERSON VALLEY,44.58055,22365
PTJPL,2010-11-01,1-049,1-049,ANNAPOLIS OHLSON RANCH FORMATION HIGHLANDS,ANNAPOLIS OHLSON RANCH FORMATION HIGHLANDS,46.738843,38900
PTJPL,2010-11-01,5-091,5-091,ANTELOPE CREEK,ANTELOPE CREEK,42.800545,9175
PTJPL,2010-11-01,6-044,6-044,ANTELOPE VALLEY,ANTELOPE VALLEY,22.630135,4539741
PTJPL,2010-11-01,6-007,6-007,ANTELOPE VALLEY,ANTELOPE VALLEY,25.787243,89741
PTJPL,2010-11-01,3-034,3-034,ARROYO DE LA CRUZ VALLEY,ARROYO DE LA CRUZ VALLEY,51.408635,3590
PTJPL,2010-11-01,2-031,2-031,ARROYO DEL HAMBRE VALLEY,ARROYO DEL HAMBRE VALLEY,52.567839,3383
PTJPL,2010-11-01,4-007,4-007,ARROYO SANTA ROSA VALLEY,ARROYO SANTA ROSA VALLEY,37.021931,17646
PTJPL,2010-11-01,7-037,7-037,ARROYO SECO VALLEY,ARROYO SECO VALLEY,13.650708,1152313
PTJPL,2010-11-01,5-054,5-054,ASH VALLEY,ASH VALLEY,23.395583,22592
PTJPL,2010-11-01,6-026,6-026,AVAWATZ VALLEY,AVAWATZ VALLEY,21.632613,124166
PTJPL,2010-11-01,3-020,3-020,A�O NUEVO AREA,A�O NUEVO AREA,53.354784,8811
PTJPL,2010-11-01,9-022,9-022,BATIQUITOS LAGOON VALLEY,BATIQUITOS LAGOON VALLEY,61.412418,3334
PTJPL,2010-11-01,8-009,8-009,BEAR VALLEY,BEAR VALLEY,31.795755,86117
PTJPL,2010-11-01,5-064,5-064,BEAR VALLEY,BEAR VALLEY,39.301143,40934
PTJPL,2010-11-01,5-020,5-020,BERRYESSA VALLEY,BERRYESSA VALLEY,44.002261,6191
PTJPL,2010-11-01,7-015,7-015,BESSEMER VALLEY,BESSEMER VALLEY,20.750055,175679
PTJPL,2010-11-01,6-025,6-025,BICYCLE VALLEY,BICYCLE VALLEY,18.737838,402232
PTJPL,2010-11-01,1-027,1-027,BIG LAGOON AREA,BIG LAGOON AREA,39.65588,57695
PTJPL,2010-11-01,8-007,8-007,BIG MEADOWS VALLEY,BIG MEADOWS VALLEY,26.944951,63634
PTJPL,2010-11-01,1-045,1-045,BIG RIVER VALLEY,BIG RIVER VALLEY,50.953304,7581
PTJPL,2010-11-01,3-047,3-047,BIG SPRING AREA,BIG SPRING AREA,31.276378,32897
PTJPL,2010-11-01,5-015,5-015,BIG VALLEY,BIG VALLEY,45.664371,108772
PTJPL,2010-11-01,5-004,5-004,BIG VALLEY,BIG VALLEY,29.949398,371683
PTJPL,2010-11-01,3-030,3-030,BITTER WATER VALLEY,BITTER WATER VALLEY,27.313819,144867
PTJPL,2010-11-01,6-013,6-013,BLACK SPRINGS VALLEY,BLACK SPRINGS VALLEY,9.29517,138327
PTJPL,2010-11-01,5-092,5-092,BLANCHARD VALLEY,BLANCHARD VALLEY,42.614669,9994
PTJPL,2010-11-01,1-057,1-057,BODEGA BAY AREA,BODEGA BAY AREA,45.283473,10135
PTJPL,2010-11-01,7-024.01,7-024,BORREGO VALLEY,BORREGO VALLEY - BORREGO SPRINGS,21.103294,282155
PTJPL,2010-11-01,7-024.02,7-024,BORREGO VALLEY,BORREGO VALLEY - OCOTILLO WELLS,10.080933,405062
PTJPL,2010-11-01,1-039,1-039,BRANSCOMB TOWN AREA,BRANSCOMB TOWN AREA,41.087405,6201
PTJPL,2010-11-01,1-017,1-017,BRAY TOWN AREA,BRAY TOWN AREA,28.2116,31139
PTJPL,2010-11-01,6-008,6-008,BRIDGEPORT VALLEY,BRIDGEPORT VALLEY,19.035738,146090
PTJPL,2010-11-01,7-008,7-008,BRISTOL VALLEY,BRISTOL VALLEY,12.53541,2234028
PTJPL,2010-11-01,5-080,5-080,BRITE VALLEY,BRITE VALLEY,29.940677,14244
PTJPL,2010-11-01,6-032,6-032,BROADWELL VALLEY,BROADWELL VALLEY,18.293088,413087
PTJPL,2010-11-01,6-076,6-076,BROWN MOUNTAIN VALLEY,BROWN MOUNTAIN VALLEY,16.148803,97673
PTJPL,2010-11-01,7-054,7-054,BUCK RIDGE FAULT VALLEY,BUCK RIDGE FAULT VALLEY,31.309017,31076
PTJPL,2010-11-01,6-101,6-101,BULL FLAT,BULL FLAT,20.600791,78410
PTJPL,2010-11-01,5-048,5-048,BURNEY CREEK VALLEY,BURNEY CREEK VALLEY,23.5,10468
PTJPL,2010-11-01,5-017,5-017,BURNS VALLEY,BURNS VALLEY,47.015398,12924
PTJPL,2010-11-01,5-051,5-051,BUTTE CREEK VALLEY,BUTTE CREEK VALLEY,19.875459,14437
PTJPL,2010-11-01,1-003,1-003,BUTTE VALLEY,BUTTE VALLEY,27.588808,317988
PTJPL,2010-11-01,6-081,6-081,BUTTE VALLEY,BUTTE VALLEY,14.742907,39581
PTJPL,2010-11-01,6-070,6-070,CACTUS FLAT,CACTUS FLAT,10.850252,31593
PTJPL,2010-11-01,7-007,7-007,CADIZ VALLEY,CADIZ VALLEY,8.029122,1213316
PTJPL,2010-11-01,6-090,6-090,CADY FAULT AREA,CADY FAULT AREA,23.668559,35753
PTJPL,2010-11-01,9-006,9-006,CAHUILLA VALLEY,CAHUILLA VALLEY,29.949565,81848
PTJPL,2010-11-01,6-079,6-079,CALIFORNIA VALLEY,CALIFORNIA VALLEY,24.914617,261304
PTJPL,2010-11-01,7-041,7-041,CALZONA VALLEY,CALZONA VALLEY,16.724519,340869
PTJPL,2010-11-01,6-061,6-061,CAMEO AREA,CAMEO AREA,10.372449,41842
PTJPL,2010-11-01,9-028,9-028,CAMPO VALLEY,CAMPO VALLEY,40.693435,15902
PTJPL,2010-11-01,7-046,7-046,CANEBRAKE VALLEY,CANEBRAKE VALLEY,22.697326,24310
PTJPL,2010-11-01,3-007,3-007,CARMEL VALLEY,CARMEL VALLEY,55.263779,18978
PTJPL,2010-11-01,3-018,3-018,CARPINTERIA,CARPINTERIA,43.678568,33973
PTJPL,2010-11-01,3-019,3-019,CARRIZO PLAIN,CARRIZO PLAIN,29.420152,946901
PTJPL,2010-11-01,6-006,6-006,CARSON VALLEY,CARSON VALLEY,29.700029,30583
PTJPL,2010-11-01,5-029,5-029,CASTAC LAKE VALLEY,CASTAC LAKE VALLEY,31.54315,16014
PTJPL,2010-11-01,2-008,2-008,CASTRO VALLEY,CASTRO VALLEY,51.288239,6054
PTJPL,2010-11-01,6-038,6-038,CAVES CANYON VALLEY,CAVES CANYON VALLEY,21.742176,328088
PTJPL,2010-11-01,5-045,5-045,CAYTON VALLEY,CAYTON VALLEY,41.315966,595
PTJPL,2010-11-01,3-038,3-038,CAYUCOS VALLEY,CAYUCOS VALLEY,48.969442,949
PTJPL,2010-11-01,7-043,7-043,CHEMEHUEVI VALLEY,CHEMEHUEVI VALLEY,14.261251,1221349
PTJPL,2010-11-01,7-032,7-032,CHOCOLATE VALLEY,CHOCOLATE VALLEY,11.798148,580540
PTJPL,2010-11-01,3-005,3-005,CHOLAME VALLEY,CHOLAME VALLEY,30.544173,179070
PTJPL,2010-11-01,3-042,3-042,CHORRO VALLEY,CHORRO VALLEY,46.093931,6377
PTJPL,2010-11-01,5-061,5-061,CHROME TOWN AREA,CHROME TOWN AREA,39.253552,6334
PTJPL,2010-11-01,7-005,7-005,CHUCKWALLA VALLEY,CHUCKWALLA VALLEY,11.800164,2704918
PTJPL,2010-11-01,2-005,2-005,CLAYTON VALLEY,CLAYTON VALLEY,51.090187,73935
PTJPL,2010-11-01,5-066,5-066,CLEAR LAKE CACHE FORMATION,CLEAR LAKE CACHE FORMATION,50.485544,133747
PTJPL,2010-11-01,5-058,5-058,CLOVER VALLEY,CLOVER VALLEY,20.109777,75444
PTJPL,2010-11-01,7-021.03,7-021,COACHELLA VALLEY,COACHELLA VALLEY - DESERT HOT SPRINGS,16.028077,453937
PTJPL,2010-11-01,7-021.01,7-021,COACHELLA VALLEY,COACHELLA VALLEY - INDIO,31.253776,1335889
PTJPL,2010-11-01,7-021.02,7-021,COACHELLA VALLEY,COACHELLA VALLEY - MISSION CREEK,19.27826,218418
PTJPL,2010-11-01,7-021.04,7-021,COACHELLA VALLEY,COACHELLA VALLEY - SAN GORGONIO PASS,25.885789,173188
PTJPL,2010-11-01,4-011.04,4-011,COASTAL PLAIN OF LOS ANGELES,COASTAL PLAIN OF LOS ANGELES - CENTRAL,30.811875,799393
PTJPL,2010-11-01,4-011.02,4-011,COASTAL PLAIN OF LOS ANGELES,COASTAL PLAIN OF LOS ANGELES - HOLLYWOOD,29.089688,45279
PTJPL,2010-11-01,4-011.01,4-011,COASTAL PLAIN OF LOS ANGELES,COASTAL PLAIN OF LOS ANGELES - SANTA MONICA,40.994389,135809
PTJPL,2010-11-01,4-011.03,4-011,COASTAL PLAIN OF LOS ANGELES,COASTAL PLAIN OF LOS ANGELES - WEST COAST,43.597039,400024
PTJPL,2010-11-01,8-001,8-001,COASTAL PLAIN OF ORANGE COUNTY,COASTAL PLAIN OF ORANGE COUNTY,44.757252,999376
PTJPL,2010-11-01,9-033,9-033,COASTAL PLAIN OF SAN DIEGO,COASTAL PLAIN OF SAN DIEGO,45.454797,240969
PTJPL,2010-11-01,6-072,6-072,COLES FLAT,COLES FLAT,10.918756,13244
PTJPL,2010-11-01,5-019,5-019,COLLAYOMI VALLEY,COLLAYOMI VALLEY,43.27777,29240
PTJPL,2010-11-01,7-055,7-055,COLLINS VALLEY,COLLINS VALLEY,28.738591,31751
PTJPL,2010-11-01,4-010,4-010,CONEJO,CONEJO,34.006532,84503
PTJPL,2010-11-01,7-011,7-011,COPPER MOUNTAIN VALLEY,COPPER MOUNTAIN VALLEY,19.945687,136155
PTJPL,2010-11-01,3-002.01,3-002,CORRALITOS,CORRALITOS - PAJARO VALLEY,45.899074,331570
PTJPL,2010-11-01,3-002.02,3-002,CORRALITOS,CORRALITOS - PURISIMA HIGHLANDS,57.656545,53451
PTJPL,2010-11-01,6-055,6-055,COSO VALLEY,COSO VALLEY,11.68953,114929
PTJPL,2010-11-01,1-037,1-037,COTTONEVA CREEK VALLEY,COTTONEVA CREEK VALLEY,42.934226,3436
PTJPL,2010-11-01,9-027,9-027,COTTONWOOD VALLEY,COTTONWOOD VALLEY,35.860908,17262
PTJPL,2010-11-01,1-011,1-011,COVELO ROUND VALLEY,COVELO ROUND VALLEY,41.448063,73791
PTJPL,2010-11-01,6-091,6-091,COW HEAD LAKE VALLEY,COW HEAD LAKE VALLEY,16.762334,18101
PTJPL,2010-11-01,6-037,6-037,COYOTE LAKE VALLEY,COYOTE LAKE VALLEY,15.4975,396167
PTJPL,2010-11-01,5-018,5-018,COYOTE VALLEY,COYOTE VALLEY,45.286109,29349
PTJPL,2010-11-01,7-029,7-029,COYOTE WELLS VALLEY,COYOTE WELLS VALLEY,10.911366,648408
PTJPL,2010-11-01,6-035,6-035,CRONISE VALLEY,CRONISE VALLEY,19.165818,567907
PTJPL,2010-11-01,6-050,6-050,CUDDEBACK VALLEY,CUDDEBACK VALLEY,18.030071,426688
PTJPL,2010-11-01,5-082,5-082,CUDDY CANYON VALLEY,CUDDY CANYON VALLEY,26.524612,14830
PTJPL,2010-11-01,5-083,5-083,CUDDY RANCH AREA,CUDDY RANCH AREA,29.712472,18906
PTJPL,2010-11-01,5-084,5-084,CUDDY VALLEY,CUDDY VALLEY,28.75443,15576
PTJPL,2010-11-01,5-027,5-027,CUMMINGS VALLEY,CUMMINGS VALLEY,28.027082,44162
PTJPL,2010-11-01,3-013,3-013,CUYAMA VALLEY,CUYAMA VALLEY,28.507392,1086944
PTJPL,2010-11-01,7-009,7-009,DALE VALLEY,DALE VALLEY,13.154583,955616
PTJPL,2010-11-01,6-057,6-057,DARWIN VALLEY,DARWIN VALLEY,11.591973,198536
PTJPL,2010-11-01,7-061,7-061,DAVIES VALLEY,DAVIES VALLEY,14.971408,15214
PTJPL,2010-11-01,7-013.01,7-013,DEADMAN VALLEY,DEADMAN VALLEY - DEADMAN LAKE,16.779041,400268
PTJPL,2010-11-01,7-013.02,7-013,DEADMAN VALLEY,DEADMAN VALLEY - SURPRISE SPRING,16.310849,131543
PTJPL,2010-11-01,6-018,6-018,DEATH VALLEY,DEATH VALLEY,15.006916,4133615
PTJPL,2010-11-01,6-015,6-015,DEEP SPRINGS VALLEY,DEEP SPRINGS VALLEY,10.949471,134596
PTJPL,2010-11-01,6-078,6-078,DENNING SPRING VALLEY,DENNING SPRING VALLEY,26.331816,32521
PTJPL,2010-11-01,1-034,1-034,DINSMORES TOWN AREA,DINSMORES TOWN AREA,32.052668,10234
PTJPL,2010-11-01,5-053,5-053,DIXIE VALLEY,DIXIE VALLEY,30.81393,21234
PTJPL,2010-11-01,2-040,2-040,DOWNTOWN,DOWNTOWN,54.065098,32428
PTJPL,2010-11-01,5-049,5-049,DRY BURNEY CREEK VALLEY,DRY BURNEY CREEK VALLEY,37.245402,13211
PTJPL,2010-11-01,3-029,3-029,DRY LAKE VALLEY,DRY LAKE VALLEY,26.060377,6360
PTJPL,2010-11-01,6-095,6-095,DRY VALLEY,DRY VALLEY,16.653843,27398
PTJPL,2010-11-01,6-096,6-096,EAGLE LAKE AREA,EAGLE LAKE AREA,16.37214,54638
PTJPL,2010-11-01,7-033,7-033,EAST SALTON SEA,EAST SALTON SEA,13.190232,876191
PTJPL,2010-11-01,1-044,1-044,EDEN VALLEY,EDEN VALLEY,37.818402,6195
PTJPL,2010-11-01,1-010,1-010,EEL RIVER VALLEY,EEL RIVER VALLEY,35.89518,323088
PTJPL,2010-11-01,5-041,5-041,EGG LAKE VALLEY,EGG LAKE VALLEY,30.375154,10577
PTJPL,2010-11-01,9-016,9-016,EL CAJON VALLEY,EL CAJON VALLEY,29.655535,32160
PTJPL,2010-11-01,6-043,6-043,EL MIRAGE VALLEY,EL MIRAGE VALLEY,20.060279,341246
PTJPL,2010-11-01,5-062,5-062,ELK CREEK AREA,ELK CREEK AREA,45.066265,6474
PTJPL,2010-11-01,8-004.02,8-004,ELSINORE,ELSINORE - BEDFORD-COLDWATER,35.247761,31599
PTJPL,2010-11-01,8-004.01,8-004,ELSINORE,ELSINORE - ELSINORE VALLEY,47.751171,106085
PTJPL,2010-11-01,9-009,9-009,ESCONDIDO VALLEY,ESCONDIDO VALLEY,35.738885,12956
PTJPL,2010-11-01,1-009,1-009,EUREKA PLAIN,EUREKA PLAIN,37.176326,156965
PTJPL,2010-11-01,6-016,6-016,EUREKA VALLEY,EUREKA VALLEY,9.555762,578991
PTJPL,2010-11-01,1-022,1-022,FAIRCHILD SWAMP VALLEY,FAIRCHILD SWAMP VALLEY,22.967714,6876
PTJPL,2010-11-01,5-005,5-005,FALL RIVER VALLEY,FALL RIVER VALLEY,25.989202,208741
PTJPL,2010-11-01,7-002,7-002,FENNER VALLEY,FENNER VALLEY,16.35475,2034583
PTJPL,2010-11-01,6-014,6-014,FISH LAKE VALLEY,FISH LAKE VALLEY,13.207586,206078
PTJPL,2010-11-01,3-053,3-053,FOOTHILL,FOOTHILL,39.409346,14765
PTJPL,2010-11-01,1-021,1-021,FORT BRAGG TERRACE AREA,FORT BRAGG TERRACE AREA,46.360706,101964
PTJPL,2010-11-01,1-061,1-061,FORT ROSS TERRACE DEPOSITS,FORT ROSS TERRACE DEPOSITS,44.146405,30040
PTJPL,2010-11-01,6-046,6-046,FREMONT VALLEY,FREMONT VALLEY,17.501473,1507037
PTJPL,2010-11-01,5-090,5-090,FUNKS CREEK,FUNKS CREEK,43.391699,13564
PTJPL,2010-11-01,1-032,1-032,GARBERVILLE TOWN AREA,GARBERVILLE TOWN AREA,41.896715,9498
PTJPL,2010-11-01,1-020,1-020,GARCIA RIVER VALLEY,GARCIA RIVER VALLEY,40.222791,9381
PTJPL,2010-11-01,3-003.01,3-003,GILROY-HOLLISTER VALLEY,GILROY-HOLLISTER VALLEY - LLAGAS AREA,37.775588,212881
PTJPL,2010-11-01,3-003.05,3-003,GILROY-HOLLISTER VALLEY,GILROY-HOLLISTER VALLEY - NORTH SAN BENITO,33.68281,589157
PTJPL,2010-11-01,6-085,6-085,GOLD VALLEY,GOLD VALLEY,25.063106,14436
PTJPL,2010-11-01,6-048,6-048,GOLDSTONE VALLEY,GOLDSTONE VALLEY,18.252047,126294
PTJPL,2010-11-01,3-016,3-016,GOLETA,GOLETA,44.924855,41440
PTJPL,2010-11-01,5-001.02,5-001,GOOSE LAKE,GOOSE LAKE - FANDANGO VALLEY,21.425343,67623
PTJPL,2010-11-01,5-001.01,5-001,GOOSE LAKE,GOOSE LAKE - GOOSE VALLEY,22.345095,133575
PTJPL,2010-11-01,5-047,5-047,GOOSE VALLEY,GOOSE VALLEY,38.898553,12371
PTJPL,2010-11-01,6-077,6-077,GRASS VALLEY,GRASS VALLEY,19.810543,44881
PTJPL,2010-11-01,6-094,6-094,GRASSHOPPER VALLEY,GRASSHOPPER VALLEY,13.414169,64295
PTJPL,2010-11-01,1-048,1-048,GRAVELLY VALLEY,GRAVELLY VALLEY,42.462268,13384
PTJPL,2010-11-01,5-052,5-052,GRAYS VALLEY,GRAYS VALLEY,16.702862,24460
PTJPL,2010-11-01,6-084,6-084,GREENWATER VALLEY,GREENWATER VALLEY,23.078521,268934
PTJPL,2010-11-01,5-059,5-059,GRIZZLY VALLEY,GRIZZLY VALLEY,24.023683,60423
PTJPL,2010-11-01,2-022,2-022,HALF MOON BAY TERRACE,HALF MOON BAY TERRACE,51.134411,34387
PTJPL,2010-11-01,1-015,1-015,HAPPY CAMP TOWN AREA,HAPPY CAMP TOWN AREA,34.121691,12466
PTJPL,2010-11-01,6-047,6-047,HARPER VALLEY,HARPER VALLEY,17.989287,1841343
PTJPL,2010-11-01,6-074,6-074,HARRISBURG FLATS,HARRISBURG FLATS,16.358627,112083
PTJPL,2010-11-01,6-093,6-093,HARVEY VALLEY,HARVEY VALLEY,17.9919,19999
PTJPL,2010-11-01,1-006,1-006,HAYFORK VALLEY,HAYFORK VALLEY,28.96009,14708
PTJPL,2010-11-01,7-048,7-048,HELENDALE FAULT VALLEY,HELENDALE FAULT VALLEY,26.569415,11777
PTJPL,2010-11-01,8-006,8-006,HEMET LAKE VALLEY,HEMET LAKE VALLEY,35.60687,74988
PTJPL,2010-11-01,3-031,3-031,HERNANDEZ VALLEY,HERNANDEZ VALLEY,37.384042,12871
PTJPL,2010-11-01,1-036,1-036,HETTENSHAW VALLEY,HETTENSHAW VALLEY,30.646842,3262
PTJPL,2010-11-01,7-053,7-053,HEXIE MOUNTAIN AREA,HEXIE MOUNTAIN AREA,19.996164,50053
PTJPL,2010-11-01,6-063,6-063,HIDDEN VALLEY,HIDDEN VALLEY,10.483072,80667
PTJPL,2010-11-01,4-016,4-016,HIDDEN VALLEY,HIDDEN VALLEY,40.206172,9948
PTJPL,2010-11-01,5-016,5-016,HIGH VALLEY,HIGH VALLEY,46.176437,10593
PTJPL,2010-11-01,6-004,6-004,HONEY LAKE VALLEY,HONEY LAKE VALLEY,24.054423,1354813
PTJPL,2010-11-01,1-029,1-029,HONEYDEW TOWN AREA,HONEYDEW TOWN AREA,40.724927,10659
PTJPL,2010-11-01,1-007,1-007,HOOPA VALLEY,HOOPA VALLEY,34.06078,17111
PTJPL,2010-11-01,6-097,6-097,HORSE LAKE VALLEY,HORSE LAKE VALLEY,14.580931,16341
PTJPL,2010-11-01,5-040,5-040,HOT SPRINGS VALLEY,HOT SPRINGS VALLEY,30.728887,7152
PTJPL,2010-11-01,3-045,3-045,HUASNA VALLEY,HUASNA VALLEY,44.777368,21147
PTJPL,2010-11-01,5-060,5-060,HUMBUG VALLEY,HUMBUG VALLEY,27.731052,44834
PTJPL,2010-11-01,4-018,4-018,HUNGRY VALLEY,HUNGRY VALLEY,21.86043,23859
PTJPL,2010-11-01,1-035,1-035,HYAMPOM VALLEY,HYAMPOM VALLEY,32.202264,6096
PTJPL,2010-11-01,7-030,7-030,IMPERIAL VALLEY,IMPERIAL VALLEY,29.511212,4263234
PTJPL,2010-11-01,5-009,5-009,INDIAN VALLEY,INDIAN VALLEY,24.904189,132260
PTJPL,2010-11-01,6-054,6-054,INDIAN WELLS VALLEY,INDIAN WELLS VALLEY,11.646464,1715848
PTJPL,2010-11-01,7-050,7-050,IRON RIDGE AREA,IRON RIDGE AREA,20.005897,23570
PTJPL,2010-11-01,2-033,2-033,ISLAIS VALLEY,ISLAIS VALLEY,54.488336,25034
PTJPL,2010-11-01,6-030,6-030,IVANPAH VALLEY,IVANPAH VALLEY,19.808819,882708
PTJPL,2010-11-01,7-047,7-047,JACUMBA VALLEY,JACUMBA VALLEY,34.190556,8979
PTJPL,2010-11-01,5-003,5-003,JESS VALLEY,JESS VALLEY,24.64656,27685
PTJPL,2010-11-01,7-018.01,7-018,JOHNSON VALLEY,JOHNSON VALLEY - SOGGY LAKE,15.435629,347541
PTJPL,2010-11-01,7-018.02,7-018,JOHNSON VALLEY,JOHNSON VALLEY - UPPER JOHNSON VALLEY,15.867747,156367
PTJPL,2010-11-01,5-086,5-086,JOSEPH CREEK,JOSEPH CREEK,21.704194,16690
PTJPL,2010-11-01,7-062,7-062,JOSHUA TREE,JOSHUA TREE,20.708129,150378
PTJPL,2010-11-01,6-089,6-089,KANE WASH AREA,KANE WASH AREA,18.472435,26755
PTJPL,2010-11-01,6-069,6-069,KELSO LANDER VALLEY,KELSO LANDER VALLEY,14.80626,50191
PTJPL,2010-11-01,6-031,6-031,KELSO VALLEY,KELSO VALLEY,17.343233,1145203
PTJPL,2010-11-01,2-019,2-019,KENWOOD VALLEY,KENWOOD VALLEY,43.620055,23106
PTJPL,2010-11-01,5-025,5-025,KERN RIVER VALLEY,KERN RIVER VALLEY,19.720958,356993
PTJPL,2010-11-01,1-002.02,1-002,KLAMATH RIVER VALLEY,KLAMATH RIVER VALLEY - LOWER KLAMATH,27.103021,272867
PTJPL,2010-11-01,1-002.01,1-002,KLAMATH RIVER VALLEY,KLAMATH RIVER VALLEY - TULELAKE,26.699244,374037
PTJPL,2010-11-01,1-050,1-050,KNIGHTS VALLEY,KNIGHTS VALLEY,44.778448,18393
PTJPL,2010-11-01,5-007,5-007,LAKE ALMANOR VALLEY,LAKE ALMANOR VALLEY,23.998126,6938
PTJPL,2010-11-01,5-046,5-046,LAKE BRITTON AREA,LAKE BRITTON AREA,23.917058,59644
PTJPL,2010-11-01,7-001,7-001,LANFAIR VALLEY,LANFAIR VALLEY,22.310675,703571
PTJPL,2010-11-01,6-036.02,6-036,LANGFORD VALLEY,LANGFORD VALLEY - IRWIN,17.353772,47132
PTJPL,2010-11-01,6-036.01,6-036,LANGFORD VALLEY,LANGFORD VALLEY - LANGFORD WELL LAKE,17.805428,86847
PTJPL,2010-11-01,1-033,1-033,LARABEE VALLEY,LARABEE VALLEY,29.4551,4265
PTJPL,2010-11-01,4-008,4-008,LAS POSAS VALLEY,LAS POSAS VALLEY,35.62249,200649
PTJPL,2010-11-01,5-057,5-057,LAST CHANCE CREEK VALLEY,LAST CHANCE CREEK VALLEY,18.223327,20920
PTJPL,2010-11-01,7-014,7-014,LAVIC VALLEY,LAVIC VALLEY,22.325429,459882
PTJPL,2010-11-01,1-012,1-012,LAYTONVILLE VALLEY,LAYTONVILLE VALLEY,36.765107,22589
PTJPL,2010-11-01,6-027,6-027,LEACH VALLEY,LEACH VALLEY,19.809401,275049
PTJPL,2010-11-01,6-066,6-066,LEE FLAT,LEE FLAT,13.015107,91213
PTJPL,2010-11-01,6-106,6-106,LITTLE ANTELOPE VALLEY,LITTLE ANTELOPE VALLEY,19.153338,11191
PTJPL,2010-11-01,5-065,5-065,LITTLE INDIAN VALLEY,LITTLE INDIAN VALLEY,41.638514,5707
PTJPL,2010-11-01,1-013,1-013,LITTLE LAKE VALLEY,LITTLE LAKE VALLEY,35.068748,44336
PTJPL,2010-11-01,1-041,1-041,LITTLE VALLEY,LITTLE VALLEY,45.630917,3655
PTJPL,2010-11-01,2-010,2-010,LIVERMORE VALLEY,LIVERMORE VALLEY,46.033452,286260
PTJPL,2010-11-01,2-038,2-038,LOBOS,LOBOS,50.729449,10608
PTJPL,2010-11-01,3-006,3-006,LOCKWOOD VALLEY,LOCKWOOD VALLEY,38.252005,269554
PTJPL,2010-11-01,4-017,4-017,LOCKWOOD VALLEY,LOCKWOOD VALLEY,20.487238,97987
PTJPL,2010-11-01,6-011,6-011,LONG VALLEY,LONG VALLEY,17.108395,321545
PTJPL,2010-11-01,5-044,5-044,LONG VALLEY,LONG VALLEY,26.8,5
PTJPL,2010-11-01,6-104,6-104,LONG VALLEY,LONG VALLEY,27.933012,207171
PTJPL,2010-11-01,5-031,5-031,LONG VALLEY,LONG VALLEY,47.813813,12611
PTJPL,2010-11-01,5-070,5-070,LOS BANOS CREEK VALLEY,LOS BANOS CREEK VALLEY,26.04851,21748
PTJPL,2010-11-01,3-008.01,3-008,LOS OSOS VALLEY,LOS OSOS VALLEY - LOS OSOS AREA,53.415097,19010
PTJPL,2010-11-01,3-008.02,3-008,LOS OSOS VALLEY,LOS OSOS VALLEY - WARDEN CREEK,51.075507,7933
PTJPL,2010-11-01,7-051,7-051,LOST HORSE VALLEY,LOST HORSE VALLEY,23.220647,77794
PTJPL,2010-11-01,6-071,6-071,LOST LAKE VALLEY,LOST LAKE VALLEY,19.054434,104530
PTJPL,2010-11-01,6-021,6-021,LOWER KINGSTON VALLEY,LOWER KINGSTON VALLEY,22.348819,1078042
PTJPL,2010-11-01,1-014,1-014,LOWER KLAMATH RIVER VALLEY,LOWER KLAMATH RIVER VALLEY,37.635748,31308
PTJPL,2010-11-01,5-030,5-030,LOWER LAKE VALLEY,LOWER LAKE VALLEY,47.680389,10810
PTJPL,2010-11-01,1-038,1-038,LOWER LAYTONVILLE VALLEY,LOWER LAYTONVILLE VALLEY,38.931287,9678
PTJPL,2010-11-01,6-040,6-040,LOWER MOJAVE RIVER VALLEY,LOWER MOJAVE RIVER VALLEY,18.950213,1283494
PTJPL,2010-11-01,1-060,1-060,LOWER RUSSIAN RIVER VALLEY,LOWER RUSSIAN RIVER VALLEY,48.306673,29820
PTJPL,2010-11-01,7-019,7-019,LUCERNE VALLEY,LUCERNE VALLEY,16.783627,662866
PTJPL,2010-11-01,1-008.02,1-008,MAD RIVER VALLEY,MAD RIVER VALLEY - DOWS PRAIRIE SCHOOL AREA,36.474886,68010
PTJPL,2010-11-01,1-008.01,1-008,MAD RIVER VALLEY,MAD RIVER VALLEY - MAD RIVER LOWLAND,34.514357,106253
PTJPL,2010-11-01,6-002,6-002,MADELINE PLAINS,MADELINE PLAINS,13.399029,566826
PTJPL,2010-11-01,3-051,3-051,MAJORS CREEK,MAJORS CREEK,56.169923,1689
PTJPL,2010-11-01,4-022,4-022,MALIBU VALLEY,MALIBU VALLEY,40.213216,2603
PTJPL,2010-11-01,6-064,6-064,MARBLE CANYON AREA,MARBLE CANYON AREA,14.58985,46600
PTJPL,2010-11-01,2-039,2-039,MARINA,MARINA,52.385269,9653
PTJPL,2010-11-01,6-067,6-067,MARTIS VALLEY,MARTIS VALLEY,29.048247,63195
PTJPL,2010-11-01,7-059,7-059,MASON VALLEY,MASON VALLEY,29.862137,24829
PTJPL,2010-11-01,1-028,1-028,MATTOLE RIVER VALLEY,MATTOLE RIVER VALLEY,41.426244,13504
PTJPL,2010-11-01,5-035,5-035,MCCLOUD AREA,MCCLOUD AREA,32.0565,81398
PTJPL,2010-11-01,5-095,5-095,MEADOW VALLEY,MEADOW VALLEY,24.25384,25583
PTJPL,2010-11-01,7-017,7-017,MEANS VALLEY,MEANS VALLEY,15.365988,67158
PTJPL,2010-11-01,6-029,6-029,MESQUITE VALLEY,MESQUITE VALLEY,21.243477,384627
PTJPL,2010-11-01,6-020,6-020,MIDDLE AMARGOSA VALLEY,MIDDLE AMARGOSA VALLEY,22.474398,1741060
PTJPL,2010-11-01,5-094,5-094,MIDDLE CREEK,MIDDLE CREEK,39.84058,3174
PTJPL,2010-11-01,5-087,5-087,MIDDLE FORK FEATHER RIVER,MIDDLE FORK FEATHER RIVER,26.804244,19509
PTJPL,2010-11-01,6-041,6-041,MIDDLE MOJAVE RIVER VALLEY,MIDDLE MOJAVE RIVER VALLEY,19.739391,950204
PTJPL,2010-11-01,6-080,6-080,MIDDLE PARK CANYON,MIDDLE PARK CANYON,18.258938,7832
PTJPL,2010-11-01,5-085,5-085,MIL POTRERO AREA,MIL POTRERO AREA,34.280539,10380
PTJPL,2010-11-01,9-014,9-014,MISSION VALLEY,MISSION VALLEY,43.576463,31839
PTJPL,2010-11-01,5-011,5-011,MOHAWK VALLEY,MOHAWK VALLEY,28.333083,85339
PTJPL,2010-11-01,6-009,6-009,MONO VALLEY,MONO VALLEY,22.013727,772356
PTJPL,2010-11-01,3-049,3-049,MONTECITO,MONTECITO,48.800491,27307
PTJPL,2010-11-01,7-020,7-020,MORONGO VALLEY,MORONGO VALLEY,19.941039,32496
PTJPL,2010-11-01,3-041,3-041,MORRO VALLEY,MORRO VALLEY,44.8376,2500
PTJPL,2010-11-01,5-008,5-008,MOUNTAIN MEADOWS VALLEY,MOUNTAIN MEADOWS VALLEY,20.027748,24542
PTJPL,2010-11-01,1-056,1-056,McDOWELL VALLEY,McDOWELL VALLEY,48.290154,6693
PTJPL,2010-11-01,2-002.01,2-002,NAPA-SONOMA VALLEY,NAPA-SONOMA VALLEY - NAPA VALLEY,49.703196,206510
PTJPL,2010-11-01,2-002.03,2-002,NAPA-SONOMA VALLEY,NAPA-SONOMA VALLEY - NAPA-SONOMA LOWLANDS,52.866529,179238
PTJPL,2010-11-01,2-002.02,2-002,NAPA-SONOMA VALLEY,NAPA-SONOMA VALLEY - SONOMA VALLEY,47.207315,201587
PTJPL,2010-11-01,1-046,1-046,NAVARRO RIVER VALLEY,NAVARRO RIVER VALLEY,51.460052,3104
PTJPL,2010-11-01,3-052,3-052,NEEDLE ROCK POINT,NEEDLE ROCK POINT,55.20896,3058
PTJPL,2010-11-01,7-044,7-044,NEEDLES VALLEY,NEEDLES VALLEY,17.825401,384642
PTJPL,2010-11-01,5-050,5-050,NORTH FORK BATTLE CREEK,NORTH FORK BATTLE CREEK,35.063355,56996
PTJPL,2010-11-01,2-030,2-030,NOVATO VALLEY,NOVATO VALLEY,49.519985,92318
PTJPL,2010-11-01,7-025,7-025,OCOTILLO-CLARK VALLEY,OCOTILLO-CLARK VALLEY,12.098501,999477
PTJPL,2010-11-01,7-035,7-035,OGILBY VALLEY,OGILBY VALLEY,11.342886,592059
PTJPL,2010-11-01,4-002,4-002,OJAI VALLEY,OJAI VALLEY,35.661163,26588
PTJPL,2010-11-01,3-039,3-039,OLD VALLEY,OLD VALLEY,46.509816,5043
PTJPL,2010-11-01,6-108,6-108,OLYMPIC VALLEY,OLYMPIC VALLEY,33.18107,243
PTJPL,2010-11-01,7-031,7-031,OROCOPIA VALLEY,OROCOPIA VALLEY,11.973977,432652
PTJPL,2010-11-01,6-012.02,6-012,OWENS VALLEY,OWENS VALLEY - FISH SLOUGH,15.267968,14498
PTJPL,2010-11-01,6-012.01,6-012,OWENS VALLEY,OWENS VALLEY - OWENS VALLEY,13.03864,2963221
PTJPL,2010-11-01,6-088,6-088,OWL LAKE VALLEY,OWL LAKE VALLEY,18.976441,100004
PTJPL,2010-11-01,6-028,6-028,PAHRUMP VALLEY,PAHRUMP VALLEY,21.98321,407322
PTJPL,2010-11-01,6-099,6-099,PAINTERS FLAT,PAINTERS FLAT,14.059119,28113
PTJPL,2010-11-01,7-039,7-039,PALO VERDE MESA,PALO VERDE MESA,19.784314,1011292
PTJPL,2010-11-01,7-038,7-038,PALO VERDE VALLEY,PALO VERDE VALLEY,46.091812,302116
PTJPL,2010-11-01,9-024,9-024,PAMO VALLEY,PAMO VALLEY,44.218593,6766
PTJPL,2010-11-01,6-058,6-058,PANAMINT VALLEY,PANAMINT VALLEY,13.545225,1165899
PTJPL,2010-11-01,5-023,5-023,PANOCHE VALLEY,PANOCHE VALLEY,26.4895,148758
PTJPL,2010-11-01,3-032,3-032,PEACH TREE VALLEY,PEACH TREE VALLEY,28.08034,44038
PTJPL,2010-11-01,1-030,1-030,PEPPERWOOD TOWN AREA,PEPPERWOOD TOWN AREA,38.088251,27535
PTJPL,2010-11-01,2-026,2-026,PESCADERO VALLEY,PESCADERO VALLEY,48.750957,13066
PTJPL,2010-11-01,2-001,2-001,PETALUMA VALLEY,PETALUMA VALLEY,46.409148,209824
PTJPL,2010-11-01,6-051,6-051,PILOT KNOB VALLEY,PILOT KNOB VALLEY,16.594057,623272
PTJPL,2010-11-01,6-092,6-092,PINE CREEK VALLEY,PINE CREEK VALLEY,14.787974,42839
PTJPL,2010-11-01,7-006,7-006,PINTO VALLEY,PINTO VALLEY,13.51622,820363
PTJPL,2010-11-01,7-049,7-049,PIPES CANYON FAULT VALLEY,PIPES CANYON FAULT VALLEY,19.536055,15213
PTJPL,2010-11-01,2-004,2-004,PITTSBURG PLAIN,PITTSBURG PLAIN,50.400059,51180
PTJPL,2010-11-01,7-045,7-045,PIUTE VALLEY,PIUTE VALLEY,16.493001,782230
PTJPL,2010-11-01,7-052,7-052,PLEASANT VALLEY,PLEASANT VALLEY,19.772406,43336
PTJPL,2010-11-01,4-006,4-006,PLEASANT VALLEY,PLEASANT VALLEY,30.206213,89204
PTJPL,2010-11-01,5-038,5-038,PONDOSA TOWN AREA,PONDOSA TOWN AREA,33.911776,5044
PTJPL,2010-11-01,5-068,5-068,POPE VALLEY,POPE VALLEY,49.298332,32313
PTJPL,2010-11-01,9-029,9-029,POTRERO VALLEY,POTRERO VALLEY,39.97699,9083
PTJPL,2010-11-01,1-051,1-051,POTTER VALLEY,POTTER VALLEY,43.295873,37053
PTJPL,2010-11-01,9-013,9-013,POWAY VALLEY,POWAY VALLEY,39.694585,11080
PTJPL,2010-11-01,3-044,3-044,POZO VALLEY,POZO VALLEY,34.771765,30784
PTJPL,2010-11-01,1-025,1-025,PRAIRIE CREEK AREA,PRAIRIE CREEK AREA,41.658256,86480
PTJPL,2010-11-01,7-040,7-040,QUIEN SABE POINT VALLEY,QUIEN SABE POINT VALLEY,18.388178,99694
PTJPL,2010-11-01,3-024,3-024,QUIEN SABE VALLEY,QUIEN SABE VALLEY,30.533982,21173
PTJPL,2010-11-01,6-062,6-062,RACE TRACK VALLEY,RACE TRACK VALLEY,8.850854,63448
PTJPL,2010-11-01,3-046,3-046,RAFAEL VALLEY,RAFAEL VALLEY,32.940153,13451
PTJPL,2010-11-01,9-025,9-025,RANCHITA TOWN AREA,RANCHITA TOWN AREA,32.50677,14032
PTJPL,2010-11-01,4-023,4-023,RAYMOND,RAYMOND,26.595784,117113
PTJPL,2010-11-01,6-024,6-024,RED PASS VALLEY,RED PASS VALLEY,18.112933,433105
PTJPL,2010-11-01,1-018,1-018,RED ROCK VALLEY,RED ROCK VALLEY,29.754323,33080
PTJPL,2010-11-01,5-006.03,5-006,REDDING AREA,REDDING AREA - ANDERSON,41.313413,443214
PTJPL,2010-11-01,5-006.01,5-006,REDDING AREA,REDDING AREA - BOWMAN,41.491455,550980
PTJPL,2010-11-01,5-006.04,5-006,REDDING AREA,REDDING AREA - ENTERPRISE,38.344256,275507
PTJPL,2010-11-01,5-006.05,5-006,REDDING AREA,REDDING AREA - MILLVILLE,39.85008,295058
PTJPL,2010-11-01,5-006.06,5-006,REDDING AREA,REDDING AREA - SOUTH BATTLE CREEK,39.746807,151596
PTJPL,2010-11-01,1-026,1-026,REDWOOD CREEK AREA,REDWOOD CREEK AREA,36.308672,8718
PTJPL,2010-11-01,6-086,6-086,RHODES HILL AREA,RHODES HILL AREA,22.12502,70069
PTJPL,2010-11-01,7-004,7-004,RICE VALLEY,RICE VALLEY,14.494641,841014
PTJPL,2010-11-01,6-023,6-023,RIGGS VALLEY,RIGGS VALLEY,21.225229,393528
PTJPL,2010-11-01,3-043,3-043,RINCONADA VALLEY,RINCONADA VALLEY,42.953549,11582
PTJPL,2010-11-01,5-043,5-043,ROCK PRAIRIE VALLEY,ROCK PRAIRIE VALLEY,22.753881,15395
PTJPL,2010-11-01,6-056,6-056,ROSE VALLEY,ROSE VALLEY,10.794456,191219
PTJPL,2010-11-01,2-028,2-028,ROSS VALLEY,ROSS VALLEY,49.863808,7930
PTJPL,2010-11-01,5-036,5-036,ROUND VALLEY,ROUND VALLEY,26.395614,31781
PTJPL,2010-11-01,4-020,4-020,RUSSELL VALLEY,RUSSELL VALLEY,29.529488,13836
PTJPL,2010-11-01,5-021.54,5-021,SACRAMENTO VALLEY,SACRAMENTO VALLEY - ANTELOPE,46.780904,85716
PTJPL,2010-11-01,5-021.53,5-021,SACRAMENTO VALLEY,SACRAMENTO VALLEY - BEND,40.803298,101956
PTJPL,2010-11-01,5-021.70,5-021,SACRAMENTO VALLEY,SACRAMENTO VALLEY - BUTTE,54.009481,642727
PTJPL,2010-11-01,5-021.52,5-021,SACRAMENTO VALLEY,SACRAMENTO VALLEY - COLUSA,50.487681,3129467
PTJPL,2010-11-01,5-021.51,5-021,SACRAMENTO VALLEY,SACRAMENTO VALLEY - CORNING,47.21388,932260
PTJPL,2010-11-01,5-021.56,5-021,SACRAMENTO VALLEY,SACRAMENTO VALLEY - LOS MOLINOS,43.481405,447050
PTJPL,2010-11-01,5-021.64,5-021,SACRAMENTO VALLEY,SACRAMENTO VALLEY - NORTH AMERICAN,47.837773,1486100
PTJPL,2010-11-01,5-021.60,5-021,SACRAMENTO VALLEY,SACRAMENTO VALLEY - NORTH YUBA,62.281044,185288
PTJPL,2010-11-01,5-021.50,5-021,SACRAMENTO VALLEY,SACRAMENTO VALLEY - RED BLUFF,42.464106,1221459
PTJPL,2010-11-01,5-021.66,5-021,SACRAMENTO VALLEY,SACRAMENTO VALLEY - SOLANO,55.786784,1591674
PTJPL,2010-11-01,5-021.65,5-021,SACRAMENTO VALLEY,SACRAMENTO VALLEY - SOUTH AMERICAN,45.672754,1115415
PTJPL,2010-11-01,5-021.61,5-021,SACRAMENTO VALLEY,SACRAMENTO VALLEY - SOUTH YUBA,56.412218,454665
PTJPL,2010-11-01,5-021.62,5-021,SACRAMENTO VALLEY,SACRAMENTO VALLEY - SUTTER,56.75362,772953
PTJPL,2010-11-01,5-021.57,5-021,SACRAMENTO VALLEY,SACRAMENTO VALLEY - VINA,47.422434,818841
PTJPL,2010-11-01,5-021.69,5-021,SACRAMENTO VALLEY,SACRAMENTO VALLEY - WYANDOTTE CREEK,54.974009,137319
PTJPL,2010-11-01,5-021.67,5-021,SACRAMENTO VALLEY,SACRAMENTO VALLEY - YOLO,52.666293,2369443
PTJPL,2010-11-01,3-004.01,3-004,SALINAS VALLEY,SALINAS VALLEY - 180/400 FOOT AQUIFER,46.906039,402399
PTJPL,2010-11-01,3-004.11,3-004,SALINAS VALLEY,SALINAS VALLEY - ATASCADERO AREA,39.782863,88755
PTJPL,2010-11-01,3-004.02,3-004,SALINAS VALLEY,SALINAS VALLEY - EAST SIDE AQUIFER,41.184678,258439
PTJPL,2010-11-01,3-004.04,3-004,SALINAS VALLEY,SALINAS VALLEY - FOREBAY AQUIFER,41.342511,422897
PTJPL,2010-11-01,3-004.09,3-004,SALINAS VALLEY,SALINAS VALLEY - LANGLEY AREA,50.740801,79217
PTJPL,2010-11-01,3-004.10,3-004,SALINAS VALLEY,SALINAS VALLEY - MONTEREY,55.633046,138524
PTJPL,2010-11-01,3-004.06,3-004,SALINAS VALLEY,SALINAS VALLEY - PASO ROBLES AREA,33.577841,1960662
PTJPL,2010-11-01,3-004.08,3-004,SALINAS VALLEY,SALINAS VALLEY - SEASIDE,56.515444,65105
PTJPL,2010-11-01,3-004.05,3-004,SALINAS VALLEY,SALINAS VALLEY - UPPER VALLEY AQUIFER,35.994291,1070292
PTJPL,2010-11-01,6-017,6-017,SALINE VALLEY,SALINE VALLEY,8.927204,657263
PTJPL,2010-11-01,6-053,6-053,SALT WELLS VALLEY,SALT WELLS VALLEY,12.555754,132519
PTJPL,2010-11-01,3-014,3-014,SAN ANTONIO CREEK VALLEY,SAN ANTONIO CREEK VALLEY,44.299014,303230
PTJPL,2010-11-01,3-028,3-028,SAN BENITO RIVER VALLEY,SAN BENITO RIVER VALLEY,36.35156,108943
PTJPL,2010-11-01,3-033,3-033,SAN CARPOFORO VALLEY,SAN CARPOFORO VALLEY,51.326513,4692
PTJPL,2010-11-01,9-015,9-015,SAN DIEGO RIVER VALLEY,SAN DIEGO RIVER VALLEY,38.618748,38030
PTJPL,2010-11-01,9-012,9-012,SAN DIEGUITO CREEK,SAN DIEGUITO CREEK,59.581743,15457
PTJPL,2010-11-01,9-023,9-023,SAN ELIJO VALLEY,SAN ELIJO VALLEY,56.191988,3969
PTJPL,2010-11-01,7-027,7-027,SAN FELIPE VALLEY,SAN FELIPE VALLEY,30.762098,105140
PTJPL,2010-11-01,4-012,4-012,SAN FERNANDO VALLEY,SAN FERNANDO VALLEY,24.913624,651272
PTJPL,2010-11-01,4-013,4-013,SAN GABRIEL VALLEY,SAN GABRIEL VALLEY,28.490331,568282
PTJPL,2010-11-01,2-024,2-024,SAN GREGORIO VALLEY,SAN GREGORIO VALLEY,46.15411,4672
PTJPL,2010-11-01,8-005,8-005,SAN JACINTO,SAN JACINTO,34.586168,712825
PTJPL,2010-11-01,5-022.05,5-022,SAN JOAQUIN VALLEY,SAN JOAQUIN VALLEY - CHOWCHILLA,40.120643,654152
PTJPL,2010-11-01,5-022.16,5-022,SAN JOAQUIN VALLEY,SAN JOAQUIN VALLEY - COSUMNES,40.769085,945538
PTJPL,2010-11-01,5-022.07,5-022,SAN JOAQUIN VALLEY,SAN JOAQUIN VALLEY - DELTA-MENDOTA,40.742611,3439444
PTJPL,2010-11-01,5-022.19,5-022,SAN JOAQUIN VALLEY,SAN JOAQUIN VALLEY - EAST CONTRA COSTA,51.94151,480851
PTJPL,2010-11-01,5-022.01,5-022,SAN JOAQUIN VALLEY,SAN JOAQUIN VALLEY - EASTERN SAN JOAQUIN,42.43651,3435941
PTJPL,2010-11-01,5-022.11,5-022,SAN JOAQUIN VALLEY,SAN JOAQUIN VALLEY - KAWEAH,47.348409,1982503
PTJPL,2010-11-01,5-022.14,5-022,SAN JOAQUIN VALLEY,SAN JOAQUIN VALLEY - KERN COUNTY,37.738088,8013586
PTJPL,2010-11-01,5-022.17,5-022,SAN JOAQUIN VALLEY,SAN JOAQUIN VALLEY - KETTLEMAN PLAIN,29.558491,286585
PTJPL,2010-11-01,5-022.08,5-022,SAN JOAQUIN VALLEY,SAN JOAQUIN VALLEY - KINGS,49.918657,4405345
PTJPL,2010-11-01,5-022.06,5-022,SAN JOAQUIN VALLEY,SAN JOAQUIN VALLEY - MADERA,45.054963,1562954
PTJPL,2010-11-01,5-022.04,5-022,SAN JOAQUIN VALLEY,SAN JOAQUIN VALLEY - MERCED,36.917292,2302698
PTJPL,2010-11-01,5-022.02,5-022,SAN JOAQUIN VALLEY,SAN JOAQUIN VALLEY - MODESTO,37.207007,1099521
PTJPL,2010-11-01,5-022.10,5-022,SAN JOAQUIN VALLEY,SAN JOAQUIN VALLEY - PLEASANT VALLEY,32.341013,216675
PTJPL,2010-11-01,5-022.15,5-022,SAN JOAQUIN VALLEY,SAN JOAQUIN VALLEY - TRACY,42.71899,1068406
PTJPL,2010-11-01,5-022.12,5-022,SAN JOAQUIN VALLEY,SAN JOAQUIN VALLEY - TULARE LAKE,42.695678,2409463
PTJPL,2010-11-01,5-022.13,5-022,SAN JOAQUIN VALLEY,SAN JOAQUIN VALLEY - TULE,45.14894,2147148
PTJPL,2010-11-01,5-022.03,5-022,SAN JOAQUIN VALLEY,SAN JOAQUIN VALLEY - TURLOCK,37.925423,1563607
PTJPL,2010-11-01,5-022.09,5-022,SAN JOAQUIN VALLEY,SAN JOAQUIN VALLEY - WESTSIDE,43.088843,2797559
PTJPL,2010-11-01,5-022.18,5-022,SAN JOAQUIN VALLEY,SAN JOAQUIN VALLEY - WHITE WOLF,34.189071,483575
PTJPL,2010-11-01,9-001,9-001,SAN JUAN VALLEY,SAN JUAN VALLEY,54.935144,73255
PTJPL,2010-11-01,3-009,3-009,SAN LUIS OBISPO VALLEY,SAN LUIS OBISPO VALLEY,48.573915,57221
PTJPL,2010-11-01,9-007.02,9-007,SAN LUIS REY VALLEY,SAN LUIS REY VALLEY - LOWER SAN LUIS REY VALLEY,62.232983,46175
PTJPL,2010-11-01,9-007.01,9-007,SAN LUIS REY VALLEY,SAN LUIS REY VALLEY - UPPER SAN LUIS REY VALLEY,47.318586,86570
PTJPL,2010-11-01,9-032,9-032,SAN MARCOS AREA,SAN MARCOS AREA,61.404747,9564
PTJPL,2010-11-01,9-002,9-002,SAN MATEO VALLEY,SAN MATEO VALLEY,67.359237,13164
PTJPL,2010-11-01,9-003,9-003,SAN ONOFRE VALLEY,SAN ONOFRE VALLEY,68.967549,5516
PTJPL,2010-11-01,9-010,9-010,SAN PASQUAL VALLEY,SAN PASQUAL VALLEY,47.192366,15720
PTJPL,2010-11-01,2-036,2-036,SAN PEDRO VALLEY,SAN PEDRO VALLEY,51.859134,2726
PTJPL,2010-11-01,2-029,2-029,SAN RAFAEL VALLEY,SAN RAFAEL VALLEY,47.78764,3932
PTJPL,2010-11-01,2-007,2-007,SAN RAMON VALLEY,SAN RAMON VALLEY,50.892665,19714
PTJPL,2010-11-01,3-035,3-035,SAN SIMEON VALLEY,SAN SIMEON VALLEY,53.06186,2344
PTJPL,2010-11-01,2-027,2-027,SAND POINT AREA,SAND POINT AREA,43.509278,100075
PTJPL,2010-11-01,1-053,1-053,SANEL VALLEY,SANEL VALLEY,48.074795,25055
PTJPL,2010-11-01,3-022,3-022,SANTA ANA VALLEY,SANTA ANA VALLEY,27.968732,12249
PTJPL,2010-11-01,3-017,3-017,SANTA BARBARA,SANTA BARBARA,41.919954,26897
PTJPL,2010-11-01,4-004.05,4-004,SANTA CLARA RIVER VALLEY,SANTA CLARA RIVER VALLEY - FILLMORE,35.821051,101526
PTJPL,2010-11-01,4-004.03,4-004,SANTA CLARA RIVER VALLEY,SANTA CLARA RIVER VALLEY - MOUND,25.146874,61597
PTJPL,2010-11-01,4-004.02,4-004,SANTA CLARA RIVER VALLEY,SANTA CLARA RIVER VALLEY - OXNARD,27.292439,250493
PTJPL,2010-11-01,4-004.06,4-004,SANTA CLARA RIVER VALLEY,SANTA CLARA RIVER VALLEY - PIRU,31.026608,49008
PTJPL,2010-11-01,4-004.07,4-004,SANTA CLARA RIVER VALLEY,SANTA CLARA RIVER VALLEY - SANTA CLARA RIVER VALLEY EAST,27.302341,303932
PTJPL,2010-11-01,4-004.04,4-004,SANTA CLARA RIVER VALLEY,SANTA CLARA RIVER VALLEY - SANTA PAULA,32.055633,99438
PTJPL,2010-11-01,2-009.04,2-009,SANTA CLARA VALLEY,SANTA CLARA VALLEY - EAST BAY PLAIN,52.425908,287067
PTJPL,2010-11-01,2-009.01,2-009,SANTA CLARA VALLEY,SANTA CLARA VALLEY - NILES CONE,49.864513,279547
PTJPL,2010-11-01,2-009.03,2-009,SANTA CLARA VALLEY,SANTA CLARA VALLEY - SAN MATEO PLAIN,53.038916,139762
PTJPL,2010-11-01,2-009.02,2-009,SANTA CLARA VALLEY,SANTA CLARA VALLEY - SANTA CLARA,49.448893,758347
PTJPL,2010-11-01,3-001,3-001,SANTA CRUZ MID-COUNTY,SANTA CRUZ MID-COUNTY,61.09823,152785
PTJPL,2010-11-01,3-027,3-027,SANTA MARGARITA,SANTA MARGARITA,57.150266,99936
PTJPL,2010-11-01,9-004,9-004,SANTA MARGARITA VALLEY,SANTA MARGARITA VALLEY,68.929649,22473
PTJPL,2010-11-01,3-012.02,3-012,SANTA MARIA RIVER VALLEY,SANTA MARIA RIVER VALLEY - ARROYO GRANDE,45.967217,13025
PTJPL,2010-11-01,3-012.01,3-012,SANTA MARIA RIVER VALLEY,SANTA MARIA RIVER VALLEY - SANTA MARIA,43.487928,762118
PTJPL,2010-11-01,9-011,9-011,SANTA MARIA VALLEY,SANTA MARIA VALLEY,41.612331,55261
PTJPL,2010-11-01,6-068,6-068,SANTA ROSA FLAT,SANTA ROSA FLAT,11.726256,75450
PTJPL,2010-11-01,3-036,3-036,SANTA ROSA VALLEY,SANTA ROSA VALLEY,50.856102,15379
PTJPL,2010-11-01,1-055.02,1-055,SANTA ROSA VALLEY,SANTA ROSA VALLEY - HEALDSBURG AREA,50.12104,69291
PTJPL,2010-11-01,1-055.03,1-055,SANTA ROSA VALLEY,SANTA ROSA VALLEY - RINCON VALLEY,44.429081,24958
PTJPL,2010-11-01,1-055.01,1-055,SANTA ROSA VALLEY,SANTA ROSA VALLEY - SANTA ROSA PLAIN,46.849285,365479
PTJPL,2010-11-01,3-015,3-015,SANTA YNEZ RIVER VALLEY,SANTA YNEZ RIVER VALLEY,43.596948,911580
PTJPL,2010-11-01,1-005,1-005,SCOTT RIVER VALLEY,SCOTT RIVER VALLEY,26.674683,285786
PTJPL,2010-11-01,5-014,5-014,SCOTTS VALLEY,SCOTTS VALLEY,46.389648,32709
PTJPL,2010-11-01,6-052,6-052,SEARLES VALLEY,SEARLES VALLEY,14.550724,885713
PTJPL,2010-11-01,6-100,6-100,SECRET VALLEY,SECRET VALLEY,16.159806,140345
PTJPL,2010-11-01,1-016,1-016,SEIAD VALLEY,SEIAD VALLEY,37.88758,10105
PTJPL,2010-11-01,8-008,8-008,SEVEN OAKS VALLEY,SEVEN OAKS VALLEY,29.746482,18334
PTJPL,2010-11-01,1-004,1-004,SHASTA VALLEY,SHASTA VALLEY,19.225985,981078
PTJPL,2010-11-01,1-042,1-042,SHERWOOD VALLEY,SHERWOOD VALLEY,40.822596,5169
PTJPL,2010-11-01,5-012.02,5-012,SIERRA VALLEY,SIERRA VALLEY - CHILCOOT,28.720991,33920
PTJPL,2010-11-01,5-012.01,5-012,SIERRA VALLEY,SIERRA VALLEY - SIERRA VALLEY,24.629784,524097
PTJPL,2010-11-01,6-034,6-034,SILVER LAKE VALLEY,SILVER LAKE VALLEY,19.322607,158273
PTJPL,2010-11-01,4-009,4-009,SIMI VALLEY,SIMI VALLEY,24.917915,54663
PTJPL,2010-11-01,6-105,6-105,SLINKARD VALLEY,SLINKARD VALLEY,21.6084,20166
PTJPL,2010-11-01,1-001,1-001,SMITH RIVER PLAIN,SMITH RIVER PLAIN,39.241887,174350
PTJPL,2010-11-01,6-033,6-033,SODA LAKE VALLEY,SODA LAKE VALLEY,18.704326,1708625
PTJPL,2010-11-01,2-037,2-037,SOUTH SAN FRANCISCO,SOUTH SAN FRANCISCO,55.010575,9645
PTJPL,2010-11-01,6-082,6-082,SPRING CANYON VALLEY,SPRING CANYON VALLEY,15.703577,21584
PTJPL,2010-11-01,5-089,5-089,SQUAW FLAT,SQUAW FLAT,46.542061,5813
PTJPL,2010-11-01,5-088,5-088,STONY GORGE RESERVOIR,STONY GORGE RESERVOIR,46.994779,4788
PTJPL,2010-11-01,5-063,5-063,STONYFORD TOWN AREA,STONYFORD TOWN AREA,44.16536,28955
PTJPL,2010-11-01,2-003,2-003,SUISUN-FAIRFIELD VALLEY,SUISUN-FAIRFIELD VALLEY,55.134464,599164
PTJPL,2010-11-01,2-011,2-011,SUNOL VALLEY,SUNOL VALLEY,45.156169,65410
PTJPL,2010-11-01,6-049,6-049,SUPERIOR VALLEY,SUPERIOR VALLEY,18.070219,541018
PTJPL,2010-11-01,6-001,6-001,SURPRISE VALLEY,SURPRISE VALLEY,18.049677,613628
PTJPL,2010-11-01,6-107,6-107,SWEETWATER FLAT,SWEETWATER FLAT,17.880997,17966
PTJPL,2010-11-01,6-005.03,6-005,TAHOE VALLEY,TAHOE VALLEY - TAHOE NORTH,26.509259,1512
PTJPL,2010-11-01,6-005.01,6-005,TAHOE VALLEY,TAHOE VALLEY - TAHOE SOUTH,21.996936,18275
PTJPL,2010-11-01,6-005.02,6-005,TAHOE VALLEY,TAHOE VALLEY - TAHOE WEST,33.060254,8962
PTJPL,2010-11-01,6-045,6-045,TEHACHAPI VALLEY EAST,TEHACHAPI VALLEY EAST,26.322493,107714
PTJPL,2010-11-01,5-028,5-028,TEHACHAPI VALLEY WEST,TEHACHAPI VALLEY WEST,25.391909,65477
PTJPL,2010-11-01,9-005,9-005,TEMECULA VALLEY,TEMECULA VALLEY,42.127153,394581
PTJPL,2010-11-01,1-040,1-040,TEN MILE RIVER VALLEY,TEN MILE RIVER VALLEY,45.8074,6703
PTJPL,2010-11-01,7-026,7-026,TERWILLIGER VALLEY,TERWILLIGER VALLEY,30.347982,36068
PTJPL,2010-11-01,4-019,4-019,THOUSAND OAKS AREA,THOUSAND OAKS AREA,30.43945,13972
PTJPL,2010-11-01,4-015,4-015,TIERRA REJADA,TIERRA REJADA,31.324387,20679
PTJPL,2010-11-01,5-037,5-037,TOAD WELL AREA,TOAD WELL AREA,30.423883,11213
PTJPL,2010-11-01,3-040,3-040,TORO VALLEY,TORO VALLEY,50.309119,3235
PTJPL,2010-11-01,6-098,6-098,TULEDAD CANYON VALLEY,TULEDAD CANYON VALLEY,20.148306,15940
PTJPL,2010-11-01,7-010,7-010,TWENTYNINE PALMS VALLEY,TWENTYNINE PALMS VALLEY,16.633221,279940
PTJPL,2010-11-01,1-052,1-052,UKIAH VALLEY,UKIAH VALLEY,46.731787,168668
PTJPL,2010-11-01,6-022,6-022,UPPER KINGSTON VALLEY,UPPER KINGSTON VALLEY,21.540589,794700
PTJPL,2010-11-01,5-013,5-013,UPPER LAKE VALLEY,UPPER LAKE VALLEY,43.619802,32654
PTJPL,2010-11-01,6-042,6-042,UPPER MOJAVE RIVER VALLEY,UPPER MOJAVE RIVER VALLEY,20.672978,1852545
PTJPL,2010-11-01,4-001,4-001,UPPER OJAI VALLEY,UPPER OJAI VALLEY,32.636268,17117
PTJPL,2010-11-01,3-023,3-023,UPPER SANTA ANA VALLEY,UPPER SANTA ANA VALLEY,28.024693,6439
PTJPL,2010-11-01,8-002.05,8-002,UPPER SANTA ANA VALLEY,UPPER SANTA ANA VALLEY - CAJON,23.000529,104061
PTJPL,2010-11-01,8-002.01,8-002,UPPER SANTA ANA VALLEY,UPPER SANTA ANA VALLEY - CHINO,28.215385,691334
PTJPL,2010-11-01,8-002.02,8-002,UPPER SANTA ANA VALLEY,UPPER SANTA ANA VALLEY - CUCAMONGA,28.423674,40576
PTJPL,2010-11-01,8-002.04,8-002,UPPER SANTA ANA VALLEY,UPPER SANTA ANA VALLEY - RIALTO-COLTON,28.829082,111492
PTJPL,2010-11-01,8-002.03,8-002,UPPER SANTA ANA VALLEY,UPPER SANTA ANA VALLEY - RIVERSIDE-ARLINGTON,34.71043,254381
PTJPL,2010-11-01,8-002.06,8-002,UPPER SANTA ANA VALLEY,UPPER SANTA ANA VALLEY - SAN BERNARDINO,28.816728,415694
PTJPL,2010-11-01,8-002.08,8-002,UPPER SANTA ANA VALLEY,UPPER SANTA ANA VALLEY - SAN TIMOTEO,30.542333,145169
PTJPL,2010-11-01,8-002.09,8-002,UPPER SANTA ANA VALLEY,UPPER SANTA ANA VALLEY - TEMESCAL,33.282718,103262
PTJPL,2010-11-01,8-002.07,8-002,UPPER SANTA ANA VALLEY,UPPER SANTA ANA VALLEY - YUCAIPA,27.145973,99888
PTJPL,2010-11-01,7-028,7-028,VALLECITO-CARRIZO VALLEY,VALLECITO-CARRIZO VALLEY,15.392441,547711
PTJPL,2010-11-01,5-071,5-071,VALLECITOS CREEK VALLEY,VALLECITOS CREEK VALLEY,28.02875,67930
PTJPL,2010-11-01,7-063,7-063,VANDEVENTER FLAT,VANDEVENTER FLAT,39.210742,30274
PTJPL,2010-11-01,4-003.02,4-003,VENTURA RIVER VALLEY,VENTURA RIVER VALLEY - LOWER VENTURA RIVER,30.306529,21489
PTJPL,2010-11-01,4-003.01,4-003,VENTURA RIVER VALLEY,VENTURA RIVER VALLEY - UPPER VENTURA RIVER,29.838909,23732
PTJPL,2010-11-01,7-042,7-042,VIDAL VALLEY,VIDAL VALLEY,14.656922,618941
PTJPL,2010-11-01,3-037,3-037,VILLA VALLEY,VILLA VALLEY,49.0435,6092
PTJPL,2010-11-01,2-032,2-032,VISITACION VALLEY,VISITACION VALLEY,54.636086,25888
PTJPL,2010-11-01,5-026,5-026,WALKER BASIN CREEK VALLEY,WALKER BASIN CREEK VALLEY,20.539457,34468
PTJPL,2010-11-01,7-003,7-003,WARD VALLEY,WARD VALLEY,11.942247,2497990
PTJPL,2010-11-01,9-008,9-008,WARNER VALLEY,WARNER VALLEY,35.24462,107755
PTJPL,2010-11-01,7-012,7-012,WARREN VALLEY,WARREN VALLEY,23.057606,78585
PTJPL,2010-11-01,1-031,1-031,WEOTT TOWN AREA,WEOTT TOWN AREA,40.412717,16372
PTJPL,2010-11-01,7-022,7-022,WEST SALTON SEA,WEST SALTON SEA,11.370497,473810
PTJPL,2010-11-01,3-026,3-026,WEST SANTA CRUZ TERRACE,WEST SANTA CRUZ TERRACE,57.776868,29812
PTJPL,2010-11-01,2-035,2-035,WESTSIDE,WESTSIDE,52.78627,106265
PTJPL,2010-11-01,6-073,6-073,WILD HORSE MESA AREA,WILD HORSE MESA AREA,11.866274,14926
PTJPL,2010-11-01,6-075,6-075,WILDROSE CANYON,WILDROSE CANYON,17.276131,23181
PTJPL,2010-11-01,1-043,1-043,WILLIAMS VALLEY,WILLIAMS VALLEY,42.706526,7401
PTJPL,2010-11-01,6-003,6-003,WILLOW CREEK VALLEY,WILLOW CREEK VALLEY,14.928289,52572
PTJPL,2010-11-01,1-059,1-059,WILSON GROVE FORMATION HIGHLANDS,WILSON GROVE FORMATION HIGHLANDS,45.895981,287025
PTJPL,2010-11-01,1-062,1-062,WILSON POINT AREA,WILSON POINT AREA,36.460052,3104
PTJPL,2010-11-01,6-019,6-019,WINGATE VALLEY,WINGATE VALLEY,17.694222,320536
PTJPL,2010-11-01,7-056,7-056,YAQUI WELL AREA,YAQUI WELL AREA,21.251988,67265
PTJPL,2010-11-01,5-056,5-056,YELLOW CREEK VALLEY,YELLOW CREEK VALLEY,20.673147,10390
PTJPL,2010-11-01,2-006,2-006,YGNACIO VALLEY,YGNACIO VALLEY,51.812364,59397
PTJPL,2010-11-01,5-069,5-069,YOSEMITE VALLEY,YOSEMITE VALLEY,27.583731,33512
PTJPL,2010-11-01,7-036,7-036,YUMA VALLEY,YUMA VALLEY,22.053494,536338
