Model,Date,Basin_Subb,Basin_Numb,Basin_Name,Basin_Su_1,ET,Pixel_Count
PTJPL,2010-04-01,4-005,4-005,ACTON VALLEY,ACTON VALLEY,70.009012,37173
PTJPL,2010-04-01,6-010,6-010,ADOBE LAKE VALLEY,ADOBE LAKE VALLEY,23.81019,179269
PTJPL,2010-04-01,1-054.01,1-054,ALEXANDER VALLEY,ALEXANDER VALLEY - ALEXANDER AREA,96.716573,110099
PTJPL,2010-04-01,1-054.02,1-054,ALEXANDER VALLEY,ALEXANDER VALLEY - CLOVERDALE AREA,92.256419,29366
PTJPL,2010-04-01,5-002.01,5-002,ALTURAS AREA,ALTURAS AREA - SOUTH FORK PITT RIVER,67.438847,513126
PTJPL,2010-04-01,5-002.02,5-002,ALTURAS AREA,ALTURAS AREA - WARM SPRINGS VALLEY,70.881161,305202
PTJPL,2010-04-01,5-010,5-010,AMERICAN VALLEY,AMERICAN VALLEY,77.675685,30569
PTJPL,2010-04-01,7-016,7-016,AMES VALLEY,AMES VALLEY,30.71797,487562
PTJPL,2010-04-01,7-034,7-034,AMOS VALLEY,AMOS VALLEY,14.757242,584286
PTJPL,2010-04-01,1-019,1-019,ANDERSON VALLEY,ANDERSON VALLEY,94.121211,22366
PTJPL,2010-04-01,1-049,1-049,ANNAPOLIS OHLSON RANCH FORMATION HIGHLANDS,ANNAPOLIS OHLSON RANCH FORMATION HIGHLANDS,102.472082,38900
PTJPL,2010-04-01,5-091,5-091,ANTELOPE CREEK,ANTELOPE CREEK,102.541689,9175
PTJPL,2010-04-01,6-044,6-044,ANTELOPE VALLEY,ANTELOPE VALLEY,46.079604,4541751
PTJPL,2010-04-01,6-007,6-007,ANTELOPE VALLEY,ANTELOPE VALLEY,55.014798,89741
PTJPL,2010-04-01,3-034,3-034,ARROYO DE LA CRUZ VALLEY,ARROYO DE LA CRUZ VALLEY,98.540111,3590
PTJPL,2010-04-01,2-031,2-031,ARROYO DEL HAMBRE VALLEY,ARROYO DEL HAMBRE VALLEY,102.597057,3534
PTJPL,2010-04-01,4-007,4-007,ARROYO SANTA ROSA VALLEY,ARROYO SANTA ROSA VALLEY,86.399354,17646
PTJPL,2010-04-01,7-037,7-037,ARROYO SECO VALLEY,ARROYO SECO VALLEY,20.340906,1152313
PTJPL,2010-04-01,5-054,5-054,ASH VALLEY,ASH VALLEY,71.565873,26976
PTJPL,2010-04-01,6-026,6-026,AVAWATZ VALLEY,AVAWATZ VALLEY,27.913825,124166
PTJPL,2010-04-01,3-020,3-020,A�O NUEVO AREA,A�O NUEVO AREA,104.49838,8953
PTJPL,2010-04-01,9-022,9-022,BATIQUITOS LAGOON VALLEY,BATIQUITOS LAGOON VALLEY,105.686263,3334
PTJPL,2010-04-01,8-009,8-009,BEAR VALLEY,BEAR VALLEY,73.877141,75037
PTJPL,2010-04-01,5-064,5-064,BEAR VALLEY,BEAR VALLEY,96.29379,40934
PTJPL,2010-04-01,5-020,5-020,BERRYESSA VALLEY,BERRYESSA VALLEY,98.490551,6191
PTJPL,2010-04-01,7-015,7-015,BESSEMER VALLEY,BESSEMER VALLEY,28.331178,175679
PTJPL,2010-04-01,6-025,6-025,BICYCLE VALLEY,BICYCLE VALLEY,28.661196,402232
PTJPL,2010-04-01,1-027,1-027,BIG LAGOON AREA,BIG LAGOON AREA,85.80106,57746
PTJPL,2010-04-01,8-007,8-007,BIG MEADOWS VALLEY,BIG MEADOWS VALLEY,66.858161,53716
PTJPL,2010-04-01,1-045,1-045,BIG RIVER VALLEY,BIG RIVER VALLEY,98.62345,7582
PTJPL,2010-04-01,3-047,3-047,BIG SPRING AREA,BIG SPRING AREA,83.177949,32897
PTJPL,2010-04-01,5-015,5-015,BIG VALLEY,BIG VALLEY,96.97633,108957
PTJPL,2010-04-01,5-004,5-004,BIG VALLEY,BIG VALLEY,75.255986,413819
PTJPL,2010-04-01,3-030,3-030,BITTER WATER VALLEY,BITTER WATER VALLEY,90.667295,144867
PTJPL,2010-04-01,6-013,6-013,BLACK SPRINGS VALLEY,BLACK SPRINGS VALLEY,17.579742,138327
PTJPL,2010-04-01,5-092,5-092,BLANCHARD VALLEY,BLANCHARD VALLEY,100.791775,9994
PTJPL,2010-04-01,1-057,1-057,BODEGA BAY AREA,BODEGA BAY AREA,107.632103,10136
PTJPL,2010-04-01,7-024.01,7-024,BORREGO VALLEY,BORREGO VALLEY - BORREGO SPRINGS,40.223338,282155
PTJPL,2010-04-01,7-024.02,7-024,BORREGO VALLEY,BORREGO VALLEY - OCOTILLO WELLS,22.832603,405078
PTJPL,2010-04-01,1-039,1-039,BRANSCOMB TOWN AREA,BRANSCOMB TOWN AREA,86.458313,6201
PTJPL,2010-04-01,1-017,1-017,BRAY TOWN AREA,BRAY TOWN AREA,82.659874,36119
PTJPL,2010-04-01,6-008,6-008,BRIDGEPORT VALLEY,BRIDGEPORT VALLEY,37.364019,145421
PTJPL,2010-04-01,7-008,7-008,BRISTOL VALLEY,BRISTOL VALLEY,25.214299,2234028
PTJPL,2010-04-01,5-080,5-080,BRITE VALLEY,BRITE VALLEY,66.372859,14244
PTJPL,2010-04-01,6-032,6-032,BROADWELL VALLEY,BROADWELL VALLEY,21.12355,413087
PTJPL,2010-04-01,6-076,6-076,BROWN MOUNTAIN VALLEY,BROWN MOUNTAIN VALLEY,32.339746,97673
PTJPL,2010-04-01,7-054,7-054,BUCK RIDGE FAULT VALLEY,BUCK RIDGE FAULT VALLEY,65.054318,31076
PTJPL,2010-04-01,6-101,6-101,BULL FLAT,BULL FLAT,53.893636,78457
PTJPL,2010-04-01,5-048,5-048,BURNEY CREEK VALLEY,BURNEY CREEK VALLEY,93.743359,10579
PTJPL,2010-04-01,5-017,5-017,BURNS VALLEY,BURNS VALLEY,94.203575,12924
PTJPL,2010-04-01,5-051,5-051,BUTTE CREEK VALLEY,BUTTE CREEK VALLEY,74.434241,14462
PTJPL,2010-04-01,1-003,1-003,BUTTE VALLEY,BUTTE VALLEY,71.433166,358135
PTJPL,2010-04-01,6-081,6-081,BUTTE VALLEY,BUTTE VALLEY,40.988176,39581
PTJPL,2010-04-01,6-070,6-070,CACTUS FLAT,CACTUS FLAT,22.358117,31593
PTJPL,2010-04-01,7-007,7-007,CADIZ VALLEY,CADIZ VALLEY,20.070213,1213316
PTJPL,2010-04-01,6-090,6-090,CADY FAULT AREA,CADY FAULT AREA,28.568819,35753
PTJPL,2010-04-01,9-006,9-006,CAHUILLA VALLEY,CAHUILLA VALLEY,76.784479,81848
PTJPL,2010-04-01,6-079,6-079,CALIFORNIA VALLEY,CALIFORNIA VALLEY,33.379841,261304
PTJPL,2010-04-01,7-041,7-041,CALZONA VALLEY,CALZONA VALLEY,20.96697,340869
PTJPL,2010-04-01,6-061,6-061,CAMEO AREA,CAMEO AREA,12.361001,41842
PTJPL,2010-04-01,9-028,9-028,CAMPO VALLEY,CAMPO VALLEY,79.766696,15902
PTJPL,2010-04-01,7-046,7-046,CANEBRAKE VALLEY,CANEBRAKE VALLEY,43.783052,24310
PTJPL,2010-04-01,3-007,3-007,CARMEL VALLEY,CARMEL VALLEY,93.019127,18978
PTJPL,2010-04-01,3-018,3-018,CARPINTERIA,CARPINTERIA,78.674322,33920
PTJPL,2010-04-01,3-019,3-019,CARRIZO PLAIN,CARRIZO PLAIN,73.779261,946901
PTJPL,2010-04-01,6-006,6-006,CARSON VALLEY,CARSON VALLEY,54.090323,44241
PTJPL,2010-04-01,5-029,5-029,CASTAC LAKE VALLEY,CASTAC LAKE VALLEY,81.665855,16014
PTJPL,2010-04-01,2-008,2-008,CASTRO VALLEY,CASTRO VALLEY,87.922739,8193
PTJPL,2010-04-01,6-038,6-038,CAVES CANYON VALLEY,CAVES CANYON VALLEY,21.388198,328088
PTJPL,2010-04-01,5-045,5-045,CAYTON VALLEY,CAYTON VALLEY,93.090398,5874
PTJPL,2010-04-01,3-038,3-038,CAYUCOS VALLEY,CAYUCOS VALLEY,96.972603,949
PTJPL,2010-04-01,7-043,7-043,CHEMEHUEVI VALLEY,CHEMEHUEVI VALLEY,26.968726,1221349
PTJPL,2010-04-01,7-032,7-032,CHOCOLATE VALLEY,CHOCOLATE VALLEY,29.436333,580540
PTJPL,2010-04-01,3-005,3-005,CHOLAME VALLEY,CHOLAME VALLEY,91.231379,179070
PTJPL,2010-04-01,3-042,3-042,CHORRO VALLEY,CHORRO VALLEY,92.004391,6377
PTJPL,2010-04-01,5-061,5-061,CHROME TOWN AREA,CHROME TOWN AREA,95.262709,6334
PTJPL,2010-04-01,7-005,7-005,CHUCKWALLA VALLEY,CHUCKWALLA VALLEY,22.353734,2704920
PTJPL,2010-04-01,2-005,2-005,CLAYTON VALLEY,CLAYTON VALLEY,101.527138,80256
PTJPL,2010-04-01,5-066,5-066,CLEAR LAKE CACHE FORMATION,CLEAR LAKE CACHE FORMATION,103.181145,133749
PTJPL,2010-04-01,5-058,5-058,CLOVER VALLEY,CLOVER VALLEY,70.965456,75092
PTJPL,2010-04-01,7-021.03,7-021,COACHELLA VALLEY,COACHELLA VALLEY - DESERT HOT SPRINGS,41.988439,453937
PTJPL,2010-04-01,7-021.01,7-021,COACHELLA VALLEY,COACHELLA VALLEY - INDIO,62.826824,1336106
PTJPL,2010-04-01,7-021.02,7-021,COACHELLA VALLEY,COACHELLA VALLEY - MISSION CREEK,56.262825,218335
PTJPL,2010-04-01,7-021.04,7-021,COACHELLA VALLEY,COACHELLA VALLEY - SAN GORGONIO PASS,78.387545,171851
PTJPL,2010-04-01,4-011.04,4-011,COASTAL PLAIN OF LOS ANGELES,COASTAL PLAIN OF LOS ANGELES - CENTRAL,105.362486,799323
PTJPL,2010-04-01,4-011.02,4-011,COASTAL PLAIN OF LOS ANGELES,COASTAL PLAIN OF LOS ANGELES - HOLLYWOOD,95.48411,45279
PTJPL,2010-04-01,4-011.01,4-011,COASTAL PLAIN OF LOS ANGELES,COASTAL PLAIN OF LOS ANGELES - SANTA MONICA,109.061365,135696
PTJPL,2010-04-01,4-011.03,4-011,COASTAL PLAIN OF LOS ANGELES,COASTAL PLAIN OF LOS ANGELES - WEST COAST,117.622227,399695
PTJPL,2010-04-01,8-001,8-001,COASTAL PLAIN OF ORANGE COUNTY,COASTAL PLAIN OF ORANGE COUNTY,93.715784,999376
PTJPL,2010-04-01,9-033,9-033,COASTAL PLAIN OF SAN DIEGO,COASTAL PLAIN OF SAN DIEGO,95.757529,240969
PTJPL,2010-04-01,6-072,6-072,COLES FLAT,COLES FLAT,23.131758,13244
PTJPL,2010-04-01,5-019,5-019,COLLAYOMI VALLEY,COLLAYOMI VALLEY,91.970793,29240
PTJPL,2010-04-01,7-055,7-055,COLLINS VALLEY,COLLINS VALLEY,62.861768,31751
PTJPL,2010-04-01,4-010,4-010,CONEJO,CONEJO,86.180952,84503
PTJPL,2010-04-01,7-011,7-011,COPPER MOUNTAIN VALLEY,COPPER MOUNTAIN VALLEY,42.845426,136155
PTJPL,2010-04-01,3-002.01,3-002,CORRALITOS,CORRALITOS - PAJARO VALLEY,94.04696,332285
PTJPL,2010-04-01,3-002.02,3-002,CORRALITOS,CORRALITOS - PURISIMA HIGHLANDS,112.676884,58134
PTJPL,2010-04-01,6-055,6-055,COSO VALLEY,COSO VALLEY,19.88834,114929
PTJPL,2010-04-01,1-037,1-037,COTTONEVA CREEK VALLEY,COTTONEVA CREEK VALLEY,93.529686,3436
PTJPL,2010-04-01,9-027,9-027,COTTONWOOD VALLEY,COTTONWOOD VALLEY,71.54478,17262
PTJPL,2010-04-01,1-011,1-011,COVELO ROUND VALLEY,COVELO ROUND VALLEY,95.703193,73792
PTJPL,2010-04-01,6-091,6-091,COW HEAD LAKE VALLEY,COW HEAD LAKE VALLEY,59.063264,25180
PTJPL,2010-04-01,6-037,6-037,COYOTE LAKE VALLEY,COYOTE LAKE VALLEY,21.153839,396167
PTJPL,2010-04-01,5-018,5-018,COYOTE VALLEY,COYOTE VALLEY,92.963682,29352
PTJPL,2010-04-01,7-029,7-029,COYOTE WELLS VALLEY,COYOTE WELLS VALLEY,24.514704,648417
PTJPL,2010-04-01,6-035,6-035,CRONISE VALLEY,CRONISE VALLEY,17.926766,567907
PTJPL,2010-04-01,6-050,6-050,CUDDEBACK VALLEY,CUDDEBACK VALLEY,34.578364,426688
PTJPL,2010-04-01,5-082,5-082,CUDDY CANYON VALLEY,CUDDY CANYON VALLEY,58.381794,14830
PTJPL,2010-04-01,5-083,5-083,CUDDY RANCH AREA,CUDDY RANCH AREA,65.257643,18906
PTJPL,2010-04-01,5-084,5-084,CUDDY VALLEY,CUDDY VALLEY,63.77414,15576
PTJPL,2010-04-01,5-027,5-027,CUMMINGS VALLEY,CUMMINGS VALLEY,66.736209,45047
PTJPL,2010-04-01,3-013,3-013,CUYAMA VALLEY,CUYAMA VALLEY,64.040476,1086945
PTJPL,2010-04-01,7-009,7-009,DALE VALLEY,DALE VALLEY,31.290817,954819
PTJPL,2010-04-01,6-057,6-057,DARWIN VALLEY,DARWIN VALLEY,22.092321,198536
PTJPL,2010-04-01,7-061,7-061,DAVIES VALLEY,DAVIES VALLEY,30.367688,15214
PTJPL,2010-04-01,7-013.01,7-013,DEADMAN VALLEY,DEADMAN VALLEY - DEADMAN LAKE,27.353173,400268
PTJPL,2010-04-01,7-013.02,7-013,DEADMAN VALLEY,DEADMAN VALLEY - SURPRISE SPRING,29.229552,131543
PTJPL,2010-04-01,6-018,6-018,DEATH VALLEY,DEATH VALLEY,13.496378,4133615
PTJPL,2010-04-01,6-015,6-015,DEEP SPRINGS VALLEY,DEEP SPRINGS VALLEY,23.669822,134485
PTJPL,2010-04-01,6-078,6-078,DENNING SPRING VALLEY,DENNING SPRING VALLEY,33.702807,32521
PTJPL,2010-04-01,1-034,1-034,DINSMORES TOWN AREA,DINSMORES TOWN AREA,71.516148,10249
PTJPL,2010-04-01,5-053,5-053,DIXIE VALLEY,DIXIE VALLEY,78.925598,21881
PTJPL,2010-04-01,2-040,2-040,DOWNTOWN,DOWNTOWN,104.096949,34286
PTJPL,2010-04-01,5-049,5-049,DRY BURNEY CREEK VALLEY,DRY BURNEY CREEK VALLEY,78.572,7000
PTJPL,2010-04-01,3-029,3-029,DRY LAKE VALLEY,DRY LAKE VALLEY,86.458491,6360
PTJPL,2010-04-01,6-095,6-095,DRY VALLEY,DRY VALLEY,63.623541,29217
PTJPL,2010-04-01,6-096,6-096,EAGLE LAKE AREA,EAGLE LAKE AREA,71.680236,57089
PTJPL,2010-04-01,7-033,7-033,EAST SALTON SEA,EAST SALTON SEA,23.896525,876191
PTJPL,2010-04-01,1-044,1-044,EDEN VALLEY,EDEN VALLEY,83.767554,6195
PTJPL,2010-04-01,1-010,1-010,EEL RIVER VALLEY,EEL RIVER VALLEY,74.993331,325076
PTJPL,2010-04-01,5-041,5-041,EGG LAKE VALLEY,EGG LAKE VALLEY,72.172051,18448
PTJPL,2010-04-01,9-016,9-016,EL CAJON VALLEY,EL CAJON VALLEY,77.929322,32160
PTJPL,2010-04-01,6-043,6-043,EL MIRAGE VALLEY,EL MIRAGE VALLEY,46.782062,341217
PTJPL,2010-04-01,5-062,5-062,ELK CREEK AREA,ELK CREEK AREA,94.469571,6474
PTJPL,2010-04-01,8-004.02,8-004,ELSINORE,ELSINORE - BEDFORD-COLDWATER,83.981107,31599
PTJPL,2010-04-01,8-004.01,8-004,ELSINORE,ELSINORE - ELSINORE VALLEY,95.113032,106147
PTJPL,2010-04-01,9-009,9-009,ESCONDIDO VALLEY,ESCONDIDO VALLEY,91.710096,12956
PTJPL,2010-04-01,1-009,1-009,EUREKA PLAIN,EUREKA PLAIN,83.520146,156977
PTJPL,2010-04-01,6-016,6-016,EUREKA VALLEY,EUREKA VALLEY,11.714392,578943
PTJPL,2010-04-01,1-022,1-022,FAIRCHILD SWAMP VALLEY,FAIRCHILD SWAMP VALLEY,64.034134,14736
PTJPL,2010-04-01,5-005,5-005,FALL RIVER VALLEY,FALL RIVER VALLEY,85.406402,246564
PTJPL,2010-04-01,7-002,7-002,FENNER VALLEY,FENNER VALLEY,38.003883,2034583
PTJPL,2010-04-01,6-014,6-014,FISH LAKE VALLEY,FISH LAKE VALLEY,24.145928,205602
PTJPL,2010-04-01,3-053,3-053,FOOTHILL,FOOTHILL,93.876803,14765
PTJPL,2010-04-01,1-021,1-021,FORT BRAGG TERRACE AREA,FORT BRAGG TERRACE AREA,94.130502,101968
PTJPL,2010-04-01,1-061,1-061,FORT ROSS TERRACE DEPOSITS,FORT ROSS TERRACE DEPOSITS,101.255526,30040
PTJPL,2010-04-01,6-046,6-046,FREMONT VALLEY,FREMONT VALLEY,33.44133,1506873
PTJPL,2010-04-01,5-090,5-090,FUNKS CREEK,FUNKS CREEK,103.433427,13564
PTJPL,2010-04-01,1-032,1-032,GARBERVILLE TOWN AREA,GARBERVILLE TOWN AREA,85.439145,9498
PTJPL,2010-04-01,1-020,1-020,GARCIA RIVER VALLEY,GARCIA RIVER VALLEY,90.06475,9390
PTJPL,2010-04-01,3-003.01,3-003,GILROY-HOLLISTER VALLEY,GILROY-HOLLISTER VALLEY - LLAGAS AREA,92.033008,212918
PTJPL,2010-04-01,3-003.05,3-003,GILROY-HOLLISTER VALLEY,GILROY-HOLLISTER VALLEY - NORTH SAN BENITO,93.628215,589157
PTJPL,2010-04-01,6-085,6-085,GOLD VALLEY,GOLD VALLEY,35.630853,14436
PTJPL,2010-04-01,6-048,6-048,GOLDSTONE VALLEY,GOLDSTONE VALLEY,35.096552,126294
PTJPL,2010-04-01,3-016,3-016,GOLETA,GOLETA,100.298142,41440
PTJPL,2010-04-01,5-001.02,5-001,GOOSE LAKE,GOOSE LAKE - FANDANGO VALLEY,68.629819,82919
PTJPL,2010-04-01,5-001.01,5-001,GOOSE LAKE,GOOSE LAKE - GOOSE VALLEY,66.725821,161679
PTJPL,2010-04-01,5-047,5-047,GOOSE VALLEY,GOOSE VALLEY,96.393485,18941
PTJPL,2010-04-01,6-077,6-077,GRASS VALLEY,GRASS VALLEY,39.461643,44881
PTJPL,2010-04-01,6-094,6-094,GRASSHOPPER VALLEY,GRASSHOPPER VALLEY,66.615262,79376
PTJPL,2010-04-01,1-048,1-048,GRAVELLY VALLEY,GRAVELLY VALLEY,87.660415,13384
PTJPL,2010-04-01,5-052,5-052,GRAYS VALLEY,GRAYS VALLEY,75.780254,24137
PTJPL,2010-04-01,6-084,6-084,GREENWATER VALLEY,GREENWATER VALLEY,34.698993,268934
PTJPL,2010-04-01,5-059,5-059,GRIZZLY VALLEY,GRIZZLY VALLEY,86.334982,32342
PTJPL,2010-04-01,2-022,2-022,HALF MOON BAY TERRACE,HALF MOON BAY TERRACE,100.005668,36167
PTJPL,2010-04-01,1-015,1-015,HAPPY CAMP TOWN AREA,HAPPY CAMP TOWN AREA,86.143831,12466
PTJPL,2010-04-01,6-047,6-047,HARPER VALLEY,HARPER VALLEY,31.99189,1841343
PTJPL,2010-04-01,6-074,6-074,HARRISBURG FLATS,HARRISBURG FLATS,28.152066,112083
PTJPL,2010-04-01,6-093,6-093,HARVEY VALLEY,HARVEY VALLEY,76.618272,20250
PTJPL,2010-04-01,1-006,1-006,HAYFORK VALLEY,HAYFORK VALLEY,78.185852,14829
PTJPL,2010-04-01,7-048,7-048,HELENDALE FAULT VALLEY,HELENDALE FAULT VALLEY,58.462087,11777
PTJPL,2010-04-01,8-006,8-006,HEMET LAKE VALLEY,HEMET LAKE VALLEY,74.818464,74988
PTJPL,2010-04-01,3-031,3-031,HERNANDEZ VALLEY,HERNANDEZ VALLEY,88.058115,12871
PTJPL,2010-04-01,1-036,1-036,HETTENSHAW VALLEY,HETTENSHAW VALLEY,71.109272,3807
PTJPL,2010-04-01,7-053,7-053,HEXIE MOUNTAIN AREA,HEXIE MOUNTAIN AREA,45.882145,50053
PTJPL,2010-04-01,6-063,6-063,HIDDEN VALLEY,HIDDEN VALLEY,16.193512,80667
PTJPL,2010-04-01,4-016,4-016,HIDDEN VALLEY,HIDDEN VALLEY,104.016687,9948
PTJPL,2010-04-01,5-016,5-016,HIGH VALLEY,HIGH VALLEY,95.895969,10593
PTJPL,2010-04-01,6-004,6-004,HONEY LAKE VALLEY,HONEY LAKE VALLEY,59.249767,1394546
PTJPL,2010-04-01,1-029,1-029,HONEYDEW TOWN AREA,HONEYDEW TOWN AREA,76.565907,10659
PTJPL,2010-04-01,1-007,1-007,HOOPA VALLEY,HOOPA VALLEY,79.266431,17528
PTJPL,2010-04-01,6-097,6-097,HORSE LAKE VALLEY,HORSE LAKE VALLEY,66.970115,17199
PTJPL,2010-04-01,5-040,5-040,HOT SPRINGS VALLEY,HOT SPRINGS VALLEY,81.730044,10824
PTJPL,2010-04-01,3-045,3-045,HUASNA VALLEY,HUASNA VALLEY,97.252376,21147
PTJPL,2010-04-01,5-060,5-060,HUMBUG VALLEY,HUMBUG VALLEY,74.414395,44834
PTJPL,2010-04-01,4-018,4-018,HUNGRY VALLEY,HUNGRY VALLEY,60.393562,23859
PTJPL,2010-04-01,1-035,1-035,HYAMPOM VALLEY,HYAMPOM VALLEY,78.697507,6096
PTJPL,2010-04-01,7-030,7-030,IMPERIAL VALLEY,IMPERIAL VALLEY,54.437727,4263234
PTJPL,2010-04-01,5-009,5-009,INDIAN VALLEY,INDIAN VALLEY,81.201603,131620
PTJPL,2010-04-01,6-054,6-054,INDIAN WELLS VALLEY,INDIAN WELLS VALLEY,21.97036,1716253
PTJPL,2010-04-01,7-050,7-050,IRON RIDGE AREA,IRON RIDGE AREA,32.56067,23570
PTJPL,2010-04-01,2-033,2-033,ISLAIS VALLEY,ISLAIS VALLEY,105.221169,26595
PTJPL,2010-04-01,6-030,6-030,IVANPAH VALLEY,IVANPAH VALLEY,36.968753,882708
PTJPL,2010-04-01,7-047,7-047,JACUMBA VALLEY,JACUMBA VALLEY,50.91959,8979
PTJPL,2010-04-01,5-003,5-003,JESS VALLEY,JESS VALLEY,60.086344,30147
PTJPL,2010-04-01,7-018.01,7-018,JOHNSON VALLEY,JOHNSON VALLEY - SOGGY LAKE,36.241018,347509
PTJPL,2010-04-01,7-018.02,7-018,JOHNSON VALLEY,JOHNSON VALLEY - UPPER JOHNSON VALLEY,30.596315,156367
PTJPL,2010-04-01,5-086,5-086,JOSEPH CREEK,JOSEPH CREEK,64.634233,20010
PTJPL,2010-04-01,7-062,7-062,JOSHUA TREE,JOSHUA TREE,43.591503,150378
PTJPL,2010-04-01,6-089,6-089,KANE WASH AREA,KANE WASH AREA,45.957728,26755
PTJPL,2010-04-01,6-069,6-069,KELSO LANDER VALLEY,KELSO LANDER VALLEY,44.559861,50191
PTJPL,2010-04-01,6-031,6-031,KELSO VALLEY,KELSO VALLEY,30.152356,1145203
PTJPL,2010-04-01,2-019,2-019,KENWOOD VALLEY,KENWOOD VALLEY,92.367567,23106
PTJPL,2010-04-01,5-025,5-025,KERN RIVER VALLEY,KERN RIVER VALLEY,59.869922,356993
PTJPL,2010-04-01,1-002.02,1-002,KLAMATH RIVER VALLEY,KLAMATH RIVER VALLEY - LOWER KLAMATH,72.315805,337208
PTJPL,2010-04-01,1-002.01,1-002,KLAMATH RIVER VALLEY,KLAMATH RIVER VALLEY - TULELAKE,71.286596,496979
PTJPL,2010-04-01,1-050,1-050,KNIGHTS VALLEY,KNIGHTS VALLEY,94.692981,18393
PTJPL,2010-04-01,5-007,5-007,LAKE ALMANOR VALLEY,LAKE ALMANOR VALLEY,66.703945,30143
PTJPL,2010-04-01,5-046,5-046,LAKE BRITTON AREA,LAKE BRITTON AREA,91.464039,63221
PTJPL,2010-04-01,7-001,7-001,LANFAIR VALLEY,LANFAIR VALLEY,46.941881,703571
PTJPL,2010-04-01,6-036.02,6-036,LANGFORD VALLEY,LANGFORD VALLEY - IRWIN,24.734151,47132
PTJPL,2010-04-01,6-036.01,6-036,LANGFORD VALLEY,LANGFORD VALLEY - LANGFORD WELL LAKE,20.832119,86847
PTJPL,2010-04-01,1-033,1-033,LARABEE VALLEY,LARABEE VALLEY,72.150622,4342
PTJPL,2010-04-01,4-008,4-008,LAS POSAS VALLEY,LAS POSAS VALLEY,86.820702,200649
PTJPL,2010-04-01,5-057,5-057,LAST CHANCE CREEK VALLEY,LAST CHANCE CREEK VALLEY,72.428407,20903
PTJPL,2010-04-01,7-014,7-014,LAVIC VALLEY,LAVIC VALLEY,25.012308,459882
PTJPL,2010-04-01,1-012,1-012,LAYTONVILLE VALLEY,LAYTONVILLE VALLEY,82.728718,22589
PTJPL,2010-04-01,6-027,6-027,LEACH VALLEY,LEACH VALLEY,25.475973,275049
PTJPL,2010-04-01,6-066,6-066,LEE FLAT,LEE FLAT,21.249241,91213
PTJPL,2010-04-01,6-106,6-106,LITTLE ANTELOPE VALLEY,LITTLE ANTELOPE VALLEY,43.725136,11191
PTJPL,2010-04-01,5-065,5-065,LITTLE INDIAN VALLEY,LITTLE INDIAN VALLEY,98.476608,5707
PTJPL,2010-04-01,1-013,1-013,LITTLE LAKE VALLEY,LITTLE LAKE VALLEY,84.021276,45074
PTJPL,2010-04-01,1-041,1-041,LITTLE VALLEY,LITTLE VALLEY,90.751026,3655
PTJPL,2010-04-01,2-010,2-010,LIVERMORE VALLEY,LIVERMORE VALLEY,95.376284,312809
PTJPL,2010-04-01,2-038,2-038,LOBOS,LOBOS,108.036842,10613
PTJPL,2010-04-01,3-006,3-006,LOCKWOOD VALLEY,LOCKWOOD VALLEY,99.256427,269554
PTJPL,2010-04-01,4-017,4-017,LOCKWOOD VALLEY,LOCKWOOD VALLEY,53.387051,97987
PTJPL,2010-04-01,6-011,6-011,LONG VALLEY,LONG VALLEY,39.615944,320867
PTJPL,2010-04-01,5-044,5-044,LONG VALLEY,LONG VALLEY,62.111111,63
PTJPL,2010-04-01,6-104,6-104,LONG VALLEY,LONG VALLEY,60.146343,210294
PTJPL,2010-04-01,5-031,5-031,LONG VALLEY,LONG VALLEY,96.75791,12611
PTJPL,2010-04-01,5-070,5-070,LOS BANOS CREEK VALLEY,LOS BANOS CREEK VALLEY,81.616333,21748
PTJPL,2010-04-01,3-008.01,3-008,LOS OSOS VALLEY,LOS OSOS VALLEY - LOS OSOS AREA,96.97617,19010
PTJPL,2010-04-01,3-008.02,3-008,LOS OSOS VALLEY,LOS OSOS VALLEY - WARDEN CREEK,89.237615,7933
PTJPL,2010-04-01,7-051,7-051,LOST HORSE VALLEY,LOST HORSE VALLEY,50.783955,77794
PTJPL,2010-04-01,6-071,6-071,LOST LAKE VALLEY,LOST LAKE VALLEY,29.951229,104530
PTJPL,2010-04-01,6-021,6-021,LOWER KINGSTON VALLEY,LOWER KINGSTON VALLEY,24.732699,1078042
PTJPL,2010-04-01,1-014,1-014,LOWER KLAMATH RIVER VALLEY,LOWER KLAMATH RIVER VALLEY,76.701044,31309
PTJPL,2010-04-01,5-030,5-030,LOWER LAKE VALLEY,LOWER LAKE VALLEY,92.950971,10810
PTJPL,2010-04-01,1-038,1-038,LOWER LAYTONVILLE VALLEY,LOWER LAYTONVILLE VALLEY,88.288799,9678
PTJPL,2010-04-01,6-040,6-040,LOWER MOJAVE RIVER VALLEY,LOWER MOJAVE RIVER VALLEY,28.431956,1283478
PTJPL,2010-04-01,1-060,1-060,LOWER RUSSIAN RIVER VALLEY,LOWER RUSSIAN RIVER VALLEY,99.685114,29887
PTJPL,2010-04-01,7-019,7-019,LUCERNE VALLEY,LUCERNE VALLEY,41.924307,662912
PTJPL,2010-04-01,1-008.02,1-008,MAD RIVER VALLEY,MAD RIVER VALLEY - DOWS PRAIRIE SCHOOL AREA,85.258939,68074
PTJPL,2010-04-01,1-008.01,1-008,MAD RIVER VALLEY,MAD RIVER VALLEY - MAD RIVER LOWLAND,79.848218,106495
PTJPL,2010-04-01,6-002,6-002,MADELINE PLAINS,MADELINE PLAINS,57.644002,701900
PTJPL,2010-04-01,3-051,3-051,MAJORS CREEK,MAJORS CREEK,98.684429,1689
PTJPL,2010-04-01,4-022,4-022,MALIBU VALLEY,MALIBU VALLEY,101.237034,2603
PTJPL,2010-04-01,6-064,6-064,MARBLE CANYON AREA,MARBLE CANYON AREA,19.217597,46600
PTJPL,2010-04-01,2-039,2-039,MARINA,MARINA,109.706888,9829
PTJPL,2010-04-01,6-067,6-067,MARTIS VALLEY,MARTIS VALLEY,50.069671,148182
PTJPL,2010-04-01,7-059,7-059,MASON VALLEY,MASON VALLEY,50.300213,24829
PTJPL,2010-04-01,1-028,1-028,MATTOLE RIVER VALLEY,MATTOLE RIVER VALLEY,78.793654,13962
PTJPL,2010-04-01,5-035,5-035,MCCLOUD AREA,MCCLOUD AREA,89.258994,87975
PTJPL,2010-04-01,5-095,5-095,MEADOW VALLEY,MEADOW VALLEY,81.070667,25783
PTJPL,2010-04-01,7-017,7-017,MEANS VALLEY,MEANS VALLEY,25.403094,67158
PTJPL,2010-04-01,6-029,6-029,MESQUITE VALLEY,MESQUITE VALLEY,31.464198,384627
PTJPL,2010-04-01,6-020,6-020,MIDDLE AMARGOSA VALLEY,MIDDLE AMARGOSA VALLEY,24.137595,1741060
PTJPL,2010-04-01,5-094,5-094,MIDDLE CREEK,MIDDLE CREEK,85.591367,3174
PTJPL,2010-04-01,5-087,5-087,MIDDLE FORK FEATHER RIVER,MIDDLE FORK FEATHER RIVER,75.486442,19509
PTJPL,2010-04-01,6-041,6-041,MIDDLE MOJAVE RIVER VALLEY,MIDDLE MOJAVE RIVER VALLEY,39.552354,950160
PTJPL,2010-04-01,6-080,6-080,MIDDLE PARK CANYON,MIDDLE PARK CANYON,36.616956,7832
PTJPL,2010-04-01,5-085,5-085,MIL POTRERO AREA,MIL POTRERO AREA,70.273507,10380
PTJPL,2010-04-01,9-014,9-014,MISSION VALLEY,MISSION VALLEY,98.653852,31839
PTJPL,2010-04-01,5-011,5-011,MOHAWK VALLEY,MOHAWK VALLEY,79.040112,85336
PTJPL,2010-04-01,6-009,6-009,MONO VALLEY,MONO VALLEY,47.645118,771282
PTJPL,2010-04-01,3-049,3-049,MONTECITO,MONTECITO,92.946131,27307
PTJPL,2010-04-01,7-020,7-020,MORONGO VALLEY,MORONGO VALLEY,53.959318,32496
PTJPL,2010-04-01,3-041,3-041,MORRO VALLEY,MORRO VALLEY,89.516,2500
PTJPL,2010-04-01,5-008,5-008,MOUNTAIN MEADOWS VALLEY,MOUNTAIN MEADOWS VALLEY,78.417688,34430
PTJPL,2010-04-01,1-056,1-056,McDOWELL VALLEY,McDOWELL VALLEY,98.765462,6694
PTJPL,2010-04-01,2-002.01,2-002,NAPA-SONOMA VALLEY,NAPA-SONOMA VALLEY - NAPA VALLEY,94.387548,206532
PTJPL,2010-04-01,2-002.03,2-002,NAPA-SONOMA VALLEY,NAPA-SONOMA VALLEY - NAPA-SONOMA LOWLANDS,108.567754,181191
PTJPL,2010-04-01,2-002.02,2-002,NAPA-SONOMA VALLEY,NAPA-SONOMA VALLEY - SONOMA VALLEY,102.265727,201643
PTJPL,2010-04-01,1-046,1-046,NAVARRO RIVER VALLEY,NAVARRO RIVER VALLEY,98.900451,3104
PTJPL,2010-04-01,3-052,3-052,NEEDLE ROCK POINT,NEEDLE ROCK POINT,96.069722,3055
PTJPL,2010-04-01,7-044,7-044,NEEDLES VALLEY,NEEDLES VALLEY,34.716643,384766
PTJPL,2010-04-01,5-050,5-050,NORTH FORK BATTLE CREEK,NORTH FORK BATTLE CREEK,82.958718,57386
PTJPL,2010-04-01,2-030,2-030,NOVATO VALLEY,NOVATO VALLEY,108.902434,92327
PTJPL,2010-04-01,7-025,7-025,OCOTILLO-CLARK VALLEY,OCOTILLO-CLARK VALLEY,27.05522,999504
PTJPL,2010-04-01,7-035,7-035,OGILBY VALLEY,OGILBY VALLEY,13.486913,592059
PTJPL,2010-04-01,4-002,4-002,OJAI VALLEY,OJAI VALLEY,87.020611,26588
PTJPL,2010-04-01,3-039,3-039,OLD VALLEY,OLD VALLEY,94.760658,5043
PTJPL,2010-04-01,6-108,6-108,OLYMPIC VALLEY,OLYMPIC VALLEY,39.573148,2160
PTJPL,2010-04-01,7-031,7-031,OROCOPIA VALLEY,OROCOPIA VALLEY,32.209335,432652
PTJPL,2010-04-01,6-012.02,6-012,OWENS VALLEY,OWENS VALLEY - FISH SLOUGH,23.483377,14498
PTJPL,2010-04-01,6-012.01,6-012,OWENS VALLEY,OWENS VALLEY - OWENS VALLEY,26.25956,2960279
PTJPL,2010-04-01,6-088,6-088,OWL LAKE VALLEY,OWL LAKE VALLEY,22.592286,100004
PTJPL,2010-04-01,6-028,6-028,PAHRUMP VALLEY,PAHRUMP VALLEY,27.988446,407322
PTJPL,2010-04-01,6-099,6-099,PAINTERS FLAT,PAINTERS FLAT,54.093089,28113
PTJPL,2010-04-01,7-039,7-039,PALO VERDE MESA,PALO VERDE MESA,26.098348,1011292
PTJPL,2010-04-01,7-038,7-038,PALO VERDE VALLEY,PALO VERDE VALLEY,62.647126,302116
PTJPL,2010-04-01,9-024,9-024,PAMO VALLEY,PAMO VALLEY,89.849985,6766
PTJPL,2010-04-01,6-058,6-058,PANAMINT VALLEY,PANAMINT VALLEY,22.745107,1165899
PTJPL,2010-04-01,5-023,5-023,PANOCHE VALLEY,PANOCHE VALLEY,76.397,148758
PTJPL,2010-04-01,3-032,3-032,PEACH TREE VALLEY,PEACH TREE VALLEY,88.679549,44038
PTJPL,2010-04-01,1-030,1-030,PEPPERWOOD TOWN AREA,PEPPERWOOD TOWN AREA,82.034281,28266
PTJPL,2010-04-01,2-026,2-026,PESCADERO VALLEY,PESCADERO VALLEY,99.82204,12795
PTJPL,2010-04-01,2-001,2-001,PETALUMA VALLEY,PETALUMA VALLEY,103.785388,209830
PTJPL,2010-04-01,6-051,6-051,PILOT KNOB VALLEY,PILOT KNOB VALLEY,30.673456,623272
PTJPL,2010-04-01,6-092,6-092,PINE CREEK VALLEY,PINE CREEK VALLEY,67.828525,25858
PTJPL,2010-04-01,7-006,7-006,PINTO VALLEY,PINTO VALLEY,36.490007,820363
PTJPL,2010-04-01,7-049,7-049,PIPES CANYON FAULT VALLEY,PIPES CANYON FAULT VALLEY,42.849142,15213
PTJPL,2010-04-01,2-004,2-004,PITTSBURG PLAIN,PITTSBURG PLAIN,103.739052,52133
PTJPL,2010-04-01,7-045,7-045,PIUTE VALLEY,PIUTE VALLEY,41.767025,782230
PTJPL,2010-04-01,7-052,7-052,PLEASANT VALLEY,PLEASANT VALLEY,44.874308,43336
PTJPL,2010-04-01,4-006,4-006,PLEASANT VALLEY,PLEASANT VALLEY,71.058742,89204
PTJPL,2010-04-01,5-038,5-038,PONDOSA TOWN AREA,PONDOSA TOWN AREA,93.497701,9353
PTJPL,2010-04-01,5-068,5-068,POPE VALLEY,POPE VALLEY,100.370377,32313
PTJPL,2010-04-01,9-029,9-029,POTRERO VALLEY,POTRERO VALLEY,86.139271,9083
PTJPL,2010-04-01,1-051,1-051,POTTER VALLEY,POTTER VALLEY,88.87834,37054
PTJPL,2010-04-01,9-013,9-013,POWAY VALLEY,POWAY VALLEY,102.313087,11080
PTJPL,2010-04-01,3-044,3-044,POZO VALLEY,POZO VALLEY,97.225929,30784
PTJPL,2010-04-01,1-025,1-025,PRAIRIE CREEK AREA,PRAIRIE CREEK AREA,84.13479,91097
PTJPL,2010-04-01,7-040,7-040,QUIEN SABE POINT VALLEY,QUIEN SABE POINT VALLEY,22.822597,99694
PTJPL,2010-04-01,3-024,3-024,QUIEN SABE VALLEY,QUIEN SABE VALLEY,85.581826,21173
PTJPL,2010-04-01,6-062,6-062,RACE TRACK VALLEY,RACE TRACK VALLEY,12.824171,63448
PTJPL,2010-04-01,3-046,3-046,RAFAEL VALLEY,RAFAEL VALLEY,88.680842,13451
PTJPL,2010-04-01,9-025,9-025,RANCHITA TOWN AREA,RANCHITA TOWN AREA,68.153007,14032
PTJPL,2010-04-01,4-023,4-023,RAYMOND,RAYMOND,76.736417,117113
PTJPL,2010-04-01,6-024,6-024,RED PASS VALLEY,RED PASS VALLEY,20.28086,433105
PTJPL,2010-04-01,1-018,1-018,RED ROCK VALLEY,RED ROCK VALLEY,77.958471,40478
PTJPL,2010-04-01,5-006.03,5-006,REDDING AREA,REDDING AREA - ANDERSON,105.404701,443686
PTJPL,2010-04-01,5-006.01,5-006,REDDING AREA,REDDING AREA - BOWMAN,105.599146,550983
PTJPL,2010-04-01,5-006.04,5-006,REDDING AREA,REDDING AREA - ENTERPRISE,100.840894,275583
PTJPL,2010-04-01,5-006.05,5-006,REDDING AREA,REDDING AREA - MILLVILLE,104.977618,295058
PTJPL,2010-04-01,5-006.06,5-006,REDDING AREA,REDDING AREA - SOUTH BATTLE CREEK,107.032666,151596
PTJPL,2010-04-01,1-026,1-026,REDWOOD CREEK AREA,REDWOOD CREEK AREA,73.696132,8971
PTJPL,2010-04-01,6-086,6-086,RHODES HILL AREA,RHODES HILL AREA,25.649917,70069
PTJPL,2010-04-01,7-004,7-004,RICE VALLEY,RICE VALLEY,19.244599,841014
PTJPL,2010-04-01,6-023,6-023,RIGGS VALLEY,RIGGS VALLEY,19.948723,393528
PTJPL,2010-04-01,3-043,3-043,RINCONADA VALLEY,RINCONADA VALLEY,98.581074,11582
PTJPL,2010-04-01,5-043,5-043,ROCK PRAIRIE VALLEY,ROCK PRAIRIE VALLEY,71.974183,25797
PTJPL,2010-04-01,6-056,6-056,ROSE VALLEY,ROSE VALLEY,24.153526,191219
PTJPL,2010-04-01,2-028,2-028,ROSS VALLEY,ROSS VALLEY,105.699496,7930
PTJPL,2010-04-01,5-036,5-036,ROUND VALLEY,ROUND VALLEY,65.990999,32664
PTJPL,2010-04-01,4-020,4-020,RUSSELL VALLEY,RUSSELL VALLEY,88.779488,13836
PTJPL,2010-04-01,5-021.54,5-021,SACRAMENTO VALLEY,SACRAMENTO VALLEY - ANTELOPE,115.932359,85850
PTJPL,2010-04-01,5-021.53,5-021,SACRAMENTO VALLEY,SACRAMENTO VALLEY - BEND,108.207658,101956
PTJPL,2010-04-01,5-021.70,5-021,SACRAMENTO VALLEY,SACRAMENTO VALLEY - BUTTE,94.695987,1198608
PTJPL,2010-04-01,5-021.52,5-021,SACRAMENTO VALLEY,SACRAMENTO VALLEY - COLUSA,101.651035,3249778
PTJPL,2010-04-01,5-021.51,5-021,SACRAMENTO VALLEY,SACRAMENTO VALLEY - CORNING,108.31445,932334
PTJPL,2010-04-01,5-021.56,5-021,SACRAMENTO VALLEY,SACRAMENTO VALLEY - LOS MOLINOS,109.689922,447052
PTJPL,2010-04-01,5-021.64,5-021,SACRAMENTO VALLEY,SACRAMENTO VALLEY - NORTH AMERICAN,100.496222,1538718
PTJPL,2010-04-01,5-021.60,5-021,SACRAMENTO VALLEY,SACRAMENTO VALLEY - NORTH YUBA,101.030705,273575
PTJPL,2010-04-01,5-021.50,5-021,SACRAMENTO VALLEY,SACRAMENTO VALLEY - RED BLUFF,106.580363,1222098
PTJPL,2010-04-01,5-021.66,5-021,SACRAMENTO VALLEY,SACRAMENTO VALLEY - SOLANO,117.766706,1593997
PTJPL,2010-04-01,5-021.65,5-021,SACRAMENTO VALLEY,SACRAMENTO VALLEY - SOUTH AMERICAN,103.030833,1116938
PTJPL,2010-04-01,5-021.61,5-021,SACRAMENTO VALLEY,SACRAMENTO VALLEY - SOUTH YUBA,102.607711,490197
PTJPL,2010-04-01,5-021.62,5-021,SACRAMENTO VALLEY,SACRAMENTO VALLEY - SUTTER,95.944588,1285041
PTJPL,2010-04-01,5-021.57,5-021,SACRAMENTO VALLEY,SACRAMENTO VALLEY - VINA,105.618057,831432
PTJPL,2010-04-01,5-021.69,5-021,SACRAMENTO VALLEY,SACRAMENTO VALLEY - WYANDOTTE CREEK,104.317977,266875
PTJPL,2010-04-01,5-021.67,5-021,SACRAMENTO VALLEY,SACRAMENTO VALLEY - YOLO,106.736506,2431087
PTJPL,2010-04-01,3-004.01,3-004,SALINAS VALLEY,SALINAS VALLEY - 180/400 FOOT AQUIFER,89.905656,402348
PTJPL,2010-04-01,3-004.11,3-004,SALINAS VALLEY,SALINAS VALLEY - ATASCADERO AREA,94.425702,88757
PTJPL,2010-04-01,3-004.02,3-004,SALINAS VALLEY,SALINAS VALLEY - EAST SIDE AQUIFER,87.953375,258338
PTJPL,2010-04-01,3-004.04,3-004,SALINAS VALLEY,SALINAS VALLEY - FOREBAY AQUIFER,88.279427,422898
PTJPL,2010-04-01,3-004.09,3-004,SALINAS VALLEY,SALINAS VALLEY - LANGLEY AREA,107.169019,79222
PTJPL,2010-04-01,3-004.10,3-004,SALINAS VALLEY,SALINAS VALLEY - MONTEREY,103.854805,138524
PTJPL,2010-04-01,3-004.06,3-004,SALINAS VALLEY,SALINAS VALLEY - PASO ROBLES AREA,93.967731,1961084
PTJPL,2010-04-01,3-004.08,3-004,SALINAS VALLEY,SALINAS VALLEY - SEASIDE,103.109544,65106
PTJPL,2010-04-01,3-004.05,3-004,SALINAS VALLEY,SALINAS VALLEY - UPPER VALLEY AQUIFER,91.655599,1070293
PTJPL,2010-04-01,6-017,6-017,SALINE VALLEY,SALINE VALLEY,9.101132,657298
PTJPL,2010-04-01,6-053,6-053,SALT WELLS VALLEY,SALT WELLS VALLEY,24.46127,132519
PTJPL,2010-04-01,3-014,3-014,SAN ANTONIO CREEK VALLEY,SAN ANTONIO CREEK VALLEY,106.991986,303230
PTJPL,2010-04-01,3-028,3-028,SAN BENITO RIVER VALLEY,SAN BENITO RIVER VALLEY,90.660236,108949
PTJPL,2010-04-01,3-033,3-033,SAN CARPOFORO VALLEY,SAN CARPOFORO VALLEY,97.734172,4691
PTJPL,2010-04-01,9-015,9-015,SAN DIEGO RIVER VALLEY,SAN DIEGO RIVER VALLEY,88.663555,38030
PTJPL,2010-04-01,9-012,9-012,SAN DIEGUITO CREEK,SAN DIEGUITO CREEK,112.833862,15457
PTJPL,2010-04-01,9-023,9-023,SAN ELIJO VALLEY,SAN ELIJO VALLEY,97.497103,3969
PTJPL,2010-04-01,7-027,7-027,SAN FELIPE VALLEY,SAN FELIPE VALLEY,57.168005,105140
PTJPL,2010-04-01,4-012,4-012,SAN FERNANDO VALLEY,SAN FERNANDO VALLEY,78.011805,651275
PTJPL,2010-04-01,4-013,4-013,SAN GABRIEL VALLEY,SAN GABRIEL VALLEY,76.488724,568282
PTJPL,2010-04-01,2-024,2-024,SAN GREGORIO VALLEY,SAN GREGORIO VALLEY,101.696264,4764
PTJPL,2010-04-01,8-005,8-005,SAN JACINTO,SAN JACINTO,85.511577,712775
PTJPL,2010-04-01,5-022.05,5-022,SAN JOAQUIN VALLEY,SAN JOAQUIN VALLEY - CHOWCHILLA,101.045371,654509
PTJPL,2010-04-01,5-022.16,5-022,SAN JOAQUIN VALLEY,SAN JOAQUIN VALLEY - COSUMNES,101.822364,945540
PTJPL,2010-04-01,5-022.07,5-022,SAN JOAQUIN VALLEY,SAN JOAQUIN VALLEY - DELTA-MENDOTA,91.6591,3439751
PTJPL,2010-04-01,5-022.19,5-022,SAN JOAQUIN VALLEY,SAN JOAQUIN VALLEY - EAST CONTRA COSTA,109.928309,483798
PTJPL,2010-04-01,5-022.01,5-022,SAN JOAQUIN VALLEY,SAN JOAQUIN VALLEY - EASTERN SAN JOAQUIN,99.557317,3438668
PTJPL,2010-04-01,5-022.11,5-022,SAN JOAQUIN VALLEY,SAN JOAQUIN VALLEY - KAWEAH,91.657584,1982695
PTJPL,2010-04-01,5-022.14,5-022,SAN JOAQUIN VALLEY,SAN JOAQUIN VALLEY - KERN COUNTY,70.635496,8013975
PTJPL,2010-04-01,5-022.17,5-022,SAN JOAQUIN VALLEY,SAN JOAQUIN VALLEY - KETTLEMAN PLAIN,70.207048,286610
PTJPL,2010-04-01,5-022.08,5-022,SAN JOAQUIN VALLEY,SAN JOAQUIN VALLEY - KINGS,88.287772,4411016
PTJPL,2010-04-01,5-022.06,5-022,SAN JOAQUIN VALLEY,SAN JOAQUIN VALLEY - MADERA,95.147321,1562954
PTJPL,2010-04-01,5-022.04,5-022,SAN JOAQUIN VALLEY,SAN JOAQUIN VALLEY - MERCED,97.489487,2304288
PTJPL,2010-04-01,5-022.02,5-022,SAN JOAQUIN VALLEY,SAN JOAQUIN VALLEY - MODESTO,99.05981,1102726
PTJPL,2010-04-01,5-022.10,5-022,SAN JOAQUIN VALLEY,SAN JOAQUIN VALLEY - PLEASANT VALLEY,72.577999,216677
PTJPL,2010-04-01,5-022.15,5-022,SAN JOAQUIN VALLEY,SAN JOAQUIN VALLEY - TRACY,100.07023,1071169
PTJPL,2010-04-01,5-022.12,5-022,SAN JOAQUIN VALLEY,SAN JOAQUIN VALLEY - TULARE LAKE,75.21102,2407956
PTJPL,2010-04-01,5-022.13,5-022,SAN JOAQUIN VALLEY,SAN JOAQUIN VALLEY - TULE,86.947707,2147333
PTJPL,2010-04-01,5-022.03,5-022,SAN JOAQUIN VALLEY,SAN JOAQUIN VALLEY - TURLOCK,100.455489,1565373
PTJPL,2010-04-01,5-022.09,5-022,SAN JOAQUIN VALLEY,SAN JOAQUIN VALLEY - WESTSIDE,85.311271,2797566
PTJPL,2010-04-01,5-022.18,5-022,SAN JOAQUIN VALLEY,SAN JOAQUIN VALLEY - WHITE WOLF,74.669741,483575
PTJPL,2010-04-01,9-001,9-001,SAN JUAN VALLEY,SAN JUAN VALLEY,93.151048,73255
PTJPL,2010-04-01,3-009,3-009,SAN LUIS OBISPO VALLEY,SAN LUIS OBISPO VALLEY,93.104332,57221
PTJPL,2010-04-01,9-007.02,9-007,SAN LUIS REY VALLEY,SAN LUIS REY VALLEY - LOWER SAN LUIS REY VALLEY,98.477055,46175
PTJPL,2010-04-01,9-007.01,9-007,SAN LUIS REY VALLEY,SAN LUIS REY VALLEY - UPPER SAN LUIS REY VALLEY,102.290805,86570
PTJPL,2010-04-01,9-032,9-032,SAN MARCOS AREA,SAN MARCOS AREA,99.882999,9564
PTJPL,2010-04-01,9-002,9-002,SAN MATEO VALLEY,SAN MATEO VALLEY,83.167274,13164
PTJPL,2010-04-01,9-003,9-003,SAN ONOFRE VALLEY,SAN ONOFRE VALLEY,85.94235,5516
PTJPL,2010-04-01,9-010,9-010,SAN PASQUAL VALLEY,SAN PASQUAL VALLEY,93.390394,15720
PTJPL,2010-04-01,2-036,2-036,SAN PEDRO VALLEY,SAN PEDRO VALLEY,101.989512,2765
PTJPL,2010-04-01,2-029,2-029,SAN RAFAEL VALLEY,SAN RAFAEL VALLEY,96.091048,3932
PTJPL,2010-04-01,2-007,2-007,SAN RAMON VALLEY,SAN RAMON VALLEY,95.897174,31743
PTJPL,2010-04-01,3-035,3-035,SAN SIMEON VALLEY,SAN SIMEON VALLEY,101.323379,2344
PTJPL,2010-04-01,2-027,2-027,SAND POINT AREA,SAND POINT AREA,99.216528,100075
PTJPL,2010-04-01,1-053,1-053,SANEL VALLEY,SANEL VALLEY,100.469968,25057
PTJPL,2010-04-01,3-022,3-022,SANTA ANA VALLEY,SANTA ANA VALLEY,94.784799,12249
PTJPL,2010-04-01,3-017,3-017,SANTA BARBARA,SANTA BARBARA,87.732163,26897
PTJPL,2010-04-01,4-004.05,4-004,SANTA CLARA RIVER VALLEY,SANTA CLARA RIVER VALLEY - FILLMORE,85.532731,101526
PTJPL,2010-04-01,4-004.03,4-004,SANTA CLARA RIVER VALLEY,SANTA CLARA RIVER VALLEY - MOUND,78.260695,61597
PTJPL,2010-04-01,4-004.02,4-004,SANTA CLARA RIVER VALLEY,SANTA CLARA RIVER VALLEY - OXNARD,73.038768,250493
PTJPL,2010-04-01,4-004.06,4-004,SANTA CLARA RIVER VALLEY,SANTA CLARA RIVER VALLEY - PIRU,77.692254,49008
PTJPL,2010-04-01,4-004.07,4-004,SANTA CLARA RIVER VALLEY,SANTA CLARA RIVER VALLEY - SANTA CLARA RIVER VALLEY EAST,75.923034,303952
PTJPL,2010-04-01,4-004.04,4-004,SANTA CLARA RIVER VALLEY,SANTA CLARA RIVER VALLEY - SANTA PAULA,86.97856,99438
PTJPL,2010-04-01,2-009.04,2-009,SANTA CLARA VALLEY,SANTA CLARA VALLEY - EAST BAY PLAIN,96.13141,320508
PTJPL,2010-04-01,2-009.01,2-009,SANTA CLARA VALLEY,SANTA CLARA VALLEY - NILES CONE,103.171585,293137
PTJPL,2010-04-01,2-009.03,2-009,SANTA CLARA VALLEY,SANTA CLARA VALLEY - SAN MATEO PLAIN,105.191918,170239
PTJPL,2010-04-01,2-009.02,2-009,SANTA CLARA VALLEY,SANTA CLARA VALLEY - SANTA CLARA,93.751403,852197
PTJPL,2010-04-01,3-001,3-001,SANTA CRUZ MID-COUNTY,SANTA CRUZ MID-COUNTY,108.914181,159953
PTJPL,2010-04-01,3-027,3-027,SANTA MARGARITA,SANTA MARGARITA,108.934152,100048
PTJPL,2010-04-01,9-004,9-004,SANTA MARGARITA VALLEY,SANTA MARGARITA VALLEY,93.412095,22473
PTJPL,2010-04-01,3-012.02,3-012,SANTA MARIA RIVER VALLEY,SANTA MARIA RIVER VALLEY - ARROYO GRANDE,87.489443,13025
PTJPL,2010-04-01,3-012.01,3-012,SANTA MARIA RIVER VALLEY,SANTA MARIA RIVER VALLEY - SANTA MARIA,94.736731,762121
PTJPL,2010-04-01,9-011,9-011,SANTA MARIA VALLEY,SANTA MARIA VALLEY,88.897649,55261
PTJPL,2010-04-01,6-068,6-068,SANTA ROSA FLAT,SANTA ROSA FLAT,20.857853,75450
PTJPL,2010-04-01,3-036,3-036,SANTA ROSA VALLEY,SANTA ROSA VALLEY,97.868652,15379
PTJPL,2010-04-01,1-055.02,1-055,SANTA ROSA VALLEY,SANTA ROSA VALLEY - HEALDSBURG AREA,96.079587,69295
PTJPL,2010-04-01,1-055.03,1-055,SANTA ROSA VALLEY,SANTA ROSA VALLEY - RINCON VALLEY,92.538344,24958
PTJPL,2010-04-01,1-055.01,1-055,SANTA ROSA VALLEY,SANTA ROSA VALLEY - SANTA ROSA PLAIN,96.878312,365509
PTJPL,2010-04-01,3-015,3-015,SANTA YNEZ RIVER VALLEY,SANTA YNEZ RIVER VALLEY,104.051508,911581
PTJPL,2010-04-01,1-005,1-005,SCOTT RIVER VALLEY,SCOTT RIVER VALLEY,84.94455,286977
PTJPL,2010-04-01,5-014,5-014,SCOTTS VALLEY,SCOTTS VALLEY,95.959915,32930
PTJPL,2010-04-01,6-052,6-052,SEARLES VALLEY,SEARLES VALLEY,26.275648,885328
PTJPL,2010-04-01,6-100,6-100,SECRET VALLEY,SECRET VALLEY,58.681849,151387
PTJPL,2010-04-01,1-016,1-016,SEIAD VALLEY,SEIAD VALLEY,79.54191,10105
PTJPL,2010-04-01,8-008,8-008,SEVEN OAKS VALLEY,SEVEN OAKS VALLEY,69.791857,18151
PTJPL,2010-04-01,1-004,1-004,SHASTA VALLEY,SHASTA VALLEY,84.928374,977581
PTJPL,2010-04-01,1-042,1-042,SHERWOOD VALLEY,SHERWOOD VALLEY,88.03579,5169
PTJPL,2010-04-01,5-012.02,5-012,SIERRA VALLEY,SIERRA VALLEY - CHILCOOT,62.89911,33948
PTJPL,2010-04-01,5-012.01,5-012,SIERRA VALLEY,SIERRA VALLEY - SIERRA VALLEY,71.65309,527445
PTJPL,2010-04-01,6-034,6-034,SILVER LAKE VALLEY,SILVER LAKE VALLEY,19.240186,158273
PTJPL,2010-04-01,4-009,4-009,SIMI VALLEY,SIMI VALLEY,71.874687,54663
PTJPL,2010-04-01,6-105,6-105,SLINKARD VALLEY,SLINKARD VALLEY,43.786007,20253
PTJPL,2010-04-01,1-001,1-001,SMITH RIVER PLAIN,SMITH RIVER PLAIN,77.504441,174417
PTJPL,2010-04-01,6-033,6-033,SODA LAKE VALLEY,SODA LAKE VALLEY,22.063746,1702537
PTJPL,2010-04-01,2-037,2-037,SOUTH SAN FRANCISCO,SOUTH SAN FRANCISCO,104.515885,9789
PTJPL,2010-04-01,6-082,6-082,SPRING CANYON VALLEY,SPRING CANYON VALLEY,31.918041,21584
PTJPL,2010-04-01,5-089,5-089,SQUAW FLAT,SQUAW FLAT,102.91347,5813
PTJPL,2010-04-01,5-088,5-088,STONY GORGE RESERVOIR,STONY GORGE RESERVOIR,99.194236,4788
PTJPL,2010-04-01,5-063,5-063,STONYFORD TOWN AREA,STONYFORD TOWN AREA,95.047902,28955
PTJPL,2010-04-01,2-003,2-003,SUISUN-FAIRFIELD VALLEY,SUISUN-FAIRFIELD VALLEY,115.242982,600455
PTJPL,2010-04-01,2-011,2-011,SUNOL VALLEY,SUNOL VALLEY,101.298854,74769
PTJPL,2010-04-01,6-049,6-049,SUPERIOR VALLEY,SUPERIOR VALLEY,36.204278,541018
PTJPL,2010-04-01,6-001,6-001,SURPRISE VALLEY,SURPRISE VALLEY,52.753484,1026748
PTJPL,2010-04-01,6-107,6-107,SWEETWATER FLAT,SWEETWATER FLAT,35.830073,17890
PTJPL,2010-04-01,6-005.03,6-005,TAHOE VALLEY,TAHOE VALLEY - TAHOE NORTH,55.945617,8385
PTJPL,2010-04-01,6-005.01,6-005,TAHOE VALLEY,TAHOE VALLEY - TAHOE SOUTH,49.204007,62297
PTJPL,2010-04-01,6-005.02,6-005,TAHOE VALLEY,TAHOE VALLEY - TAHOE WEST,55.475405,17951
PTJPL,2010-04-01,6-045,6-045,TEHACHAPI VALLEY EAST,TEHACHAPI VALLEY EAST,61.344198,107746
PTJPL,2010-04-01,5-028,5-028,TEHACHAPI VALLEY WEST,TEHACHAPI VALLEY WEST,63.047887,66406
PTJPL,2010-04-01,9-005,9-005,TEMECULA VALLEY,TEMECULA VALLEY,97.120235,394584
PTJPL,2010-04-01,1-040,1-040,TEN MILE RIVER VALLEY,TEN MILE RIVER VALLEY,92.248695,6703
PTJPL,2010-04-01,7-026,7-026,TERWILLIGER VALLEY,TERWILLIGER VALLEY,74.919208,36068
PTJPL,2010-04-01,4-019,4-019,THOUSAND OAKS AREA,THOUSAND OAKS AREA,85.769682,13972
PTJPL,2010-04-01,4-015,4-015,TIERRA REJADA,TIERRA REJADA,86.371681,20679
PTJPL,2010-04-01,5-037,5-037,TOAD WELL AREA,TOAD WELL AREA,68.709796,14731
PTJPL,2010-04-01,3-040,3-040,TORO VALLEY,TORO VALLEY,99.476043,3235
PTJPL,2010-04-01,6-098,6-098,TULEDAD CANYON VALLEY,TULEDAD CANYON VALLEY,56.587945,23111
PTJPL,2010-04-01,7-010,7-010,TWENTYNINE PALMS VALLEY,TWENTYNINE PALMS VALLEY,34.989176,279940
PTJPL,2010-04-01,1-052,1-052,UKIAH VALLEY,UKIAH VALLEY,96.57405,168750
PTJPL,2010-04-01,6-022,6-022,UPPER KINGSTON VALLEY,UPPER KINGSTON VALLEY,36.787992,794700
PTJPL,2010-04-01,5-013,5-013,UPPER LAKE VALLEY,UPPER LAKE VALLEY,93.517836,32659
PTJPL,2010-04-01,6-042,6-042,UPPER MOJAVE RIVER VALLEY,UPPER MOJAVE RIVER VALLEY,50.361169,1853272
PTJPL,2010-04-01,4-001,4-001,UPPER OJAI VALLEY,UPPER OJAI VALLEY,92.728282,17117
PTJPL,2010-04-01,3-023,3-023,UPPER SANTA ANA VALLEY,UPPER SANTA ANA VALLEY,93.145364,6439
PTJPL,2010-04-01,8-002.05,8-002,UPPER SANTA ANA VALLEY,UPPER SANTA ANA VALLEY - CAJON,60.67029,104061
PTJPL,2010-04-01,8-002.01,8-002,UPPER SANTA ANA VALLEY,UPPER SANTA ANA VALLEY - CHINO,67.854542,690762
PTJPL,2010-04-01,8-002.02,8-002,UPPER SANTA ANA VALLEY,UPPER SANTA ANA VALLEY - CUCAMONGA,62.913397,40576
PTJPL,2010-04-01,8-002.04,8-002,UPPER SANTA ANA VALLEY,UPPER SANTA ANA VALLEY - RIALTO-COLTON,61.61576,111243
PTJPL,2010-04-01,8-002.03,8-002,UPPER SANTA ANA VALLEY,UPPER SANTA ANA VALLEY - RIVERSIDE-ARLINGTON,74.283229,253996
PTJPL,2010-04-01,8-002.06,8-002,UPPER SANTA ANA VALLEY,UPPER SANTA ANA VALLEY - SAN BERNARDINO,47.262767,414557
PTJPL,2010-04-01,8-002.08,8-002,UPPER SANTA ANA VALLEY,UPPER SANTA ANA VALLEY - SAN TIMOTEO,78.213351,144958
PTJPL,2010-04-01,8-002.09,8-002,UPPER SANTA ANA VALLEY,UPPER SANTA ANA VALLEY - TEMESCAL,85.231344,103262
PTJPL,2010-04-01,8-002.07,8-002,UPPER SANTA ANA VALLEY,UPPER SANTA ANA VALLEY - YUCAIPA,69.616713,99805
PTJPL,2010-04-01,7-028,7-028,VALLECITO-CARRIZO VALLEY,VALLECITO-CARRIZO VALLEY,34.49393,547703
PTJPL,2010-04-01,5-071,5-071,VALLECITOS CREEK VALLEY,VALLECITOS CREEK VALLEY,82.262888,67930
PTJPL,2010-04-01,7-063,7-063,VANDEVENTER FLAT,VANDEVENTER FLAT,78.872201,30274
PTJPL,2010-04-01,4-003.02,4-003,VENTURA RIVER VALLEY,VENTURA RIVER VALLEY - LOWER VENTURA RIVER,87.25762,21489
PTJPL,2010-04-01,4-003.01,4-003,VENTURA RIVER VALLEY,VENTURA RIVER VALLEY - UPPER VENTURA RIVER,83.67862,23732
PTJPL,2010-04-01,7-042,7-042,VIDAL VALLEY,VIDAL VALLEY,22.29023,618941
PTJPL,2010-04-01,3-037,3-037,VILLA VALLEY,VILLA VALLEY,95.714708,6092
PTJPL,2010-04-01,2-032,2-032,VISITACION VALLEY,VISITACION VALLEY,106.741987,26177
PTJPL,2010-04-01,5-026,5-026,WALKER BASIN CREEK VALLEY,WALKER BASIN CREEK VALLEY,63.623883,34468
PTJPL,2010-04-01,7-003,7-003,WARD VALLEY,WARD VALLEY,28.356848,2481525
PTJPL,2010-04-01,9-008,9-008,WARNER VALLEY,WARNER VALLEY,80.487671,107755
PTJPL,2010-04-01,7-012,7-012,WARREN VALLEY,WARREN VALLEY,53.727136,78585
PTJPL,2010-04-01,1-031,1-031,WEOTT TOWN AREA,WEOTT TOWN AREA,87.573342,16423
PTJPL,2010-04-01,7-022,7-022,WEST SALTON SEA,WEST SALTON SEA,26.663339,473862
PTJPL,2010-04-01,3-026,3-026,WEST SANTA CRUZ TERRACE,WEST SANTA CRUZ TERRACE,108.831956,30010
PTJPL,2010-04-01,2-035,2-035,WESTSIDE,WESTSIDE,105.988899,111611
PTJPL,2010-04-01,6-073,6-073,WILD HORSE MESA AREA,WILD HORSE MESA AREA,26.914311,14926
PTJPL,2010-04-01,6-075,6-075,WILDROSE CANYON,WILDROSE CANYON,38.921962,23181
PTJPL,2010-04-01,1-043,1-043,WILLIAMS VALLEY,WILLIAMS VALLEY,93.127145,7401
PTJPL,2010-04-01,6-003,6-003,WILLOW CREEK VALLEY,WILLOW CREEK VALLEY,73.883227,52589
PTJPL,2010-04-01,1-059,1-059,WILSON GROVE FORMATION HIGHLANDS,WILSON GROVE FORMATION HIGHLANDS,100.096396,287046
PTJPL,2010-04-01,1-062,1-062,WILSON POINT AREA,WILSON POINT AREA,86.93152,3198
PTJPL,2010-04-01,6-019,6-019,WINGATE VALLEY,WINGATE VALLEY,30.109283,320536
PTJPL,2010-04-01,7-056,7-056,YAQUI WELL AREA,YAQUI WELL AREA,39.530499,67265
PTJPL,2010-04-01,5-056,5-056,YELLOW CREEK VALLEY,YELLOW CREEK VALLEY,71.840341,9846
PTJPL,2010-04-01,2-006,2-006,YGNACIO VALLEY,YGNACIO VALLEY,99.030973,69545
PTJPL,2010-04-01,5-069,5-069,YOSEMITE VALLEY,YOSEMITE VALLEY,67.645575,33031
PTJPL,2010-04-01,7-036,7-036,YUMA VALLEY,YUMA VALLEY,36.184962,536338
