Model,Date,Basin_Subb,Basin_Numb,Basin_Name,Basin_Su_1,ET,Pixel_Count
PTJPL,2010-06-01,4-005,4-005,ACTON VALLEY,ACTON VALLEY,52.991069,37173
PTJPL,2010-06-01,6-010,6-010,ADOBE LAKE VALLEY,ADOBE LAKE VALLEY,30.313812,179273
PTJPL,2010-06-01,1-054.01,1-054,ALEXANDER VALLEY,ALEXANDER VALLEY - ALEXANDER AREA,118.361384,110099
PTJPL,2010-06-01,1-054.02,1-054,ALEXANDER VALLEY,ALEXANDER VALLEY - CLOVERDALE AREA,122.583634,29366
PTJPL,2010-06-01,5-002.01,5-002,ALTURAS AREA,ALTURAS AREA - SOUTH FORK PITT RIVER,90.148791,513210
PTJPL,2010-06-01,5-002.02,5-002,ALTURAS AREA,ALTURAS AREA - WARM SPRINGS VALLEY,86.541052,305817
PTJPL,2010-06-01,5-010,5-010,AMERICAN VALLEY,AMERICAN VALLEY,120.170156,30572
PTJPL,2010-06-01,7-016,7-016,AMES VALLEY,AMES VALLEY,11.952984,487562
PTJPL,2010-06-01,7-034,7-034,AMOS VALLEY,AMOS VALLEY,5.881861,584286
PTJPL,2010-06-01,1-019,1-019,ANDERSON VALLEY,ANDERSON VALLEY,150.680497,22366
PTJPL,2010-06-01,1-049,1-049,ANNAPOLIS OHLSON RANCH FORMATION HIGHLANDS,ANNAPOLIS OHLSON RANCH FORMATION HIGHLANDS,156.722751,38900
PTJPL,2010-06-01,5-091,5-091,ANTELOPE CREEK,ANTELOPE CREEK,74.370245,9175
PTJPL,2010-06-01,6-044,6-044,ANTELOPE VALLEY,ANTELOPE VALLEY,27.074885,4542404
PTJPL,2010-06-01,6-007,6-007,ANTELOPE VALLEY,ANTELOPE VALLEY,94.468649,89741
PTJPL,2010-06-01,3-034,3-034,ARROYO DE LA CRUZ VALLEY,ARROYO DE LA CRUZ VALLEY,127.527019,3590
PTJPL,2010-06-01,2-031,2-031,ARROYO DEL HAMBRE VALLEY,ARROYO DEL HAMBRE VALLEY,99.673175,3534
PTJPL,2010-06-01,4-007,4-007,ARROYO SANTA ROSA VALLEY,ARROYO SANTA ROSA VALLEY,92.532415,17646
PTJPL,2010-06-01,7-037,7-037,ARROYO SECO VALLEY,ARROYO SECO VALLEY,10.981766,1152313
PTJPL,2010-06-01,5-054,5-054,ASH VALLEY,ASH VALLEY,109.52978,27015
PTJPL,2010-06-01,6-026,6-026,AVAWATZ VALLEY,AVAWATZ VALLEY,16.331894,124166
PTJPL,2010-06-01,3-020,3-020,A�O NUEVO AREA,A�O NUEVO AREA,91.664162,8784
PTJPL,2010-06-01,9-022,9-022,BATIQUITOS LAGOON VALLEY,BATIQUITOS LAGOON VALLEY,123.066287,3334
PTJPL,2010-06-01,8-009,8-009,BEAR VALLEY,BEAR VALLEY,82.249788,86225
PTJPL,2010-06-01,5-064,5-064,BEAR VALLEY,BEAR VALLEY,74.185982,40934
PTJPL,2010-06-01,5-020,5-020,BERRYESSA VALLEY,BERRYESSA VALLEY,93.002907,6191
PTJPL,2010-06-01,7-015,7-015,BESSEMER VALLEY,BESSEMER VALLEY,8.459611,175679
PTJPL,2010-06-01,6-025,6-025,BICYCLE VALLEY,BICYCLE VALLEY,11.246838,402232
PTJPL,2010-06-01,1-027,1-027,BIG LAGOON AREA,BIG LAGOON AREA,150.630716,57709
PTJPL,2010-06-01,8-007,8-007,BIG MEADOWS VALLEY,BIG MEADOWS VALLEY,85.69172,63040
PTJPL,2010-06-01,1-045,1-045,BIG RIVER VALLEY,BIG RIVER VALLEY,166.567867,7581
PTJPL,2010-06-01,3-047,3-047,BIG SPRING AREA,BIG SPRING AREA,49.090586,32897
PTJPL,2010-06-01,5-015,5-015,BIG VALLEY,BIG VALLEY,136.793552,108957
PTJPL,2010-06-01,5-004,5-004,BIG VALLEY,BIG VALLEY,111.436801,413987
PTJPL,2010-06-01,3-030,3-030,BITTER WATER VALLEY,BITTER WATER VALLEY,56.316124,144867
PTJPL,2010-06-01,6-013,6-013,BLACK SPRINGS VALLEY,BLACK SPRINGS VALLEY,12.111403,138327
PTJPL,2010-06-01,5-092,5-092,BLANCHARD VALLEY,BLANCHARD VALLEY,81.26696,9994
PTJPL,2010-06-01,1-057,1-057,BODEGA BAY AREA,BODEGA BAY AREA,153.891612,10038
PTJPL,2010-06-01,7-024.01,7-024,BORREGO VALLEY,BORREGO VALLEY - BORREGO SPRINGS,14.477631,282155
PTJPL,2010-06-01,7-024.02,7-024,BORREGO VALLEY,BORREGO VALLEY - OCOTILLO WELLS,5.376379,405078
PTJPL,2010-06-01,1-039,1-039,BRANSCOMB TOWN AREA,BRANSCOMB TOWN AREA,161.93501,6201
PTJPL,2010-06-01,1-017,1-017,BRAY TOWN AREA,BRAY TOWN AREA,107.101553,36119
PTJPL,2010-06-01,6-008,6-008,BRIDGEPORT VALLEY,BRIDGEPORT VALLEY,95.610888,146102
PTJPL,2010-06-01,7-008,7-008,BRISTOL VALLEY,BRISTOL VALLEY,6.102363,2234028
PTJPL,2010-06-01,5-080,5-080,BRITE VALLEY,BRITE VALLEY,92.473603,14244
PTJPL,2010-06-01,6-032,6-032,BROADWELL VALLEY,BROADWELL VALLEY,7.976489,413087
PTJPL,2010-06-01,6-076,6-076,BROWN MOUNTAIN VALLEY,BROWN MOUNTAIN VALLEY,11.928936,97673
PTJPL,2010-06-01,7-054,7-054,BUCK RIDGE FAULT VALLEY,BUCK RIDGE FAULT VALLEY,35.695875,31076
PTJPL,2010-06-01,6-101,6-101,BULL FLAT,BULL FLAT,58.713461,78457
PTJPL,2010-06-01,5-048,5-048,BURNEY CREEK VALLEY,BURNEY CREEK VALLEY,125.032045,10579
PTJPL,2010-06-01,5-017,5-017,BURNS VALLEY,BURNS VALLEY,93.817394,12924
PTJPL,2010-06-01,5-051,5-051,BUTTE CREEK VALLEY,BUTTE CREEK VALLEY,95.105477,14515
PTJPL,2010-06-01,1-003,1-003,BUTTE VALLEY,BUTTE VALLEY,93.600776,358135
PTJPL,2010-06-01,6-081,6-081,BUTTE VALLEY,BUTTE VALLEY,27.291503,39581
PTJPL,2010-06-01,6-070,6-070,CACTUS FLAT,CACTUS FLAT,18.815402,31593
PTJPL,2010-06-01,7-007,7-007,CADIZ VALLEY,CADIZ VALLEY,4.637971,1213316
PTJPL,2010-06-01,6-090,6-090,CADY FAULT AREA,CADY FAULT AREA,15.482785,35753
PTJPL,2010-06-01,9-006,9-006,CAHUILLA VALLEY,CAHUILLA VALLEY,53.240959,81848
PTJPL,2010-06-01,6-079,6-079,CALIFORNIA VALLEY,CALIFORNIA VALLEY,14.656458,261304
PTJPL,2010-06-01,7-041,7-041,CALZONA VALLEY,CALZONA VALLEY,11.766805,340869
PTJPL,2010-06-01,6-061,6-061,CAMEO AREA,CAMEO AREA,3.465394,41842
PTJPL,2010-06-01,9-028,9-028,CAMPO VALLEY,CAMPO VALLEY,60.01352,15902
PTJPL,2010-06-01,7-046,7-046,CANEBRAKE VALLEY,CANEBRAKE VALLEY,17.391074,24310
PTJPL,2010-06-01,3-007,3-007,CARMEL VALLEY,CARMEL VALLEY,106.24892,18978
PTJPL,2010-06-01,3-018,3-018,CARPINTERIA,CARPINTERIA,78.76774,31228
PTJPL,2010-06-01,3-019,3-019,CARRIZO PLAIN,CARRIZO PLAIN,39.805804,946901
PTJPL,2010-06-01,6-006,6-006,CARSON VALLEY,CARSON VALLEY,91.338442,44241
PTJPL,2010-06-01,5-029,5-029,CASTAC LAKE VALLEY,CASTAC LAKE VALLEY,99.976708,16014
PTJPL,2010-06-01,2-008,2-008,CASTRO VALLEY,CASTRO VALLEY,68.153912,8193
PTJPL,2010-06-01,6-038,6-038,CAVES CANYON VALLEY,CAVES CANYON VALLEY,7.329281,328088
PTJPL,2010-06-01,5-045,5-045,CAYTON VALLEY,CAYTON VALLEY,143.068778,5874
PTJPL,2010-06-01,3-038,3-038,CAYUCOS VALLEY,CAYUCOS VALLEY,104.74921,949
PTJPL,2010-06-01,7-043,7-043,CHEMEHUEVI VALLEY,CHEMEHUEVI VALLEY,11.251022,1221349
PTJPL,2010-06-01,7-032,7-032,CHOCOLATE VALLEY,CHOCOLATE VALLEY,11.047463,580540
PTJPL,2010-06-01,3-005,3-005,CHOLAME VALLEY,CHOLAME VALLEY,63.195555,179070
PTJPL,2010-06-01,3-042,3-042,CHORRO VALLEY,CHORRO VALLEY,116.531912,6377
PTJPL,2010-06-01,5-061,5-061,CHROME TOWN AREA,CHROME TOWN AREA,72.883802,6334
PTJPL,2010-06-01,7-005,7-005,CHUCKWALLA VALLEY,CHUCKWALLA VALLEY,7.489566,2704920
PTJPL,2010-06-01,2-005,2-005,CLAYTON VALLEY,CLAYTON VALLEY,110.085127,80257
PTJPL,2010-06-01,5-066,5-066,CLEAR LAKE CACHE FORMATION,CLEAR LAKE CACHE FORMATION,114.580356,133749
PTJPL,2010-06-01,5-058,5-058,CLOVER VALLEY,CLOVER VALLEY,105.688365,75444
PTJPL,2010-06-01,7-021.03,7-021,COACHELLA VALLEY,COACHELLA VALLEY - DESERT HOT SPRINGS,8.375964,453937
PTJPL,2010-06-01,7-021.01,7-021,COACHELLA VALLEY,COACHELLA VALLEY - INDIO,40.50309,1336106
PTJPL,2010-06-01,7-021.02,7-021,COACHELLA VALLEY,COACHELLA VALLEY - MISSION CREEK,15.700505,218418
PTJPL,2010-06-01,7-021.04,7-021,COACHELLA VALLEY,COACHELLA VALLEY - SAN GORGONIO PASS,40.950548,173279
PTJPL,2010-06-01,4-011.04,4-011,COASTAL PLAIN OF LOS ANGELES,COASTAL PLAIN OF LOS ANGELES - CENTRAL,108.37031,799393
PTJPL,2010-06-01,4-011.02,4-011,COASTAL PLAIN OF LOS ANGELES,COASTAL PLAIN OF LOS ANGELES - HOLLYWOOD,93.18894,45279
PTJPL,2010-06-01,4-011.01,4-011,COASTAL PLAIN OF LOS ANGELES,COASTAL PLAIN OF LOS ANGELES - SANTA MONICA,131.308751,135585
PTJPL,2010-06-01,4-011.03,4-011,COASTAL PLAIN OF LOS ANGELES,COASTAL PLAIN OF LOS ANGELES - WEST COAST,134.167437,398955
PTJPL,2010-06-01,8-001,8-001,COASTAL PLAIN OF ORANGE COUNTY,COASTAL PLAIN OF ORANGE COUNTY,99.986902,999152
PTJPL,2010-06-01,9-033,9-033,COASTAL PLAIN OF SAN DIEGO,COASTAL PLAIN OF SAN DIEGO,97.308407,240371
PTJPL,2010-06-01,6-072,6-072,COLES FLAT,COLES FLAT,25.484974,13244
PTJPL,2010-06-01,5-019,5-019,COLLAYOMI VALLEY,COLLAYOMI VALLEY,94.641689,29240
PTJPL,2010-06-01,7-055,7-055,COLLINS VALLEY,COLLINS VALLEY,23.705332,31751
PTJPL,2010-06-01,4-010,4-010,CONEJO,CONEJO,83.185698,84503
PTJPL,2010-06-01,7-011,7-011,COPPER MOUNTAIN VALLEY,COPPER MOUNTAIN VALLEY,14.694951,136155
PTJPL,2010-06-01,3-002.01,3-002,CORRALITOS,CORRALITOS - PAJARO VALLEY,99.656104,332272
PTJPL,2010-06-01,3-002.02,3-002,CORRALITOS,CORRALITOS - PURISIMA HIGHLANDS,138.919668,58134
PTJPL,2010-06-01,6-055,6-055,COSO VALLEY,COSO VALLEY,11.09143,114929
PTJPL,2010-06-01,1-037,1-037,COTTONEVA CREEK VALLEY,COTTONEVA CREEK VALLEY,173.873108,3436
PTJPL,2010-06-01,9-027,9-027,COTTONWOOD VALLEY,COTTONWOOD VALLEY,63.967964,17262
PTJPL,2010-06-01,1-011,1-011,COVELO ROUND VALLEY,COVELO ROUND VALLEY,144.837828,73792
PTJPL,2010-06-01,6-091,6-091,COW HEAD LAKE VALLEY,COW HEAD LAKE VALLEY,98.495036,25180
PTJPL,2010-06-01,6-037,6-037,COYOTE LAKE VALLEY,COYOTE LAKE VALLEY,7.667663,396167
PTJPL,2010-06-01,5-018,5-018,COYOTE VALLEY,COYOTE VALLEY,95.48644,29352
PTJPL,2010-06-01,7-029,7-029,COYOTE WELLS VALLEY,COYOTE WELLS VALLEY,5.189597,648419
PTJPL,2010-06-01,6-035,6-035,CRONISE VALLEY,CRONISE VALLEY,6.044067,567907
PTJPL,2010-06-01,6-050,6-050,CUDDEBACK VALLEY,CUDDEBACK VALLEY,16.331228,426688
PTJPL,2010-06-01,5-082,5-082,CUDDY CANYON VALLEY,CUDDY CANYON VALLEY,64.55563,14830
PTJPL,2010-06-01,5-083,5-083,CUDDY RANCH AREA,CUDDY RANCH AREA,86.496721,18906
PTJPL,2010-06-01,5-084,5-084,CUDDY VALLEY,CUDDY VALLEY,85.902221,15576
PTJPL,2010-06-01,5-027,5-027,CUMMINGS VALLEY,CUMMINGS VALLEY,78.175815,45053
PTJPL,2010-06-01,3-013,3-013,CUYAMA VALLEY,CUYAMA VALLEY,57.061631,1086945
PTJPL,2010-06-01,7-009,7-009,DALE VALLEY,DALE VALLEY,7.375864,955636
PTJPL,2010-06-01,6-057,6-057,DARWIN VALLEY,DARWIN VALLEY,16.738788,198536
PTJPL,2010-06-01,7-061,7-061,DAVIES VALLEY,DAVIES VALLEY,9.148087,15214
PTJPL,2010-06-01,7-013.01,7-013,DEADMAN VALLEY,DEADMAN VALLEY - DEADMAN LAKE,6.280057,400268
PTJPL,2010-06-01,7-013.02,7-013,DEADMAN VALLEY,DEADMAN VALLEY - SURPRISE SPRING,8.389835,131543
PTJPL,2010-06-01,6-018,6-018,DEATH VALLEY,DEATH VALLEY,4.052789,4133615
PTJPL,2010-06-01,6-015,6-015,DEEP SPRINGS VALLEY,DEEP SPRINGS VALLEY,16.231522,134596
PTJPL,2010-06-01,6-078,6-078,DENNING SPRING VALLEY,DENNING SPRING VALLEY,16.754866,32521
PTJPL,2010-06-01,1-034,1-034,DINSMORES TOWN AREA,DINSMORES TOWN AREA,138.150649,10249
PTJPL,2010-06-01,5-053,5-053,DIXIE VALLEY,DIXIE VALLEY,89.733559,21881
PTJPL,2010-06-01,2-040,2-040,DOWNTOWN,DOWNTOWN,101.89488,34218
PTJPL,2010-06-01,5-049,5-049,DRY BURNEY CREEK VALLEY,DRY BURNEY CREEK VALLEY,132.015705,13817
PTJPL,2010-06-01,3-029,3-029,DRY LAKE VALLEY,DRY LAKE VALLEY,72.112107,6360
PTJPL,2010-06-01,6-095,6-095,DRY VALLEY,DRY VALLEY,79.306534,29217
PTJPL,2010-06-01,6-096,6-096,EAGLE LAKE AREA,EAGLE LAKE AREA,96.694775,57089
PTJPL,2010-06-01,7-033,7-033,EAST SALTON SEA,EAST SALTON SEA,12.061834,876191
PTJPL,2010-06-01,1-044,1-044,EDEN VALLEY,EDEN VALLEY,139.700726,6195
PTJPL,2010-06-01,1-010,1-010,EEL RIVER VALLEY,EEL RIVER VALLEY,131.494995,324676
PTJPL,2010-06-01,5-041,5-041,EGG LAKE VALLEY,EGG LAKE VALLEY,117.89755,18448
PTJPL,2010-06-01,9-016,9-016,EL CAJON VALLEY,EL CAJON VALLEY,54.995336,32160
PTJPL,2010-06-01,6-043,6-043,EL MIRAGE VALLEY,EL MIRAGE VALLEY,16.353938,341252
PTJPL,2010-06-01,5-062,5-062,ELK CREEK AREA,ELK CREEK AREA,83.386469,6474
PTJPL,2010-06-01,8-004.02,8-004,ELSINORE,ELSINORE - BEDFORD-COLDWATER,57.850723,31599
PTJPL,2010-06-01,8-004.01,8-004,ELSINORE,ELSINORE - ELSINORE VALLEY,74.979123,106147
PTJPL,2010-06-01,9-009,9-009,ESCONDIDO VALLEY,ESCONDIDO VALLEY,66.618709,12956
PTJPL,2010-06-01,1-009,1-009,EUREKA PLAIN,EUREKA PLAIN,143.817619,156974
PTJPL,2010-06-01,6-016,6-016,EUREKA VALLEY,EUREKA VALLEY,3.649039,578991
PTJPL,2010-06-01,1-022,1-022,FAIRCHILD SWAMP VALLEY,FAIRCHILD SWAMP VALLEY,106.431189,14736
PTJPL,2010-06-01,5-005,5-005,FALL RIVER VALLEY,FALL RIVER VALLEY,131.996472,246566
PTJPL,2010-06-01,7-002,7-002,FENNER VALLEY,FENNER VALLEY,13.716167,2034583
PTJPL,2010-06-01,6-014,6-014,FISH LAKE VALLEY,FISH LAKE VALLEY,23.448849,206078
PTJPL,2010-06-01,3-053,3-053,FOOTHILL,FOOTHILL,78.51744,14765
PTJPL,2010-06-01,1-021,1-021,FORT BRAGG TERRACE AREA,FORT BRAGG TERRACE AREA,158.795127,101951
PTJPL,2010-06-01,1-061,1-061,FORT ROSS TERRACE DEPOSITS,FORT ROSS TERRACE DEPOSITS,153.269772,29714
PTJPL,2010-06-01,6-046,6-046,FREMONT VALLEY,FREMONT VALLEY,18.217064,1507399
PTJPL,2010-06-01,5-090,5-090,FUNKS CREEK,FUNKS CREEK,55.451342,13564
PTJPL,2010-06-01,1-032,1-032,GARBERVILLE TOWN AREA,GARBERVILLE TOWN AREA,153.61792,9498
PTJPL,2010-06-01,1-020,1-020,GARCIA RIVER VALLEY,GARCIA RIVER VALLEY,143.247417,9389
PTJPL,2010-06-01,3-003.01,3-003,GILROY-HOLLISTER VALLEY,GILROY-HOLLISTER VALLEY - LLAGAS AREA,84.34401,213011
PTJPL,2010-06-01,3-003.05,3-003,GILROY-HOLLISTER VALLEY,GILROY-HOLLISTER VALLEY - NORTH SAN BENITO,82.330274,589157
PTJPL,2010-06-01,6-085,6-085,GOLD VALLEY,GOLD VALLEY,21.957398,14436
PTJPL,2010-06-01,6-048,6-048,GOLDSTONE VALLEY,GOLDSTONE VALLEY,14.340935,126294
PTJPL,2010-06-01,3-016,3-016,GOLETA,GOLETA,84.44971,41440
PTJPL,2010-06-01,5-001.02,5-001,GOOSE LAKE,GOOSE LAKE - FANDANGO VALLEY,110.754085,82919
PTJPL,2010-06-01,5-001.01,5-001,GOOSE LAKE,GOOSE LAKE - GOOSE VALLEY,102.857848,161679
PTJPL,2010-06-01,5-047,5-047,GOOSE VALLEY,GOOSE VALLEY,136.772029,18941
PTJPL,2010-06-01,6-077,6-077,GRASS VALLEY,GRASS VALLEY,22.505359,44881
PTJPL,2010-06-01,6-094,6-094,GRASSHOPPER VALLEY,GRASSHOPPER VALLEY,83.667582,79418
PTJPL,2010-06-01,1-048,1-048,GRAVELLY VALLEY,GRAVELLY VALLEY,130.048715,13384
PTJPL,2010-06-01,5-052,5-052,GRAYS VALLEY,GRAYS VALLEY,97.304403,24461
PTJPL,2010-06-01,6-084,6-084,GREENWATER VALLEY,GREENWATER VALLEY,19.603375,268934
PTJPL,2010-06-01,5-059,5-059,GRIZZLY VALLEY,GRIZZLY VALLEY,136.617929,60426
PTJPL,2010-06-01,2-022,2-022,HALF MOON BAY TERRACE,HALF MOON BAY TERRACE,91.862857,34475
PTJPL,2010-06-01,1-015,1-015,HAPPY CAMP TOWN AREA,HAPPY CAMP TOWN AREA,149.196615,12466
PTJPL,2010-06-01,6-047,6-047,HARPER VALLEY,HARPER VALLEY,13.551959,1841343
PTJPL,2010-06-01,6-074,6-074,HARRISBURG FLATS,HARRISBURG FLATS,23.636377,112083
PTJPL,2010-06-01,6-093,6-093,HARVEY VALLEY,HARVEY VALLEY,89.678483,20254
PTJPL,2010-06-01,1-006,1-006,HAYFORK VALLEY,HAYFORK VALLEY,134.192461,14829
PTJPL,2010-06-01,7-048,7-048,HELENDALE FAULT VALLEY,HELENDALE FAULT VALLEY,45.086015,11777
PTJPL,2010-06-01,8-006,8-006,HEMET LAKE VALLEY,HEMET LAKE VALLEY,79.184456,74988
PTJPL,2010-06-01,3-031,3-031,HERNANDEZ VALLEY,HERNANDEZ VALLEY,106.579675,12871
PTJPL,2010-06-01,1-036,1-036,HETTENSHAW VALLEY,HETTENSHAW VALLEY,128.8684,3807
PTJPL,2010-06-01,7-053,7-053,HEXIE MOUNTAIN AREA,HEXIE MOUNTAIN AREA,20.417657,50053
PTJPL,2010-06-01,6-063,6-063,HIDDEN VALLEY,HIDDEN VALLEY,15.513655,80667
PTJPL,2010-06-01,4-016,4-016,HIDDEN VALLEY,HIDDEN VALLEY,91.396964,9948
PTJPL,2010-06-01,5-016,5-016,HIGH VALLEY,HIGH VALLEY,116.30473,10593
PTJPL,2010-06-01,6-004,6-004,HONEY LAKE VALLEY,HONEY LAKE VALLEY,63.586681,1394546
PTJPL,2010-06-01,1-029,1-029,HONEYDEW TOWN AREA,HONEYDEW TOWN AREA,143.020265,10659
PTJPL,2010-06-01,1-007,1-007,HOOPA VALLEY,HOOPA VALLEY,149.823311,17528
PTJPL,2010-06-01,6-097,6-097,HORSE LAKE VALLEY,HORSE LAKE VALLEY,96.73702,17199
PTJPL,2010-06-01,5-040,5-040,HOT SPRINGS VALLEY,HOT SPRINGS VALLEY,123.339339,10824
PTJPL,2010-06-01,3-045,3-045,HUASNA VALLEY,HUASNA VALLEY,85.19511,21147
PTJPL,2010-06-01,5-060,5-060,HUMBUG VALLEY,HUMBUG VALLEY,113.535241,44834
PTJPL,2010-06-01,4-018,4-018,HUNGRY VALLEY,HUNGRY VALLEY,54.671487,23859
PTJPL,2010-06-01,1-035,1-035,HYAMPOM VALLEY,HYAMPOM VALLEY,137.970965,6096
PTJPL,2010-06-01,7-030,7-030,IMPERIAL VALLEY,IMPERIAL VALLEY,59.591496,4263234
PTJPL,2010-06-01,5-009,5-009,INDIAN VALLEY,INDIAN VALLEY,124.055152,132272
PTJPL,2010-06-01,6-054,6-054,INDIAN WELLS VALLEY,INDIAN WELLS VALLEY,12.26486,1716255
PTJPL,2010-06-01,7-050,7-050,IRON RIDGE AREA,IRON RIDGE AREA,12.864234,23570
PTJPL,2010-06-01,2-033,2-033,ISLAIS VALLEY,ISLAIS VALLEY,103.205957,26690
PTJPL,2010-06-01,6-030,6-030,IVANPAH VALLEY,IVANPAH VALLEY,13.519979,882708
PTJPL,2010-06-01,7-047,7-047,JACUMBA VALLEY,JACUMBA VALLEY,41.029959,8979
PTJPL,2010-06-01,5-003,5-003,JESS VALLEY,JESS VALLEY,117.123429,30147
PTJPL,2010-06-01,7-018.01,7-018,JOHNSON VALLEY,JOHNSON VALLEY - SOGGY LAKE,9.20656,347541
PTJPL,2010-06-01,7-018.02,7-018,JOHNSON VALLEY,JOHNSON VALLEY - UPPER JOHNSON VALLEY,6.731785,156367
PTJPL,2010-06-01,5-086,5-086,JOSEPH CREEK,JOSEPH CREEK,99.230957,20034
PTJPL,2010-06-01,7-062,7-062,JOSHUA TREE,JOSHUA TREE,14.606917,150378
PTJPL,2010-06-01,6-089,6-089,KANE WASH AREA,KANE WASH AREA,19.042609,26755
PTJPL,2010-06-01,6-069,6-069,KELSO LANDER VALLEY,KELSO LANDER VALLEY,31.461537,50191
PTJPL,2010-06-01,6-031,6-031,KELSO VALLEY,KELSO VALLEY,11.108314,1145203
PTJPL,2010-06-01,2-019,2-019,KENWOOD VALLEY,KENWOOD VALLEY,115.282394,23106
PTJPL,2010-06-01,5-025,5-025,KERN RIVER VALLEY,KERN RIVER VALLEY,73.240195,356993
PTJPL,2010-06-01,1-002.02,1-002,KLAMATH RIVER VALLEY,KLAMATH RIVER VALLEY - LOWER KLAMATH,102.639798,337208
PTJPL,2010-06-01,1-002.01,1-002,KLAMATH RIVER VALLEY,KLAMATH RIVER VALLEY - TULELAKE,108.81729,496979
PTJPL,2010-06-01,1-050,1-050,KNIGHTS VALLEY,KNIGHTS VALLEY,97.297015,18393
PTJPL,2010-06-01,5-007,5-007,LAKE ALMANOR VALLEY,LAKE ALMANOR VALLEY,114.704222,32166
PTJPL,2010-06-01,5-046,5-046,LAKE BRITTON AREA,LAKE BRITTON AREA,135.628889,63221
PTJPL,2010-06-01,7-001,7-001,LANFAIR VALLEY,LANFAIR VALLEY,23.987407,703571
PTJPL,2010-06-01,6-036.02,6-036,LANGFORD VALLEY,LANGFORD VALLEY - IRWIN,11.513855,47132
PTJPL,2010-06-01,6-036.01,6-036,LANGFORD VALLEY,LANGFORD VALLEY - LANGFORD WELL LAKE,8.194917,86847
PTJPL,2010-06-01,1-033,1-033,LARABEE VALLEY,LARABEE VALLEY,145.535928,4342
PTJPL,2010-06-01,4-008,4-008,LAS POSAS VALLEY,LAS POSAS VALLEY,86.013252,200649
PTJPL,2010-06-01,5-057,5-057,LAST CHANCE CREEK VALLEY,LAST CHANCE CREEK VALLEY,104.273614,20920
PTJPL,2010-06-01,7-014,7-014,LAVIC VALLEY,LAVIC VALLEY,10.25427,459882
PTJPL,2010-06-01,1-012,1-012,LAYTONVILLE VALLEY,LAYTONVILLE VALLEY,154.795786,22589
PTJPL,2010-06-01,6-027,6-027,LEACH VALLEY,LEACH VALLEY,9.48222,275049
PTJPL,2010-06-01,6-066,6-066,LEE FLAT,LEE FLAT,24.34175,91213
PTJPL,2010-06-01,6-106,6-106,LITTLE ANTELOPE VALLEY,LITTLE ANTELOPE VALLEY,68.519346,11191
PTJPL,2010-06-01,5-065,5-065,LITTLE INDIAN VALLEY,LITTLE INDIAN VALLEY,78.414579,5707
PTJPL,2010-06-01,1-013,1-013,LITTLE LAKE VALLEY,LITTLE LAKE VALLEY,143.347584,45074
PTJPL,2010-06-01,1-041,1-041,LITTLE VALLEY,LITTLE VALLEY,164.399453,3655
PTJPL,2010-06-01,2-010,2-010,LIVERMORE VALLEY,LIVERMORE VALLEY,91.438004,312810
PTJPL,2010-06-01,2-038,2-038,LOBOS,LOBOS,110.937812,10404
PTJPL,2010-06-01,3-006,3-006,LOCKWOOD VALLEY,LOCKWOOD VALLEY,80.615973,269554
PTJPL,2010-06-01,4-017,4-017,LOCKWOOD VALLEY,LOCKWOOD VALLEY,66.886669,97987
PTJPL,2010-06-01,6-011,6-011,LONG VALLEY,LONG VALLEY,72.754019,323037
PTJPL,2010-06-01,5-044,5-044,LONG VALLEY,LONG VALLEY,104.14871,4882
PTJPL,2010-06-01,6-104,6-104,LONG VALLEY,LONG VALLEY,72.28843,210294
PTJPL,2010-06-01,5-031,5-031,LONG VALLEY,LONG VALLEY,104.173261,12611
PTJPL,2010-06-01,5-070,5-070,LOS BANOS CREEK VALLEY,LOS BANOS CREEK VALLEY,39.064282,21748
PTJPL,2010-06-01,3-008.01,3-008,LOS OSOS VALLEY,LOS OSOS VALLEY - LOS OSOS AREA,121.139716,19010
PTJPL,2010-06-01,3-008.02,3-008,LOS OSOS VALLEY,LOS OSOS VALLEY - WARDEN CREEK,117.461616,7933
PTJPL,2010-06-01,7-051,7-051,LOST HORSE VALLEY,LOST HORSE VALLEY,24.724927,77794
PTJPL,2010-06-01,6-071,6-071,LOST LAKE VALLEY,LOST LAKE VALLEY,9.405654,104530
PTJPL,2010-06-01,6-021,6-021,LOWER KINGSTON VALLEY,LOWER KINGSTON VALLEY,7.449649,1078042
PTJPL,2010-06-01,1-014,1-014,LOWER KLAMATH RIVER VALLEY,LOWER KLAMATH RIVER VALLEY,149.074547,31309
PTJPL,2010-06-01,5-030,5-030,LOWER LAKE VALLEY,LOWER LAKE VALLEY,110.718686,10810
PTJPL,2010-06-01,1-038,1-038,LOWER LAYTONVILLE VALLEY,LOWER LAYTONVILLE VALLEY,160.721223,9678
PTJPL,2010-06-01,6-040,6-040,LOWER MOJAVE RIVER VALLEY,LOWER MOJAVE RIVER VALLEY,12.736269,1283611
PTJPL,2010-06-01,1-060,1-060,LOWER RUSSIAN RIVER VALLEY,LOWER RUSSIAN RIVER VALLEY,138.790745,29887
PTJPL,2010-06-01,7-019,7-019,LUCERNE VALLEY,LUCERNE VALLEY,11.660332,662912
PTJPL,2010-06-01,1-008.02,1-008,MAD RIVER VALLEY,MAD RIVER VALLEY - DOWS PRAIRIE SCHOOL AREA,139.203003,68073
PTJPL,2010-06-01,1-008.01,1-008,MAD RIVER VALLEY,MAD RIVER VALLEY - MAD RIVER LOWLAND,137.378719,106216
PTJPL,2010-06-01,6-002,6-002,MADELINE PLAINS,MADELINE PLAINS,74.472641,701902
PTJPL,2010-06-01,3-051,3-051,MAJORS CREEK,MAJORS CREEK,92.150773,1552
PTJPL,2010-06-01,4-022,4-022,MALIBU VALLEY,MALIBU VALLEY,95.543701,2540
PTJPL,2010-06-01,6-064,6-064,MARBLE CANYON AREA,MARBLE CANYON AREA,9.665987,46600
PTJPL,2010-06-01,2-039,2-039,MARINA,MARINA,111.133834,9579
PTJPL,2010-06-01,6-067,6-067,MARTIS VALLEY,MARTIS VALLEY,104.231815,163488
PTJPL,2010-06-01,7-059,7-059,MASON VALLEY,MASON VALLEY,33.750977,24829
PTJPL,2010-06-01,1-028,1-028,MATTOLE RIVER VALLEY,MATTOLE RIVER VALLEY,137.295175,13968
PTJPL,2010-06-01,5-035,5-035,MCCLOUD AREA,MCCLOUD AREA,131.810576,95917
PTJPL,2010-06-01,5-095,5-095,MEADOW VALLEY,MEADOW VALLEY,124.952333,25783
PTJPL,2010-06-01,7-017,7-017,MEANS VALLEY,MEANS VALLEY,7.52308,67158
PTJPL,2010-06-01,6-029,6-029,MESQUITE VALLEY,MESQUITE VALLEY,15.079594,384627
PTJPL,2010-06-01,6-020,6-020,MIDDLE AMARGOSA VALLEY,MIDDLE AMARGOSA VALLEY,10.442075,1741060
PTJPL,2010-06-01,5-094,5-094,MIDDLE CREEK,MIDDLE CREEK,120.867045,3174
PTJPL,2010-06-01,5-087,5-087,MIDDLE FORK FEATHER RIVER,MIDDLE FORK FEATHER RIVER,116.628325,19509
PTJPL,2010-06-01,6-041,6-041,MIDDLE MOJAVE RIVER VALLEY,MIDDLE MOJAVE RIVER VALLEY,15.812886,950207
PTJPL,2010-06-01,6-080,6-080,MIDDLE PARK CANYON,MIDDLE PARK CANYON,49.702758,7832
PTJPL,2010-06-01,5-085,5-085,MIL POTRERO AREA,MIL POTRERO AREA,96.728035,10380
PTJPL,2010-06-01,9-014,9-014,MISSION VALLEY,MISSION VALLEY,100.671502,31023
PTJPL,2010-06-01,5-011,5-011,MOHAWK VALLEY,MOHAWK VALLEY,123.622775,85339
PTJPL,2010-06-01,6-009,6-009,MONO VALLEY,MONO VALLEY,81.900068,775114
PTJPL,2010-06-01,3-049,3-049,MONTECITO,MONTECITO,88.895257,27305
PTJPL,2010-06-01,7-020,7-020,MORONGO VALLEY,MORONGO VALLEY,27.927283,32496
PTJPL,2010-06-01,3-041,3-041,MORRO VALLEY,MORRO VALLEY,112.3436,2500
PTJPL,2010-06-01,5-008,5-008,MOUNTAIN MEADOWS VALLEY,MOUNTAIN MEADOWS VALLEY,121.447683,36613
PTJPL,2010-06-01,1-056,1-056,McDOWELL VALLEY,McDOWELL VALLEY,136.688228,6694
PTJPL,2010-06-01,2-002.01,2-002,NAPA-SONOMA VALLEY,NAPA-SONOMA VALLEY - NAPA VALLEY,112.147166,206535
PTJPL,2010-06-01,2-002.03,2-002,NAPA-SONOMA VALLEY,NAPA-SONOMA VALLEY - NAPA-SONOMA LOWLANDS,114.677605,181194
PTJPL,2010-06-01,2-002.02,2-002,NAPA-SONOMA VALLEY,NAPA-SONOMA VALLEY - SONOMA VALLEY,115.031342,201644
PTJPL,2010-06-01,1-046,1-046,NAVARRO RIVER VALLEY,NAVARRO RIVER VALLEY,167.413015,3104
PTJPL,2010-06-01,3-052,3-052,NEEDLE ROCK POINT,NEEDLE ROCK POINT,88.530396,2928
PTJPL,2010-06-01,7-044,7-044,NEEDLES VALLEY,NEEDLES VALLEY,17.605428,384797
PTJPL,2010-06-01,5-050,5-050,NORTH FORK BATTLE CREEK,NORTH FORK BATTLE CREEK,111.416646,57394
PTJPL,2010-06-01,2-030,2-030,NOVATO VALLEY,NOVATO VALLEY,124.619884,92327
PTJPL,2010-06-01,7-025,7-025,OCOTILLO-CLARK VALLEY,OCOTILLO-CLARK VALLEY,8.989879,999504
PTJPL,2010-06-01,7-035,7-035,OGILBY VALLEY,OGILBY VALLEY,6.571534,592059
PTJPL,2010-06-01,4-002,4-002,OJAI VALLEY,OJAI VALLEY,97.429818,26588
PTJPL,2010-06-01,3-039,3-039,OLD VALLEY,OLD VALLEY,107.253222,5043
PTJPL,2010-06-01,6-108,6-108,OLYMPIC VALLEY,OLYMPIC VALLEY,102.438213,3156
PTJPL,2010-06-01,7-031,7-031,OROCOPIA VALLEY,OROCOPIA VALLEY,10.480197,432652
PTJPL,2010-06-01,6-012.02,6-012,OWENS VALLEY,OWENS VALLEY - FISH SLOUGH,25.076148,14498
PTJPL,2010-06-01,6-012.01,6-012,OWENS VALLEY,OWENS VALLEY - OWENS VALLEY,28.653879,2965516
PTJPL,2010-06-01,6-088,6-088,OWL LAKE VALLEY,OWL LAKE VALLEY,7.301698,100004
PTJPL,2010-06-01,6-028,6-028,PAHRUMP VALLEY,PAHRUMP VALLEY,11.257013,407322
PTJPL,2010-06-01,6-099,6-099,PAINTERS FLAT,PAINTERS FLAT,73.694127,28113
PTJPL,2010-06-01,7-039,7-039,PALO VERDE MESA,PALO VERDE MESA,23.309142,1011292
PTJPL,2010-06-01,7-038,7-038,PALO VERDE VALLEY,PALO VERDE VALLEY,91.774702,302116
PTJPL,2010-06-01,9-024,9-024,PAMO VALLEY,PAMO VALLEY,66.383388,6766
PTJPL,2010-06-01,6-058,6-058,PANAMINT VALLEY,PANAMINT VALLEY,6.559542,1165899
PTJPL,2010-06-01,5-023,5-023,PANOCHE VALLEY,PANOCHE VALLEY,44.649121,148758
PTJPL,2010-06-01,3-032,3-032,PEACH TREE VALLEY,PEACH TREE VALLEY,55.239066,44038
PTJPL,2010-06-01,1-030,1-030,PEPPERWOOD TOWN AREA,PEPPERWOOD TOWN AREA,155.661501,28266
PTJPL,2010-06-01,2-026,2-026,PESCADERO VALLEY,PESCADERO VALLEY,95.333703,12637
PTJPL,2010-06-01,2-001,2-001,PETALUMA VALLEY,PETALUMA VALLEY,120.641924,209830
PTJPL,2010-06-01,6-051,6-051,PILOT KNOB VALLEY,PILOT KNOB VALLEY,10.857032,623272
PTJPL,2010-06-01,6-092,6-092,PINE CREEK VALLEY,PINE CREEK VALLEY,96.854922,42839
PTJPL,2010-06-01,7-006,7-006,PINTO VALLEY,PINTO VALLEY,9.802656,820363
PTJPL,2010-06-01,7-049,7-049,PIPES CANYON FAULT VALLEY,PIPES CANYON FAULT VALLEY,27.333268,15213
PTJPL,2010-06-01,2-004,2-004,PITTSBURG PLAIN,PITTSBURG PLAIN,97.214215,52228
PTJPL,2010-06-01,7-045,7-045,PIUTE VALLEY,PIUTE VALLEY,15.19392,782230
PTJPL,2010-06-01,7-052,7-052,PLEASANT VALLEY,PLEASANT VALLEY,20.902344,43336
PTJPL,2010-06-01,4-006,4-006,PLEASANT VALLEY,PLEASANT VALLEY,71.937234,89204
PTJPL,2010-06-01,5-038,5-038,PONDOSA TOWN AREA,PONDOSA TOWN AREA,130.85473,9355
PTJPL,2010-06-01,5-068,5-068,POPE VALLEY,POPE VALLEY,107.242008,32313
PTJPL,2010-06-01,9-029,9-029,POTRERO VALLEY,POTRERO VALLEY,69.5398,9083
PTJPL,2010-06-01,1-051,1-051,POTTER VALLEY,POTTER VALLEY,125.138528,37054
PTJPL,2010-06-01,9-013,9-013,POWAY VALLEY,POWAY VALLEY,77.074097,11080
PTJPL,2010-06-01,3-044,3-044,POZO VALLEY,POZO VALLEY,85.336863,30784
PTJPL,2010-06-01,1-025,1-025,PRAIRIE CREEK AREA,PRAIRIE CREEK AREA,167.770706,91097
PTJPL,2010-06-01,7-040,7-040,QUIEN SABE POINT VALLEY,QUIEN SABE POINT VALLEY,15.338185,99694
PTJPL,2010-06-01,3-024,3-024,QUIEN SABE VALLEY,QUIEN SABE VALLEY,83.125537,21173
PTJPL,2010-06-01,6-062,6-062,RACE TRACK VALLEY,RACE TRACK VALLEY,4.609208,63448
PTJPL,2010-06-01,3-046,3-046,RAFAEL VALLEY,RAFAEL VALLEY,64.630734,13451
PTJPL,2010-06-01,9-025,9-025,RANCHITA TOWN AREA,RANCHITA TOWN AREA,48.754989,14032
PTJPL,2010-06-01,4-023,4-023,RAYMOND,RAYMOND,75.921255,117112
PTJPL,2010-06-01,6-024,6-024,RED PASS VALLEY,RED PASS VALLEY,8.381984,433105
PTJPL,2010-06-01,1-018,1-018,RED ROCK VALLEY,RED ROCK VALLEY,108.085899,40478
PTJPL,2010-06-01,5-006.03,5-006,REDDING AREA,REDDING AREA - ANDERSON,113.723171,443787
PTJPL,2010-06-01,5-006.01,5-006,REDDING AREA,REDDING AREA - BOWMAN,103.238641,550983
PTJPL,2010-06-01,5-006.04,5-006,REDDING AREA,REDDING AREA - ENTERPRISE,108.667211,275589
PTJPL,2010-06-01,5-006.05,5-006,REDDING AREA,REDDING AREA - MILLVILLE,95.707783,295058
PTJPL,2010-06-01,5-006.06,5-006,REDDING AREA,REDDING AREA - SOUTH BATTLE CREEK,76.382497,151596
PTJPL,2010-06-01,1-026,1-026,REDWOOD CREEK AREA,REDWOOD CREEK AREA,139.586557,8971
PTJPL,2010-06-01,6-086,6-086,RHODES HILL AREA,RHODES HILL AREA,10.962694,70069
PTJPL,2010-06-01,7-004,7-004,RICE VALLEY,RICE VALLEY,9.171633,841014
PTJPL,2010-06-01,6-023,6-023,RIGGS VALLEY,RIGGS VALLEY,6.273599,393528
PTJPL,2010-06-01,3-043,3-043,RINCONADA VALLEY,RINCONADA VALLEY,95.491798,11582
PTJPL,2010-06-01,5-043,5-043,ROCK PRAIRIE VALLEY,ROCK PRAIRIE VALLEY,85.09738,25806
PTJPL,2010-06-01,6-056,6-056,ROSE VALLEY,ROSE VALLEY,16.675142,191219
PTJPL,2010-06-01,2-028,2-028,ROSS VALLEY,ROSS VALLEY,116.766204,7930
PTJPL,2010-06-01,5-036,5-036,ROUND VALLEY,ROUND VALLEY,86.366367,32664
PTJPL,2010-06-01,4-020,4-020,RUSSELL VALLEY,RUSSELL VALLEY,76.954178,13836
PTJPL,2010-06-01,5-021.54,5-021,SACRAMENTO VALLEY,SACRAMENTO VALLEY - ANTELOPE,121.331229,85850
PTJPL,2010-06-01,5-021.53,5-021,SACRAMENTO VALLEY,SACRAMENTO VALLEY - BEND,77.416346,101956
PTJPL,2010-06-01,5-021.70,5-021,SACRAMENTO VALLEY,SACRAMENTO VALLEY - BUTTE,125.742634,1198613
PTJPL,2010-06-01,5-021.52,5-021,SACRAMENTO VALLEY,SACRAMENTO VALLEY - COLUSA,118.725264,3249947
PTJPL,2010-06-01,5-021.51,5-021,SACRAMENTO VALLEY,SACRAMENTO VALLEY - CORNING,91.784091,932334
PTJPL,2010-06-01,5-021.56,5-021,SACRAMENTO VALLEY,SACRAMENTO VALLEY - LOS MOLINOS,80.365391,447052
PTJPL,2010-06-01,5-021.64,5-021,SACRAMENTO VALLEY,SACRAMENTO VALLEY - NORTH AMERICAN,99.232091,1538437
PTJPL,2010-06-01,5-021.60,5-021,SACRAMENTO VALLEY,SACRAMENTO VALLEY - NORTH YUBA,132.483845,273575
PTJPL,2010-06-01,5-021.50,5-021,SACRAMENTO VALLEY,SACRAMENTO VALLEY - RED BLUFF,90.304468,1221999
PTJPL,2010-06-01,5-021.66,5-021,SACRAMENTO VALLEY,SACRAMENTO VALLEY - SOLANO,119.5523,1594583
PTJPL,2010-06-01,5-021.65,5-021,SACRAMENTO VALLEY,SACRAMENTO VALLEY - SOUTH AMERICAN,91.460958,1116944
PTJPL,2010-06-01,5-021.61,5-021,SACRAMENTO VALLEY,SACRAMENTO VALLEY - SOUTH YUBA,109.160994,490205
PTJPL,2010-06-01,5-021.62,5-021,SACRAMENTO VALLEY,SACRAMENTO VALLEY - SUTTER,118.815274,1285060
PTJPL,2010-06-01,5-021.57,5-021,SACRAMENTO VALLEY,SACRAMENTO VALLEY - VINA,104.311015,831432
PTJPL,2010-06-01,5-021.69,5-021,SACRAMENTO VALLEY,SACRAMENTO VALLEY - WYANDOTTE CREEK,103.893849,266978
PTJPL,2010-06-01,5-021.67,5-021,SACRAMENTO VALLEY,SACRAMENTO VALLEY - YOLO,109.75827,2431237
PTJPL,2010-06-01,3-004.01,3-004,SALINAS VALLEY,SALINAS VALLEY - 180/400 FOOT AQUIFER,99.311337,402423
PTJPL,2010-06-01,3-004.11,3-004,SALINAS VALLEY,SALINAS VALLEY - ATASCADERO AREA,80.425859,88757
PTJPL,2010-06-01,3-004.02,3-004,SALINAS VALLEY,SALINAS VALLEY - EAST SIDE AQUIFER,88.73455,258448
PTJPL,2010-06-01,3-004.04,3-004,SALINAS VALLEY,SALINAS VALLEY - FOREBAY AQUIFER,86.093512,422898
PTJPL,2010-06-01,3-004.09,3-004,SALINAS VALLEY,SALINAS VALLEY - LANGLEY AREA,118.423539,79223
PTJPL,2010-06-01,3-004.10,3-004,SALINAS VALLEY,SALINAS VALLEY - MONTEREY,117.759482,138522
PTJPL,2010-06-01,3-004.06,3-004,SALINAS VALLEY,SALINAS VALLEY - PASO ROBLES AREA,61.294864,1961133
PTJPL,2010-06-01,3-004.08,3-004,SALINAS VALLEY,SALINAS VALLEY - SEASIDE,113.47772,65103
PTJPL,2010-06-01,3-004.05,3-004,SALINAS VALLEY,SALINAS VALLEY - UPPER VALLEY AQUIFER,67.657342,1070293
PTJPL,2010-06-01,6-017,6-017,SALINE VALLEY,SALINE VALLEY,3.417636,657298
PTJPL,2010-06-01,6-053,6-053,SALT WELLS VALLEY,SALT WELLS VALLEY,8.388669,132519
PTJPL,2010-06-01,3-014,3-014,SAN ANTONIO CREEK VALLEY,SAN ANTONIO CREEK VALLEY,101.888415,303230
PTJPL,2010-06-01,3-028,3-028,SAN BENITO RIVER VALLEY,SAN BENITO RIVER VALLEY,92.653471,108949
PTJPL,2010-06-01,3-033,3-033,SAN CARPOFORO VALLEY,SAN CARPOFORO VALLEY,134.938832,4692
PTJPL,2010-06-01,9-015,9-015,SAN DIEGO RIVER VALLEY,SAN DIEGO RIVER VALLEY,70.497528,38030
PTJPL,2010-06-01,9-012,9-012,SAN DIEGUITO CREEK,SAN DIEGUITO CREEK,117.58653,15457
PTJPL,2010-06-01,9-023,9-023,SAN ELIJO VALLEY,SAN ELIJO VALLEY,124.601159,3969
PTJPL,2010-06-01,7-027,7-027,SAN FELIPE VALLEY,SAN FELIPE VALLEY,37.595054,105140
PTJPL,2010-06-01,4-012,4-012,SAN FERNANDO VALLEY,SAN FERNANDO VALLEY,70.709978,651275
PTJPL,2010-06-01,4-013,4-013,SAN GABRIEL VALLEY,SAN GABRIEL VALLEY,56.448269,568282
PTJPL,2010-06-01,2-024,2-024,SAN GREGORIO VALLEY,SAN GREGORIO VALLEY,97.877481,4685
PTJPL,2010-06-01,8-005,8-005,SAN JACINTO,SAN JACINTO,46.409824,712864
PTJPL,2010-06-01,5-022.05,5-022,SAN JOAQUIN VALLEY,SAN JOAQUIN VALLEY - CHOWCHILLA,105.211603,654550
PTJPL,2010-06-01,5-022.16,5-022,SAN JOAQUIN VALLEY,SAN JOAQUIN VALLEY - COSUMNES,90.79723,945540
PTJPL,2010-06-01,5-022.07,5-022,SAN JOAQUIN VALLEY,SAN JOAQUIN VALLEY - DELTA-MENDOTA,94.425517,3439751
PTJPL,2010-06-01,5-022.19,5-022,SAN JOAQUIN VALLEY,SAN JOAQUIN VALLEY - EAST CONTRA COSTA,118.840466,483815
PTJPL,2010-06-01,5-022.01,5-022,SAN JOAQUIN VALLEY,SAN JOAQUIN VALLEY - EASTERN SAN JOAQUIN,102.796208,3438804
PTJPL,2010-06-01,5-022.11,5-022,SAN JOAQUIN VALLEY,SAN JOAQUIN VALLEY - KAWEAH,93.983826,1982975
PTJPL,2010-06-01,5-022.14,5-022,SAN JOAQUIN VALLEY,SAN JOAQUIN VALLEY - KERN COUNTY,72.816868,8014112
PTJPL,2010-06-01,5-022.17,5-022,SAN JOAQUIN VALLEY,SAN JOAQUIN VALLEY - KETTLEMAN PLAIN,32.439964,286610
PTJPL,2010-06-01,5-022.08,5-022,SAN JOAQUIN VALLEY,SAN JOAQUIN VALLEY - KINGS,104.21138,4412089
PTJPL,2010-06-01,5-022.06,5-022,SAN JOAQUIN VALLEY,SAN JOAQUIN VALLEY - MADERA,94.025062,1562954
PTJPL,2010-06-01,5-022.04,5-022,SAN JOAQUIN VALLEY,SAN JOAQUIN VALLEY - MERCED,84.73089,2304906
PTJPL,2010-06-01,5-022.02,5-022,SAN JOAQUIN VALLEY,SAN JOAQUIN VALLEY - MODESTO,100.918923,1102743
PTJPL,2010-06-01,5-022.10,5-022,SAN JOAQUIN VALLEY,SAN JOAQUIN VALLEY - PLEASANT VALLEY,41.012946,216677
PTJPL,2010-06-01,5-022.15,5-022,SAN JOAQUIN VALLEY,SAN JOAQUIN VALLEY - TRACY,104.766167,1072060
PTJPL,2010-06-01,5-022.12,5-022,SAN JOAQUIN VALLEY,SAN JOAQUIN VALLEY - TULARE LAKE,80.006989,2409717
PTJPL,2010-06-01,5-022.13,5-022,SAN JOAQUIN VALLEY,SAN JOAQUIN VALLEY - TULE,79.595205,2147506
PTJPL,2010-06-01,5-022.03,5-022,SAN JOAQUIN VALLEY,SAN JOAQUIN VALLEY - TURLOCK,111.273871,1565647
PTJPL,2010-06-01,5-022.09,5-022,SAN JOAQUIN VALLEY,SAN JOAQUIN VALLEY - WESTSIDE,85.815517,2797567
PTJPL,2010-06-01,5-022.18,5-022,SAN JOAQUIN VALLEY,SAN JOAQUIN VALLEY - WHITE WOLF,67.867193,483575
PTJPL,2010-06-01,9-001,9-001,SAN JUAN VALLEY,SAN JUAN VALLEY,113.200396,73255
PTJPL,2010-06-01,3-009,3-009,SAN LUIS OBISPO VALLEY,SAN LUIS OBISPO VALLEY,106.980829,57221
PTJPL,2010-06-01,9-007.02,9-007,SAN LUIS REY VALLEY,SAN LUIS REY VALLEY - LOWER SAN LUIS REY VALLEY,114.62248,46175
PTJPL,2010-06-01,9-007.01,9-007,SAN LUIS REY VALLEY,SAN LUIS REY VALLEY - UPPER SAN LUIS REY VALLEY,92.134354,86570
PTJPL,2010-06-01,9-032,9-032,SAN MARCOS AREA,SAN MARCOS AREA,98.23097,9564
PTJPL,2010-06-01,9-002,9-002,SAN MATEO VALLEY,SAN MATEO VALLEY,116.204501,13154
PTJPL,2010-06-01,9-003,9-003,SAN ONOFRE VALLEY,SAN ONOFRE VALLEY,110.579234,5509
PTJPL,2010-06-01,9-010,9-010,SAN PASQUAL VALLEY,SAN PASQUAL VALLEY,87.867048,15720
PTJPL,2010-06-01,2-036,2-036,SAN PEDRO VALLEY,SAN PEDRO VALLEY,98.576854,2765
PTJPL,2010-06-01,2-029,2-029,SAN RAFAEL VALLEY,SAN RAFAEL VALLEY,99.039929,3932
PTJPL,2010-06-01,2-007,2-007,SAN RAMON VALLEY,SAN RAMON VALLEY,107.759395,31745
PTJPL,2010-06-01,3-035,3-035,SAN SIMEON VALLEY,SAN SIMEON VALLEY,129.831911,2344
PTJPL,2010-06-01,2-027,2-027,SAND POINT AREA,SAND POINT AREA,129.429645,100064
PTJPL,2010-06-01,1-053,1-053,SANEL VALLEY,SANEL VALLEY,134.402403,25057
PTJPL,2010-06-01,3-022,3-022,SANTA ANA VALLEY,SANTA ANA VALLEY,67.723569,12249
PTJPL,2010-06-01,3-017,3-017,SANTA BARBARA,SANTA BARBARA,74.675021,26891
PTJPL,2010-06-01,4-004.05,4-004,SANTA CLARA RIVER VALLEY,SANTA CLARA RIVER VALLEY - FILLMORE,97.292014,101526
PTJPL,2010-06-01,4-004.03,4-004,SANTA CLARA RIVER VALLEY,SANTA CLARA RIVER VALLEY - MOUND,63.90058,61597
PTJPL,2010-06-01,4-004.02,4-004,SANTA CLARA RIVER VALLEY,SANTA CLARA RIVER VALLEY - OXNARD,59.33228,249636
PTJPL,2010-06-01,4-004.06,4-004,SANTA CLARA RIVER VALLEY,SANTA CLARA RIVER VALLEY - PIRU,78.228432,49008
PTJPL,2010-06-01,4-004.07,4-004,SANTA CLARA RIVER VALLEY,SANTA CLARA RIVER VALLEY - SANTA CLARA RIVER VALLEY EAST,67.352179,304226
PTJPL,2010-06-01,4-004.04,4-004,SANTA CLARA RIVER VALLEY,SANTA CLARA RIVER VALLEY - SANTA PAULA,89.584857,99438
PTJPL,2010-06-01,2-009.04,2-009,SANTA CLARA VALLEY,SANTA CLARA VALLEY - EAST BAY PLAIN,88.602095,320551
PTJPL,2010-06-01,2-009.01,2-009,SANTA CLARA VALLEY,SANTA CLARA VALLEY - NILES CONE,110.558875,293248
PTJPL,2010-06-01,2-009.03,2-009,SANTA CLARA VALLEY,SANTA CLARA VALLEY - SAN MATEO PLAIN,108.680155,170226
PTJPL,2010-06-01,2-009.02,2-009,SANTA CLARA VALLEY,SANTA CLARA VALLEY - SANTA CLARA,98.881565,852433
PTJPL,2010-06-01,3-001,3-001,SANTA CRUZ MID-COUNTY,SANTA CRUZ MID-COUNTY,120.742188,159411
PTJPL,2010-06-01,3-027,3-027,SANTA MARGARITA,SANTA MARGARITA,122.500775,100049
PTJPL,2010-06-01,9-004,9-004,SANTA MARGARITA VALLEY,SANTA MARGARITA VALLEY,123.126074,22463
PTJPL,2010-06-01,3-012.02,3-012,SANTA MARIA RIVER VALLEY,SANTA MARIA RIVER VALLEY - ARROYO GRANDE,92.713858,13025
PTJPL,2010-06-01,3-012.01,3-012,SANTA MARIA RIVER VALLEY,SANTA MARIA RIVER VALLEY - SANTA MARIA,95.846396,762121
PTJPL,2010-06-01,9-011,9-011,SANTA MARIA VALLEY,SANTA MARIA VALLEY,57.10758,55261
PTJPL,2010-06-01,6-068,6-068,SANTA ROSA FLAT,SANTA ROSA FLAT,17.225911,75450
PTJPL,2010-06-01,3-036,3-036,SANTA ROSA VALLEY,SANTA ROSA VALLEY,124.293972,15379
PTJPL,2010-06-01,1-055.02,1-055,SANTA ROSA VALLEY,SANTA ROSA VALLEY - HEALDSBURG AREA,123.267653,69295
PTJPL,2010-06-01,1-055.03,1-055,SANTA ROSA VALLEY,SANTA ROSA VALLEY - RINCON VALLEY,104.198534,24958
PTJPL,2010-06-01,1-055.01,1-055,SANTA ROSA VALLEY,SANTA ROSA VALLEY - SANTA ROSA PLAIN,107.470776,365509
PTJPL,2010-06-01,3-015,3-015,SANTA YNEZ RIVER VALLEY,SANTA YNEZ RIVER VALLEY,92.382693,911581
PTJPL,2010-06-01,1-005,1-005,SCOTT RIVER VALLEY,SCOTT RIVER VALLEY,129.933716,286977
PTJPL,2010-06-01,5-014,5-014,SCOTTS VALLEY,SCOTTS VALLEY,132.913635,32930
PTJPL,2010-06-01,6-052,6-052,SEARLES VALLEY,SEARLES VALLEY,8.715297,885853
PTJPL,2010-06-01,6-100,6-100,SECRET VALLEY,SECRET VALLEY,66.4275,151387
PTJPL,2010-06-01,1-016,1-016,SEIAD VALLEY,SEIAD VALLEY,147.752004,10105
PTJPL,2010-06-01,8-008,8-008,SEVEN OAKS VALLEY,SEVEN OAKS VALLEY,109.600142,18334
PTJPL,2010-06-01,1-004,1-004,SHASTA VALLEY,SHASTA VALLEY,114.208883,981219
PTJPL,2010-06-01,1-042,1-042,SHERWOOD VALLEY,SHERWOOD VALLEY,163.269298,5169
PTJPL,2010-06-01,5-012.02,5-012,SIERRA VALLEY,SIERRA VALLEY - CHILCOOT,86.025981,33948
PTJPL,2010-06-01,5-012.01,5-012,SIERRA VALLEY,SIERRA VALLEY - SIERRA VALLEY,104.484706,527445
PTJPL,2010-06-01,6-034,6-034,SILVER LAKE VALLEY,SILVER LAKE VALLEY,5.664971,158273
PTJPL,2010-06-01,4-009,4-009,SIMI VALLEY,SIMI VALLEY,61.558348,54663
PTJPL,2010-06-01,6-105,6-105,SLINKARD VALLEY,SLINKARD VALLEY,69.697913,20269
PTJPL,2010-06-01,1-001,1-001,SMITH RIVER PLAIN,SMITH RIVER PLAIN,148.287256,174388
PTJPL,2010-06-01,6-033,6-033,SODA LAKE VALLEY,SODA LAKE VALLEY,8.234297,1708930
PTJPL,2010-06-01,2-037,2-037,SOUTH SAN FRANCISCO,SOUTH SAN FRANCISCO,105.321582,9786
PTJPL,2010-06-01,6-082,6-082,SPRING CANYON VALLEY,SPRING CANYON VALLEY,14.742494,21584
PTJPL,2010-06-01,5-089,5-089,SQUAW FLAT,SQUAW FLAT,64.458283,5813
PTJPL,2010-06-01,5-088,5-088,STONY GORGE RESERVOIR,STONY GORGE RESERVOIR,90.454261,4788
PTJPL,2010-06-01,5-063,5-063,STONYFORD TOWN AREA,STONYFORD TOWN AREA,85.8555,28955
PTJPL,2010-06-01,2-003,2-003,SUISUN-FAIRFIELD VALLEY,SUISUN-FAIRFIELD VALLEY,108.122709,600610
PTJPL,2010-06-01,2-011,2-011,SUNOL VALLEY,SUNOL VALLEY,100.893967,74769
PTJPL,2010-06-01,6-049,6-049,SUPERIOR VALLEY,SUPERIOR VALLEY,16.653657,541018
PTJPL,2010-06-01,6-001,6-001,SURPRISE VALLEY,SURPRISE VALLEY,64.685821,1026748
PTJPL,2010-06-01,6-107,6-107,SWEETWATER FLAT,SWEETWATER FLAT,75.280085,17966
PTJPL,2010-06-01,6-005.03,6-005,TAHOE VALLEY,TAHOE VALLEY - TAHOE NORTH,108.105554,8678
PTJPL,2010-06-01,6-005.01,6-005,TAHOE VALLEY,TAHOE VALLEY - TAHOE SOUTH,104.124038,65254
PTJPL,2010-06-01,6-005.02,6-005,TAHOE VALLEY,TAHOE VALLEY - TAHOE WEST,118.640901,27750
PTJPL,2010-06-01,6-045,6-045,TEHACHAPI VALLEY EAST,TEHACHAPI VALLEY EAST,60.19879,107747
PTJPL,2010-06-01,5-028,5-028,TEHACHAPI VALLEY WEST,TEHACHAPI VALLEY WEST,61.05477,66551
PTJPL,2010-06-01,9-005,9-005,TEMECULA VALLEY,TEMECULA VALLEY,66.502595,394594
PTJPL,2010-06-01,1-040,1-040,TEN MILE RIVER VALLEY,TEN MILE RIVER VALLEY,164.895569,6703
PTJPL,2010-06-01,7-026,7-026,TERWILLIGER VALLEY,TERWILLIGER VALLEY,49.067789,36068
PTJPL,2010-06-01,4-019,4-019,THOUSAND OAKS AREA,THOUSAND OAKS AREA,76.899227,13972
PTJPL,2010-06-01,4-015,4-015,TIERRA REJADA,TIERRA REJADA,74.646985,20679
PTJPL,2010-06-01,5-037,5-037,TOAD WELL AREA,TOAD WELL AREA,110.129709,15103
PTJPL,2010-06-01,3-040,3-040,TORO VALLEY,TORO VALLEY,121.573725,3235
PTJPL,2010-06-01,6-098,6-098,TULEDAD CANYON VALLEY,TULEDAD CANYON VALLEY,76.050625,23111
PTJPL,2010-06-01,7-010,7-010,TWENTYNINE PALMS VALLEY,TWENTYNINE PALMS VALLEY,9.01535,279940
PTJPL,2010-06-01,1-052,1-052,UKIAH VALLEY,UKIAH VALLEY,142.309053,168751
PTJPL,2010-06-01,6-022,6-022,UPPER KINGSTON VALLEY,UPPER KINGSTON VALLEY,15.542517,794700
PTJPL,2010-06-01,5-013,5-013,UPPER LAKE VALLEY,UPPER LAKE VALLEY,129.296855,32659
PTJPL,2010-06-01,6-042,6-042,UPPER MOJAVE RIVER VALLEY,UPPER MOJAVE RIVER VALLEY,24.724116,1856031
PTJPL,2010-06-01,4-001,4-001,UPPER OJAI VALLEY,UPPER OJAI VALLEY,88.162295,17117
PTJPL,2010-06-01,3-023,3-023,UPPER SANTA ANA VALLEY,UPPER SANTA ANA VALLEY,76.510949,6439
PTJPL,2010-06-01,8-002.05,8-002,UPPER SANTA ANA VALLEY,UPPER SANTA ANA VALLEY - CAJON,60.569426,104061
PTJPL,2010-06-01,8-002.01,8-002,UPPER SANTA ANA VALLEY,UPPER SANTA ANA VALLEY - CHINO,47.211475,691429
PTJPL,2010-06-01,8-002.02,8-002,UPPER SANTA ANA VALLEY,UPPER SANTA ANA VALLEY - CUCAMONGA,59.673945,40576
PTJPL,2010-06-01,8-002.04,8-002,UPPER SANTA ANA VALLEY,UPPER SANTA ANA VALLEY - RIALTO-COLTON,41.858487,111495
PTJPL,2010-06-01,8-002.03,8-002,UPPER SANTA ANA VALLEY,UPPER SANTA ANA VALLEY - RIVERSIDE-ARLINGTON,52.543324,254388
PTJPL,2010-06-01,8-002.06,8-002,UPPER SANTA ANA VALLEY,UPPER SANTA ANA VALLEY - SAN BERNARDINO,48.001895,415895
PTJPL,2010-06-01,8-002.08,8-002,UPPER SANTA ANA VALLEY,UPPER SANTA ANA VALLEY - SAN TIMOTEO,54.116728,145175
PTJPL,2010-06-01,8-002.09,8-002,UPPER SANTA ANA VALLEY,UPPER SANTA ANA VALLEY - TEMESCAL,60.807625,103262
PTJPL,2010-06-01,8-002.07,8-002,UPPER SANTA ANA VALLEY,UPPER SANTA ANA VALLEY - YUCAIPA,55.228356,99901
PTJPL,2010-06-01,7-028,7-028,VALLECITO-CARRIZO VALLEY,VALLECITO-CARRIZO VALLEY,8.070293,547711
PTJPL,2010-06-01,5-071,5-071,VALLECITOS CREEK VALLEY,VALLECITOS CREEK VALLEY,48.912263,67930
PTJPL,2010-06-01,7-063,7-063,VANDEVENTER FLAT,VANDEVENTER FLAT,75.859285,30274
PTJPL,2010-06-01,4-003.02,4-003,VENTURA RIVER VALLEY,VENTURA RIVER VALLEY - LOWER VENTURA RIVER,71.981055,21430
PTJPL,2010-06-01,4-003.01,4-003,VENTURA RIVER VALLEY,VENTURA RIVER VALLEY - UPPER VENTURA RIVER,79.651146,23732
PTJPL,2010-06-01,7-042,7-042,VIDAL VALLEY,VIDAL VALLEY,9.651366,618941
PTJPL,2010-06-01,3-037,3-037,VILLA VALLEY,VILLA VALLEY,113.049573,6092
PTJPL,2010-06-01,2-032,2-032,VISITACION VALLEY,VISITACION VALLEY,108.781155,26087
PTJPL,2010-06-01,5-026,5-026,WALKER BASIN CREEK VALLEY,WALKER BASIN CREEK VALLEY,61.67802,34468
PTJPL,2010-06-01,7-003,7-003,WARD VALLEY,WARD VALLEY,8.783233,2507114
PTJPL,2010-06-01,9-008,9-008,WARNER VALLEY,WARNER VALLEY,47.264081,107755
PTJPL,2010-06-01,7-012,7-012,WARREN VALLEY,WARREN VALLEY,24.570427,78585
PTJPL,2010-06-01,1-031,1-031,WEOTT TOWN AREA,WEOTT TOWN AREA,160.519089,16423
PTJPL,2010-06-01,7-022,7-022,WEST SALTON SEA,WEST SALTON SEA,6.364087,473862
PTJPL,2010-06-01,3-026,3-026,WEST SANTA CRUZ TERRACE,WEST SANTA CRUZ TERRACE,107.477457,29965
PTJPL,2010-06-01,2-035,2-035,WESTSIDE,WESTSIDE,105.049455,111415
PTJPL,2010-06-01,6-073,6-073,WILD HORSE MESA AREA,WILD HORSE MESA AREA,27.62294,14926
PTJPL,2010-06-01,6-075,6-075,WILDROSE CANYON,WILDROSE CANYON,35.640481,23181
PTJPL,2010-06-01,1-043,1-043,WILLIAMS VALLEY,WILLIAMS VALLEY,142.854614,7401
PTJPL,2010-06-01,6-003,6-003,WILLOW CREEK VALLEY,WILLOW CREEK VALLEY,113.610774,52589
PTJPL,2010-06-01,1-059,1-059,WILSON GROVE FORMATION HIGHLANDS,WILSON GROVE FORMATION HIGHLANDS,124.189182,287046
PTJPL,2010-06-01,1-062,1-062,WILSON POINT AREA,WILSON POINT AREA,145.888993,3198
PTJPL,2010-06-01,6-019,6-019,WINGATE VALLEY,WINGATE VALLEY,10.939642,320536
PTJPL,2010-06-01,7-056,7-056,YAQUI WELL AREA,YAQUI WELL AREA,15.352382,67265
PTJPL,2010-06-01,5-056,5-056,YELLOW CREEK VALLEY,YELLOW CREEK VALLEY,118.489124,10390
PTJPL,2010-06-01,2-006,2-006,YGNACIO VALLEY,YGNACIO VALLEY,104.404055,69545
PTJPL,2010-06-01,5-069,5-069,YOSEMITE VALLEY,YOSEMITE VALLEY,122.210673,33431
PTJPL,2010-06-01,7-036,7-036,YUMA VALLEY,YUMA VALLEY,27.226285,536338
