Model,Date,Basin_Subb,Basin_Numb,Basin_Name,Basin_Su_1,ET,Pixel_Count
PTJPL,2010-09-01,4-005,4-005,ACTON VALLEY,ACTON VALLEY,33.415974,37173
PTJPL,2010-09-01,6-010,6-010,ADOBE LAKE VALLEY,ADOBE LAKE VALLEY,17.423148,179273
PTJPL,2010-09-01,1-054.01,1-054,ALEXANDER VALLEY,ALEXANDER VALLEY - ALEXANDER AREA,78.075087,110099
PTJPL,2010-09-01,1-054.02,1-054,ALEXANDER VALLEY,ALEXANDER VALLEY - CLOVERDALE AREA,65.866172,29366
PTJPL,2010-09-01,5-002.01,5-002,ALTURAS AREA,ALTURAS AREA - SOUTH FORK PITT RIVER,38.606079,513210
PTJPL,2010-09-01,5-002.02,5-002,ALTURAS AREA,ALTURAS AREA - WARM SPRINGS VALLEY,34.053042,305817
PTJPL,2010-09-01,5-010,5-010,AMERICAN VALLEY,AMERICAN VALLEY,66.540167,30572
PTJPL,2010-09-01,7-016,7-016,AMES VALLEY,AMES VALLEY,10.997001,487562
PTJPL,2010-09-01,7-034,7-034,AMOS VALLEY,AMOS VALLEY,7.410101,584286
PTJPL,2010-09-01,1-019,1-019,ANDERSON VALLEY,ANDERSON VALLEY,76.142761,22366
PTJPL,2010-09-01,1-049,1-049,ANNAPOLIS OHLSON RANCH FORMATION HIGHLANDS,ANNAPOLIS OHLSON RANCH FORMATION HIGHLANDS,110.044961,38900
PTJPL,2010-09-01,5-091,5-091,ANTELOPE CREEK,ANTELOPE CREEK,25.281853,9175
PTJPL,2010-09-01,6-044,6-044,ANTELOPE VALLEY,ANTELOPE VALLEY,19.038283,4542367
PTJPL,2010-09-01,6-007,6-007,ANTELOPE VALLEY,ANTELOPE VALLEY,62.512319,89741
PTJPL,2010-09-01,3-034,3-034,ARROYO DE LA CRUZ VALLEY,ARROYO DE LA CRUZ VALLEY,66.17688,3590
PTJPL,2010-09-01,2-031,2-031,ARROYO DEL HAMBRE VALLEY,ARROYO DEL HAMBRE VALLEY,83.230617,3534
PTJPL,2010-09-01,4-007,4-007,ARROYO SANTA ROSA VALLEY,ARROYO SANTA ROSA VALLEY,69.61538,17646
PTJPL,2010-09-01,7-037,7-037,ARROYO SECO VALLEY,ARROYO SECO VALLEY,11.162557,1152313
PTJPL,2010-09-01,5-054,5-054,ASH VALLEY,ASH VALLEY,38.234981,27015
PTJPL,2010-09-01,6-026,6-026,AVAWATZ VALLEY,AVAWATZ VALLEY,10.859277,124166
PTJPL,2010-09-01,3-020,3-020,A�O NUEVO AREA,A�O NUEVO AREA,66.4465,8972
PTJPL,2010-09-01,9-022,9-022,BATIQUITOS LAGOON VALLEY,BATIQUITOS LAGOON VALLEY,88.111278,3334
PTJPL,2010-09-01,8-009,8-009,BEAR VALLEY,BEAR VALLEY,67.27661,86226
PTJPL,2010-09-01,5-064,5-064,BEAR VALLEY,BEAR VALLEY,27.291103,40934
PTJPL,2010-09-01,5-020,5-020,BERRYESSA VALLEY,BERRYESSA VALLEY,32.847682,6191
PTJPL,2010-09-01,7-015,7-015,BESSEMER VALLEY,BESSEMER VALLEY,7.067993,175679
PTJPL,2010-09-01,6-025,6-025,BICYCLE VALLEY,BICYCLE VALLEY,7.858982,402232
PTJPL,2010-09-01,1-027,1-027,BIG LAGOON AREA,BIG LAGOON AREA,85.089645,57683
PTJPL,2010-09-01,8-007,8-007,BIG MEADOWS VALLEY,BIG MEADOWS VALLEY,73.948594,63611
PTJPL,2010-09-01,1-045,1-045,BIG RIVER VALLEY,BIG RIVER VALLEY,118.10182,7582
PTJPL,2010-09-01,3-047,3-047,BIG SPRING AREA,BIG SPRING AREA,35.10463,32897
PTJPL,2010-09-01,5-015,5-015,BIG VALLEY,BIG VALLEY,72.470911,108957
PTJPL,2010-09-01,5-004,5-004,BIG VALLEY,BIG VALLEY,35.079587,413987
PTJPL,2010-09-01,3-030,3-030,BITTER WATER VALLEY,BITTER WATER VALLEY,25.745884,144867
PTJPL,2010-09-01,6-013,6-013,BLACK SPRINGS VALLEY,BLACK SPRINGS VALLEY,8.219075,138327
PTJPL,2010-09-01,5-092,5-092,BLANCHARD VALLEY,BLANCHARD VALLEY,29.229938,9994
PTJPL,2010-09-01,1-057,1-057,BODEGA BAY AREA,BODEGA BAY AREA,106.969562,10119
PTJPL,2010-09-01,7-024.01,7-024,BORREGO VALLEY,BORREGO VALLEY - BORREGO SPRINGS,13.014839,282155
PTJPL,2010-09-01,7-024.02,7-024,BORREGO VALLEY,BORREGO VALLEY - OCOTILLO WELLS,4.98366,405078
PTJPL,2010-09-01,1-039,1-039,BRANSCOMB TOWN AREA,BRANSCOMB TOWN AREA,97.887115,6201
PTJPL,2010-09-01,1-017,1-017,BRAY TOWN AREA,BRAY TOWN AREA,54.488829,36119
PTJPL,2010-09-01,6-008,6-008,BRIDGEPORT VALLEY,BRIDGEPORT VALLEY,56.217191,146102
PTJPL,2010-09-01,7-008,7-008,BRISTOL VALLEY,BRISTOL VALLEY,6.343695,2234028
PTJPL,2010-09-01,5-080,5-080,BRITE VALLEY,BRITE VALLEY,44.077577,14244
PTJPL,2010-09-01,6-032,6-032,BROADWELL VALLEY,BROADWELL VALLEY,6.739917,413087
PTJPL,2010-09-01,6-076,6-076,BROWN MOUNTAIN VALLEY,BROWN MOUNTAIN VALLEY,7.804787,97673
PTJPL,2010-09-01,7-054,7-054,BUCK RIDGE FAULT VALLEY,BUCK RIDGE FAULT VALLEY,26.092193,31076
PTJPL,2010-09-01,6-101,6-101,BULL FLAT,BULL FLAT,18.596059,78457
PTJPL,2010-09-01,5-048,5-048,BURNEY CREEK VALLEY,BURNEY CREEK VALLEY,51.118159,10579
PTJPL,2010-09-01,5-017,5-017,BURNS VALLEY,BURNS VALLEY,56.243423,12924
PTJPL,2010-09-01,5-051,5-051,BUTTE CREEK VALLEY,BUTTE CREEK VALLEY,54.986152,14515
PTJPL,2010-09-01,1-003,1-003,BUTTE VALLEY,BUTTE VALLEY,44.710067,358135
PTJPL,2010-09-01,6-081,6-081,BUTTE VALLEY,BUTTE VALLEY,14.845279,39581
PTJPL,2010-09-01,6-070,6-070,CACTUS FLAT,CACTUS FLAT,11.709144,31593
PTJPL,2010-09-01,7-007,7-007,CADIZ VALLEY,CADIZ VALLEY,4.97135,1213316
PTJPL,2010-09-01,6-090,6-090,CADY FAULT AREA,CADY FAULT AREA,12.139093,35753
PTJPL,2010-09-01,9-006,9-006,CAHUILLA VALLEY,CAHUILLA VALLEY,34.560808,81848
PTJPL,2010-09-01,6-079,6-079,CALIFORNIA VALLEY,CALIFORNIA VALLEY,9.587193,261304
PTJPL,2010-09-01,7-041,7-041,CALZONA VALLEY,CALZONA VALLEY,10.37777,340869
PTJPL,2010-09-01,6-061,6-061,CAMEO AREA,CAMEO AREA,3.357153,41842
PTJPL,2010-09-01,9-028,9-028,CAMPO VALLEY,CAMPO VALLEY,35.541001,15902
PTJPL,2010-09-01,7-046,7-046,CANEBRAKE VALLEY,CANEBRAKE VALLEY,14.301152,24310
PTJPL,2010-09-01,3-007,3-007,CARMEL VALLEY,CARMEL VALLEY,88.046896,18978
PTJPL,2010-09-01,3-018,3-018,CARPINTERIA,CARPINTERIA,63.643289,33408
PTJPL,2010-09-01,3-019,3-019,CARRIZO PLAIN,CARRIZO PLAIN,29.53287,946901
PTJPL,2010-09-01,6-006,6-006,CARSON VALLEY,CARSON VALLEY,50.551796,44241
PTJPL,2010-09-01,5-029,5-029,CASTAC LAKE VALLEY,CASTAC LAKE VALLEY,58.073561,16014
PTJPL,2010-09-01,2-008,2-008,CASTRO VALLEY,CASTRO VALLEY,66.949591,8193
PTJPL,2010-09-01,6-038,6-038,CAVES CANYON VALLEY,CAVES CANYON VALLEY,6.079311,328088
PTJPL,2010-09-01,5-045,5-045,CAYTON VALLEY,CAYTON VALLEY,82.155771,5874
PTJPL,2010-09-01,3-038,3-038,CAYUCOS VALLEY,CAYUCOS VALLEY,53.908325,949
PTJPL,2010-09-01,7-043,7-043,CHEMEHUEVI VALLEY,CHEMEHUEVI VALLEY,9.114005,1221349
PTJPL,2010-09-01,7-032,7-032,CHOCOLATE VALLEY,CHOCOLATE VALLEY,10.563574,580540
PTJPL,2010-09-01,3-005,3-005,CHOLAME VALLEY,CHOLAME VALLEY,40.433009,179070
PTJPL,2010-09-01,3-042,3-042,CHORRO VALLEY,CHORRO VALLEY,76.320056,6377
PTJPL,2010-09-01,5-061,5-061,CHROME TOWN AREA,CHROME TOWN AREA,21.537891,6334
PTJPL,2010-09-01,7-005,7-005,CHUCKWALLA VALLEY,CHUCKWALLA VALLEY,7.454372,2704920
PTJPL,2010-09-01,2-005,2-005,CLAYTON VALLEY,CLAYTON VALLEY,77.16958,80257
PTJPL,2010-09-01,5-066,5-066,CLEAR LAKE CACHE FORMATION,CLEAR LAKE CACHE FORMATION,78.267561,133749
PTJPL,2010-09-01,5-058,5-058,CLOVER VALLEY,CLOVER VALLEY,47.954602,75444
PTJPL,2010-09-01,7-021.03,7-021,COACHELLA VALLEY,COACHELLA VALLEY - DESERT HOT SPRINGS,7.641151,453937
PTJPL,2010-09-01,7-021.01,7-021,COACHELLA VALLEY,COACHELLA VALLEY - INDIO,34.302759,1336106
PTJPL,2010-09-01,7-021.02,7-021,COACHELLA VALLEY,COACHELLA VALLEY - MISSION CREEK,12.365304,218418
PTJPL,2010-09-01,7-021.04,7-021,COACHELLA VALLEY,COACHELLA VALLEY - SAN GORGONIO PASS,26.880464,173279
PTJPL,2010-09-01,4-011.04,4-011,COASTAL PLAIN OF LOS ANGELES,COASTAL PLAIN OF LOS ANGELES - CENTRAL,70.971575,799394
PTJPL,2010-09-01,4-011.02,4-011,COASTAL PLAIN OF LOS ANGELES,COASTAL PLAIN OF LOS ANGELES - HOLLYWOOD,61.828331,45279
PTJPL,2010-09-01,4-011.01,4-011,COASTAL PLAIN OF LOS ANGELES,COASTAL PLAIN OF LOS ANGELES - SANTA MONICA,90.929926,135757
PTJPL,2010-09-01,4-011.03,4-011,COASTAL PLAIN OF LOS ANGELES,COASTAL PLAIN OF LOS ANGELES - WEST COAST,96.003612,399820
PTJPL,2010-09-01,8-001,8-001,COASTAL PLAIN OF ORANGE COUNTY,COASTAL PLAIN OF ORANGE COUNTY,71.718415,999237
PTJPL,2010-09-01,9-033,9-033,COASTAL PLAIN OF SAN DIEGO,COASTAL PLAIN OF SAN DIEGO,69.128658,240684
PTJPL,2010-09-01,6-072,6-072,COLES FLAT,COLES FLAT,15.980822,13244
PTJPL,2010-09-01,5-019,5-019,COLLAYOMI VALLEY,COLLAYOMI VALLEY,47.364261,29240
PTJPL,2010-09-01,7-055,7-055,COLLINS VALLEY,COLLINS VALLEY,18.342887,31751
PTJPL,2010-09-01,4-010,4-010,CONEJO,CONEJO,56.580287,84503
PTJPL,2010-09-01,7-011,7-011,COPPER MOUNTAIN VALLEY,COPPER MOUNTAIN VALLEY,12.769469,136155
PTJPL,2010-09-01,3-002.01,3-002,CORRALITOS,CORRALITOS - PAJARO VALLEY,65.31009,332275
PTJPL,2010-09-01,3-002.02,3-002,CORRALITOS,CORRALITOS - PURISIMA HIGHLANDS,114.898854,58134
PTJPL,2010-09-01,6-055,6-055,COSO VALLEY,COSO VALLEY,7.544432,114929
PTJPL,2010-09-01,1-037,1-037,COTTONEVA CREEK VALLEY,COTTONEVA CREEK VALLEY,111.580326,3436
PTJPL,2010-09-01,9-027,9-027,COTTONWOOD VALLEY,COTTONWOOD VALLEY,40.36282,17262
PTJPL,2010-09-01,1-011,1-011,COVELO ROUND VALLEY,COVELO ROUND VALLEY,61.678786,73792
PTJPL,2010-09-01,6-091,6-091,COW HEAD LAKE VALLEY,COW HEAD LAKE VALLEY,39.592772,25180
PTJPL,2010-09-01,6-037,6-037,COYOTE LAKE VALLEY,COYOTE LAKE VALLEY,6.636214,396167
PTJPL,2010-09-01,5-018,5-018,COYOTE VALLEY,COYOTE VALLEY,56.411556,29352
PTJPL,2010-09-01,7-029,7-029,COYOTE WELLS VALLEY,COYOTE WELLS VALLEY,4.483357,648419
PTJPL,2010-09-01,6-035,6-035,CRONISE VALLEY,CRONISE VALLEY,4.991699,567907
PTJPL,2010-09-01,6-050,6-050,CUDDEBACK VALLEY,CUDDEBACK VALLEY,11.268662,426688
PTJPL,2010-09-01,5-082,5-082,CUDDY CANYON VALLEY,CUDDY CANYON VALLEY,41.049292,14830
PTJPL,2010-09-01,5-083,5-083,CUDDY RANCH AREA,CUDDY RANCH AREA,64.222257,18906
PTJPL,2010-09-01,5-084,5-084,CUDDY VALLEY,CUDDY VALLEY,57.582884,15576
PTJPL,2010-09-01,5-027,5-027,CUMMINGS VALLEY,CUMMINGS VALLEY,35.13928,45053
PTJPL,2010-09-01,3-013,3-013,CUYAMA VALLEY,CUYAMA VALLEY,43.035654,1086945
PTJPL,2010-09-01,7-009,7-009,DALE VALLEY,DALE VALLEY,7.78346,955636
PTJPL,2010-09-01,6-057,6-057,DARWIN VALLEY,DARWIN VALLEY,10.41119,198536
PTJPL,2010-09-01,7-061,7-061,DAVIES VALLEY,DAVIES VALLEY,8.983568,15214
PTJPL,2010-09-01,7-013.01,7-013,DEADMAN VALLEY,DEADMAN VALLEY - DEADMAN LAKE,5.956262,400268
PTJPL,2010-09-01,7-013.02,7-013,DEADMAN VALLEY,DEADMAN VALLEY - SURPRISE SPRING,8.561961,131543
PTJPL,2010-09-01,6-018,6-018,DEATH VALLEY,DEATH VALLEY,3.555926,4133615
PTJPL,2010-09-01,6-015,6-015,DEEP SPRINGS VALLEY,DEEP SPRINGS VALLEY,12.518374,134596
PTJPL,2010-09-01,6-078,6-078,DENNING SPRING VALLEY,DENNING SPRING VALLEY,10.349251,32521
PTJPL,2010-09-01,1-034,1-034,DINSMORES TOWN AREA,DINSMORES TOWN AREA,64.651966,10249
PTJPL,2010-09-01,5-053,5-053,DIXIE VALLEY,DIXIE VALLEY,38.871807,21881
PTJPL,2010-09-01,2-040,2-040,DOWNTOWN,DOWNTOWN,98.880306,34087
PTJPL,2010-09-01,5-049,5-049,DRY BURNEY CREEK VALLEY,DRY BURNEY CREEK VALLEY,90.366288,13817
PTJPL,2010-09-01,3-029,3-029,DRY LAKE VALLEY,DRY LAKE VALLEY,27.467767,6360
PTJPL,2010-09-01,6-095,6-095,DRY VALLEY,DRY VALLEY,20.453469,29217
PTJPL,2010-09-01,6-096,6-096,EAGLE LAKE AREA,EAGLE LAKE AREA,50.12766,57089
PTJPL,2010-09-01,7-033,7-033,EAST SALTON SEA,EAST SALTON SEA,12.162942,876191
PTJPL,2010-09-01,1-044,1-044,EDEN VALLEY,EDEN VALLEY,66.553349,6195
PTJPL,2010-09-01,1-010,1-010,EEL RIVER VALLEY,EEL RIVER VALLEY,70.497997,325315
PTJPL,2010-09-01,5-041,5-041,EGG LAKE VALLEY,EGG LAKE VALLEY,31.007318,18448
PTJPL,2010-09-01,9-016,9-016,EL CAJON VALLEY,EL CAJON VALLEY,40.049658,32160
PTJPL,2010-09-01,6-043,6-043,EL MIRAGE VALLEY,EL MIRAGE VALLEY,12.525055,341252
PTJPL,2010-09-01,5-062,5-062,ELK CREEK AREA,ELK CREEK AREA,39.40346,6474
PTJPL,2010-09-01,8-004.02,8-004,ELSINORE,ELSINORE - BEDFORD-COLDWATER,35.463717,31599
PTJPL,2010-09-01,8-004.01,8-004,ELSINORE,ELSINORE - ELSINORE VALLEY,52.710157,106147
PTJPL,2010-09-01,9-009,9-009,ESCONDIDO VALLEY,ESCONDIDO VALLEY,44.210019,12956
PTJPL,2010-09-01,1-009,1-009,EUREKA PLAIN,EUREKA PLAIN,79.419503,156926
PTJPL,2010-09-01,6-016,6-016,EUREKA VALLEY,EUREKA VALLEY,4.287222,578991
PTJPL,2010-09-01,1-022,1-022,FAIRCHILD SWAMP VALLEY,FAIRCHILD SWAMP VALLEY,31.496471,14736
PTJPL,2010-09-01,5-005,5-005,FALL RIVER VALLEY,FALL RIVER VALLEY,63.546393,246566
PTJPL,2010-09-01,7-002,7-002,FENNER VALLEY,FENNER VALLEY,11.828918,2034583
PTJPL,2010-09-01,6-014,6-014,FISH LAKE VALLEY,FISH LAKE VALLEY,16.507235,206078
PTJPL,2010-09-01,3-053,3-053,FOOTHILL,FOOTHILL,59.268947,14765
PTJPL,2010-09-01,1-021,1-021,FORT BRAGG TERRACE AREA,FORT BRAGG TERRACE AREA,100.409817,101965
PTJPL,2010-09-01,1-061,1-061,FORT ROSS TERRACE DEPOSITS,FORT ROSS TERRACE DEPOSITS,105.44336,30032
PTJPL,2010-09-01,6-046,6-046,FREMONT VALLEY,FREMONT VALLEY,12.754472,1507399
PTJPL,2010-09-01,5-090,5-090,FUNKS CREEK,FUNKS CREEK,23.578664,13564
PTJPL,2010-09-01,1-032,1-032,GARBERVILLE TOWN AREA,GARBERVILLE TOWN AREA,87.435144,9498
PTJPL,2010-09-01,1-020,1-020,GARCIA RIVER VALLEY,GARCIA RIVER VALLEY,93.744382,9389
PTJPL,2010-09-01,3-003.01,3-003,GILROY-HOLLISTER VALLEY,GILROY-HOLLISTER VALLEY - LLAGAS AREA,56.315073,213011
PTJPL,2010-09-01,3-003.05,3-003,GILROY-HOLLISTER VALLEY,GILROY-HOLLISTER VALLEY - NORTH SAN BENITO,43.640415,589157
PTJPL,2010-09-01,6-085,6-085,GOLD VALLEY,GOLD VALLEY,11.698809,14436
PTJPL,2010-09-01,6-048,6-048,GOLDSTONE VALLEY,GOLDSTONE VALLEY,10.55971,126294
PTJPL,2010-09-01,3-016,3-016,GOLETA,GOLETA,56.686245,41440
PTJPL,2010-09-01,5-001.02,5-001,GOOSE LAKE,GOOSE LAKE - FANDANGO VALLEY,39.536692,82919
PTJPL,2010-09-01,5-001.01,5-001,GOOSE LAKE,GOOSE LAKE - GOOSE VALLEY,33.661063,161679
PTJPL,2010-09-01,5-047,5-047,GOOSE VALLEY,GOOSE VALLEY,50.305105,18941
PTJPL,2010-09-01,6-077,6-077,GRASS VALLEY,GRASS VALLEY,13.589849,44881
PTJPL,2010-09-01,6-094,6-094,GRASSHOPPER VALLEY,GRASSHOPPER VALLEY,23.191581,79418
PTJPL,2010-09-01,1-048,1-048,GRAVELLY VALLEY,GRAVELLY VALLEY,80.68014,13384
PTJPL,2010-09-01,5-052,5-052,GRAYS VALLEY,GRAYS VALLEY,39.54916,24461
PTJPL,2010-09-01,6-084,6-084,GREENWATER VALLEY,GREENWATER VALLEY,11.017766,268934
PTJPL,2010-09-01,5-059,5-059,GRIZZLY VALLEY,GRIZZLY VALLEY,85.653196,60426
PTJPL,2010-09-01,2-022,2-022,HALF MOON BAY TERRACE,HALF MOON BAY TERRACE,68.383952,35817
PTJPL,2010-09-01,1-015,1-015,HAPPY CAMP TOWN AREA,HAPPY CAMP TOWN AREA,78.066822,12466
PTJPL,2010-09-01,6-047,6-047,HARPER VALLEY,HARPER VALLEY,10.671402,1841343
PTJPL,2010-09-01,6-074,6-074,HARRISBURG FLATS,HARRISBURG FLATS,11.583826,112083
PTJPL,2010-09-01,6-093,6-093,HARVEY VALLEY,HARVEY VALLEY,37.870593,20254
PTJPL,2010-09-01,1-006,1-006,HAYFORK VALLEY,HAYFORK VALLEY,59.197046,14829
PTJPL,2010-09-01,7-048,7-048,HELENDALE FAULT VALLEY,HELENDALE FAULT VALLEY,38.854038,11777
PTJPL,2010-09-01,8-006,8-006,HEMET LAKE VALLEY,HEMET LAKE VALLEY,59.477743,74988
PTJPL,2010-09-01,3-031,3-031,HERNANDEZ VALLEY,HERNANDEZ VALLEY,53.825577,12871
PTJPL,2010-09-01,1-036,1-036,HETTENSHAW VALLEY,HETTENSHAW VALLEY,44.466246,3807
PTJPL,2010-09-01,7-053,7-053,HEXIE MOUNTAIN AREA,HEXIE MOUNTAIN AREA,16.862166,50053
PTJPL,2010-09-01,6-063,6-063,HIDDEN VALLEY,HIDDEN VALLEY,8.300867,80667
PTJPL,2010-09-01,4-016,4-016,HIDDEN VALLEY,HIDDEN VALLEY,57.820567,9948
PTJPL,2010-09-01,5-016,5-016,HIGH VALLEY,HIGH VALLEY,49.729916,10593
PTJPL,2010-09-01,6-004,6-004,HONEY LAKE VALLEY,HONEY LAKE VALLEY,25.090028,1394546
PTJPL,2010-09-01,1-029,1-029,HONEYDEW TOWN AREA,HONEYDEW TOWN AREA,80.207899,10659
PTJPL,2010-09-01,1-007,1-007,HOOPA VALLEY,HOOPA VALLEY,66.404267,17528
PTJPL,2010-09-01,6-097,6-097,HORSE LAKE VALLEY,HORSE LAKE VALLEY,35.15873,17199
PTJPL,2010-09-01,5-040,5-040,HOT SPRINGS VALLEY,HOT SPRINGS VALLEY,47.799242,10824
PTJPL,2010-09-01,3-045,3-045,HUASNA VALLEY,HUASNA VALLEY,56.748664,21147
PTJPL,2010-09-01,5-060,5-060,HUMBUG VALLEY,HUMBUG VALLEY,64.560869,44834
PTJPL,2010-09-01,4-018,4-018,HUNGRY VALLEY,HUNGRY VALLEY,34.1915,23859
PTJPL,2010-09-01,1-035,1-035,HYAMPOM VALLEY,HYAMPOM VALLEY,47.476214,6096
PTJPL,2010-09-01,7-030,7-030,IMPERIAL VALLEY,IMPERIAL VALLEY,37.277754,4263234
PTJPL,2010-09-01,5-009,5-009,INDIAN VALLEY,INDIAN VALLEY,76.092409,132281
PTJPL,2010-09-01,6-054,6-054,INDIAN WELLS VALLEY,INDIAN WELLS VALLEY,9.175408,1716255
PTJPL,2010-09-01,7-050,7-050,IRON RIDGE AREA,IRON RIDGE AREA,10.053797,23570
PTJPL,2010-09-01,2-033,2-033,ISLAIS VALLEY,ISLAIS VALLEY,97.211392,26335
PTJPL,2010-09-01,6-030,6-030,IVANPAH VALLEY,IVANPAH VALLEY,12.217934,882708
PTJPL,2010-09-01,7-047,7-047,JACUMBA VALLEY,JACUMBA VALLEY,30.886736,8979
PTJPL,2010-09-01,5-003,5-003,JESS VALLEY,JESS VALLEY,51.59462,30147
PTJPL,2010-09-01,7-018.01,7-018,JOHNSON VALLEY,JOHNSON VALLEY - SOGGY LAKE,7.667003,347541
PTJPL,2010-09-01,7-018.02,7-018,JOHNSON VALLEY,JOHNSON VALLEY - UPPER JOHNSON VALLEY,5.987951,156367
PTJPL,2010-09-01,5-086,5-086,JOSEPH CREEK,JOSEPH CREEK,37.957173,20034
PTJPL,2010-09-01,7-062,7-062,JOSHUA TREE,JOSHUA TREE,13.460539,150378
PTJPL,2010-09-01,6-089,6-089,KANE WASH AREA,KANE WASH AREA,13.659054,26755
PTJPL,2010-09-01,6-069,6-069,KELSO LANDER VALLEY,KELSO LANDER VALLEY,20.221195,50191
PTJPL,2010-09-01,6-031,6-031,KELSO VALLEY,KELSO VALLEY,9.257977,1145203
PTJPL,2010-09-01,2-019,2-019,KENWOOD VALLEY,KENWOOD VALLEY,74.898035,23106
PTJPL,2010-09-01,5-025,5-025,KERN RIVER VALLEY,KERN RIVER VALLEY,46.620777,356993
PTJPL,2010-09-01,1-002.02,1-002,KLAMATH RIVER VALLEY,KLAMATH RIVER VALLEY - LOWER KLAMATH,47.520056,337208
PTJPL,2010-09-01,1-002.01,1-002,KLAMATH RIVER VALLEY,KLAMATH RIVER VALLEY - TULELAKE,60.292139,496979
PTJPL,2010-09-01,1-050,1-050,KNIGHTS VALLEY,KNIGHTS VALLEY,62.815365,18393
PTJPL,2010-09-01,5-007,5-007,LAKE ALMANOR VALLEY,LAKE ALMANOR VALLEY,70.374153,32166
PTJPL,2010-09-01,5-046,5-046,LAKE BRITTON AREA,LAKE BRITTON AREA,81.619161,63221
PTJPL,2010-09-01,7-001,7-001,LANFAIR VALLEY,LANFAIR VALLEY,18.411008,703571
PTJPL,2010-09-01,6-036.02,6-036,LANGFORD VALLEY,LANGFORD VALLEY - IRWIN,9.304231,47132
PTJPL,2010-09-01,6-036.01,6-036,LANGFORD VALLEY,LANGFORD VALLEY - LANGFORD WELL LAKE,6.671917,86847
PTJPL,2010-09-01,1-033,1-033,LARABEE VALLEY,LARABEE VALLEY,50.832566,4342
PTJPL,2010-09-01,4-008,4-008,LAS POSAS VALLEY,LAS POSAS VALLEY,62.780173,200649
PTJPL,2010-09-01,5-057,5-057,LAST CHANCE CREEK VALLEY,LAST CHANCE CREEK VALLEY,50.978776,20920
PTJPL,2010-09-01,7-014,7-014,LAVIC VALLEY,LAVIC VALLEY,8.536438,459882
PTJPL,2010-09-01,1-012,1-012,LAYTONVILLE VALLEY,LAYTONVILLE VALLEY,72.834743,22589
PTJPL,2010-09-01,6-027,6-027,LEACH VALLEY,LEACH VALLEY,6.183658,275049
PTJPL,2010-09-01,6-066,6-066,LEE FLAT,LEE FLAT,13.027069,91213
PTJPL,2010-09-01,6-106,6-106,LITTLE ANTELOPE VALLEY,LITTLE ANTELOPE VALLEY,36.696542,11191
PTJPL,2010-09-01,5-065,5-065,LITTLE INDIAN VALLEY,LITTLE INDIAN VALLEY,37.65884,5707
PTJPL,2010-09-01,1-013,1-013,LITTLE LAKE VALLEY,LITTLE LAKE VALLEY,62.34592,45074
PTJPL,2010-09-01,1-041,1-041,LITTLE VALLEY,LITTLE VALLEY,97.641587,3655
PTJPL,2010-09-01,2-010,2-010,LIVERMORE VALLEY,LIVERMORE VALLEY,57.329142,312810
PTJPL,2010-09-01,2-038,2-038,LOBOS,LOBOS,99.934122,10565
PTJPL,2010-09-01,3-006,3-006,LOCKWOOD VALLEY,LOCKWOOD VALLEY,44.875512,269553
PTJPL,2010-09-01,4-017,4-017,LOCKWOOD VALLEY,LOCKWOOD VALLEY,45.372407,97987
PTJPL,2010-09-01,6-011,6-011,LONG VALLEY,LONG VALLEY,37.05014,323035
PTJPL,2010-09-01,5-044,5-044,LONG VALLEY,LONG VALLEY,42.935682,4882
PTJPL,2010-09-01,6-104,6-104,LONG VALLEY,LONG VALLEY,30.364922,210294
PTJPL,2010-09-01,5-031,5-031,LONG VALLEY,LONG VALLEY,62.457141,12611
PTJPL,2010-09-01,5-070,5-070,LOS BANOS CREEK VALLEY,LOS BANOS CREEK VALLEY,14.647324,21748
PTJPL,2010-09-01,3-008.01,3-008,LOS OSOS VALLEY,LOS OSOS VALLEY - LOS OSOS AREA,91.582904,19010
PTJPL,2010-09-01,3-008.02,3-008,LOS OSOS VALLEY,LOS OSOS VALLEY - WARDEN CREEK,89.804235,7933
PTJPL,2010-09-01,7-051,7-051,LOST HORSE VALLEY,LOST HORSE VALLEY,20.566188,77794
PTJPL,2010-09-01,6-071,6-071,LOST LAKE VALLEY,LOST LAKE VALLEY,6.406113,104530
PTJPL,2010-09-01,6-021,6-021,LOWER KINGSTON VALLEY,LOWER KINGSTON VALLEY,5.456103,1078042
PTJPL,2010-09-01,1-014,1-014,LOWER KLAMATH RIVER VALLEY,LOWER KLAMATH RIVER VALLEY,83.410042,31309
PTJPL,2010-09-01,5-030,5-030,LOWER LAKE VALLEY,LOWER LAKE VALLEY,72.792322,10810
PTJPL,2010-09-01,1-038,1-038,LOWER LAYTONVILLE VALLEY,LOWER LAYTONVILLE VALLEY,88.626059,9678
PTJPL,2010-09-01,6-040,6-040,LOWER MOJAVE RIVER VALLEY,LOWER MOJAVE RIVER VALLEY,10.595084,1283611
PTJPL,2010-09-01,1-060,1-060,LOWER RUSSIAN RIVER VALLEY,LOWER RUSSIAN RIVER VALLEY,99.04855,29887
PTJPL,2010-09-01,7-019,7-019,LUCERNE VALLEY,LUCERNE VALLEY,9.767565,662912
PTJPL,2010-09-01,1-008.02,1-008,MAD RIVER VALLEY,MAD RIVER VALLEY - DOWS PRAIRIE SCHOOL AREA,82.280407,68069
PTJPL,2010-09-01,1-008.01,1-008,MAD RIVER VALLEY,MAD RIVER VALLEY - MAD RIVER LOWLAND,74.850905,105919
PTJPL,2010-09-01,6-002,6-002,MADELINE PLAINS,MADELINE PLAINS,25.892521,701902
PTJPL,2010-09-01,3-051,3-051,MAJORS CREEK,MAJORS CREEK,78.204976,1688
PTJPL,2010-09-01,4-022,4-022,MALIBU VALLEY,MALIBU VALLEY,73.993454,2597
PTJPL,2010-09-01,6-064,6-064,MARBLE CANYON AREA,MARBLE CANYON AREA,6.400773,46600
PTJPL,2010-09-01,2-039,2-039,MARINA,MARINA,103.868802,9741
PTJPL,2010-09-01,6-067,6-067,MARTIS VALLEY,MARTIS VALLEY,63.897179,163488
PTJPL,2010-09-01,7-059,7-059,MASON VALLEY,MASON VALLEY,24.302912,24829
PTJPL,2010-09-01,1-028,1-028,MATTOLE RIVER VALLEY,MATTOLE RIVER VALLEY,73.676549,13965
PTJPL,2010-09-01,5-035,5-035,MCCLOUD AREA,MCCLOUD AREA,91.971632,95917
PTJPL,2010-09-01,5-095,5-095,MEADOW VALLEY,MEADOW VALLEY,90.949967,25783
PTJPL,2010-09-01,7-017,7-017,MEANS VALLEY,MEANS VALLEY,6.747521,67158
PTJPL,2010-09-01,6-029,6-029,MESQUITE VALLEY,MESQUITE VALLEY,10.805547,384627
PTJPL,2010-09-01,6-020,6-020,MIDDLE AMARGOSA VALLEY,MIDDLE AMARGOSA VALLEY,7.247775,1741060
PTJPL,2010-09-01,5-094,5-094,MIDDLE CREEK,MIDDLE CREEK,65.531821,3174
PTJPL,2010-09-01,5-087,5-087,MIDDLE FORK FEATHER RIVER,MIDDLE FORK FEATHER RIVER,72.082526,19509
PTJPL,2010-09-01,6-041,6-041,MIDDLE MOJAVE RIVER VALLEY,MIDDLE MOJAVE RIVER VALLEY,11.969951,950207
PTJPL,2010-09-01,6-080,6-080,MIDDLE PARK CANYON,MIDDLE PARK CANYON,22.60189,7832
PTJPL,2010-09-01,5-085,5-085,MIL POTRERO AREA,MIL POTRERO AREA,76.9842,10380
PTJPL,2010-09-01,9-014,9-014,MISSION VALLEY,MISSION VALLEY,64.593901,31480
PTJPL,2010-09-01,5-011,5-011,MOHAWK VALLEY,MOHAWK VALLEY,80.965045,85339
PTJPL,2010-09-01,6-009,6-009,MONO VALLEY,MONO VALLEY,53.154098,775123
PTJPL,2010-09-01,3-049,3-049,MONTECITO,MONTECITO,73.097858,27305
PTJPL,2010-09-01,7-020,7-020,MORONGO VALLEY,MORONGO VALLEY,21.168298,32496
PTJPL,2010-09-01,3-041,3-041,MORRO VALLEY,MORRO VALLEY,72.2688,2500
PTJPL,2010-09-01,5-008,5-008,MOUNTAIN MEADOWS VALLEY,MOUNTAIN MEADOWS VALLEY,65.611777,36613
PTJPL,2010-09-01,1-056,1-056,McDOWELL VALLEY,McDOWELL VALLEY,75.190917,6694
PTJPL,2010-09-01,2-002.01,2-002,NAPA-SONOMA VALLEY,NAPA-SONOMA VALLEY - NAPA VALLEY,75.719355,206535
PTJPL,2010-09-01,2-002.03,2-002,NAPA-SONOMA VALLEY,NAPA-SONOMA VALLEY - NAPA-SONOMA LOWLANDS,91.19984,181190
PTJPL,2010-09-01,2-002.02,2-002,NAPA-SONOMA VALLEY,NAPA-SONOMA VALLEY - SONOMA VALLEY,72.349026,201644
PTJPL,2010-09-01,1-046,1-046,NAVARRO RIVER VALLEY,NAVARRO RIVER VALLEY,119.211985,3104
PTJPL,2010-09-01,3-052,3-052,NEEDLE ROCK POINT,NEEDLE ROCK POINT,72.460105,3058
PTJPL,2010-09-01,7-044,7-044,NEEDLES VALLEY,NEEDLES VALLEY,14.912143,384797
PTJPL,2010-09-01,5-050,5-050,NORTH FORK BATTLE CREEK,NORTH FORK BATTLE CREEK,83.531989,57394
PTJPL,2010-09-01,2-030,2-030,NOVATO VALLEY,NOVATO VALLEY,95.158025,92327
PTJPL,2010-09-01,7-025,7-025,OCOTILLO-CLARK VALLEY,OCOTILLO-CLARK VALLEY,7.702709,999504
PTJPL,2010-09-01,7-035,7-035,OGILBY VALLEY,OGILBY VALLEY,8.048374,592059
PTJPL,2010-09-01,4-002,4-002,OJAI VALLEY,OJAI VALLEY,74.915902,26588
PTJPL,2010-09-01,3-039,3-039,OLD VALLEY,OLD VALLEY,50.458854,5043
PTJPL,2010-09-01,6-108,6-108,OLYMPIC VALLEY,OLYMPIC VALLEY,61.900824,3156
PTJPL,2010-09-01,7-031,7-031,OROCOPIA VALLEY,OROCOPIA VALLEY,10.283325,432652
PTJPL,2010-09-01,6-012.02,6-012,OWENS VALLEY,OWENS VALLEY - FISH SLOUGH,22.491171,14498
PTJPL,2010-09-01,6-012.01,6-012,OWENS VALLEY,OWENS VALLEY - OWENS VALLEY,19.233915,2966558
PTJPL,2010-09-01,6-088,6-088,OWL LAKE VALLEY,OWL LAKE VALLEY,5.353766,100004
PTJPL,2010-09-01,6-028,6-028,PAHRUMP VALLEY,PAHRUMP VALLEY,7.410449,407322
PTJPL,2010-09-01,6-099,6-099,PAINTERS FLAT,PAINTERS FLAT,20.547718,28113
PTJPL,2010-09-01,7-039,7-039,PALO VERDE MESA,PALO VERDE MESA,20.020657,1011292
PTJPL,2010-09-01,7-038,7-038,PALO VERDE VALLEY,PALO VERDE VALLEY,73.347562,302116
PTJPL,2010-09-01,9-024,9-024,PAMO VALLEY,PAMO VALLEY,40.631983,6766
PTJPL,2010-09-01,6-058,6-058,PANAMINT VALLEY,PANAMINT VALLEY,4.697975,1165899
PTJPL,2010-09-01,5-023,5-023,PANOCHE VALLEY,PANOCHE VALLEY,17.853352,148758
PTJPL,2010-09-01,3-032,3-032,PEACH TREE VALLEY,PEACH TREE VALLEY,23.199055,44038
PTJPL,2010-09-01,1-030,1-030,PEPPERWOOD TOWN AREA,PEPPERWOOD TOWN AREA,73.826316,28264
PTJPL,2010-09-01,2-026,2-026,PESCADERO VALLEY,PESCADERO VALLEY,73.32281,12955
PTJPL,2010-09-01,2-001,2-001,PETALUMA VALLEY,PETALUMA VALLEY,76.248048,209830
PTJPL,2010-09-01,6-051,6-051,PILOT KNOB VALLEY,PILOT KNOB VALLEY,7.361136,623272
PTJPL,2010-09-01,6-092,6-092,PINE CREEK VALLEY,PINE CREEK VALLEY,33.827073,42839
PTJPL,2010-09-01,7-006,7-006,PINTO VALLEY,PINTO VALLEY,10.381449,820363
PTJPL,2010-09-01,7-049,7-049,PIPES CANYON FAULT VALLEY,PIPES CANYON FAULT VALLEY,21.240255,15213
PTJPL,2010-09-01,2-004,2-004,PITTSBURG PLAIN,PITTSBURG PLAIN,65.585559,52227
PTJPL,2010-09-01,7-045,7-045,PIUTE VALLEY,PIUTE VALLEY,13.626931,782230
PTJPL,2010-09-01,7-052,7-052,PLEASANT VALLEY,PLEASANT VALLEY,17.971086,43336
PTJPL,2010-09-01,4-006,4-006,PLEASANT VALLEY,PLEASANT VALLEY,52.200314,89190
PTJPL,2010-09-01,5-038,5-038,PONDOSA TOWN AREA,PONDOSA TOWN AREA,88.696312,9355
PTJPL,2010-09-01,5-068,5-068,POPE VALLEY,POPE VALLEY,59.416334,32313
PTJPL,2010-09-01,9-029,9-029,POTRERO VALLEY,POTRERO VALLEY,38.288121,9083
PTJPL,2010-09-01,1-051,1-051,POTTER VALLEY,POTTER VALLEY,76.175285,37054
PTJPL,2010-09-01,9-013,9-013,POWAY VALLEY,POWAY VALLEY,56.819946,11080
PTJPL,2010-09-01,3-044,3-044,POZO VALLEY,POZO VALLEY,52.340404,30784
PTJPL,2010-09-01,1-025,1-025,PRAIRIE CREEK AREA,PRAIRIE CREEK AREA,87.659473,91097
PTJPL,2010-09-01,7-040,7-040,QUIEN SABE POINT VALLEY,QUIEN SABE POINT VALLEY,14.486759,99694
PTJPL,2010-09-01,3-024,3-024,QUIEN SABE VALLEY,QUIEN SABE VALLEY,22.857696,21173
PTJPL,2010-09-01,6-062,6-062,RACE TRACK VALLEY,RACE TRACK VALLEY,3.877033,63448
PTJPL,2010-09-01,3-046,3-046,RAFAEL VALLEY,RAFAEL VALLEY,44.541447,13451
PTJPL,2010-09-01,9-025,9-025,RANCHITA TOWN AREA,RANCHITA TOWN AREA,33.150086,14032
PTJPL,2010-09-01,4-023,4-023,RAYMOND,RAYMOND,58.61152,117113
PTJPL,2010-09-01,6-024,6-024,RED PASS VALLEY,RED PASS VALLEY,6.005006,433105
PTJPL,2010-09-01,1-018,1-018,RED ROCK VALLEY,RED ROCK VALLEY,53.204284,40478
PTJPL,2010-09-01,5-006.03,5-006,REDDING AREA,REDDING AREA - ANDERSON,67.349285,443786
PTJPL,2010-09-01,5-006.01,5-006,REDDING AREA,REDDING AREA - BOWMAN,60.535817,550983
PTJPL,2010-09-01,5-006.04,5-006,REDDING AREA,REDDING AREA - ENTERPRISE,58.255304,275589
PTJPL,2010-09-01,5-006.05,5-006,REDDING AREA,REDDING AREA - MILLVILLE,50.175887,295058
PTJPL,2010-09-01,5-006.06,5-006,REDDING AREA,REDDING AREA - SOUTH BATTLE CREEK,42.22333,151596
PTJPL,2010-09-01,1-026,1-026,REDWOOD CREEK AREA,REDWOOD CREEK AREA,71.631509,8969
PTJPL,2010-09-01,6-086,6-086,RHODES HILL AREA,RHODES HILL AREA,7.560662,70069
PTJPL,2010-09-01,7-004,7-004,RICE VALLEY,RICE VALLEY,8.029005,841014
PTJPL,2010-09-01,6-023,6-023,RIGGS VALLEY,RIGGS VALLEY,4.794139,393528
PTJPL,2010-09-01,3-043,3-043,RINCONADA VALLEY,RINCONADA VALLEY,52.899931,11582
PTJPL,2010-09-01,5-043,5-043,ROCK PRAIRIE VALLEY,ROCK PRAIRIE VALLEY,25.511586,25806
PTJPL,2010-09-01,6-056,6-056,ROSE VALLEY,ROSE VALLEY,11.268472,191219
PTJPL,2010-09-01,2-028,2-028,ROSS VALLEY,ROSS VALLEY,89.903531,7930
PTJPL,2010-09-01,5-036,5-036,ROUND VALLEY,ROUND VALLEY,32.465313,32664
PTJPL,2010-09-01,4-020,4-020,RUSSELL VALLEY,RUSSELL VALLEY,54.192108,13836
PTJPL,2010-09-01,5-021.54,5-021,SACRAMENTO VALLEY,SACRAMENTO VALLEY - ANTELOPE,80.933407,85850
PTJPL,2010-09-01,5-021.53,5-021,SACRAMENTO VALLEY,SACRAMENTO VALLEY - BEND,44.305916,101956
PTJPL,2010-09-01,5-021.70,5-021,SACRAMENTO VALLEY,SACRAMENTO VALLEY - BUTTE,99.873943,1198613
PTJPL,2010-09-01,5-021.52,5-021,SACRAMENTO VALLEY,SACRAMENTO VALLEY - COLUSA,85.069415,3249958
PTJPL,2010-09-01,5-021.51,5-021,SACRAMENTO VALLEY,SACRAMENTO VALLEY - CORNING,55.037313,932334
PTJPL,2010-09-01,5-021.56,5-021,SACRAMENTO VALLEY,SACRAMENTO VALLEY - LOS MOLINOS,46.313943,447052
PTJPL,2010-09-01,5-021.64,5-021,SACRAMENTO VALLEY,SACRAMENTO VALLEY - NORTH AMERICAN,65.806243,1538761
PTJPL,2010-09-01,5-021.60,5-021,SACRAMENTO VALLEY,SACRAMENTO VALLEY - NORTH YUBA,94.910427,273575
PTJPL,2010-09-01,5-021.50,5-021,SACRAMENTO VALLEY,SACRAMENTO VALLEY - RED BLUFF,46.719784,1222087
PTJPL,2010-09-01,5-021.66,5-021,SACRAMENTO VALLEY,SACRAMENTO VALLEY - SOLANO,80.464654,1594262
PTJPL,2010-09-01,5-021.65,5-021,SACRAMENTO VALLEY,SACRAMENTO VALLEY - SOUTH AMERICAN,56.732285,1116940
PTJPL,2010-09-01,5-021.61,5-021,SACRAMENTO VALLEY,SACRAMENTO VALLEY - SOUTH YUBA,68.719144,490205
PTJPL,2010-09-01,5-021.62,5-021,SACRAMENTO VALLEY,SACRAMENTO VALLEY - SUTTER,83.770275,1285060
PTJPL,2010-09-01,5-021.57,5-021,SACRAMENTO VALLEY,SACRAMENTO VALLEY - VINA,67.050073,831432
PTJPL,2010-09-01,5-021.69,5-021,SACRAMENTO VALLEY,SACRAMENTO VALLEY - WYANDOTTE CREEK,57.320498,266978
PTJPL,2010-09-01,5-021.67,5-021,SACRAMENTO VALLEY,SACRAMENTO VALLEY - YOLO,64.451951,2431230
PTJPL,2010-09-01,3-004.01,3-004,SALINAS VALLEY,SALINAS VALLEY - 180/400 FOOT AQUIFER,72.850175,402449
PTJPL,2010-09-01,3-004.11,3-004,SALINAS VALLEY,SALINAS VALLEY - ATASCADERO AREA,43.092984,88757
PTJPL,2010-09-01,3-004.02,3-004,SALINAS VALLEY,SALINAS VALLEY - EAST SIDE AQUIFER,60.642638,258455
PTJPL,2010-09-01,3-004.04,3-004,SALINAS VALLEY,SALINAS VALLEY - FOREBAY AQUIFER,58.699076,422898
PTJPL,2010-09-01,3-004.09,3-004,SALINAS VALLEY,SALINAS VALLEY - LANGLEY AREA,79.427452,79223
PTJPL,2010-09-01,3-004.10,3-004,SALINAS VALLEY,SALINAS VALLEY - MONTEREY,93.473891,138513
PTJPL,2010-09-01,3-004.06,3-004,SALINAS VALLEY,SALINAS VALLEY - PASO ROBLES AREA,40.566539,1961133
PTJPL,2010-09-01,3-004.08,3-004,SALINAS VALLEY,SALINAS VALLEY - SEASIDE,95.073037,65104
PTJPL,2010-09-01,3-004.05,3-004,SALINAS VALLEY,SALINAS VALLEY - UPPER VALLEY AQUIFER,42.613298,1070293
PTJPL,2010-09-01,6-017,6-017,SALINE VALLEY,SALINE VALLEY,3.25648,657298
PTJPL,2010-09-01,6-053,6-053,SALT WELLS VALLEY,SALT WELLS VALLEY,6.30078,132519
PTJPL,2010-09-01,3-014,3-014,SAN ANTONIO CREEK VALLEY,SAN ANTONIO CREEK VALLEY,76.1616,303230
PTJPL,2010-09-01,3-028,3-028,SAN BENITO RIVER VALLEY,SAN BENITO RIVER VALLEY,46.186372,108949
PTJPL,2010-09-01,3-033,3-033,SAN CARPOFORO VALLEY,SAN CARPOFORO VALLEY,75.237941,4644
PTJPL,2010-09-01,9-015,9-015,SAN DIEGO RIVER VALLEY,SAN DIEGO RIVER VALLEY,50.255404,38030
PTJPL,2010-09-01,9-012,9-012,SAN DIEGUITO CREEK,SAN DIEGUITO CREEK,71.400686,15456
PTJPL,2010-09-01,9-023,9-023,SAN ELIJO VALLEY,SAN ELIJO VALLEY,84.157218,3969
PTJPL,2010-09-01,7-027,7-027,SAN FELIPE VALLEY,SAN FELIPE VALLEY,27.187189,105140
PTJPL,2010-09-01,4-012,4-012,SAN FERNANDO VALLEY,SAN FERNANDO VALLEY,49.633597,651275
PTJPL,2010-09-01,4-013,4-013,SAN GABRIEL VALLEY,SAN GABRIEL VALLEY,41.072369,568282
PTJPL,2010-09-01,2-024,2-024,SAN GREGORIO VALLEY,SAN GREGORIO VALLEY,69.869931,4759
PTJPL,2010-09-01,8-005,8-005,SAN JACINTO,SAN JACINTO,31.520272,712864
PTJPL,2010-09-01,5-022.05,5-022,SAN JOAQUIN VALLEY,SAN JOAQUIN VALLEY - CHOWCHILLA,78.588095,654608
PTJPL,2010-09-01,5-022.16,5-022,SAN JOAQUIN VALLEY,SAN JOAQUIN VALLEY - COSUMNES,49.295971,945540
PTJPL,2010-09-01,5-022.07,5-022,SAN JOAQUIN VALLEY,SAN JOAQUIN VALLEY - DELTA-MENDOTA,71.444156,3439751
PTJPL,2010-09-01,5-022.19,5-022,SAN JOAQUIN VALLEY,SAN JOAQUIN VALLEY - EAST CONTRA COSTA,83.768899,483815
PTJPL,2010-09-01,5-022.01,5-022,SAN JOAQUIN VALLEY,SAN JOAQUIN VALLEY - EASTERN SAN JOAQUIN,69.496596,3438928
PTJPL,2010-09-01,5-022.11,5-022,SAN JOAQUIN VALLEY,SAN JOAQUIN VALLEY - KAWEAH,83.182489,1982976
PTJPL,2010-09-01,5-022.14,5-022,SAN JOAQUIN VALLEY,SAN JOAQUIN VALLEY - KERN COUNTY,56.049154,8014112
PTJPL,2010-09-01,5-022.17,5-022,SAN JOAQUIN VALLEY,SAN JOAQUIN VALLEY - KETTLEMAN PLAIN,22.429835,286610
PTJPL,2010-09-01,5-022.08,5-022,SAN JOAQUIN VALLEY,SAN JOAQUIN VALLEY - KINGS,81.956948,4412320
PTJPL,2010-09-01,5-022.06,5-022,SAN JOAQUIN VALLEY,SAN JOAQUIN VALLEY - MADERA,68.803491,1562954
PTJPL,2010-09-01,5-022.04,5-022,SAN JOAQUIN VALLEY,SAN JOAQUIN VALLEY - MERCED,60.096432,2304911
PTJPL,2010-09-01,5-022.02,5-022,SAN JOAQUIN VALLEY,SAN JOAQUIN VALLEY - MODESTO,67.486078,1102748
PTJPL,2010-09-01,5-022.10,5-022,SAN JOAQUIN VALLEY,SAN JOAQUIN VALLEY - PLEASANT VALLEY,30.886767,216677
PTJPL,2010-09-01,5-022.15,5-022,SAN JOAQUIN VALLEY,SAN JOAQUIN VALLEY - TRACY,80.203393,1071959
PTJPL,2010-09-01,5-022.12,5-022,SAN JOAQUIN VALLEY,SAN JOAQUIN VALLEY - TULARE LAKE,74.902395,2409736
PTJPL,2010-09-01,5-022.13,5-022,SAN JOAQUIN VALLEY,SAN JOAQUIN VALLEY - TULE,72.215165,2147515
PTJPL,2010-09-01,5-022.03,5-022,SAN JOAQUIN VALLEY,SAN JOAQUIN VALLEY - TURLOCK,77.572219,1565660
PTJPL,2010-09-01,5-022.09,5-022,SAN JOAQUIN VALLEY,SAN JOAQUIN VALLEY - WESTSIDE,54.163404,2797567
PTJPL,2010-09-01,5-022.18,5-022,SAN JOAQUIN VALLEY,SAN JOAQUIN VALLEY - WHITE WOLF,44.973686,483575
PTJPL,2010-09-01,9-001,9-001,SAN JUAN VALLEY,SAN JUAN VALLEY,80.912293,73255
PTJPL,2010-09-01,3-009,3-009,SAN LUIS OBISPO VALLEY,SAN LUIS OBISPO VALLEY,72.41116,57221
PTJPL,2010-09-01,9-007.02,9-007,SAN LUIS REY VALLEY,SAN LUIS REY VALLEY - LOWER SAN LUIS REY VALLEY,81.877844,46113
PTJPL,2010-09-01,9-007.01,9-007,SAN LUIS REY VALLEY,SAN LUIS REY VALLEY - UPPER SAN LUIS REY VALLEY,59.519995,86570
PTJPL,2010-09-01,9-032,9-032,SAN MARCOS AREA,SAN MARCOS AREA,67.621916,9564
PTJPL,2010-09-01,9-002,9-002,SAN MATEO VALLEY,SAN MATEO VALLEY,86.868769,13000
PTJPL,2010-09-01,9-003,9-003,SAN ONOFRE VALLEY,SAN ONOFRE VALLEY,86.419049,5491
PTJPL,2010-09-01,9-010,9-010,SAN PASQUAL VALLEY,SAN PASQUAL VALLEY,60.314631,15720
PTJPL,2010-09-01,2-036,2-036,SAN PEDRO VALLEY,SAN PEDRO VALLEY,83.051431,2761
PTJPL,2010-09-01,2-029,2-029,SAN RAFAEL VALLEY,SAN RAFAEL VALLEY,78.471516,3932
PTJPL,2010-09-01,2-007,2-007,SAN RAMON VALLEY,SAN RAMON VALLEY,85.798173,31745
PTJPL,2010-09-01,3-035,3-035,SAN SIMEON VALLEY,SAN SIMEON VALLEY,73.676195,2344
PTJPL,2010-09-01,2-027,2-027,SAND POINT AREA,SAND POINT AREA,81.905331,100075
PTJPL,2010-09-01,1-053,1-053,SANEL VALLEY,SANEL VALLEY,70.022509,25057
PTJPL,2010-09-01,3-022,3-022,SANTA ANA VALLEY,SANTA ANA VALLEY,30.143359,12249
PTJPL,2010-09-01,3-017,3-017,SANTA BARBARA,SANTA BARBARA,57.184886,26849
PTJPL,2010-09-01,4-004.05,4-004,SANTA CLARA RIVER VALLEY,SANTA CLARA RIVER VALLEY - FILLMORE,73.205967,101526
PTJPL,2010-09-01,4-004.03,4-004,SANTA CLARA RIVER VALLEY,SANTA CLARA RIVER VALLEY - MOUND,48.456282,61497
PTJPL,2010-09-01,4-004.02,4-004,SANTA CLARA RIVER VALLEY,SANTA CLARA RIVER VALLEY - OXNARD,42.211144,249380
PTJPL,2010-09-01,4-004.06,4-004,SANTA CLARA RIVER VALLEY,SANTA CLARA RIVER VALLEY - PIRU,52.823825,49008
PTJPL,2010-09-01,4-004.07,4-004,SANTA CLARA RIVER VALLEY,SANTA CLARA RIVER VALLEY - SANTA CLARA RIVER VALLEY EAST,43.801974,304359
PTJPL,2010-09-01,4-004.04,4-004,SANTA CLARA RIVER VALLEY,SANTA CLARA RIVER VALLEY - SANTA PAULA,64.873298,99438
PTJPL,2010-09-01,2-009.04,2-009,SANTA CLARA VALLEY,SANTA CLARA VALLEY - EAST BAY PLAIN,81.938719,320327
PTJPL,2010-09-01,2-009.01,2-009,SANTA CLARA VALLEY,SANTA CLARA VALLEY - NILES CONE,80.469318,293102
PTJPL,2010-09-01,2-009.03,2-009,SANTA CLARA VALLEY,SANTA CLARA VALLEY - SAN MATEO PLAIN,93.270517,170222
PTJPL,2010-09-01,2-009.02,2-009,SANTA CLARA VALLEY,SANTA CLARA VALLEY - SANTA CLARA,73.929476,852319
PTJPL,2010-09-01,3-001,3-001,SANTA CRUZ MID-COUNTY,SANTA CRUZ MID-COUNTY,94.380177,159823
PTJPL,2010-09-01,3-027,3-027,SANTA MARGARITA,SANTA MARGARITA,103.213925,100049
PTJPL,2010-09-01,9-004,9-004,SANTA MARGARITA VALLEY,SANTA MARGARITA VALLEY,89.130146,22275
PTJPL,2010-09-01,3-012.02,3-012,SANTA MARIA RIVER VALLEY,SANTA MARIA RIVER VALLEY - ARROYO GRANDE,73.62595,13025
PTJPL,2010-09-01,3-012.01,3-012,SANTA MARIA RIVER VALLEY,SANTA MARIA RIVER VALLEY - SANTA MARIA,70.614157,762094
PTJPL,2010-09-01,9-011,9-011,SANTA MARIA VALLEY,SANTA MARIA VALLEY,35.821538,55261
PTJPL,2010-09-01,6-068,6-068,SANTA ROSA FLAT,SANTA ROSA FLAT,10.01328,75450
PTJPL,2010-09-01,3-036,3-036,SANTA ROSA VALLEY,SANTA ROSA VALLEY,60.277261,15379
PTJPL,2010-09-01,1-055.02,1-055,SANTA ROSA VALLEY,SANTA ROSA VALLEY - HEALDSBURG AREA,77.798773,69295
PTJPL,2010-09-01,1-055.03,1-055,SANTA ROSA VALLEY,SANTA ROSA VALLEY - RINCON VALLEY,70.001763,24958
PTJPL,2010-09-01,1-055.01,1-055,SANTA ROSA VALLEY,SANTA ROSA VALLEY - SANTA ROSA PLAIN,70.359003,365509
PTJPL,2010-09-01,3-015,3-015,SANTA YNEZ RIVER VALLEY,SANTA YNEZ RIVER VALLEY,67.7009,911560
PTJPL,2010-09-01,1-005,1-005,SCOTT RIVER VALLEY,SCOTT RIVER VALLEY,65.61898,286977
PTJPL,2010-09-01,5-014,5-014,SCOTTS VALLEY,SCOTTS VALLEY,71.280018,32930
PTJPL,2010-09-01,6-052,6-052,SEARLES VALLEY,SEARLES VALLEY,6.408481,885853
PTJPL,2010-09-01,6-100,6-100,SECRET VALLEY,SECRET VALLEY,22.729739,151387
PTJPL,2010-09-01,1-016,1-016,SEIAD VALLEY,SEIAD VALLEY,82.370015,10105
PTJPL,2010-09-01,8-008,8-008,SEVEN OAKS VALLEY,SEVEN OAKS VALLEY,79.373132,18334
PTJPL,2010-09-01,1-004,1-004,SHASTA VALLEY,SHASTA VALLEY,46.096628,981218
PTJPL,2010-09-01,1-042,1-042,SHERWOOD VALLEY,SHERWOOD VALLEY,86.034049,5169
PTJPL,2010-09-01,5-012.02,5-012,SIERRA VALLEY,SIERRA VALLEY - CHILCOOT,40.084335,33948
PTJPL,2010-09-01,5-012.01,5-012,SIERRA VALLEY,SIERRA VALLEY - SIERRA VALLEY,44.536354,527445
PTJPL,2010-09-01,6-034,6-034,SILVER LAKE VALLEY,SILVER LAKE VALLEY,4.458076,158273
PTJPL,2010-09-01,4-009,4-009,SIMI VALLEY,SIMI VALLEY,45.750197,54663
PTJPL,2010-09-01,6-105,6-105,SLINKARD VALLEY,SLINKARD VALLEY,36.907692,20269
PTJPL,2010-09-01,1-001,1-001,SMITH RIVER PLAIN,SMITH RIVER PLAIN,79.392323,174262
PTJPL,2010-09-01,6-033,6-033,SODA LAKE VALLEY,SODA LAKE VALLEY,6.330132,1708930
PTJPL,2010-09-01,2-037,2-037,SOUTH SAN FRANCISCO,SOUTH SAN FRANCISCO,98.764579,9774
PTJPL,2010-09-01,6-082,6-082,SPRING CANYON VALLEY,SPRING CANYON VALLEY,9.428234,21584
PTJPL,2010-09-01,5-089,5-089,SQUAW FLAT,SQUAW FLAT,23.540169,5813
PTJPL,2010-09-01,5-088,5-088,STONY GORGE RESERVOIR,STONY GORGE RESERVOIR,56.062657,4788
PTJPL,2010-09-01,5-063,5-063,STONYFORD TOWN AREA,STONYFORD TOWN AREA,52.170057,28955
PTJPL,2010-09-01,2-003,2-003,SUISUN-FAIRFIELD VALLEY,SUISUN-FAIRFIELD VALLEY,69.297548,600653
PTJPL,2010-09-01,2-011,2-011,SUNOL VALLEY,SUNOL VALLEY,58.915735,74764
PTJPL,2010-09-01,6-049,6-049,SUPERIOR VALLEY,SUPERIOR VALLEY,10.87859,541018
PTJPL,2010-09-01,6-001,6-001,SURPRISE VALLEY,SURPRISE VALLEY,22.503261,1026748
PTJPL,2010-09-01,6-107,6-107,SWEETWATER FLAT,SWEETWATER FLAT,46.651564,17966
PTJPL,2010-09-01,6-005.03,6-005,TAHOE VALLEY,TAHOE VALLEY - TAHOE NORTH,74.981217,8678
PTJPL,2010-09-01,6-005.01,6-005,TAHOE VALLEY,TAHOE VALLEY - TAHOE SOUTH,68.426043,65254
PTJPL,2010-09-01,6-005.02,6-005,TAHOE VALLEY,TAHOE VALLEY - TAHOE WEST,84.695434,27751
PTJPL,2010-09-01,6-045,6-045,TEHACHAPI VALLEY EAST,TEHACHAPI VALLEY EAST,36.350692,107747
PTJPL,2010-09-01,5-028,5-028,TEHACHAPI VALLEY WEST,TEHACHAPI VALLEY WEST,30.806404,66551
PTJPL,2010-09-01,9-005,9-005,TEMECULA VALLEY,TEMECULA VALLEY,42.984617,394594
PTJPL,2010-09-01,1-040,1-040,TEN MILE RIVER VALLEY,TEN MILE RIVER VALLEY,102.305684,6703
PTJPL,2010-09-01,7-026,7-026,TERWILLIGER VALLEY,TERWILLIGER VALLEY,35.863203,36068
PTJPL,2010-09-01,4-019,4-019,THOUSAND OAKS AREA,THOUSAND OAKS AREA,57.622745,13972
PTJPL,2010-09-01,4-015,4-015,TIERRA REJADA,TIERRA REJADA,48.967116,20679
PTJPL,2010-09-01,5-037,5-037,TOAD WELL AREA,TOAD WELL AREA,65.310402,15103
PTJPL,2010-09-01,3-040,3-040,TORO VALLEY,TORO VALLEY,64.860896,3235
PTJPL,2010-09-01,6-098,6-098,TULEDAD CANYON VALLEY,TULEDAD CANYON VALLEY,26.731297,23111
PTJPL,2010-09-01,7-010,7-010,TWENTYNINE PALMS VALLEY,TWENTYNINE PALMS VALLEY,8.411027,279940
PTJPL,2010-09-01,1-052,1-052,UKIAH VALLEY,UKIAH VALLEY,79.199057,168751
PTJPL,2010-09-01,6-022,6-022,UPPER KINGSTON VALLEY,UPPER KINGSTON VALLEY,11.091765,794700
PTJPL,2010-09-01,5-013,5-013,UPPER LAKE VALLEY,UPPER LAKE VALLEY,71.829664,32659
PTJPL,2010-09-01,6-042,6-042,UPPER MOJAVE RIVER VALLEY,UPPER MOJAVE RIVER VALLEY,18.871032,1855937
PTJPL,2010-09-01,4-001,4-001,UPPER OJAI VALLEY,UPPER OJAI VALLEY,57.220424,17117
PTJPL,2010-09-01,3-023,3-023,UPPER SANTA ANA VALLEY,UPPER SANTA ANA VALLEY,24.644199,6439
PTJPL,2010-09-01,8-002.05,8-002,UPPER SANTA ANA VALLEY,UPPER SANTA ANA VALLEY - CAJON,39.565015,104061
PTJPL,2010-09-01,8-002.01,8-002,UPPER SANTA ANA VALLEY,UPPER SANTA ANA VALLEY - CHINO,35.377771,691429
PTJPL,2010-09-01,8-002.02,8-002,UPPER SANTA ANA VALLEY,UPPER SANTA ANA VALLEY - CUCAMONGA,43.741744,40576
PTJPL,2010-09-01,8-002.04,8-002,UPPER SANTA ANA VALLEY,UPPER SANTA ANA VALLEY - RIALTO-COLTON,30.480381,111497
PTJPL,2010-09-01,8-002.03,8-002,UPPER SANTA ANA VALLEY,UPPER SANTA ANA VALLEY - RIVERSIDE-ARLINGTON,38.631717,254353
PTJPL,2010-09-01,8-002.06,8-002,UPPER SANTA ANA VALLEY,UPPER SANTA ANA VALLEY - SAN BERNARDINO,34.610943,415895
PTJPL,2010-09-01,8-002.08,8-002,UPPER SANTA ANA VALLEY,UPPER SANTA ANA VALLEY - SAN TIMOTEO,35.698378,145175
PTJPL,2010-09-01,8-002.09,8-002,UPPER SANTA ANA VALLEY,UPPER SANTA ANA VALLEY - TEMESCAL,43.145107,103262
PTJPL,2010-09-01,8-002.07,8-002,UPPER SANTA ANA VALLEY,UPPER SANTA ANA VALLEY - YUCAIPA,37.894075,99901
PTJPL,2010-09-01,7-028,7-028,VALLECITO-CARRIZO VALLEY,VALLECITO-CARRIZO VALLEY,6.957866,547711
PTJPL,2010-09-01,5-071,5-071,VALLECITOS CREEK VALLEY,VALLECITOS CREEK VALLEY,23.355837,67930
PTJPL,2010-09-01,7-063,7-063,VANDEVENTER FLAT,VANDEVENTER FLAT,55.823281,30274
PTJPL,2010-09-01,4-003.02,4-003,VENTURA RIVER VALLEY,VENTURA RIVER VALLEY - LOWER VENTURA RIVER,51.666372,21485
PTJPL,2010-09-01,4-003.01,4-003,VENTURA RIVER VALLEY,VENTURA RIVER VALLEY - UPPER VENTURA RIVER,57.941345,23732
PTJPL,2010-09-01,7-042,7-042,VIDAL VALLEY,VIDAL VALLEY,7.823607,618941
PTJPL,2010-09-01,3-037,3-037,VILLA VALLEY,VILLA VALLEY,55.987525,6092
PTJPL,2010-09-01,2-032,2-032,VISITACION VALLEY,VISITACION VALLEY,100.70738,26126
PTJPL,2010-09-01,5-026,5-026,WALKER BASIN CREEK VALLEY,WALKER BASIN CREEK VALLEY,31.011431,34468
PTJPL,2010-09-01,7-003,7-003,WARD VALLEY,WARD VALLEY,7.696751,2507114
PTJPL,2010-09-01,9-008,9-008,WARNER VALLEY,WARNER VALLEY,27.821753,107755
PTJPL,2010-09-01,7-012,7-012,WARREN VALLEY,WARREN VALLEY,19.981663,78585
PTJPL,2010-09-01,1-031,1-031,WEOTT TOWN AREA,WEOTT TOWN AREA,86.030871,16423
PTJPL,2010-09-01,7-022,7-022,WEST SALTON SEA,WEST SALTON SEA,7.029937,473862
PTJPL,2010-09-01,3-026,3-026,WEST SANTA CRUZ TERRACE,WEST SANTA CRUZ TERRACE,82.517207,29988
PTJPL,2010-09-01,2-035,2-035,WESTSIDE,WESTSIDE,99.311515,110579
PTJPL,2010-09-01,6-073,6-073,WILD HORSE MESA AREA,WILD HORSE MESA AREA,16.31951,14926
PTJPL,2010-09-01,6-075,6-075,WILDROSE CANYON,WILDROSE CANYON,18.4989,23181
PTJPL,2010-09-01,1-043,1-043,WILLIAMS VALLEY,WILLIAMS VALLEY,68.014458,7401
PTJPL,2010-09-01,6-003,6-003,WILLOW CREEK VALLEY,WILLOW CREEK VALLEY,52.295689,52589
PTJPL,2010-09-01,1-059,1-059,WILSON GROVE FORMATION HIGHLANDS,WILSON GROVE FORMATION HIGHLANDS,81.650422,287046
PTJPL,2010-09-01,1-062,1-062,WILSON POINT AREA,WILSON POINT AREA,89.31207,3198
PTJPL,2010-09-01,6-019,6-019,WINGATE VALLEY,WINGATE VALLEY,7.390015,320536
PTJPL,2010-09-01,7-056,7-056,YAQUI WELL AREA,YAQUI WELL AREA,12.667019,67265
PTJPL,2010-09-01,5-056,5-056,YELLOW CREEK VALLEY,YELLOW CREEK VALLEY,66.865063,10390
PTJPL,2010-09-01,2-006,2-006,YGNACIO VALLEY,YGNACIO VALLEY,80.155585,69544
PTJPL,2010-09-01,5-069,5-069,YOSEMITE VALLEY,YOSEMITE VALLEY,86.779392,33512
PTJPL,2010-09-01,7-036,7-036,YUMA VALLEY,YUMA VALLEY,20.911716,536338
